idBNE;Autor Personas;Autor Entidades;Título uniforme;Título;Otros Títulos;Información asociada al título;Edición;Editorial;Editor musical;Lugar de publicación;Fecha de publicación;Descripción física;Serie;Contenido;Descripción y notas;Citas o referencias;transcripciones de interés;Procedencia;Intérpretes;Resumen;Premios;Periodicidad;Tema;Género/Forma;Lugar relacionado;Forma de la composición sonora;Forma de la composición notada;tipo material cartográfico;Proyección del mapa;Escala del mapa;CDU;Otra clasificación;id registros relacionados;información asociada a registros relacionados;id otras ediciones;información asociada a otras ediciones;id título anterior;información asociada a título anterior;id título posterior;información asociada a título posterior;ISBN;ISSN;Depósito Legal;Otros Números Normalizados;Número Bibliografía Nacional;País de publicación;Lengua de publicación;Lengua original;otras lenguas;Tipo de documento;Condiciones de uso;signatura;version_digital;texto_OCR
bima0000111604;Via, Vincenzo  //;;;Crux omnivm Religionvm asperiorqve Minimorvm Ab originali Cruce Christi offieta Cruciformis Religio, Etad primvm exemplar expressa...;;;;Typis Caroli Zeneri;;Bononiae;1645;p. , Fol. ,;;;Antep. grab.  //;;;;;;;;;;;;;;;;;;;;;;;;;;;;;;;it;lat;;;Libro;;2/37574 //;http://bdh-rd.bne.es/viewer.vm?id=0000069422&page=1 **;http://bdh-rd.bne.es/text.vm?id=0000069422&first=1&last=493 **
bima0000111658;Viau, Théophile de , 1590-1626  //;;;Ses oeuvres : divisées en trois parties;;;Derniere edition;Chez la Vefue Edme Pepingue;;Paris;1656;p. , 12º ,;;;;;;;;;;;;;;;;;;;;;;;;;;;;;;;;;;fr;fre;;;Libro;;3/47692 // 3/47692 //;http://bdh-rd.bne.es/viewer.vm?id=0000089241&page=1 **;http://bdh-rd.bne.es/text.vm?id=0000089241&first=1&last=303 **
bima0000111676;;;;Le vice puni ou Cartouche : poëme;;;Nouve. éd.;chez Pierre Prault;;A Paris;1726;167 p. , 8º ,;;;Avec des figures  //;;;;;;;;Cartouche, Louis Dominique -- Poesías --  //;;;;;;;;;;;;;;;;;;;;;;;fr;fre;;;Libro;;3/46107 // 3/46107 //;http://bdh-rd.bne.es/viewer.vm?id=0000089266&page=1 **;http://bdh-rd.bne.es/text.vm?id=0000089266&first=1&last=110 **
bima0000111935;;;;La vie de l'Imperatrice Elconor, mère de l'Empereur regnant [Joseph];;;;par la Compagnie;;Paris;1723;p. , 12º ,;;;;;;;;;;;;;;;;;;;;;;;;;;;;;;;;;;fr;fre;;;Libro;;DGMICRO/70247 //;http://bdh-rd.bne.es/viewer.vm?id=0000050283&page=1 **;http://bdh-rd.bne.es/text.vm?id=0000050283&first=1&last=346 **
bima0000112266;Villalón, Gil de  // Marín, Antonio , fl. 1726-1784 -imp.  // Moreno, Simón -ed.  //;;;Nuevo thesoro de medicina, sacado de los aphorismos de la caridad, segun la practica de muchos enfermeros capuchinos, assi españoles, como italianos;;por Fr. Gil de Villalon, religioso capuchino ...;;por Antonio Marin  se hallarà en la Librerìa de Simón Moreno, frente las gradas de San Phelipe el Real;;En Madrid;1750;[36], 348 p. , 4º ,;;;Sign.: ¶-¶¶⁸, ¶¶¶², A-X⁸, Y⁴, Z²  // Iniciales grabadas  //;Aguilar Piñal. Bib. S.XVIII v. 4, 1407  //;;;;;;;Medicina -- Obras anteriores a 1800 --  //;;Madrid, España //;;;;;;61  //;;;;;;;;;;;;;;;sp;spa;;;Libro;;3/34650 //;http://bdh-rd.bne.es/viewer.vm?id=0000091940&page=1 **;http://bdh-rd.bne.es/text.vm?id=0000091940&first=1&last=391 **
bima0000112733;Virgilio Marón, Publio  //;;[Obras] //;Opera;;cum notis... Farnabii;;Ap. Henr. Wetstenium;;Amstelaedami;1677;p. , 12º ,;;;Portada grabada  //;;;;;;;;;;;;;;;;;;;;;;;;;;;;;;;ne;lat;;;Libro;;3/6724 // 3/6724 //;http://bdh-rd.bne.es/viewer.vm?id=0000167714&page=1 **;http://bdh-rd.bne.es/text.vm?id=0000167714&first=1&last=391 **
bima0000112962;;;;Vitae Patrum : de vita et verbis seniorum;;opera & studio P. Heriberti Ros-Weydi;;Lavrentius Dvrandvs;;[Lugduni];1616;Sign.: [cruz]>3-5<, 813 p., 1 h., Sign.: 3Z>6<, 4A-4H>6<, 4I>2< , Fol. (35 cm) ,;;;Autor y título tomados de la Sing.: [cruz]>5<  // Autor Rosweyde Héribert de (Bque. de la Cie. de Jésus, VII)  //;;;;;;;;;;;;;;;;;;;;;;;;;;;;;;;fr;lat;;;Libro;;3/76989 //;http://bdh-rd.bne.es/viewer.vm?id=0000247098&page=1 **;http://bdh-rd.bne.es/text.vm?id=0000247098&first=1&last=494 **
bima0000112964;;;;Vitae Patrvm : de vita et verbis Seniorvm sive Historiae Eremiticae libri X, Avctoribvs suis et nitori pristino restituti, ac notatiobvs illustrati;;operâ et studio Heriberti Ros-Weydi Vltrajectini, e Soc. Iesv...;Editio secunda, varie aucta e illustrata;[Balthasar Moretus];;Antverpiae;1628;6 h., LXXXVij, 1060 p., 82 h., 1 h. de mapa , Fol. mlla. ,;;"Liber I: Auctore Divo Hieronymo & alijs varijs. Liber II: Auctore Ruffino Aquileiensi presbytero. Liber III: Auctore Ruffino Aquileiensi presbytero. Liber IV: Auctoribus Severo Sulpitio & Ioanne Cassiano. Liber V: Auctore ""Graeca"" incerto, Interprete Pelagio S. R. E. Diacono. Liber VI: Auctore ""Graeco"" incerto, interprete Ioanne S. R. E. Subdiacono. Liber VII: Auctore ""Graeco"" incerto, interprete Paschasio S. R. E. Diacono. Liber VIII: Auctore Palladio Helenopoleos Episcopo, Interprete Gentiano Herveto. Liber IX: Auctore Theodoreto Cyri, interprete Gentiano Herveto. Liber X: Auctore Joanne Morcho, Interprete Ambrosio Camaldulensi. Appendix: Heraclidis Paradisus, incerto sed veteri interprete. Palladii Lausiaca, incerto sed veteri interprete. Aegyptiorum Patrum Sentetiae, auctore graeco incerto, interprete Martino Dumiensi Episcopo//";Capit. grab.  // Texto a 2 col.  // Port. grab.  //;;;;;;;;;;;;;;;;;;;;;;;;;;;;;;;be;lat;;;Libro;;3/8292 // 3/8292 //;http://bdh-rd.bne.es/viewer.vm?id=0000164264&page=1 **;http://bdh-rd.bne.es/text.vm?id=0000164264&first=1&last=1349 **
bima0000113558;Mirabeau, Victor Riqueti, marquis de , 1715-1789  // Pompignan, Jean-Jacques Lefranc, marquis de , 1709-1784 -autor  // Mazière de Monville, Simon-Philippe abbé , m. 1777? -autor  //;;;Voyage de Languedoc et de Prouence;;;Edition entierement differente de celle d'Amsterdam, & plus correcte que celle d'Avignon;[s.n.];;A La Haye;1745;[8], 56p. , 8º ,;;;Autores tomados del Catalogue général de la Bibliothèque nationale de France  // Sign.: [ ]⁴, A-G⁴  //;;;;;;;;Languedoc -- Descripción --  // Provenza -- Descripción --  //;;La Haya, Holanda //;;;;;;;;;;;;;;;;;;;;;ne;fre;;;Libro;;DGMICRO/68878 //;http://bdh-rd.bne.es/viewer.vm?id=0000051536&page=1 **;http://bdh-rd.bne.es/text.vm?id=0000051536&first=1&last=76 **
bima0000113564;;;;"Le voyage di Italie et du Levant de Messieurs Fermanel..., Favvel..., Bavdovin de Lavnay ; et de Stochove...";;;;Chez la Venue de Louis Behourt;;Rouen;1687;4 h., 481 p., 1 h. , 8º ,;;;;;;;;;;;;;;;;;;;;;;;;;;;;;;;;;;fr;fre;;;Libro;;3/20826 //;http://bdh-rd.bne.es/viewer.vm?id=0000216997&page=1 **;http://bdh-rd.bne.es/text.vm?id=0000216997&first=1&last=250 **
bima0000113598;Larchier, François -impresor  //;;;Les voyages d'un homme de qualité faits en Angleterre, Flandre, Brabant, Zelande, Hollande, Frize, Dannemarc, Suede, Allemagne, Pologne, & la Republique de Venise;;;;chez F. Larchier;;Lyon;1681;[8], 172, [36] p. , 12º ,;;;Sign.: ã⁴, A-I¹², K⁸  //;;;;;;;;Europa -- Descripción --  //;;Lion, Francia //;;;;;;;;;;;;;;;;;;;;;fr;fre;;;Libro;;DGMICRO/69049 //;http://bdh-rd.bne.es/viewer.vm?id=0000061584&page=1 **;http://bdh-rd.bne.es/text.vm?id=0000061584&first=1&last=252 **
bima0000113660;Vultejus, Hermann  //;;;"I Idea Juris Copica... ; II Diàtribe de Causis Juris Constituentibus... ; III Expositii XVI, posteriorum titulorum Lib. 2. Institutionum ; ad ultimas voluntates pertinentium...";;Herm. Vulteius;;Martinus Henckelius;;Wittebergae;1613;4 h., 340 p. , 8º (16 cm) ,;;;;;;;;;;;;;;;;;;;;;;;;;;;;;;;;;;gw;lat;;;Libro;;7/16826 // 7/16826 //;http://bdh-rd.bne.es/viewer.vm?id=0000167812&page=1 **;http://bdh-rd.bne.es/text.vm?id=0000167812&first=1&last=359 **
bima0000113753;Walch, Johann Georg  //;;;Historia critica latinae linquae : [Diatribe Philosophica de litteris humanioribus];;;Editio nova multis accessionibus auctior;Sumptu Andreae chevalier;;Coloniae;1734;p. , 12º ,;;;;;;;;;;;;;;;;;;;;;;;;;;;;;;;;;;gw;lat;;;Libro;;3/20529 //;http://bdh-rd.bne.es/viewer.vm?id=0000216829&page=1 **;http://bdh-rd.bne.es/text.vm?id=0000216829&first=1&last=494 **
bima0000113888;;;;Warnestonensis reformati Caenobii : (epitome statutorum);;;;[s.n.];;[S.l.];1630;p. , 8º ,;;;;;;;;;;;;;;;;;;;;;;;;;;;;;;;;;;xx;lat;;;Libro;;DGMICRO/71443 //;http://bdh-rd.bne.es/viewer.vm?id=0000064801&page=1 **;http://bdh-rd.bne.es/text.vm?id=0000064801&first=1&last=48 **
bima0000114102;Wernsdorf, Gottlieb  //;;;De Republica Galatarium liber singularis;;;;[s.n.];;Norimbergae;1743;p. , 4º ,;;;;;;;;;;;;;;;;;;;;;;;;;;;;;;;;;;gw;lat;;;Libro;;DGMICRO/69323 //;http://bdh-rd.bne.es/viewer.vm?id=0000015376&page=1 ** http://bdh-rd.bne.es/viewer.vm?id=0000015376&page=152 **;http://bdh-rd.bne.es/text.vm?id=0000015376&first=1&last=151 ** http://bdh-rd.bne.es/text.vm?id=0000015376&first=152&last=404 **
bima0000114364;Wing, Vincent  //;;;"Ephemeris for thirty years ; together with his computatio catholica or a general computation";;;;J. C.;;London;1649;p. , 8º ,;;;;;;;;;;;;;;;;;;;;;;;;;;;;;;;;;;xx;eng;;;Libro;;3/3950 //;http://bdh-rd.bne.es/viewer.vm?id=0000229062&page=1 **;http://bdh-rd.bne.es/text.vm?id=0000229062&first=1&last=171 **
bima0000114372;Winsem, Pieter  //;;;Historiarvm ab excessv Caroli V. cas, sive Rerum sub Philippo II per Frisiam gestarum lib II;;;;Clavelii Fontani;;Leovardiae;1629;p. , 4º ,;;;;;;;;;;;;;;;;;;;;;;;;;;;;;;;;;;ne;lat;;;Libro;;DGMICRO/70044 //;http://bdh-rd.bne.es/viewer.vm?id=0000013148&page=1 ** http://bdh-rd.bne.es/viewer.vm?id=0000013148&page=196 **;http://bdh-rd.bne.es/text.vm?id=0000013148&first=1&last=195 ** http://bdh-rd.bne.es/text.vm?id=0000013148&first=196&last=374 **
bima0000114638;Jámblico  // Gale, Thomas , 1635?-1702 -editor literario  // Porfirio  //;Theatrum Sheldonianum (Oxford) -impresor  //;;"Iamblichou Chalkideos tes Koiles Syrias Peri mysterion logos : Iamblichi Chalcidensis ex Coele-Syria De Mysteriis liber ; Praemittitur Epistola Porphyrii ad Aneboneni Aegyptium eodem argumento";Iamblichi Chalcidensis ex Coele-Syria  // De Mysteriis liber  // Epistola Porphyrii ad Anebonem Aegyptium  //;Thomas Gale ... Latine vertit, & Notas adjecit;;e Theatro Sheldoniano;;Oxonii;1678;[40], 316, [7] p., [1] en bl. , Fol. ,;Filosofía. Psicología // Filosofía de la mente. Ocultismo //;;Título y texto paralelo latín-griego  // Comienzo de título trasliterado de griego  // Marca tipográfica en portada  // Sign.: [asterisco]-2[asterisco]², a-h², A-Y⁴, Z², Aa- Zz², Aaa-Nnn²  // Texto a dos columnas  //;;;;;;;;Ocultismo -- Obras anteriores a 1800 --  //;;Oxford, Reino Unido //;;;;;;;;;;;;;;;;;;;;;xx;lat;;grc // lat //;Libro;;;http://bdh-rd.bne.es/viewer.vm?id=0000105985&page=1 **;http://bdh-rd.bne.es/text.vm?id=0000105985&first=1&last=375 **
bima0000115325;Zayas y Godos, José Eugenio de  // Riego, Alonso del , 1700-1760 -imp.  //;;;Trenos marianos, ponderaciones compassivas, y discursos dolorosos, en que se trata de las aflicciones, penas, y dolores de Maria Santissima Señora Nuestra, especialmente de los Siete Dolores ... dase tambien breve noticia de ... la Sagrada Religion de los Siervos de Maria, y de las Congregaciones de Servitas ...;Trenos marianos dolorosos  //;su author el Doct. Don Joseph Eugenio de Zayas y Godos ...;;en la Imprenta de Alonso del Riego;;Impresso en Valladolid;1723;[24], 374, [18] p. , 4º ,;;;Fecha de impresión tomada de la Tasa y Fe de erratas  // Sign.: [¶]-¶¶¶⁴, A-Z⁴, Aa-Zz⁴, Aaa-Ccc⁴  // Texto a dos columnas, con apostillas marginales  // Portada con orla tipográfica  // Iniciales grabadas  //;Aguilar Piñal. Bib. S.XVIII v. 8, 4211  //;;;;;;;Virgen María -- Meditaciones --  // Servitas -- Historia--  //;;Valladolid, España //;;;;;;;;;;;;;;;;;;;;;sp;spa;;;Libro;;3/68458 //;http://bdh-rd.bne.es/viewer.vm?id=0000168060&page=1 **;http://bdh-rd.bne.es/text.vm?id=0000168060&first=1&last=212 **
bima0000115372;Zeiller, Martin , 1589-1661  //;;;Itinerarium Germaniae & regnorum vicinorum;;;;impensis Georgii Wildeisen;;Ulmae;1653;[22], 672, [138] p. , 12º ,;;;Sign.: )(¹², A-Z¹², 2A-2L¹²  // Portada calcográfica  //;;;;;;;;Alemania -- Descripción --  //;;Ulm, Alemania //;;;;;;;;;;;;;;;;;;;;;gw;lat;;;Libro;;DGMICRO/68890 //;http://bdh-rd.bne.es/viewer.vm?id=0000013173&page=1 ** http://bdh-rd.bne.es/viewer.vm?id=0000013173&page=421 **;http://bdh-rd.bne.es/text.vm?id=0000013173&first=1&last=420 ** http://bdh-rd.bne.es/text.vm?id=0000013173&first=421&last=840 **
bima0000115570;Zucchi, Nicola  //;;;Optica philosphia experimentis et ratione á fundamentis, constituta;;;;[s.n.];;Lugduni;1652 - 1656;2 v. , 4º ,;;;;;;;;;;;;;;;;;;;;;;;;;;;;;;;;;;fr;lat;;;Libro;;3/48797-3/48798 // 3/48798_V._2 // 3/48797_V._1 //;http://bdh-rd.bne.es/viewer.vm?id=0000089396&page=1 ** http://bdh-rd.bne.es/viewer.vm?id=0000089396&page=228 **;http://bdh-rd.bne.es/text.vm?id=0000089396&first=1&last=227 ** http://bdh-rd.bne.es/text.vm?id=0000089396&first=228&last=429 **
bima0000120402;Barberi, G. F.  //;;;Dictionnaire portatif français-italien et italien-français : composé sur la dernière édition du Vocabulaire de l'Académie della Crusca, sur celui d'Alberti, et sur les meilleurs dictionnaires français... et rédigé sur un nouveau plan, avec l'accent prosodique sur tous les mots italiens...;;par J.-Ph. Barberi;;J.-P. Aillaud, Libraire  Impr. de Fain;;Paris;1822;2 v. , 14 cm ,;;Contiene : t.1. Dictionnaire français-italien ­ t.2. Dizionario italiano francese// Contiene : t.1. Dictionnaire français-italien ­ t.2. Dizionario italiano francese//;Texto en francés e italiano  // Texto a tres col.  //;;;;;;;;Lengua francesa -- Diccionarios -- Italiano --  // Lengua italiana -- Diccionarios -- Francés --  //;;;;;;;;;;;;;;;;;;;;;;;fr;fre;;fre // ita //;Libro;;DGMICRO/69335 //;http://bdh-rd.bne.es/viewer.vm?id=0000013352&page=1 ** http://bdh-rd.bne.es/viewer.vm?id=0000013352&page=301 ** http://bdh-rd.bne.es/viewer.vm?id=0000013352&page=512 ** http://bdh-rd.bne.es/viewer.vm?id=0000013352&page=812 **;http://bdh-rd.bne.es/text.vm?id=0000013352&first=1&last=300 ** http://bdh-rd.bne.es/text.vm?id=0000013352&first=301&last=511 ** http://bdh-rd.bne.es/text.vm?id=0000013352&first=512&last=811 ** http://bdh-rd.bne.es/text.vm?id=0000013352&first=812&last=1203 **
bima0000125397;Paz, Juan de , 1703-1778  // Villagordo y Alcaraz, Antonio José , fl. 1729-1777 -imp.  //;;;La virtud en el estrado :visitas juiciosas : crítica espiritual;;su autor D. Antonio Ossorio de la Cadena, presbytero;;por Antonio Joseph Villagordo;;En Salamanca;1739;[28], 346, [10] p. , 8º ,;Ciencias sociales // Educación. Enseñanza //;;Según Aguilar Piñal Antonio Ossorio de la Cadena es seudónimo de Juan de la Paz  // Precede al título: Cristus  // Sign.: ¶⁸, ¶¶⁴, ¶¶¶², A-Y⁸, Z²  // Portada con orla tipográfica  // Inicial grabada  //;Aguilar Piñal. Bib. S.XVIII v. 6, n. 2058  //;;;;;;;Mujeres -- Educación -- Obras anteriores a 1800 --  //;;Salamanca, España //;;;;;;;;;;;;;;;;;;;;;sp;spa;;;Libro;;3/58814 //;http://bdh-rd.bne.es/viewer.vm?id=0000049310&page=1 **;http://bdh-rd.bne.es/text.vm?id=0000049310&first=1&last=393 **
bima0000125409;Salas, Francisco Gregorio de , 1728-1808  // García, Francisco Javier , fl. 1753-1781? -imp.  //;;;Compendio practico del pulpito que contiene tres pequeños modelos, ó exemplares, formados sobre los tres estilos, sublime, medio y familiar : con unas breves advertencias de las cosas mas precisas para el uso del alto ministerio de la predicacion apostolica;;su autor Don Francisco Gregorio de Salas ...;;en la imprenta de Francisco Xavier Garcia;;En Madrid;1771;131 p., [1] en bl. , 8º ,;Lingüística. Literatura // Literatura española //;;Existe un estado de la obra con cambios tipográficos en el último cuadernillo  // Sign.: A-H⁸, I²  //;Aguilar Piñal. Bib. S.XVIII v. 7, n. 2658  //;;;;;;;Oratoria sagrada -- Obras anteriores a 1800 --  //;;Madrid, España //;;;;;;;;;;;;;;;;;;;;;sp;spa;;;Libro;;3/66512 //;http://bdh-rd.bne.es/viewer.vm?id=0000082801&page=1 **;http://bdh-rd.bne.es/text.vm?id=0000082801&first=1&last=137 **
bima0000125460;Ulloa, Pedro de , 1663-1721  // Puche, Clemente , fl. 1699-1728 -grab.  // González de Reyes, Antonio , fl. 1674-1714 -imp.  //;;;Elementos mathematicos que comprehenden los principios de la arte menor y mayor de la arithmetica, los de los planos y solidos de la geometria, los esphericos de Theodosio ... los principios de la algebra y su aplicación a la geometria :dispuestos y divididos en dos tomos;;"por el padre Pedro de Ulloa, de la Compañia de Jesús ... ; tomo Iº que contiene los principios arithmeticaos, los geometricos de planos, y solidos, los de la algebra, los de la trigonometria rectilinia, la tabla logarithmica, y el canon trigonometrico";;por Antonio Gonçalez de Reyes;;Madrid;1706;[8], 320, [88] p. , il. , 4º ,;Matemáticas // Ciencias puras. Ciencias naturales //;;"Sign.:¶⁴, A-Z⁴, 2A-2R⁴, A-L⁴  // Portada con orla tipográfica  // Frontispicio con grabado calc.: ""Clemens Puche sculpebat Matriti anno 1706""  // Grabados xilográficos intercalados en el texto  //";Aguilar Piñal. Bib. S.XVIII v. 8, 1573  //;;;;;;;;;Madrid, España //;;;;;;51  //;;;;;;;;;;;;;;;sp;spa;;;Libro;;6/145 //;http://bdh-rd.bne.es/viewer.vm?id=0000013653&page=1 ** http://bdh-rd.bne.es/viewer.vm?id=0000013653&page=167 **;http://bdh-rd.bne.es/text.vm?id=0000013653&first=1&last=166 ** http://bdh-rd.bne.es/text.vm?id=0000013653&first=167&last=425 **
bima0000125761;Sarpi, Paolo , 1552-1623  //;;;Historia del Concilio Tridentino;;di Pietro Soave;3. ed.;[s.n.];;[Geneva?];1656;842, 12 p. , 4º ,;;;Marca de imprenta de Aldino  //;;;;;;;;;;;;;;;;;;;;;;;;;;;;;;;sz;ita;;;Libro;;DGMICRO/70434 //;http://bdh-rd.bne.es/viewer.vm?id=0000105309&page=1 ** http://bdh-rd.bne.es/viewer.vm?id=0000105309&page=219 ** http://bdh-rd.bne.es/viewer.vm?id=0000105309&page=437 ** http://bdh-rd.bne.es/viewer.vm?id=0000105309&page=655 **;http://bdh-rd.bne.es/text.vm?id=0000105309&first=1&last=218 ** http://bdh-rd.bne.es/text.vm?id=0000105309&first=219&last=436 ** http://bdh-rd.bne.es/text.vm?id=0000105309&first=437&last=654 ** http://bdh-rd.bne.es/text.vm?id=0000105309&first=655&last=870 **
bima0000125796;Oloriz, Juan Crisóstomo  //;Imprenta Real (Zaragoza) -imp.  //;;Duda contra certeza, y certeza contra duda;;dedica ... Juan Chrysostomo de Oloriz ...;;en la Imprenta Real;;En Zaragoza;1765?;[18], 82 p., [1] h. de lám. , 8º ,;Lingüística. Literatura // Literatura española //;;Fecha tomada de prelimiminares  // Sign.: a⁸, A-D⁸, F⁸, G²  // La h. de lám. es un grabado calcográfico con el retrato de San Bernardo  //;Aguilar Piñal. Bib. S.XVIII v. 6, n. 1293  //;;;;;;;;;Zaragoza, España //;;;;;;;;;;;;;;;;;;;;;sp;spa;;;Libro;;4/20294 //;http://bdh-rd.bne.es/viewer.vm?id=0000081683&page=1 **;http://bdh-rd.bne.es/text.vm?id=0000081683&first=1&last=57 **
bima0000125918;Vallejo, José Mariano , 1779-1846  // Bails, Benito  //;Hija de Ibarra (fl. 1805-1809) -impresor  //;;Adiciones a la Geometría de don Benito Bails;;por don Josef Mariano Vallejo;;en la Imprenta de la Hija de Ibarra;;Madrid;1806;[2], X, 85 p., [1] en bl., 3 h. de lám. pleg. , 4º ,;Matemáticas //;;Marca tipográfica en portada  // Sign: [ ]⁶, A-K⁴, L⁴⁻¹  // Notas a pie de página  // Errores de pag.: 36 por 39, 46 por 64  //;;;;;;;;Geometría --  //;;Madrid, España //;;;;;;51  //;;;;;;;;;;;;;;;sp;spa;;;Libro;;7/16950 //;http://bdh-rd.bne.es/viewer.vm?id=0000076284&page=1 **;http://bdh-rd.bne.es/text.vm?id=0000076284&first=1&last=103 **
bima0000126227;Herranz y Quirós, Diego Narciso , n. 1755  // Cano, Benito -imp.  //;Librería de Hurtado (Madrid) -ed.  //;;Tratado teorico-práctico-demostrado de las reglas de combinacion en general, y de sus aplicaciones al juego de la Real Loteria obra curiosa e instructiva a toda clase de jugadores ...;;compuesta por D. Diego Narciso Herranz y Quirós ...;;en la Imprenta de Don Benito Cano  se hallará en la Librería de Hurtado ...;;En Madrid;1796;[4], 140 p. , 8º ,;Juegos //;;Sign.: *², A-H⁸, I⁶  //;Aguilar Piñal. Bib. S. XVIII v. 4, 3051  //;;;;;;;Loterías -- Obras anteriores a 1800 --  // Análisis combinatorio -- Obras anteriores a 1800 --  //;;Madrid, España //;;;;;;79  //;;;;;;;;;;;;;;;sp;spa;;;Libro;;2/33875 //;http://bdh-rd.bne.es/viewer.vm?id=0000083000&page=1 **;http://bdh-rd.bne.es/text.vm?id=0000083000&first=1&last=144 **
bima0000126253;Anastasio de Santa Teresa (O.C.D.)  // Copado, Tomás -imp.  //;;;Perfecto varon de nueve años posthumas suaves memorias de la tierna edad de D. Francisco Feliz Joseph de Pareja Obregón y Chacon ...;;el M.R.P. Fr. Anastasio de Santa Theresa, Carmelita ...;;en la imprenta de Thomas Copado;;Impresso en Jaen;1721;[21], 27, [2] h. , 4º ,;Religión. Teología //;;Hay diferentes estados de esta edición: Existe un ejemplar en el que la primera hoja de la dedicatoria tiene una composición tipográfica distinta y se han suprimido tres renglones  // Sign.: ¶⁴, ¶⁴, 2¶-3¶⁴, A-H⁴, [ ]²  // Portada con orla tipográfica  // Apostillas marginales y adorno xilográfico al final del texto  //;Aguilar Piñal. Bib. S.XVIII v. 1, n. 1565  //;;;;;;;Exequias --  //;;Jaen, España //;;;;;;;;;;;;;;;;;;;;;sp;spa;;;Libro;;3/45838 //;http://bdh-rd.bne.es/viewer.vm?id=0000122174&page=1 **;http://bdh-rd.bne.es/text.vm?id=0000122174&first=1&last=107 **
bima0000126368;Calatayud, Pedro de , 1689-1773  // Padrino, José , fl. 1741-1779? -imp.  //;;;Moral anathomia de el hombre;;que da a luz en dos doctrinas practicas, para aliviar a muchas almas, que tratan de oracion y mortificacion ... Pedro de Calatayud ...;;en la imprenta de Joseph Padrino ...;;En Sevilla;1754;[24], 208, [24] p. , 8º ,;;;Pie de imprenta tomado del colofón  // Fecha de impresión tomado de la licencia  // Sign.: ¶⁸, ¶¶⁴, A-O⁸, P⁴  // Portada enmcarcada por orla tipográfica  //;Aguilar Piñal.Bib.S.XVIII v. 2, 511  //;;;;;;;;;Sevilla, España //;;;;;;;;;;;;;;;;;;;;;sp;spa;;;Libro;;2/33849 //;http://bdh-rd.bne.es/viewer.vm?id=0000169058&page=1 **;http://bdh-rd.bne.es/text.vm?id=0000169058&first=1&last=263 **
bima0000126390;Calatayud, Pedro de , 1689-1773  //;Congregación de la Buena Muerte -imp.  //;;Doctrinas practicas que suele explicar en sus missiones ...;;"el padre Pedro de Calatayud ... ; tomo segundo";;en la Oficina de la Congregacion de la Buena Muerte;;En Valladolid;1745;[8], 502 p. , Fol. ,;Religión. Teología //;;Sign.: [ ]⁴, A-Z⁴, 2A-2Z⁴, 3A-3Q⁴, 3R², S²⁻¹  // Anteportada  // Portada enmarcada por orla tipográfica  // Iniciales grabadas  // Texto a dos columnas y con apostillas marginales  //;Aguilar Piñal.Bib.S.XVIII v. 2, 478  //;;;;;;;Moral cristiana -- Obras anteriores a 1800 --  //;;Valladolid, España //;;;;;;;;;;;;;;;;;;;;;sp;spa;;;Libro;;4/22874_V.2 //;http://bdh-rd.bne.es/viewer.vm?id=0000049957&page=1 **;http://bdh-rd.bne.es/text.vm?id=0000049957&first=1&last=259 **
bima0000126562;Salvá, Vicente , 1786-1849  // Calero, Marcelino -impresor  //;;;A catalogue of spanish and portuguese books, with occasional litterary and bibliographical remarks;A catalogue of spanish and portuguese books on sale;"by Vincent Salvá ... ; [part I [-II]";;M. Calero spanish printer, 17, Frederick Place, Goswell road;;London;1826 - 1829;"1 v. (XXX, [2], 244 p. ; xxix, [1], 225, [1] p.) , 21 cm ,";Ciencia y cultura en general // Bibliografía. Catálogos. Obras de consulta //;Pt. 2. A catalogue of spanish and portuguese books on sale / by Vincent Salvá//;Pie de imprenta de la Parte II: London: A. Harrow ..., 1829  // El segundo impresor tomado del colofón en Parte II  // 2 pt. en 1 v.  // Signaturizado  //;;;;;;;;Bibliografías españolas --  // Bibliografías portuguesas --  //;Catálogos de libreros --  //;Londres, Reino Unido //;;;;;;01  //;;;;;;;;;;;;;;;xx;eng;;;Libro;;U/10052 //;http://bdh-rd.bne.es/viewer.vm?id=0000079409&page=1 **;http://bdh-rd.bne.es/text.vm?id=0000079409&first=1&last=309 **
bima0000126932;Terreros y Pando, Esteban de , 1707-1782  // Marozzi, Achillis -imp.  //;;;Reglas a cerca de la lengua toscana o italianah[Texto impreso] : reducidas a metodo y distribuidas en cuatro libros ... con el fin de facilitar a los españoles el conocimiento y uso de este idioma ...;;por D. Estevan Rosterre, presbitero;;en la imprenta de Achiles Marozzi;;En Forli;1771;XIX, 424 p. , 8º ,;Lingüística. Literatura // Lingüística y lenguas //;;Según Aguilar, Rosterre es anagrama de Terreros  // Fecha aproximada de impresión tomada de las aprobaciones al final del texto: 1771  // Sign.: [ ]⁸⁻¹, A-Z⁸, Aa-Cc⁸, Dd⁴  // Portada enmarcada en doble filete y con viñeta xilográfica  //;;;;;;;;Lengua italiana -- Gramática comparada -- Español --  //;;Forli, Italia //;;;;;;;;;;;;;;;;;;;;;it;spa;;;Libro;;R/37032 //;http://bdh-rd.bne.es/viewer.vm?id=0000047909&page=1 **;http://bdh-rd.bne.es/text.vm?id=0000047909&first=1&last=445 **
bima0000126980;Scupoli, Lorenzo , 1530-1610  //;;[Combattimento spirituale. Español] //;Combate espiritval : primera parte;;"por el venerable Padre D. Lorenzo Scupoli... ; traducido... aora nuevamente de la lengua portuguesa en la castellana...";;[s.n.]  Jua Garcia Infanzo;;[S.l] , Madrid;1697;[calderón]>8<-4[calderón]>8<, 431 p., 2E>8< , 16º (10 cm) ,;;;;;;;;;;;;;;;;;;;;;;;;;;;;;;;;;;sp;spa;por;spa //;Libro;;3/77333 //;http://bdh-rd.bne.es/viewer.vm?id=0000247002&page=1 **;http://bdh-rd.bne.es/text.vm?id=0000247002&first=1&last=253 **
bima0000127104;Mead, Richard , 1673-1754  // Nelson, Joshua  //;;;Mechanica expositio venenorum;;variis dissertationibus comprehensa auctore Richardo Mead, ... ex anglico sermone in latinum versa a Joshua Nelson, ..., accedit ejusdem Richardi Mead de Imperio solis ac Lunae...;;Gisbertus Langerak et Theodorus Lucht;;Lugduni Batarorum;1737;Sign. *>4<, 235 p., 1 h. , 8º (19 cm) ,;;;;;;;;;;;;;;;;;;;;;;;;;;;;;;;;;;ne;lat;eng;lat //;Libro;;DGMICRO/60475 //;http://bdh-rd.bne.es/viewer.vm?id=0000059816&page=1 **;http://bdh-rd.bne.es/text.vm?id=0000059816&first=1&last=259 **
bima0000127420;Escalona y Agüero, Gaspar de  //;Imprenta Real (Madrid)  //;;Arcae limensis Gazophilatium regium perubicum ...;;editum a Don Gaspare de Scalona Aguero ...;;Imprenta Real;;[Madrid;1647?;+ [20], 199, 302, [4] p. , Fol. ,;Geografía. Biografías. Historia // Historia de América Latina // Tavera //;;La segunda parte en castellano  // Titulo y autor constan en preliminares  // Palau cita una ed. impresa en Madrid, en la Imprenta Real, 1647, que puede ser ésta  // Sign.: §⁶, 2§⁴, A-Q⁶, R², S², A-2B⁶, 2C³  // Anteportada  // Portada a dos tintas con orla tipográfica  // Apostillas marginales  //;Palau 88775  //;;;;;;;;;Madrid, España //;;;;;;;;;;;;;;;;;;;;;sp;lat;;;Libro;;2/70221 //;http://bdh-rd.bne.es/viewer.vm?id=0000092845&page=1 **;http://bdh-rd.bne.es/text.vm?id=0000092845&first=1&last=559 **
bima0000127968;Tissot, Samuel Auguste André David , 1728-1797  // Gardanne, Jacques Joseph de  //;;;Tratado de las enfermedades mas frequentes de las gentes del campo;;por Mr. Tissot;"2ª ed. corr. y aum. 1. Con un tratado sobre las asfixias o muertes aparentes y sobre los socorros que convienen a los ahogados ; 2. Con un método seguro de facil de curar las enfermedades venéreas,uno y otros compuestos por Mr. Gardane ; traducido por don Juan Galisteo y Xiorro";[s.n.]  Imp. de Pedro Marín;;[S.l] , Madrid;1776;619 p. , il. pleg. , 4º (20 cm) ,;;;;;;;;;;;Medicina -- Obras anteriores a 1800 --  //;;;;;;;;"61(02)""17""  //";;;;;;;;;;;;;;;sp;spa;;;Libro;;4/133960 //;http://bdh-rd.bne.es/viewer.vm?id=0000133979&page=1 **;http://bdh-rd.bne.es/text.vm?id=0000133979&first=1&last=631 **
bima0000128488;Nicolay Grudio, Nicolas  // Torre, Francisco de la -tr.  // Jason Verja, Roque -trad  // Arias Montano, Benito , 1527-1598  //;;;Elogios de el ilustrissimo y eruditissimo varon don Honorato Juan ... obispo de la Santa Iglesia de Osma : sacados de varios escritos de autores gravissimos ...;;;;por Geronimo Vilagrasa ...;;En Valencia;1659;[6], 74 [i.e. 76], [22] p. , Fol. ,;Religión. Teología // Cristianismo. Historia eclesiástica // Geografía. Biografías. Historia // Biografías. Heráldica. Genealogía //;Parafrasi que traduze dos fragmentos del libro IV de Retorica de Benedicto Arias Montano, en que trata de ... Honorato Juan ... / por ... Roque Iason VerjaTraduccion de la Epistola de Nicolas Nicolay Grudio ... / por don Francisco de la Torre ...// Parafrasi que traduze dos fragmentos del libro IV de Retorica de Benedicto Arias Montano, en que trata de ... Honorato Juan ... / por ... Roque Iason Verja// Traduccion de la Epistola de Nicolas Nicolay Grudio ... / por don Francisco de la Torre ...//;Sign.: [ ]±2÷, A-V±2÷, Y±2÷, P±2÷, 2A-2C±2÷  // Port. con esc. calc. eclesiástico  //;;;;;;;;;;Valencia, España //;;;;;;26  //;;;;;;;;;;;;;;;sp;spa;;;Libro;;R/16857 //;http://bdh-rd.bne.es/viewer.vm?id=0000078442&page=1 **;http://bdh-rd.bne.es/text.vm?id=0000078442&first=1&last=103 **
bimo0000034128;Blanco y Sánchez, Rufino , 1861-1936  //;;;Arte de la lectura;;por Rufino Blanco y Sánchez;4ª ed;[s.n.]  Imp. de la Revista de Archivos;;[S.l.] , Madrid;1909;VIII, 343 p. , 18 cm ,;;;Precede al título: Lengua castellana  //;;;;;;;;Lectura -- Libros escolares --  //;;;;;;;;372.4(07)  //;;;;;;;;;;;;;;;sp;spa;;;Libro;;3/149970 //;http://bdh-rd.bne.es/viewer.vm?id=0000132268&page=1 **;http://bdh-rd.bne.es/text.vm?id=0000132268&first=1&last=361 **
bimo0000036678;Duhamel, Georges , 1884-1966  //;;;Journal de Salavin;;Georges Duhamel;9e éd;Mercure de France;;Paris;1927;247 p. , 19 cm ,;;;;;;;;;;;;;;;;;;;"840-31""19""  //";;;;;;;;;;;;;;;fr;fre;;;Libro;"Acceso y/o uso restringido. La presente obra presenta restricciones en cuanto a su reproducción, distribución, comunicación pública o transformación; no obstante y en virtud del artículo 37 del Texto refundido de la Ley de Propiedad Intelectual (TRLPI), la Biblioteca Nacional de España está autorizada a la reproducción y a la comunicación de obras, mediante red cerrada e interna, a efectos de investigación (artículo 37, RDL 1/1996, de 12 de abril, revisada el 5 noviembre de 2015); sin perjuicio de las copias que puedan obtenerse en la BNE para uso privado, para ejercer cualquier otro de los derechos de explotación previstos en la TRLPI, el usuario deberá contactar con el correspondiente titular o la entidad de gestión encargada de representar al titular.//";3/149473 //;http://bdh-rd.bne.es/viewer.vm?id=0000219813&page=1 **;http://bdh-rd.bne.es/text.vm?id=0000219813&first=1&last=259 **
bimo0000039964;Martignac, Jean-Baptiste Sylvère de Gaye, vicomte de  // Minvielle, Rafael  //;;;Ensayo histórico sobre la revolución de España;;"escrito en francés por el Vizconde de Martignac ; traducido al castellano por Rafael Minvielle";;[s.n.]  Imp. de La Independencia;;[S.l.] , Buenos Aires;1834;XIII, 324 p. , 21 cm ,;Geografía. Biografías. Historia // Historia de España //;;;;;;;;;;España -- Historia -- 1820-1823 (Trienio constitucional) --  //;;;;;;;;"94(460)""1820/23""  //";;;;;;;;;;;;;;;ag;spa;fre;spa //;Libro;;7/173682 //;http://bdh-rd.bne.es/viewer.vm?id=0000124410&page=1 **;http://bdh-rd.bne.es/text.vm?id=0000124410&first=1&last=343 **
bimo0000042131;Espronceda, José de , 1808-1842  //;;[El arrepentimiento y la desesperación] //;El arrepentimiento y la desesperación;;por José Espronceda;5ª ed;Imp. y Librería de Ramón Ortega;;Valencia;1886;24 p. , 22 cm ,;Lingüística. Literatura // Literatura española //;;;;;;;;;;;;;;;;;;"821.134.2-14""18""  //";;;;;;;;;;;;;;;sp;spa;;;Libro;;VC/18196/4 //;http://bdh-rd.bne.es/viewer.vm?id=0000110873&page=1 **;http://bdh-rd.bne.es/text.vm?id=0000110873&first=1&last=28 **
bimo0000042969;Guimerá, Ángel , 1845-1924  // Jiménez, A.  //;;;Rosa de Lima novel·la de Ángel Guimerá;;(ilustracions d'A. Jiménez);;[s.n.]  Imp. L'Avenç Grafic;;[S.l.] , Barcelona;1923;64 p. , il. , 16 cm ,;Lingüística. Literatura // Literatura // La Novel·la d'ara, v 1 //;;;;;;;;;;;;;;;;;;"821.134.1-32""19""  //";;;;;;;;;;;;;;;sp;cat;;;Libro;"Acceso y/o uso restringido. La presente obra presenta restricciones en cuanto a su reproducción, distribución, comunicación pública o transformación; no obstante y en virtud del artículo 37 del Texto refundido de la Ley de Propiedad Intelectual (TRLPI), la Biblioteca Nacional de España está autorizada a la reproducción y a la comunicación de obras, mediante red cerrada e interna, a efectos de investigación (artículo 37, RDL 1/1996, de 12 de abril, revisada el 5 noviembre de 2015); sin perjuicio de las copias que puedan obtenerse en la BNE para uso privado, para ejercer cualquier otro de los derechos de explotación previstos en la TRLPI, el usuario deberá contactar con el correspondiente titular o la entidad de gestión encargada de representar al titular.//";1/234023 //;http://bdh-rd.bne.es/viewer.vm?id=0000088461&page=1 **;http://bdh-rd.bne.es/text.vm?id=0000088461&first=1&last=66 **
bimo0000045248;León y Castillo, Fernando , 1842-1918  //;;;Discursos pronunciados en el Congreso de los Diputados en los años de 1873 a 1886;;Fernando de León y Castillo;;[s.n.]  La Atlántida, Tip. a cargo de Manuel Rodríguez;;[S.l.] , Las Palmas;1887;XXXIX, 392 p. , 1 retr. , 24 cm ,;Geografía. Biografías. Historia // Historia de España //;;;;;;;;;;España -- Historia -- 1874-1885 (Alfonso XII) --  //;;;;;;;;"94(460)""1874/85""  //";;;;;;;;;;;;;;;sp;spa;;;Libro;;3/154691 //;http://bdh-rd.bne.es/viewer.vm?id=0000109074&page=1 **;http://bdh-rd.bne.es/text.vm?id=0000109074&first=1&last=437 **
bimo0000048860;Espronceda, José de , 1808-1842  //;;[Poesía] //;Obras poéticas de don José de Espronceda precedidas de la biografía del autor;;;[2ª ed.];[s.n.]  Imp. de Luis Tasso Serra;;[S.l.] , Barcelona;1882;320 p. , 21 cm ,;Lingüística. Literatura // Literatura española //;;;;;;;;;;;;;;;;;;"821.134.2-14""18""  //";;;;;;;;;;;;;;;sp;spa;;;Libro;;3/157821 //;http://bdh-rd.bne.es/viewer.vm?id=0000128570&page=1 **;http://bdh-rd.bne.es/text.vm?id=0000128570&first=1&last=325 **
bimo0000052193;Pedrell, Felipe , 1841-1922  //;;[Emporio científico e histórico de organografía musical antigua española] //;Emporio científico e histórico de organografía musical antigua española;;por Felipe Pedrell;;Juan Gili  Tip. de Luis Tasso;;Barcelona (Cortes, 223);1901;147, IX p. , 17 cm ,;Bellas artes // Música // Manuales enciclopédicos Gili. Serie artística // Manuales enciclopédicos Gili. Serie artística //;;;;;;;;;;Instrumentos musicales -- España -- Historia --  //;;;;;;;;681.81(460)  //  78  //;;;;;;;;;;;;;;;sp;spa;;;Libro;;M/13905 //;http://bdh-rd.bne.es/viewer.vm?id=0000122264&page=1 **;http://bdh-rd.bne.es/text.vm?id=0000122264&first=1&last=167 **
bimo0000054688;Abreu, Héctor  //;;;Dominio de faldas (psicología masculina) : novela;;Héctor Abreu (Abrego);;"Librería de Fernando Fé  Tip. de ""El Progreso"")";;Madrid , (Sevilla;1900?;288 p. , 18 cm ,;;;;;;;;;;;;;;;;;;;"860(729.1)-31""19""  //";;;;;;;;;;;;;;;sp;spa;;;Libro;;3/163217 //;http://bdh-rd.bne.es/viewer.vm?id=0000219816&page=1 **;http://bdh-rd.bne.es/text.vm?id=0000219816&first=1&last=305 **
bimo0000054796;Minteguiaga, Venancio María de , 1838-1911  //;;;La moral independiente y los principios del derecho nuevo;;"por el P. Venancio María de Minteguiaga de la Compañía de Jesús ... ; obra precedida de un prólogo de Juan Manuel Ortí y Lara";;Biblioteca de La Ciencia Cristiana  Imp. del Asilo de Huérfanos del Sagrado Corazón de Jesús;;Madrid;1886;XXXIII, 504 p. , 24 cm ,;;;;;;;;;;;Derecho y moral --  // Moral cristiana --  //;;;;;;;;34:241  //  340.12  //;;;;;;;;;;;;;;;sp;spa;;;Libro;;DGMICRO/68137 //;http://bdh-rd.bne.es/viewer.vm?id=0000043173&page=1 ** http://bdh-rd.bne.es/viewer.vm?id=0000043173&page=263 **;http://bdh-rd.bne.es/text.vm?id=0000043173&first=1&last=262 ** http://bdh-rd.bne.es/text.vm?id=0000043173&first=263&last=536 **
bimo0000056267;Palacio Valdés, Armando , 1853-1938  //;;[A cara o cruz] //;A cara o cruz : novela;;A. Palacio Valdés;;Pueyo  Imp. Helénica;;Madrid;1929;144 p. , 17 cm ,;Selección Pueyo, 1 //;;;;;;;;;;;Novelas --  //;;;;;;;"821.134.2-31""18""  //";;;;;;;;;;;;;;;sp;spa;;;Libro;;2/80503 //;http://bdh-rd.bne.es/viewer.vm?id=0000250921&page=1 **;http://bdh-rd.bne.es/text.vm?id=0000250921&first=1&last=169 **
bimo0000058466;González del Castillo, Juan Ignacio , 1763-1800  //;;;Sainete intitulado El triunfo de las mugeres : (para diez personas);El triunfo de las mugeres  //;;;[s.n.]  Imp. de Ildefonso Mompié de Montagudo;;[S.l.] , Valencia;1842;8 p. , 22 cm ,;;;Autor: Juan Ignacio González del Castillo (Rebiun)  // Precede al título: 129  //;;;;;;;;;;;;;;;;"821.134.2-22""18""  //";;;;;;;;;;;;;;;sp;spa;;;Libro;;VC/18557/10 //;http://bdh-rd.bne.es/viewer.vm?id=0000170586&page=1 **;http://bdh-rd.bne.es/text.vm?id=0000170586&first=1&last=8 **
bimo0000061704;Mendive, T.  //;;[Linterna mágica] //;Linterna mágica;;[T. Mendive];;C. Dochao de Urigüen;;Bilbao;1928;198 p. , 8º (22 cm) ,;;;;;;;;;;;;;;;;;;;"860-34""19""  //";;;;;;;;;;;;;;;sp;spa;;;Libro;"Acceso y/o uso restringido. La presente obra presenta restricciones en cuanto a su reproducción, distribución, comunicación pública o transformación; no obstante y en virtud del artículo 37 del Texto refundido de la Ley de Propiedad Intelectual (TRLPI), la Biblioteca Nacional de España está autorizada a la reproducción y a la comunicación de obras, mediante red cerrada e interna, a efectos de investigación (artículo 37, RDL 1/1996, de 12 de abril, revisada el 5 noviembre de 2015); sin perjuicio de las copias que puedan obtenerse en la BNE para uso privado, para ejercer cualquier otro de los derechos de explotación previstos en la TRLPI, el usuario deberá contactar con el correspondiente titular o la entidad de gestión encargada de representar al titular.//";3/169082 //;http://bdh-rd.bne.es/viewer.vm?id=0000220316&page=1 **;http://bdh-rd.bne.es/text.vm?id=0000220316&first=1&last=207 **
bimo0000062825;Koebel, W. H. , 1872-1923  //;;;The South Americans;;by W.H. Koebel;2nd ed.;Dodd, Mead and Company;;New York;1917;VI, 366 p. , 23 cm ,;Geografía. Biografías. Historia // Geografía //;;Índice  //;;;;;;;;América del Sur -- Descripción --  //;;;;;;;;908(8)  //;;;;;;;;;;;;;;;xx;eng;;;Libro;;HA/77369 //;http://bdh-rd.bne.es/viewer.vm?id=0000123187&page=1 **;http://bdh-rd.bne.es/text.vm?id=0000123187&first=1&last=381 **
bimo0000079585;Pérez de Guzmán y Gallo, Juan , 1841-1928  //;;;En la despedida de la Compañia Dramática de don Tomás Brotóns, dirigida por el primer actor D. Rafael Calvo romance;;;;[s.n.]  Imp. de la V. de Gutiérrez;;[S.l.] , [Ronda?];1870;[4] p. , 21 cm ,;Lingüística. Literatura // Literatura española //;;Autor (p. [4]): Juan P. de Guzmán  // Título tomado de la cabecera  //;;;;;;;;;;;;;;;;"821.134.2-14""18""  //";;;;;;;;;;;;;;;sp;spa;;;Libro;;VC/1029/25 //;http://bdh-rd.bne.es/viewer.vm?id=0000083945&page=1 **;http://bdh-rd.bne.es/text.vm?id=0000083945&first=1&last=8 **
bimo0000278009;Koebel, W. H. , 1872-1923  //;;;Uruguay;;"by W.H. Koebel ... ; with a map and 55 illustrations";3rd imp.;T. Fisher Unwin, Ltd.;;London;1911;350 p., [33] h. de lám., [1] h. de map. pleg. , 23 cm ,;Geografía. Biografías. Historia // Geografía // The South American series, 6 //;;Índice  //;;;;;;;;Uruguay -- Descripción --  //;;;;;;;;(899)  //  908(899)  //;;;;;;;;;;;;;;;xx;eng;;;Libro;;6/4869<6> //;http://bdh-rd.bne.es/viewer.vm?id=0000124277&page=1 **;http://bdh-rd.bne.es/text.vm?id=0000124277&first=1&last=423 **
bimo0000379707;Allende Salazar, Ángel , 1854-1885  //;;[Biblioteca del bascófilo] //;Biblioteca del bascófilo : ensayo de un catálogo general sistemático y crítico de las obras referentes a las provincias de Vizcaya, Guipúzcoa, Álava y Navarra;;por Ángel Allende Salazar;;[s.n.]  Imp. y Fundición de Manuel Tello;;[S.l.] , Madrid;1887;488 p. , 26 cm ,;Ciencia y cultura en general // Bibliografía. Catálogos. Obras de consulta //;;"Índices  // ""Laurac-Bat""--Anteportada  //";;;;;;Obra premiada por la Biblioteca Nacional en el Concurso Público de 1877  //;;País Vasco -- Bibliografías --  // Navarra (Comunidad Autónoma) -- Bibliografías --  //;Bibliografías --  //;;;;;;;016(460.15)  //  016(460.16)  //;;;;;;;;;;;;;;;sp;spa;;;Libro;;B_14_VAS //;http://bdh-rd.bne.es/viewer.vm?id=0000113124&page=1 **;http://bdh-rd.bne.es/text.vm?id=0000113124&first=1&last=499 **
bimo0000437833;Laval, Ramón A.  //;Congreso Científico Internacional Americano , 1910 Buenos Aires  //;;Oraciones, ensalmos y conjuros del pueblo de Chile comparados con los que se dicen en España;;por Ramón A. Laval;;[s.n.]  Imp. Cervantes;;[S.l.] , Santiago de Chile;1910;132 p. , 29 cm ,;Religión. Teología // Teología //;;Precede al título: Congreso Científico Internacional Americano, celebrado en Buenos Aires en julio de 1910  //;;;;;;;;Religiosidad popular -- Chile --  //;;;;;;;;(83)  //  243:394(83)  //  21  //;;;;;;;;;;;;;;;cl;spa;;;Libro;;7/40968/3 //;http://bdh-rd.bne.es/viewer.vm?id=0000060615&page=1 **;http://bdh-rd.bne.es/text.vm?id=0000060615&first=1&last=136 **
bimo0000441817;Palacio Valdés, Armando , 1853-1938  //;;[El origen del pensamiento] //;El origen del pensamiento novela;;Armando Palacio Valdés;;s.n.]  Tip. Hijos de M.G. Hernández;;[S.l. , Madrid;1893;2 h., 434 p., 1 h. , 8º ,;;;;;;;;;;;;;;;;;;;"860-31""18""  //";;;;;;;;;;;;;;;sp;spa;;;Libro;;1/80325 // 1/80325 //;http://bdh-rd.bne.es/viewer.vm?id=0000247688&page=1 **;http://bdh-rd.bne.es/text.vm?id=0000247688&first=1&last=497 **
bimo0000447073;Hudson, W. H. , 1841-1922  // Bull, W. H.  //;;;The famous missions of California;;"by William Henry Hudson ; with sketches in color by W.H. Bull and many other illustrations";;Dodge Publishing Company;;New York;1901;70 p., [18] h. de lám. col. y n. , 22 cm ,;Religión. Teología // Cristianismo. Historia eclesiástica //;;;;;;;;;;Junípero Serra, -- Santo --  // Misiones españolas -- California -- Historia --  // Misiones españolas (Edificios) -- California --  //;;;;;;;;(794)  //  266(794)  //  726.7(794)  //  929 Junípero Serra, Beato  //;;;;;;;;;;;;;;;xx;eng;;;Libro;;9/125250 //;http://bdh-rd.bne.es/viewer.vm?id=0000122996&page=1 **;http://bdh-rd.bne.es/text.vm?id=0000122996&first=1&last=115 **
bimo0000447613;Marcoláín San Juan, R. Pedro , 1848-1926  //;;;Medios prácticos de convertir a Málaga en la mejor estación de invierno de Europa;;memoria ... escrita por el doctor Pedro Marcolain San Juan;;Ayuntamiento  Tip. de la Vda. e Hijos de J. Giral;;[Málaga] , Málaga;1893;VIII, 85 p. , 22 cm ,;;;;;;;;;;;Salud pública -- Málaga -- Historia --  // Málaga -- Clima --  //;;;;;;;;"614(460.356 M.)""18""  //  551.581(460.356 M.)""18""  //";;;;;;;;;;;;;;;sp;spa;;;Libro;;1/240930 //;http://bdh-rd.bne.es/viewer.vm?id=0000237543&page=1 **;http://bdh-rd.bne.es/text.vm?id=0000237543&first=1&last=99 **
bimo0000447859;Mansilla Vidal, Luis  //;;;Relación genealógica de varias familias de Chiloé;;por el padre Luis Mansilla Vidal;;"Lib., Imp. y Enc. de ""El Colono"",";;Angol;1914;161 p., [5] h. de lám. , 25 cm ,;Geografía. Biografías. Historia // Biografías. Heráldica. Genealogía //;;;;;;;;;;Chiloé (Chile, Isla) -- Genealogía --  //;;;;;;;;(83)  //  929.52(835.34 Chiloé)  //;;;;;;;;;;;;;;;cl;spa;;;Libro;;1/229032 //;http://bdh-rd.bne.es/viewer.vm?id=0000088460&page=1 **;http://bdh-rd.bne.es/text.vm?id=0000088460&first=1&last=176 **
bimo0000490620;Abel, Félix-Marie , 1878-1953  //;;;Etudes bibliques Grammaire du grec biblique suivie d'un choix de papyrus;;par le P. F.M. Abel;;[s.n.]  [Firmin-Didot et Cie.];;Paris;1927;XL + 415 pág. , 4º mlla. (25 cm) ,;;;;;;;;;;;;;;;;;;;;;;;;;;;;;;;;;;fr;fre;;;Libro;"Acceso y/o uso restringido. La presente obra presenta restricciones en cuanto a su reproducción, distribución, comunicación pública o transformación; no obstante y en virtud del artículo 37 del Texto refundido de la Ley de Propiedad Intelectual (TRLPI), la Biblioteca Nacional de España está autorizada a la reproducción y a la comunicación de obras, mediante red cerrada e interna, a efectos de investigación (artículo 37, RDL 1/1996, de 12 de abril, revisada el 5 noviembre de 2015); sin perjuicio de las copias que puedan obtenerse en la BNE para uso privado, para ejercer cualquier otro de los derechos de explotación previstos en la TRLPI, el usuario deberá contactar con el correspondiente titular o la entidad de gestión encargada de representar al titular.//";2/76614 //;http://bdh-rd.bne.es/viewer.vm?id=0000215301&page=1 **;http://bdh-rd.bne.es/text.vm?id=0000215301&first=1&last=467 **
bimo0000490746;Abellán y Antá, Rafael , 1863-1933  //;;;Recuerdos y esperanzas : poema commemorativo de la coronación de S.M. el Rey D. Alfonso XIII;;por Rafael Abellán;;[s.n.]  Imp. de José de Góngora;;[S.l.] , Madrid;1902;[15] h. , 20 cm ,;;;;;;;;;;;Alfonso -- XIII, -- Rey de España -- Poesías --  //;;;;;;;;"821.134.2-1  //  821.134.2-14""18""  //  929 Alfonso (460) XIII (0:82)  //";;;;;;;;;;;;;;;sp;spa;;;Libro;;VC/44/18 //;http://bdh-rd.bne.es/viewer.vm?id=0000059240&page=1 **;http://bdh-rd.bne.es/text.vm?id=0000059240&first=1&last=36 **
bimo0000490747;Abellán y Antá, Rafael , 1863-1933  //;;;Romancero de palacio;;por Rafael Abellán y Antá;;[s.n.];;Madrid;1923;95 p. , 1 retr. , 22 cm ,;;;;;;;;;;;;;;;;;;;"821.134.2-14""18""  //";;;;;;;;;;;;;;;sp;spa;;;Libro;;2/71642 //;http://bdh-rd.bne.es/viewer.vm?id=0000074173&page=1 **;http://bdh-rd.bne.es/text.vm?id=0000074173&first=1&last=109 **
bimo0000490748;Abellán y Antá, Rafael , 1863-1933  //;;;Semblanzas poéticas del muy ilustre Marquesado de Corvera : escritas en verso;;por Rafael Abellán y Anta;;[s.n.]  Imp. de José de Góngora;;[S.l.] , Madrid;1904;[14] h. , 19 cm ,;;;;;;;;;;;Corvera, -- Marqueses de -- Poesías --  //;;;;;;;;"929.52 Corvera, Marqueses de (0:82)  //  821.134.2-14""18""  //";;;;;;;;;;;;;;;sp;spa;;;Libro;;VC/213/19 //;http://bdh-rd.bne.es/viewer.vm?id=0000041343&page=1 **;http://bdh-rd.bne.es/text.vm?id=0000041343&first=1&last=36 **
bimo0000492008;;Acción Católica Española  //;;Normas de Acción Católica y Social en España;;;;"[s.n.]  Tip. de la ""Revista de Arch., Bibl. y Museos""";;[S.l.] , Madrid;1917;54 p. , 17 cm ,;;;;;;;;;;;Iglesia Católica -- España --  // Iglesia y mundo -- España --  // Iglesia y problemas sociales -- España --  //;;;;;;;;282  //  272(460)  //  272-662:3(460)  //;;;;;;;;;;;;;;;sp;spa;;;Libro;;VC/2696/65 //;http://bdh-rd.bne.es/viewer.vm?id=0000137010&page=1 **;http://bdh-rd.bne.es/text.vm?id=0000137010&first=1&last=60 **
bimo0000494425;Agostinho, José , 1866-1938  //;;;O meu livro Livro de leitura corrente;;José Agostinho;;[Figueirinhas & Motta Ribeiro];;Porto;1913;2 hoj. + 324 pág. , 8º mlla. (19 cm) ,;;;Con grab. intercal.  //;;;;;;;;;;;;;;;;;;;;;;;;;;;;;;;po;por;;;Libro;;2/78042 //;http://bdh-rd.bne.es/viewer.vm?id=0000216526&page=1 **;http://bdh-rd.bne.es/text.vm?id=0000216526&first=1&last=339 **
bimo0000494912;;Balneario de Urberuaga de Ubilla  //;;Uberuaga de Ubilla (Marquina-Vizcaya) : aguas termales, nitrogenadas, bicarbonatadas, radiactivas : premiadas con diploma de honor ...;//;;;[s.n.]  Imp. de Ricardo Rojas;;[S.l.] , Madrid;1909;31 p. , il. , 17 cm ,;;;;;;;;;;;Balneario de Urberuaga de Ubilla --  //;;;;;;;;364  //  364.444.046.4(460.152 Ubilla-Urberuaga)  //;;;;;;;;;;;;;;;sp;spa;;;Libro;;VC/368/22 //;http://bdh-rd.bne.es/viewer.vm?id=0000136941&page=1 **;http://bdh-rd.bne.es/text.vm?id=0000136941&first=1&last=36 **
bimo0000495565;Aguilera y Velasco, Alberto , 1842-1913  //;;;Reformas de Madrid conferencia dada en el Centro Instructivo del obrero el día 23 de febrero de 1903;;por el presidente de la sociedad Alberto Aguilera y Velasco;;[s.n.]  R. Velasco, impresor;;[S.l.] , Madrid;1903;49 p. , il. , 23 cm ,;Bellas artes // Arquitectura. Urbanismo //;;;;;;;;;;Rehabilitación urbana -- Madrid --  //;;;;;;;;711.4-163(460.27 M.)  //;;;;;;;;;;;;;;;sp;spa;;;Libro;;VC/62/39 //;http://bdh-rd.bne.es/viewer.vm?id=0000111480&page=1 **;http://bdh-rd.bne.es/text.vm?id=0000111480&first=1&last=60 **
bimo0000495942;Agulló y Prats, Buenaventura , 1846-1907  //;;;Anteproyecto de Ley de registro y seguro de la propiedad inmueble;;por Buenaventura Agulló;;[s.n.]  Ambrosio Pérez y Compañía, imp.;;[S.l.] , Madrid;1905;XVI, 127 p. , 23 cm ,;Ciencias sociales // Derecho. Administración pública //;;;;;;;;;;Registro de la propiedad -- España --  //;;;;;;;;347.235(460)  //;;;;;;;;;;;;;;;sp;spa;;;Libro;;1/12697 //;http://bdh-rd.bne.es/viewer.vm?id=0000075085&page=1 **;http://bdh-rd.bne.es/text.vm?id=0000075085&first=1&last=155 **
bimo0000496847;Aladern, Josep , 1869-1918  //;;;Los misteris de la llengua catalana esbrinats : estudis filològichs sobre l'origen, formació y significació d'algunes paraules y frases catalanes fins avuy inexplicades;;per Joseph Aladern;;[s.n.]  Tip. Catalana;;[S.l.] , Barcelona;1906;102 p. , 20 cm ,;Biblioteca Catalonia. Coleccio Moderna, v. 1 //;;;;;;;;;;Lengua catalana -- Lexicología --  //;;;;;;;;811.134.1  //  811.134.1'373  //;;;;;;;;;;;;;;;sp;cat;;;Libro;;VC/10157/2 //;http://bdh-rd.bne.es/viewer.vm?id=0000136904&page=1 **;http://bdh-rd.bne.es/text.vm?id=0000136904&first=1&last=116 **
bimo0000497346;Alarcón y Meléndez, Julio , 1843-1924  //;;[La Europa salvaje] //;La Europa salvaje exploraciones al interior de la misma;;por El mismo (Saj) [seud.];Cuarta edición;[s.n.]  Imp. del Corazón de Jesús;;Bilbao;entre 1900 y 1981?;XVIII-252 pág. , 8º mlla. (19 cm) ,;;;;;;;;;;;Europa -- Usos y costumbres -- S.XIX --  //;;;;;;;;"39(4)""18""  //";;;;;;;;;;;;;;;sp;spa;;;Libro;;2/81033 //;http://bdh-rd.bne.es/viewer.vm?id=0000217745&page=1 **;http://bdh-rd.bne.es/text.vm?id=0000217745&first=1&last=283 **
bimo0000508250;Machado, Manuel , 1874-1947  // Unamuno, Miguel de , 1864-1936  //;;[Obra selecta] //;"Alma ; Museo ; Los cantares";Museo  // Los cantares;"Manuel Machado ; prólogo de Miguel de Unamuno";;Librería de Pueyo;;Madrid;1907;XXVII, 159 p. , 19 cm ,;;;;;;;;;;;;;;;;;;;"821.134.2-14""19""  //";;;;;;;;;;;;;;;sp;spa;;;Libro;"Acceso y/o uso restringido. La presente obra presenta restricciones en cuanto a su reproducción, distribución, comunicación pública o transformación; no obstante y en virtud del artículo 37 del Texto refundido de la Ley de Propiedad Intelectual (TRLPI), la Biblioteca Nacional de España está autorizada a la reproducción y a la comunicación de obras, mediante red cerrada e interna, a efectos de investigación (artículo 37, RDL 1/1996, de 12 de abril, revisada el 5 noviembre de 2015); sin perjuicio de las copias que puedan obtenerse en la BNE para uso privado, para ejercer cualquier otro de los derechos de explotación previstos en la TRLPI, el usuario deberá contactar con el correspondiente titular o la entidad de gestión encargada de representar al titular.//";1/236416 //;http://bdh-rd.bne.es/viewer.vm?id=0000188498&page=1 **;http://bdh-rd.bne.es/text.vm?id=0000188498&first=1&last=195 **
bimo0000514228;Alberola, Ginés , 1855-1935  //;;;San Ignacio y los Jesuitas;;Ginés Alberola;;[s.n.]  J. Calleja;;[S.l.] , Madrid;1911;238 p. , 19 cm ,;;;;;;;;;;;Ignacio de Loyola, -- Santo --  // Jesuitas -- España -- Historia--  //;;;;;;;;929 Ignacio de Loyola, Santo  //  27 Ignacio de Loyola, Santo  //  272-789.5(460)(091)  //;;;;;;;;;;;;;;;sp;spa;;;Libro;;1/60453 // 1/60453 //;http://bdh-rd.bne.es/viewer.vm?id=0000227904&page=1 **;http://bdh-rd.bne.es/text.vm?id=0000227904&first=1&last=255 **
bimo0000517942;Alfaro, Manuel Ibo , 1828-1885  //;;;Compendio de Geografía escrito para uso de los institutos y escuelas normales del reino;;por Manuel Ibo Alfaro;2ª ed.;Librería de G. Hernando;;Madrid;1900;279 p. , 20 cm ,;Ciencias sociales // Educación. Enseñanza //;;;;;;;;;;Geografía -- Libros escolares --  //;;;;;;;;913(100)(07)  //;;;;;;;;;;;;;;;sp;spa;;;Libro;;1/28682 //;http://bdh-rd.bne.es/viewer.vm?id=0000123689&page=1 **;http://bdh-rd.bne.es/text.vm?id=0000123689&first=1&last=287 **
bimo0000517949;Alfaro, Manuel Ibo , 1828-1885  //;;;Resúmen de la Historia de España;;por Manuel Ibo Alfaro;15ª ed.;Librería de los Sucesores de Hernando;;Madrid;1908;143 p. , 15 cm ,;Geografía. Biografías. Historia // Historia de España //;;;;;;;;;;España -- Historia --  //;;;;;;;;94(460)  //;;;;;;;;;;;;;;;sp;spa;;;Libro;;VC/392/3 //;http://bdh-rd.bne.es/viewer.vm?id=0000110918&page=1 **;http://bdh-rd.bne.es/text.vm?id=0000110918&first=1&last=148 **
bimo0000519196;Pey Ordeix, S. , 1867-1935  // Nakens, José , 1841-1926  //;;[El Motín (Madrid)] //;Almanaque de la Inquisición;;"por ""El Motín"" [trabajos de Pey Ordeix, José Nakens]";;Imp. de Domingo Blanco;;Madrid;1912?;203 p. , 17 cm ,;Biblioteca de la Inquisición //;;;;;;;;;;Inquisición -- España --  //;;;;;;;;272(460)  //;;;;;;;;;;;;;;;xx;spa;;;Libro;;3/96455 //;http://bdh-rd.bne.es/viewer.vm?id=0000224838&page=1 **;http://bdh-rd.bne.es/text.vm?id=0000224838&first=1&last=217 **
bimo0000520702;Alonso López, Tomás  //;;;Higiene y moral : conocimientos especiales sobre higiene ... y algunas ideas sobre la educación moral de la infancia;;por Tomás Alonso López;;[s.n.]  Tip. de El Radical;;[S.l.] , Almería;1902;191 p. , 17 cm ,;;;;;;;;;;;Niños -- Salud e higiene --  //;;;;;;;;613  //  613.95  //;;;;;;;;;;;;;;;sp;spa;;;Libro;;1/14340 //;http://bdh-rd.bne.es/viewer.vm?id=0000180594&page=1 **;http://bdh-rd.bne.es/text.vm?id=0000180594&first=1&last=104 **
bimo0000522441;Alarcón, Pedro Antonio de , 1833-1891  //;;[El sombrero de tres picos. Inglés] //;The three-cornered hat the true history of an affair current in certain tales and ballads and here written down as and how it befel;;"by Pedro Antonio de Alarcón ; now translated out of the Spanish by Martin Armstrong ; and illustrated by Norman Tealby";;Simon & Schuster;;New York;1928;XIV, 129 p. , il. col. y n. , 25 cm ,;Lingüística. Literatura // Literatura española //;;Título original: El sombrero de tres picos  //;;;;;;;;;;;;;;;;"821.134.2-32""19""  //";;;;;;;;;;;;;;;xx;eng;spa;eng //;Libro;;1/236535 //;http://bdh-rd.bne.es/viewer.vm?id=0000096892&page=1 **;http://bdh-rd.bne.es/text.vm?id=0000096892&first=1&last=155 **
bimo0000540126;González de Mesa, Narciso  //;;;Diana drama en cuatros actos y en prosa;;original de Narciso González de Mesa;;Imp. de José Rodríguez;;Madrid;1892;98 p. , 22 cm ,;;;;;;;;;;;;;;;;;;;"860-2""18""  //";;;;;;;;;;;;;;;sp;spa;;;Libro;;1/240530 //;http://bdh-rd.bne.es/viewer.vm?id=0000206836&page=1 **;http://bdh-rd.bne.es/text.vm?id=0000206836&first=1&last=103 **
bimo0000543926;Ardel, Henri , 1863-1938  // Grave, João , 1872-1934  //;;;Renée Orlis;;Henri Ardel. Traduçao de Joao Grave;Nova ediçao;[Sequeira];;Porto;1927;333 pág. , 8º mlla. (19 cm) ,;;;;;;;;;;;;;;;;;;;;;;;;;;;;;;;;;;po;por;;;Libro;"Acceso y/o uso restringido. La presente obra presenta restricciones en cuanto a su reproducción, distribución, comunicación pública o transformación; no obstante y en virtud del artículo 37 del Texto refundido de la Ley de Propiedad Intelectual (TRLPI), la Biblioteca Nacional de España está autorizada a la reproducción y a la comunicación de obras, mediante red cerrada e interna, a efectos de investigación (artículo 37, RDL 1/1996, de 12 de abril, revisada el 5 noviembre de 2015); sin perjuicio de las copias que puedan obtenerse en la BNE para uso privado, para ejercer cualquier otro de los derechos de explotación previstos en la TRLPI, el usuario deberá contactar con el correspondiente titular o la entidad de gestión encargada de representar al titular.//";2/78041 //;http://bdh-rd.bne.es/viewer.vm?id=0000216521&page=1 **;http://bdh-rd.bne.es/text.vm?id=0000216521&first=1&last=347 **
bimo0000546902;Armas y Cárdenas, José de , 1866-1919  //;;;El Quijote y su época;;por José de Armas;;Renacimiento;;"Madrid ;Buenos Aires";1915;267 p. , 20 cm ,;;;Incluye referencias bibliográficas  //;;;;;;;;Cervantes Saavedra, Miguel de --  // Cervantes Saavedra, Miguel de --  //;;;;;;;;929 Cervantes Saavedra, Miguel de  //  821.134.2 Cervantes Saavedra, Miguel de 7 Quijote.07  //;;;;;;;;;;;;;;;sp;spa;;;Libro;;CERV/2391 //;http://bdh-rd.bne.es/viewer.vm?id=0000203082&page=1 **;http://bdh-rd.bne.es/text.vm?id=0000203082&first=1&last=287 **
bimo0000547032;Armenteras, Andrés Avelino de , 1866-1926  //;;;"La patria : conferencia dada en el Teatro ""Lope de Vega"" de Valladolid el dia 23 de Febrero de 1917";;por Andrés Avelino Armenteras;;[s.n.]  Imp. y Encuadernación de Julio Cosano;;[S.l.] , Madrid;1917;27 p. , 23 cm ,;;;;;;;;;;;Patriotismo --  // Nación --  //;;;;;;;;172.15  //;;;;;;;;;;;;;;;sp;spa;;;Libro;;VC/612/27 //;http://bdh-rd.bne.es/viewer.vm?id=0000137245&page=1 **;http://bdh-rd.bne.es/text.vm?id=0000137245&first=1&last=32 **
bimo0000547369;Arnáiz, Marcelino , 1867-1930  //;;;Percepción visual de la extensión;;por el P. Marcelino Arnáiz, agustino;;Sáenz de Jubera, Hermanos, ed.;;Madrid;1905;128 p. , 20 cm ,;Filosofía. Psicología // Psicología //;;;;;;;;;;Percepción espacial --  //;;;;;;;;159.937.52  //;;;;;;;;;;;;;;;sp;spa;;;Libro;;1/14803 //;http://bdh-rd.bne.es/viewer.vm?id=0000075084&page=1 **;http://bdh-rd.bne.es/text.vm?id=0000075084&first=1&last=143 **
bimo0000547449;Altuna, Práxedes Diego , 1865-1931  //;;[María del Coro] //;María del Coro : toma, saqueo y destrucción de la Ciudad de San Sebastián, el 31 de agosto de 1813;;por Práxedes Diego Altuna;;[s.n.]  Martín Mena y Compañía, imp.;;[S.l.] , San Sebastián;1913;310 p. , 23 cm ,;Novela Histórica. Episodios de la Guerra de la Independencia Española //;;;;;;;;;;San Sebastián -- Historia -- 1813 (Sitio) -- Novelas --  //;;;;;;;;"821.134.2-3  //  821.134.2-31""18""  //  94(460.154 S.S.)""1813""(0:82)  //";;;;;;;;;;;;;;;sp;spa;;;Libro;;1/66862 //;http://bdh-rd.bne.es/viewer.vm?id=0000038238&page=1 **;http://bdh-rd.bne.es/text.vm?id=0000038238&first=1&last=353 **
bimo0000548326;Álvarez, Agustín , 1857-1914  //;;;Historia de las instituciones libres;;Agustín Álvarez;;"F. Granada y Cª ;  Juan Roldán";;"Barcelona ;MadridBuenos Aires";1909;308 p. , 21 cm ,;Ciencias sociales // Política //;;;;;;;;;;Liberalismo -- Historia --  // Derechos políticos y civiles -- Historia --  //;;;;;;;;329.12(091)  //  342.72/.73(091)  //;;;;;;;;;;;;;;;sp;spa;;;Libro;;7/408 //;http://bdh-rd.bne.es/viewer.vm?id=0000105124&page=1 **;http://bdh-rd.bne.es/text.vm?id=0000105124&first=1&last=313 **
bimo0000552393;Ambrosio de Valencina , 1859-1914  //;;[Mi viaje a Oceanía] //;Mi viaje a Oceanía historia de la fundación de las misiones capuchinas en las islas Carolinas y Palaos;;por el M.R.P. Fr. Ambrosio de Valencia;5ª ed.;[s.n.]  Imp. de la Divina Pastora;;[S.l.] , Sevilla;1917;168 p. , il. , 18 cm ,;Religión. Teología // Cristianismo. Historia eclesiástica //;;;;;;;;;;Capuchinos -- Misiones -- Carolinas (Islas) --  // Carolinas (Islas) -- Descripción --  //;;;;;;;;(766.1/.2)  //  271.36-9(766.1/.2)  //  913(766.1/.2)  //  26  //;;;;;;;;;;;;;;;sp;spa;;;Libro;;1/74971 //;http://bdh-rd.bne.es/viewer.vm?id=0000088390&page=1 **;http://bdh-rd.bne.es/text.vm?id=0000088390&first=1&last=175 **
bimo0000552443;Ameghino, Florentino , 1854-1911  //;;;Mi credo;;Florentino Ameghino;;Monclús;;Tortosa;entre 1900 y 1920?;79 p. , 17 cm ,;;;;;;;;;;;Cosmología --  //;;;;;;;;524.8  //;;;;;;;;;;;;;;;sp;spa;;;Libro;;VC/12075/9 //;http://bdh-rd.bne.es/viewer.vm?id=0000144412&page=1 **;http://bdh-rd.bne.es/text.vm?id=0000144412&first=1&last=84 **
bimo0000553679;Méndez Bejarano, Mario , 1857-1931  //;;;Analectas : libro práctico de lengua y literatura española : gramática, preceptiva y composición;;por Mario Méndez Bejarano;;[s.n.]  Imp. y Encuadernación de Jaime Ratés Martín;;[S.l.] , Madrid;1907;364 pág. , 20 cm ,;;;;;;;;;;;Literatura española --  //;;;;;;;;821.134.2(082.2)  //;;;;;;;;;;;;;;;sp;spa;;;Libro;;4/4041 //;http://bdh-rd.bne.es/viewer.vm?id=0000097495&page=1 **;http://bdh-rd.bne.es/text.vm?id=0000097495&first=1&last=379 **
bimo0000553894;Anaya y Castellanos, Cesar de  //;;;Panegírico histórico de la Virgen del Pilar;;predicado en Madrid por el Ilustre canónigo de Manila, jubilado Cesar de Anaya y Castellanos;;[s.n.];;[S.l.];1902;21 p. , 21 cm ,;Religión. Teología // Teología //;;;;;;;;;;Virgen del Pilar -- Sermones --  //;;;;;;;;248.159:252  //;;;;;;;;;;;;;;;sp;spa;;;Libro;;VC/160/3 //;http://bdh-rd.bne.es/viewer.vm?id=0000098223&page=1 **;http://bdh-rd.bne.es/text.vm?id=0000098223&first=1&last=28 **
bimo0000555272;Andrés, Domingo M.  // Flores, Ignacio  //;;;Nociones de gramática castellano-ilocana según los principios de la Real Academia Española;;"por Domingo M. Andrés ; corregida por el ilocanista Ignacio Flores";1ª ed.;"[s.n.]  Imp. de ""Ti Bagnos""";;[S.l.] , Laoag, Ilocos Norte;1918;128 p. , 1 retr. , 23 cm ,;Lingüística. Literatura // Lingüística y lenguas //;;;;;;;;;;Lengua española -- Gramática --  // Lengua ilocana -- Gramática --  //;;;;;;;;(599)  //  811.134.2'36  //  811.621.212.32'36  //;;;;;;;;;;;;;;;ph;spa;;spa // ilo //;Libro;;3/120512 //;http://bdh-rd.bne.es/viewer.vm?id=0000124257&page=1 **;http://bdh-rd.bne.es/text.vm?id=0000124257&first=1&last=133 **
bimo0000558200;;;;Los grandes literatos : antología de textos extranjeros hasta el siglo XVIII;;notas críticas y bibliográficas por José Rogerio Sánchez;2ª ed.;[.n.]  Imp. de los Hijos de Gómez Fuentenebro;;[S.l.] , Madrid;1920;456 p. , 19 cm ,;;;;;;;;;;;Literatura --  //;;;;;;;;82(082.2)  //;;;;;;;;;;;;;;;sp;spa;;;Libro;;1/82729 //;http://bdh-rd.bne.es/viewer.vm?id=0000131720&page=1 **;http://bdh-rd.bne.es/text.vm?id=0000131720&first=1&last=475 **
bimo0000558423;Antón del Olmet, Luis , 1886-1923  //;;;Hieles : narraciones triviales;;por Luis Antón del Olmet;;[s.n.]  Imp. Artística Española;;[S.l.] , Madrid;1910;199 p. , 20 cm ,;;;;;;;;;;;;;;;;;;;"821.134.2-32""19""  //";;;;;;;;;;;;;;;sp;spa;;;Libro;;1/53871 //;http://bdh-rd.bne.es/viewer.vm?id=0000149066&page=1 **;http://bdh-rd.bne.es/text.vm?id=0000149066&first=1&last=225 **
bimo0000558527;Antonino, Isaac , m. 1917?  //;;;Del solar Hidalgo;;Isaac Antonino;;"Fernando Fe  Tip. de ""El Pueblo""";;Madrid , C. Real;1914;206 p. , 20 cm ,;;;;;;;;;;;;;;;;;;;"821.134.2-92""18""  //  821.134.2-4/-9  //";;;;;;;;;;;;;;;sp;spa;;;Libro;;1/69340 //;http://bdh-rd.bne.es/viewer.vm?id=0000098109&page=1 **;http://bdh-rd.bne.es/text.vm?id=0000098109&first=1&last=217 **
bimo0000558540;Antonio María Claret, Santo , 1807-1870  //;;;Camino recto y seguro para llegar al cielo;;por el venerable Padre Antonio María Claret, Arzobispo de Cuba;;J. Steinbrener;;Winterberg;1906;576 p., [1] h. de lám. , il. , 13 cm ,;Religión. Teología // Teología //;;;;;;;;;;Oraciones --  //;Oraciones --  //;;;;;;;243  //;;;;;;;;;;;;;;;gw;spa;;;Libro;;1/31948 //;http://bdh-rd.bne.es/viewer.vm?id=0000101105&page=1 **;http://bdh-rd.bne.es/text.vm?id=0000101105&first=1&last=295 **
bimo0000558545;Antonio María Claret, Santo , 1807-1870  //;;;Camino recto y seguro para llegar al Cielo;;escrito por el venerable P. Antonio María Claret;164ª ed.;Editorial del Corazón de María;;Madrid;1928;571 p. , il. , 16 cm ,;Religión. Teología // Teología //;;;;;;;;;;;Oraciones --  //;;;;;;;243  //;;;;;;;;;;;;;;;sp;spa;;;Libro;;4/13890 //;http://bdh-rd.bne.es/viewer.vm?id=0000108297&page=1 **;http://bdh-rd.bne.es/text.vm?id=0000108297&first=1&last=574 **
bimo0000559689;;;;"El apresamiento del vapor ""Presidente Mitre"" documentos oficiales";;;;[s.n.]  Tall. Peuser;;Buenos Aires;1916;XIX, 63 p. , 26 cm ,;Ciencias sociales // Derecho. Administración pública //;;Precede al título: República Argentina Ministerio de Relaciones Exteriores y Culto  //;;;;;;;;Presidente Mitre (Barco) -- Procesos --  // Presa marítima --  //;;;;;;;;34.096 Presidente Mitre  //  341.362.1  //  347.791.6  //;;;;;;;;;;;;;;;ag;spa;;;Libro;;VC/973/10 //;http://bdh-rd.bne.es/viewer.vm?id=0000122908&page=1 **;http://bdh-rd.bne.es/text.vm?id=0000122908&first=1&last=88 **
bimo0000561021;Arango Cardona, Luis  //;;;Recuerdos de la Guaqueria en el Quindío;;Luis Arango C.;;[s.n.]  Tip. de la Vda. de Luis Tasso;;[S.l.] , Barcelona;1920;191 p., [9] h. de lám. , 22 cm ,;;;;;;;;;;;Indios de Colombia -- Restos arqueológicos --  // Quindío (Colombia, Departamento) -- Restos arqueológicos --  //;;;;;;;;904  //  904(861.75)  //  904(=87:861.75)  //;;;;;;;;;;;;;;;sp;spa;;;Libro;"Acceso y/o uso restringido. La presente obra presenta restricciones en cuanto a su reproducción, distribución, comunicación pública o transformación; no obstante y en virtud del artículo 37 del Texto refundido de la Ley de Propiedad Intelectual (TRLPI), la Biblioteca Nacional de España está autorizada a la reproducción y a la comunicación de obras, mediante red cerrada e interna, a efectos de investigación (artículo 37, RDL 1/1996, de 12 de abril, revisada el 5 noviembre de 2015); sin perjuicio de las copias que puedan obtenerse en la BNE para uso privado, para ejercer cualquier otro de los derechos de explotación previstos en la TRLPI, el usuario deberá contactar con el correspondiente titular o la entidad de gestión encargada de representar al titular.//";1/83322 //;http://bdh-rd.bne.es/viewer.vm?id=0000131756&page=1 **;http://bdh-rd.bne.es/text.vm?id=0000131756&first=1&last=219 **
bimo0000564013;Arolas, Juan , 1805-1849  // Ortega, Hermenegildo  //;;;Poesías religiosas originales del P. Juan Arolas de las Escuelas Pías;;recopiladas y editadas por Hermenegildo Ortega;;Librería de Hermenegildo Ortega;;Pradoluengo;1905;125 p. , 1 retr. , 17 cm ,;Lingüística. Literatura // Literatura española //;;;;;;;;;;;;;;;;;;"821.134.2-14""18""  //";;;;;;;;;;;;;;;sp;spa;;;Libro;;4/36272 //;http://bdh-rd.bne.es/viewer.vm?id=0000086138&page=1 **;http://bdh-rd.bne.es/text.vm?id=0000086138&first=1&last=145 **
bimo0000565560;Arroyo Vea-Murguía, Manuel  //;;;Despedida de un soldado conferencia dada en la noche del viernes 17 de febrero de 1905 por Manuel Arroyo Vea- Murguía;;;;[s.n.]  mp. R. Velasco;;[S.l.] , Madrid;1905;23 p. , 23 cm ,;Geografía. Biografías. Historia // Biografías. Heráldica. Genealogía //;;Precede al título: Centro del Ejército y de la Armada  //;;;;;;;;Arroyo Vea-Murguía, Manuel --  //;;;;;;;;355 Arroyo Vea-Murguía, Manuel  //  929 Arroyo Vea-Murguía, Manuel  //;;;;;;;;;;;;;;;sp;spa;;;Libro;;VC/254/19 //;http://bdh-rd.bne.es/viewer.vm?id=0000117691&page=1 **;http://bdh-rd.bne.es/text.vm?id=0000117691&first=1&last=28 **
bimo0000566710;Artiñano y Galdácano, Gervasio de , 1873-1938  //;;;Apuntes de Hormigón;;por D. G. de Artiñano y Galdácano;;[s.n.]  Lit. E. Nieto;;[S.l.] , Madrid;1933;73 p. , 16 cm ,;;;Texto mecanografiado  //;;;;;;;;Hormigón --  //;;;;;;;;666.972  //;;;;;;;;;;;;;;;sp;spa;;;Libro;;2/91729 // 4/29470 //;http://bdh-rd.bne.es/viewer.vm?id=0000248299&page=1 **;http://bdh-rd.bne.es/text.vm?id=0000248299&first=1&last=83 **
bimo0000569913;Astete, Gaspar , 1537-1601  //;;;El Astete razonado : catecismo de doctrina cristiana;;por el P. Gaspar Astete;;Imp., Librería y Encuadernación de El Riojano;;Logroño;1906;64 p. , il. , 16 cm ,;;;;;;;;;;;;Catecismos --  //;;;;;;;23  //  27-282.4  //;;;;;;;;;;;;;;;sp;spa;;;Libro;;VC/223/29 //;http://bdh-rd.bne.es/viewer.vm?id=0000136803&page=1 **;http://bdh-rd.bne.es/text.vm?id=0000136803&first=1&last=68 **
bimo0000571775;Pilares, Ramón Auñón y Villalón, Marqués de , 1844-1925  //;;;La Madonna de la Misericordia de Savona;;por el almirante de la Armada Ramón Auñón y Villalón, Marqués de Pilares;;[s.n.]  Imp. del Ministerio de Marina;;[S.l.] , Madrid;1916;13 p., [1] h. de mús. , 21 cm ,;Religión. Teología // Teología //;;;;;;;;;;Virgen de la Misericordia -- Culto -- Savona --  //;;;;;;;;27-312.47 Virgen de la Misericordia  //  27-312.47-533(450.425 S.)  //  248.159(450.425 S.)  //;;;;;;;;;;;;;;;sp;spa;;;Libro;;VC/565/19 //;http://bdh-rd.bne.es/viewer.vm?id=0000110943&page=1 **;http://bdh-rd.bne.es/text.vm?id=0000110943&first=1&last=24 **
bimo0000573533;Bargalló, Modesto , 1894-1981  //;;;Manual de Química;;por Modesto Bargalló... y Marcelino Martín...;;[J. Vila];;Reus;1919;399 pág. , 8º mlla. (19 cm) ,;;;Con grab. intercal.  //;;;;;;;;;;;;;;;;;;;;;;;;;;;;;;;sp;spa;;;Libro;"Acceso y/o uso restringido. La presente obra presenta restricciones en cuanto a su reproducción, distribución, comunicación pública o transformación; no obstante y en virtud del artículo 37 del Texto refundido de la Ley de Propiedad Intelectual (TRLPI), la Biblioteca Nacional de España está autorizada a la reproducción y a la comunicación de obras, mediante red cerrada e interna, a efectos de investigación (artículo 37, RDL 1/1996, de 12 de abril, revisada el 5 noviembre de 2015); sin perjuicio de las copias que puedan obtenerse en la BNE para uso privado, para ejercer cualquier otro de los derechos de explotación previstos en la TRLPI, el usuario deberá contactar con el correspondiente titular o la entidad de gestión encargada de representar al titular.//";1/79989 //;http://bdh-rd.bne.es/viewer.vm?id=0000209992&page=1 **;http://bdh-rd.bne.es/text.vm?id=0000209992&first=1&last=403 **
bimo0000574098;Baró, Teodoro , 1842-1916  //;;;Aventuras y coscorrones;;Teodoro Baró;;[s.n.]  Imp. Elzeviriana y Librería Camí;;[S.l.] , Barcel;1923;40 p. , il. , 22 cm ,;;;Precede al titulo: Biblioteca Ibero-Americana  //;;;;;;;;;;;;;;;;087.5:82  //;;;;;;;;;;;;;;;sp;spa;;;Libro;;VC/907/22 //;http://bdh-rd.bne.es/viewer.vm?id=0000151015&page=1 **;http://bdh-rd.bne.es/text.vm?id=0000151015&first=1&last=40 **
bimo0000576599;Barthelemy, Edmond  //;;;Essai de Coprologie microscopique-Diagnostivc microscopique des maladies parasitaires á protozoaires et á helminthes;;par Edmond Barthélemy...;;[s.n.]  Imp. H. Tessier];;Paris , [Orleans;1917;130 pag. , 4º mlla. (24 cm) ,;;;Precede al tit.: Université de Paris- Ecole seperieure de Pharmacie Thèse pour l'obtention du diplôme de Docteur de l'Université (Pharmacie)  //;;;;;;;;Enfermedades parasitarias -- Diagnóstico --  //;;;;;;;;;;;;;;;;;;;;;;;fr;fre;;;Libro;;2/74069 //;http://bdh-rd.bne.es/viewer.vm?id=0000213202&page=1 **;http://bdh-rd.bne.es/text.vm?id=0000213202&first=1&last=137 **
bimo0000578667;;Uruguay Presidente (1911-1915: José Batlle y Ordóñez)  //;;Mensaje del presidente de la República ciudadano D. José Batlle y Ordoñez a la H. Asamblea General al inaugurarse el 1er. periodo de la XXV legislatura, 15 de Febrero de 1914;;;;"[s.n.]  Imp. ""Diario oficial""";;[S.l.] , Montevideo;1914;39 p. , 31 cm ,;Geografía. Biografías. Historia // Historia de América Latina //;;;;;;;;;;Uruguay -- Historia -- 1904-1973 --  //;;;;;;;;"(899)  //  94(899)""1904/1973""  //";;;;;;;;;;;;;;;uy;spa;;;Libro;;VC/106/31 //;http://bdh-rd.bne.es/viewer.vm?id=0000072762&page=1 **;http://bdh-rd.bne.es/text.vm?id=0000072762&first=1&last=48 **
bimo0000579063;Baudhuin, Fernand , 1894-1977  //;;;Le capital de la Belgique et le rendement de son industrie avant la guerre;;;;[F. Centerick];;Louvain;1924;232 pág. , 4º mllª (25 cm) ,;;;;;;;;;;;;;;;;;;;;;;;;;;;;;;;;;;be;fre;;;Libro;"Acceso y/o uso restringido. La presente obra presenta restricciones en cuanto a su reproducción, distribución, comunicación pública o transformación; no obstante y en virtud del artículo 37 del Texto refundido de la Ley de Propiedad Intelectual (TRLPI), la Biblioteca Nacional de España está autorizada a la reproducción y a la comunicación de obras, mediante red cerrada e interna, a efectos de investigación (artículo 37, RDL 1/1996, de 12 de abril, revisada el 5 noviembre de 2015); sin perjuicio de las copias que puedan obtenerse en la BNE para uso privado, para ejercer cualquier otro de los derechos de explotación previstos en la TRLPI, el usuario deberá contactar con el correspondiente titular o la entidad de gestión encargada de representar al titular.//";2/74666 //;http://bdh-rd.bne.es/viewer.vm?id=0000213407&page=1 **;http://bdh-rd.bne.es/text.vm?id=0000213407&first=1&last=243 **
bimo0000579749;Bauwens, J.  //;;;La tragédie française et le théatre hollandais au dix-septième siècle Thèse pour le Doctorat d'Université;;;;[Tuzunhout-Henri Proost & Cie.;;Amsterdam;1921;274 pág. , 4º mlla. (24 cm) ,;;;;;;;;;;;;;;;;;;;;;;;;;;;;;;;;;;ne;fre;;;Libro;"Acceso y/o uso restringido. La presente obra presenta restricciones en cuanto a su reproducción, distribución, comunicación pública o transformación; no obstante y en virtud del artículo 37 del Texto refundido de la Ley de Propiedad Intelectual (TRLPI), la Biblioteca Nacional de España está autorizada a la reproducción y a la comunicación de obras, mediante red cerrada e interna, a efectos de investigación (artículo 37, RDL 1/1996, de 12 de abril, revisada el 5 noviembre de 2015); sin perjuicio de las copias que puedan obtenerse en la BNE para uso privado, para ejercer cualquier otro de los derechos de explotación previstos en la TRLPI, el usuario deberá contactar con el correspondiente titular o la entidad de gestión encargada de representar al titular.//";2/73351 //;http://bdh-rd.bne.es/viewer.vm?id=0000213252&page=1 **;http://bdh-rd.bne.es/text.vm?id=0000213252&first=1&last=285 **
bimo0000579770;Bauzá Adrover, Cosme , 1871-1959  //;;;Sonrisas celestiales de mi tierra;;por Cosme Bauzá Adrover;;[s.n.]  Imp. de B. Reus;;[S.l.] , Felanitx;1919;141 p. , 22 cm ,;;;;;;;;;;;Religiosos -- Felanitx -- Biografías --  //;;;;;;;;929  //  929(460.32 Felanitx):272-789  //;;;;;;;;;;;;;;;sp;spa;;;Libro;"Acceso y/o uso restringido. La presente obra presenta restricciones en cuanto a su reproducción, distribución, comunicación pública o transformación; no obstante y en virtud del artículo 37 del Texto refundido de la Ley de Propiedad Intelectual (TRLPI), la Biblioteca Nacional de España está autorizada a la reproducción y a la comunicación de obras, mediante red cerrada e interna, a efectos de investigación (artículo 37, RDL 1/1996, de 12 de abril, revisada el 5 noviembre de 2015); sin perjuicio de las copias que puedan obtenerse en la BNE para uso privado, para ejercer cualquier otro de los derechos de explotación previstos en la TRLPI, el usuario deberá contactar con el correspondiente titular o la entidad de gestión encargada de representar al titular.//";1/82634 //;http://bdh-rd.bne.es/viewer.vm?id=0000131684&page=1 **;http://bdh-rd.bne.es/text.vm?id=0000131684&first=1&last=155 **
bimo0000581020;Becerro de Bengoa, Ricardo , 1845-1902  // Apraiz y Buesa, Ángel de , 1885-1956  //;;[Descripciones de Álava] //;Descripciones de Álava;;"libro inédito de Ricardo Becerro de Bengoa ; prólogo e índices por Ángel de Apraiz";;[s.n.]  Imp. de Domingo Sar;;[S.l.] , Vitoria;1918;358 p. , 17 cm ,;Geografía. Biografías. Historia // Exploraciones. Viajes //;;Índice  //;;;;;;;;Álava -- Descripción --  //;;;;;;;;913(460.156)  //;;;;;;;;;;;;;;;sp;spa;;;Libro;"Acceso y/o uso restringido. La presente obra presenta restricciones en cuanto a su reproducción, distribución, comunicación pública o transformación; no obstante y en virtud del artículo 37 del Texto refundido de la Ley de Propiedad Intelectual (TRLPI), la Biblioteca Nacional de España está autorizada a la reproducción y a la comunicación de obras, mediante red cerrada e interna, a efectos de investigación (artículo 37, RDL 1/1996, de 12 de abril, revisada el 5 noviembre de 2015); sin perjuicio de las copias que puedan obtenerse en la BNE para uso privado, para ejercer cualquier otro de los derechos de explotación previstos en la TRLPI, el usuario deberá contactar con el correspondiente titular o la entidad de gestión encargada de representar al titular.//";1/79750 // 1/79750 //;http://bdh-rd.bne.es/viewer.vm?id=0000128159&page=1 **;http://bdh-rd.bne.es/text.vm?id=0000128159&first=1&last=365 **
bimo0000581131;Becker, Jerónimo , 1857-1925  // Beltrán y Rózpide, Ricardo , 1852-1928  //;;;La vida local en España discursos leídos ante la Real Academia de la Historia en la recepción pública del Ilmo. señor don Jerónimo Becker el día 15 de junio de 1913;;;;[s.n.]  Estab. Tip. de Jaime Ratés Martín;;[S.l.] , Madrid;1913;81 p. , 27 cm ,;Ciencias sociales // Derecho. Administración pública //;;Recoge el discurso de recepción de Jerónimo Becker, y el de contestación de Ricardo Beltrán y Rózpide  //;;;;;;;;Municipios -- España -- Historia --  // Administración municipal -- España -- Historia --  //;;;;;;;;352(460)(091)  //;;;;;;;;;;;;;;;sp;spa;;;Libro;;VC/509/33 //;http://bdh-rd.bne.es/viewer.vm?id=0000097353&page=1 **;http://bdh-rd.bne.es/text.vm?id=0000097353&first=1&last=88 **
bimo0000585979;Belda, Joaquín , 1883-1935  //;;;Aquellos polvos-- : (novela);;Joaquín Belda;;Librería de la Viuda de Pueyo;;Madrid;1916;336 p. , 19 cm ,;;;;;;;;;;;;Novelas eróticas --  //;;;;;;;"821.134.2-993""19""  //  821.134.2-4/-9  //";;;;;;;;;;;;;;;sp;spa;;;Libro;;1/72818 // 1/72818 //;http://bdh-rd.bne.es/viewer.vm?id=0000202984&page=1 **;http://bdh-rd.bne.es/text.vm?id=0000202984&first=1&last=342 **
bimo0000586040;Belda, Joaquín , 1883-1935  //;;[El pícaro oficio] //;El pícaro oficio novela;;Joaquín Belda;2ª ed.;[V. Rico;;Madrid;1919;310 pág. , 8º mllª (19 cm) ,;;;;;;;;;;;;;;;;;;;;;;;;;;;;;;;;;;sp;spa;;;Libro;;2/83183 //;http://bdh-rd.bne.es/viewer.vm?id=0000217842&page=1 **;http://bdh-rd.bne.es/text.vm?id=0000217842&first=1&last=327 **
bimo0000586878;Beltrán y Rózpide, Ricardo , 1852-1928  //;;;Geografía de España;;por Ricardo Beltrán y Rózpide;;Reus;;Madrid;1925;86 p. , 23 cm ,;Geografía. Biografías. Historia // Geografía // Biblioteca de oposiciones, contestaciones Reus //;;"""(Obra ajustada al cuestionario oficial, único, de 4 de agosto de 1925)""  //";;;;;;;;España -- Geografía --  //;;;;;;;;913(460)  //;;;;;;;;;;;;;;;sp;spa;;;Libro;;4/18485 //;http://bdh-rd.bne.es/viewer.vm?id=0000108301&page=1 **;http://bdh-rd.bne.es/text.vm?id=0000108301&first=1&last=99 **
bimo0000586888;Beltrán y Rózpide, Ricardo , 1852-1928  //;;[Historia] //;Historia;;por Ricardo Beltrán y Rózpide;;Reus;;Madrid;1925;95 p. , 23 cm ,;Geografía. Biografías. Historia // Historia de distintos países // Biblioteca de oposiciones, contestaciones Reus //;;"""Obra ajustada al cuestionario oficial, único, de 4 de agosto de 1925""  //";;;;;;;;Historia universal --  //;;;;;;;;94(100)  //;;;;;;;;;;;;;;;sp;spa;;;Libro;;4/18494 //;http://bdh-rd.bne.es/viewer.vm?id=0000108304&page=1 **;http://bdh-rd.bne.es/text.vm?id=0000108304&first=1&last=107 **
bimo0000586890;Beltrán y Rózpide, Ricardo , 1852-1928  //;;;El ideal geográfico y los progresos de la geografía;;por Ricardo Beltrán y Rózpide;;[s.n.]  Imp. del Patronato de Huérfanos de Administración Militar;;[S.l.] , Madrid;1908;16 p. , 25 cm ,;Geografía. Biografías. Historia // Geografía //;;;;;;;;;;Geografía --  //;;;;;;;;910  //;;;;;;;;;;;;;;;sp;spa;;;Libro;;VC/331/36 //;http://bdh-rd.bne.es/viewer.vm?id=0000097342&page=1 **;http://bdh-rd.bne.es/text.vm?id=0000097342&first=1&last=20 **
bimo0000586893;Beltrán y Rózpide, Ricardo , 1852-1928  //;;;Maynas;;por Ricardo Beltrán y Rózpide;;[s.n.]  Imp. del Patronato de Huérfanos de Intendencia e Intervención Militares;;[S.l.] , Madrid;1911;15 p. , 24 cm ,;Geografía. Biografías. Historia // Geografía //;;Título tomado de la cubierta  //;;;;;;;;Maynas (Indios) -- Misiones --  // Marañón (Perú, Valle) -- Descripción --  //;;;;;;;;(85)  //  (866)  //  266(=87:85)  //  266(=87:866)  //  908(85)  //;;;;;;;;;;;;;;;sp;spa;;;Libro;;VC/703/10 //;http://bdh-rd.bne.es/viewer.vm?id=0000079515&page=1 **;http://bdh-rd.bne.es/text.vm?id=0000079515&first=1&last=20 **
bimo0000586894;Beltrán y Rózpide, Ricardo , 1852-1928  //;;;La Mosquitia notas documentadas para la historia territorial de esta parte de Centroamérica;;por Ricardo Beltrán y Rózpide;;[s.n.]  Imp. del Patronato de Huérfanos de Administración Militar;;[S.l.] , Madrid;1910;27 p. , 24 cm ,;Geografía. Biografías. Historia // Historia de América Latina //;;;;;;;;;;Costa de Mosquitos -- Historia --  //;;;;;;;;(728)  //  94(728 Costa de Mosquitos)  //;;;;;;;;;;;;;;;sp;spa;;;Libro;;VC/414/28 //;http://bdh-rd.bne.es/viewer.vm?id=0000079975&page=1 **;http://bdh-rd.bne.es/text.vm?id=0000079975&first=1&last=34 **
bimo0000588921;Benetti Brunelli, Valeria , 1878-1947  //;;;Leon Battista Alberti e il rinovamento pedagogico nel Quattrocento;;;;Vallecchi;;Firenze;1925;231 p., 1 h. , 20 cm ,;La Nostra Scuola, 27 //;;;;;;;;;;Alberti, Leon Battista --  // Enseñanza -- Italia -- Historia --  //;;;;;;;;92 Alberti, Leon Battista:37  //  37:92 Alberti, Leon Battista  //;;;;;;;;;;;;;;;it;ita;;;Libro;"Acceso y/o uso restringido. La presente obra presenta restricciones en cuanto a su reproducción, distribución, comunicación pública o transformación; no obstante y en virtud del artículo 37 del Texto refundido de la Ley de Propiedad Intelectual (TRLPI), la Biblioteca Nacional de España está autorizada a la reproducción y a la comunicación de obras, mediante red cerrada e interna, a efectos de investigación (artículo 37, RDL 1/1996, de 12 de abril, revisada el 5 noviembre de 2015); sin perjuicio de las copias que puedan obtenerse en la BNE para uso privado, para ejercer cualquier otro de los derechos de explotación previstos en la TRLPI, el usuario deberá contactar con el correspondiente titular o la entidad de gestión encargada de representar al titular.//";4/113077 //;http://bdh-rd.bne.es/viewer.vm?id=0000225211&page=1 **;http://bdh-rd.bne.es/text.vm?id=0000225211&first=1&last=237 **
bimo0000589349;Benítez Chacón, Diego  // Carreras, Luis de , fl. 1789-1842 -imp.  //;;;Sermon sobre el Evangelio de la Dominica de Septuagesima;;predicado en la Santa Iglesia Catedral de Malaga por el Sr. Dr. D. Diego Benitez Chacon ...;;por D. Luis de Carreras ...;;En Malaga;entre 1789 y 1842?;[20] p. , 4º ,;Religión. Teología //;;Fechas de publicación deducidas de los datos de actividad del impresor  // Marca tipográfica en portada  //;;;;;;;;Sermones --  //;;Málaga, España //;;;;;;;;;;;;;;;;;;;;;sp;spa;;;Libro;;3/27121 //;http://bdh-rd.bne.es/viewer.vm?id=0000083473&page=1 **;http://bdh-rd.bne.es/text.vm?id=0000083473&first=1&last=29 **
bimo0000590168;Benot, Eduardo , 1822-1907  //;;;España : poesías;;Eduardo Benot;;[s.n.]  Estab. Tip. de Idamor Moreno;;[S.l.] , Madrid;1905;128 p. , 20 cm ,;;;;;;;;;;;;;;;;;;;"821.134.2-14""18""  //";;;;;;;;;;;;;;;sp;spa;;;Libro;;1/12425 //;http://bdh-rd.bne.es/viewer.vm?id=0000051051&page=1 **;http://bdh-rd.bne.es/text.vm?id=0000051051&first=1&last=135 **
bimo0000591459;Bérindoague, Henri  //;;;Des dommages-intérêts en matière contractuelle et délictuelle dans le droit anglais;;par Henri Bérindoague;;[s.n.]  Librairie Générale de Droit & de Jurisprudence;;[S.l.] , Paris;1923;XV, 172 pág. , 25 cm ,;;;Bibliografía: p. [V]-VI. Índice  //;;;;;;;;Responsabilidad contractual -- Gran Bretaña --  // Responsabilidad extracontractual -- Gran Bretaña --  // Daños y perjuicios -- Gran Bretaña --  //;;;;;;;;347.447.5(410)  //  347.5(410)  //;;;;;;;;;;;;;;;fr;fre;;;Libro;"Acceso y/o uso restringido. La presente obra presenta restricciones en cuanto a su reproducción, distribución, comunicación pública o transformación; no obstante y en virtud del artículo 37 del Texto refundido de la Ley de Propiedad Intelectual (TRLPI), la Biblioteca Nacional de España está autorizada a la reproducción y a la comunicación de obras, mediante red cerrada e interna, a efectos de investigación (artículo 37, RDL 1/1996, de 12 de abril, revisada el 5 noviembre de 2015); sin perjuicio de las copias que puedan obtenerse en la BNE para uso privado, para ejercer cualquier otro de los derechos de explotación previstos en la TRLPI, el usuario deberá contactar con el correspondiente titular o la entidad de gestión encargada de representar al titular.//";2/73335 //;http://bdh-rd.bne.es/viewer.vm?id=0000213293&page=1 **;http://bdh-rd.bne.es/text.vm?id=0000213293&first=1&last=197 **
bimo0000591504;Berjón y Vázquez Real, Antonio  //;;;Diccionario predicable de la lengua Mariana : compuesto de 3000 vocablos pra invocar el dulcísimo nombre de María ...;;por el Doctor D. Antonio Berjón y Vázquez Real;;Voluntad  Tip. de Luis Martínez Moreno;;[S.l.] , Tarazona;1911;283 p. , 22 cm ,;;;;;;;;;;;Mariología -- Diccionarios --  //;;;;;;;;23  //  27-312.47(038)  //;;;;;;;;;;;;;;;sp;spa;;;Libro;;1/92776 //;http://bdh-rd.bne.es/viewer.vm?id=0000132330&page=1 **;http://bdh-rd.bne.es/text.vm?id=0000132330&first=1&last=293 **
bimo0000591908;Bermúdez, Alejandro  //;;;Panorama errante : El caso del periodista español : historias, cuentos y leyendas;;"por Alejandro Ber ; prólogo de Carmen de Burgos (Colombine)";;"Librería de la Viuda de Pueyo  Imp. de ""La Mañana""";;Madrid;1917;206 p. , 19 cm ,;;;;;;;;;;;;;;;;;;;"821.134.2-34""19""  //";;;;;;;;;;;;;;;sp;spa;;;Libro;;1/84751 //;http://bdh-rd.bne.es/viewer.vm?id=0000103368&page=1 **;http://bdh-rd.bne.es/text.vm?id=0000103368&first=1&last=217 **
