idBNE;Autor Personas;Autor Entidades;Título uniforme;Título;Otros Títulos;Información asociada al título;Edición;Editorial;Editor musical;Lugar de publicación;Fecha de publicación;Descripción física;Serie;Contenido;Descripción y notas;Citas o referencias;transcripciones de interés;Procedencia;Intérpretes;Resumen;Premios;Periodicidad;Tema;Género/Forma;Lugar relacionado;Forma de la composición sonora;Forma de la composición notada;tipo material cartográfico;Proyección del mapa;Escala del mapa;CDU;Otra clasificación;id registros relacionados;información asociada a registros relacionados;id otras ediciones;información asociada a otras ediciones;id título anterior;información asociada a título anterior;id título posterior;información asociada a título posterior;ISBN;ISSN;Depósito Legal;Otros Números Normalizados;Número Bibliografía Nacional;País de publicación;Lengua de publicación;Lengua original;otras lenguas;Tipo de documento;Condiciones de uso;signatura;version_digital;texto_OCR
bimo0001032735;Rouanet, Léo , 1863-1911 -traductor -editor literario  //;;;Intermédes espagnols (entremeses) du XVIIe. siécle;;traduits avec un préface et des notes par Léo Rouanet;;A. Charles;;Paris;1897;321 p. , 19 cm ,;;;;;;;;;;;;;;;;;;;"821.134.2-22""16""(082.2)  //";;;;;;;;;;;;;;;fr;fre;;;Libro;;T/8967 //;http://bdh-rd.bne.es/viewer.vm?id=0000198676&page=1 **;http://bdh-rd.bne.es/text.vm?id=0000198676&first=1&last=343 **
bimo0001083439;Lasala, Manuel  //;;;La locura de Don Quijote : estudio;;por el Dr. Don Manuel Lasala;;[s.n.]  En casa de Barberá y Bastida;;[S.l.] , Castellón;1905;40 p. , 16 cm ,;;;Este estudio fue leído por su autor en el Centro Artístico Literario, la noche del 6 de mayo de 1905, en ocasión de conmemorarse el centenario del Quijote  //;;;;;;;;Cervantes Saavedra, Miguel de --  // Enfermedades mentales -- En la literatura //;;;;;;;;616  //  821.134.2 Cervantes Saavedra, Miguel de 7 Quijote.07  //  616.89(0:82)  //;;;;;;;;;;;;;;;sp;spa;;;Libro;;CERV.SEDÓC/11/17 //;http://bdh-rd.bne.es/viewer.vm?id=0000192981&page=1 **;http://bdh-rd.bne.es/text.vm?id=0000192981&first=1&last=47 **
bipa0000183319;Florimo, Francesco , 1800-1888  // Martelli, E.  // Lauzières, Achille de , 1800-1875  // Petito, Antonio , 1822-1876  // De Giosa, Nicola , 1820-1885  // Pateras, Teodoro  //;;;Eco del Vesuvio : scelta di celebri canzoni napolitane;So quatt' anne che partiste  // Li marenare  // M'a dato mo nu vaso  // Tre bote sì e po no  // Ndinghe, Ndinghe  // Masto Raffaele;;;Stabilimento-Musicale T. Cottrau;;Napoli;1874?;1 partitura ([16] p.) , 35 cm ,;Eco del Vesuvio (Serie). // Eco del Vesuvio (Serie). // Bellas artes // Música //;"So quatt' anne che partiste / musica di F. Flomiro.- 3 p.- N. pl.: 16486. Li marenare : canzone a due voci / del M. Niccola De Giosa.- 2 p.- N. pl.: 16496. M'a dato mo nu vaso / parole e musica di Teodoro Pateras.- 2 p.- N. pl.: 15019. Tre bote sì e po no : canzone a 2 voci / di F. Flomiro.- 3 p.- N. pl.: 16490 ; Ndinghe, Ndinghe : canzone a 2 voci / di F. Flomiro ; parole di A. De Lauzières.- 4 p.- N. pl.: 16485. Masto Raffaele : canzone napolitana del 7 settembre 1869 / parole di Ant. Petito ; musica di C. Martelli.- 2 p.- N. pl.: 14967// So quatt' anne che partiste / musica di F. Flomiro.- 3 p.- N. pl.: 16486. Li marenare : canzone a due voci / del M. Niccola De Giosa.- 2 p.- N. pl.: 16496. M'a dato mo nu vaso / parole e musica di Teodoro Pateras.- 2 p.- N. pl.: 15019. Tre bote sì e po no : canzone a 2 voci / di F. Flomiro.- 3 p.- N. pl.: 16490 ; Ndinghe, Ndinghe : canzone a 2 voci / di F. Flomiro ; parole di A. De Lauzières.- 4 p.- N. pl.: 16485. Masto Raffaele : canzone napolitana del 7 settembre 1869 / parole di Ant. Petito ; musica di C. Martelli.- 2 p.- N. pl.: 14967//";Fecha de publicación basada en el Dizionario degli editori musicali italiani, 1750-1930, 2000  // Con doble secuencia de paginación  //;;;;;;;;Canciones napolitanas --  // Canciones con piano --  //;;;;;;;;;3.1 // 7.2 //;;;;;;;;;;;;16486, 16496, 15019, 16490, 16485, 14967;CCIM2;it;mul;;;Libro;;M/3957(15) //;http://bdh-rd.bne.es/viewer.vm?id=0000086988&page=1 **;http://bdh-rd.bne.es/text.vm?id=0000086988&first=1&last=16 **
a4986676;Ercilla y Zúñiga, Alonso de , 1533-1594  // Ribeiro, António , fl. 1574-ca. 1590 -imp.  //;;;Primera [-segunda] parte de la Araucana;La Araucana  //;de don Alonso de Ercilla y çuñiga ...;;por Antonio Ribero;;En Lisboa;1582 - 1588;"2 t. ([12], 149, [1] h. ; 130, [2] h.) , 12º ,";;;"Sign.: A-N¹², O⁶ ; Aa-Ll¹²  // Grabado xilográfico de un león rampante en A₉, en el final de cada uno de los cantos y en recto de la última hoja  //";Palau n. 80415  //;;;;;;;;;Lisboa, Portugal //;;;;;;;;;;;;;;;;;;;;;po;spa;;;Libro;;R/30480 //;http://bdh-rd.bne.es/viewer.vm?id=0000240306&page=1 **;http://bdh-rd.bne.es/text.vm?id=0000240306&first=1&last=301 **
bima0000025479;Bynkershoek, Cornelius van  //;;;Quáestionum Juris Publici Libri duo : quorum primus est de Rebus bellicis, secundus de Rebus varii argumenti;;;Editio secunda;ap. Samuelem Luchtmans et Filios;;Lugduni Batav;1752;p. , 4º ,;;;;;;;;;;;;;;;;;;;;;;;;;;;;;;;;;;ne;lat;;;Libro;;3/66039 //;http://bdh-rd.bne.es/viewer.vm?id=0000240366&page=1 **;http://bdh-rd.bne.es/text.vm?id=0000240366&first=1&last=449 **
bima0000026929;Caraccioli, Louis-Antoine, marquis , 1719-1803  //;;;La Grandeur d'Ame;;[par le Marquis Caraccioli];;J.F. Bassompierre, libr. a Liege...;;Francfort;1761;XVIII p. + 1 h. + 412 p. , 12º mlla. ,;;;Mención de responsabilidad al pie de la dedic.  //;;;;;;;;;;;;;;;;;;;;;;;;;;;;;;;gw;fre;;;Libro;;3/66059 //;http://bdh-rd.bne.es/viewer.vm?id=0000240469&page=1 **;http://bdh-rd.bne.es/text.vm?id=0000240469&first=1&last=443 **
bima0000090126;Ranst, François de , ca. 1660-1727  //;;;Veritas in medio , seu D. Thomas Doctor Angelicus Propositiones omnes circa Theoriam, & Praxim, Rigorem ae Laxitatem versantes a Braianis usque ad Quesnellianas IOI. inclusiaè : per tutissima & inconcussa, atque ab omni extremo remota dogmata praedamnans;;;;[s.n.]  Typ. Ioannis Pauli Robyns;;[S.l] , Antuerpiae;1715;p. , 8º ,;;;;;;;;;;;;;;;;;;;;;;;;;;;;;;;;;;be;lat;;;Libro;;3/65709 //;http://bdh-rd.bne.es/viewer.vm?id=0000240320&page=1 **;http://bdh-rd.bne.es/text.vm?id=0000240320&first=1&last=319 **
bima0000115121;Zacchia, Lanfranco  //;;;De salario sev operariorum mercede, tractatvs : in tres partes distinctvs;;;;Ex typ. Bartholomaei Lupardi;;Romae;1679;p. , Fol. ,;;;;;;;;;;;;;;;;;;;;;;;;;;;;;;;;;;it;lat;;;Libro;;3/65774 //;http://bdh-rd.bne.es/viewer.vm?id=0000240374&page=1 **;http://bdh-rd.bne.es/text.vm?id=0000240374&first=1&last=819 **
Mima0000025237;Buenaventura, Santo , 1217?-1274  //;;;Pseautier de la Sainte Vierge;;Traduit en françois par Joseph de Galliffet;;Chez les Frères Bruyset;;Lyon;1748;p. , 8º ,;;;;;;;;;;;;;;;;;;;;;;;;;;;;;;;;;;fr;fre;;;Libro;;3/66317 //;http://bdh-rd.bne.es/viewer.vm?id=0000240378&page=1 **;http://bdh-rd.bne.es/text.vm?id=0000240378&first=1&last=250 **
Mima0000047180;Geier, Martin , 1614-1680  //;;;De Ebraeorum luctu, lugentiumqueritibus;;;Editio Tertia;Imp. G. á R. Haered Henningii Gvossii;;Francofurti ad Maenum;1733;p. , 12º ,;;;;;;;;;;;;;Frankfurt, Alemania //;;;;;;;;;;;;;;;;;;;;;gw;lat;;;Libro;;3/65718 //;http://bdh-rd.bne.es/viewer.vm?id=0000240326&page=1 **;http://bdh-rd.bne.es/text.vm?id=0000240326&first=1&last=315 **
Mima0000131156;Collé, Charles , 1709-1783  //;;;Chansons joyeuses mises au jour;;par un ane-onyme, onissime;Nouvelle édition,considérablement augmentée & avec de grands changemens qu'il faudroit encore changer;imp. de l'Acadèmie de Troyes;;ParisLondres et á Ispahan;1765;"2 t. en 1 v. ([4], 80, 16 p. ; [4], 110, 4, 4 p.) , 8º ,";;;"Autor tomado de Le catalogue en ligne, www.opale-plus, 27-04-2008  // El año de publicación aparece al revés ""VXLCCDM""  // Sign.: [ ]⁴, A-E⁸; a², A-F⁸, G⁸⁻¹, A⁴, A²  // Anteportadas  // La segunda parte con portada grabada calcográfica  //";Anglés y Subirá vol. III, n. 49  //;;;;;;;Canciones francesas -- S.XVIII --  //;;;;;;;;;;;;;;;;;;;;;;PARXVIII;fr;fre;;;Libro;;M/69 //;http://bdh-rd.bne.es/viewer.vm?id=0000055819&page=1 **;http://bdh-rd.bne.es/text.vm?id=0000055819&first=1&last=233 **
a4745858;Zeno, Nicoló  // Marcolini, Francesco -impresor  //;;;"Dell'origine di Venetia et antiquissime memorie de i barbari, che distrussero per tutto'l mondo l'imperio di Roma : onde hebbe principio la città di Venetia libri vndici ; con vn cronico, che serue alle nationi ricordate in essi, di nuouo reuisti, et corretti, e regolati, et agiontoui molte parte tratte dalli originali";;;;per Francesco Marcolini;;In Venetia;1558;[8], 196 [i.e. 194], [24] h. , 8º ,;Geografía. Biografías. Historia // Historia de distintos países //;;Nombre del autor tomado de Melzi. Opere anonime e pseudonime..., II, p. 285  // Marca tipográfica en portada  // Sign.: A-Z⁸, 2A-2D⁸, 2E¹⁰  // Error de foliación, de h. 89 pasa a la h. 92  // Iniciales grabadas y frisos xilográficos  //;Edit 16 CNCE 28640 (03-08-2018)  //;;;;;;;Roma -- Historia -- 30 a.C.-476 d.C. (Imperio) --  // Venecia -- Historia --  //;;Venecia, Italia //;;;;;;;;;;;;;;;;;;;;;it;ita;;;Libro;;U/7209 //;http://bdh-rd.bne.es/viewer.vm?id=0000116049&page=1 **;http://bdh-rd.bne.es/text.vm?id=0000116049&first=1&last=231 **
a4850448;Nebrija, Antonio de , 1444-1522  // Coci, Jorge , fl. 1499-1543 -imp.  //;;[Introductiones latinae] //;Grammatica Antonij Nebrissensis ... Introductionū latinarū vltima recognitio cū glossulis in secundo [et] vltimo libro [et] in Donati barbarismo, aliis quoq[ue] nōnullis adiectis, cōmunicata re cum amicis eiusdem artis prefessoribus, ex impressione Cōplutensi, cui autor ipse interfuit, omnesq[ue] typos emēdauit, emēdatosq[ue] excussoribus tradidit ...;;;;Georgius Coci ... imprimi curauit ...;;Caesaraugustae;1525;[164] h. , 4º ,;;;Datos de impresión tomados del colofón en recto de h. con signatura x₆  // Sign.: a-q⁸, rr⁶, s-v⁸, x⁶  // Iniciales grabadas  // Letra gótica y redonda  //;Palau n. 188929  //;;;;;;;Gramática -- Enseñanza --  //;;Zaragoza, España //;;;;;;;;;;;;;;;;;;;;;sp;lat;;;Libro;;R/31433 //;http://bdh-rd.bne.es/viewer.vm?id=0000240361&page=1 **;http://bdh-rd.bne.es/text.vm?id=0000240361&first=1&last=171 **
bima0000014343;Backer, George de -ed.  // Harrewijn, Jacobus , 1660-1727 -grab.  //;;[Lazarillo de Tormes. Francés] //;La vie et avantures de Lazarille de Tormes;;"ecrites par lui meme ; traduction nouvelle sur le veritable original espagnol ; embellie de plusieurs figures ; premiere [-seconde] partie";;Chez George de Backer ...;;Brusselles;1698;"[10], 163, [5] p. ; [2], 188, [4] p. , il. , 12º ,";;;"Sign.: [ ]±1÷, *±4÷, A-G±12÷ ; [ ]±1÷, A-G±12÷, H±8÷, I±4÷  // Port. a dos tintas  // Cada parte con port. y pag. propias  // Inc. grab.  // Las [19] h. de lám. intercaladas en el texto son grab. calc.: ""J.C. Harrewijn fecit""  //";;;;;;;;;Novelas picarescas --  //;Bruselas, Bélgica //;;;;;;;;;;;;;;;;;;;;;be;fre;spa;fre //;Libro;;R/39345 //;http://bdh-rd.bne.es/viewer.vm?id=0000240407&page=1 **;http://bdh-rd.bne.es/text.vm?id=0000240407&first=1&last=192 **
bima0000019489;Aulnoy, Marie-Catherine Le Jumel de Barneville, baronne d' , 1650-1705  //;;;Hypolite Comte de Douglas : Histoire Angloise;;;;Don Desclapam;;Toulouse;1702;p. , 12º ,;;;;;;;;;;;;;;;;;;;;;;;;;;;;;;;;;;fr;fre;;;Libro;;3/65721 //;http://bdh-rd.bne.es/viewer.vm?id=0000240336&page=1 **;http://bdh-rd.bne.es/text.vm?id=0000240336&first=1&last=427 **
bima0000040494;Estienne, Henri , 1531-1598  //;;;Discours merveilleux de la vie, actions et departemens de Catherine de Medicis Royne Mere;;;;[s.n.];;Salon la Copie imprimée à Paris;1619;p. , 8º ,;;;;;;;;;;;;;;;;;;;;;;;;;;;;;;;;;;fr;fre;;;Libro;;3/66297 //;http://bdh-rd.bne.es/viewer.vm?id=0000240358&page=1 **;http://bdh-rd.bne.es/text.vm?id=0000240358&first=1&last=76 **
bima0000056463;Ittig, Thomas , 1643-1710  //;;;Historiae Ecclesiasticae primi á Christinato seculi selecta capita : Praemissa es ejusdem Scriptoribus Historiae Ecclesiasticae recentioribus Dissertatio;;Thomas Ittigius;;Ap. Haer. Joh. Grossii, et Jo. Frider Braunium;;Lipsiae;1709;3 t. en 1 v. , 4º ,;;;Retrato del autor  //;;;;;;;;;;;;;;;;;;;;;;;;;;;;;;;gw;lat;;;Libro;;3/66049 //;http://bdh-rd.bne.es/viewer.vm?id=0000240438&page=1 **;http://bdh-rd.bne.es/text.vm?id=0000240438&first=1&last=1303 **
bima0000065290;Guise, Henri de Lorraine, Duc de , 1614-1664  //;;;Les mémoires;;;Nóuv. ed.;[s.n.];;Paris;1681;p. , 12º ,;;;;;;;;;;;;;;;;;;;;;;;;;;;;;;;;;;fr;fre;;;Libro;;3/66065 //;http://bdh-rd.bne.es/viewer.vm?id=0000240506&page=1 **;http://bdh-rd.bne.es/text.vm?id=0000240506&first=1&last=302 **
bima0000083210;Pasquali, Carlo  //;;;De coronis : opus X libris distinctum;;;;[s.n.]  ex officina Framis Verbessel;;[S.l] , Lugd. Batavorum;1681;p. , 8º ,;;;;;;;;;;;;;;;;;;;;;;;;;;;;;;;;;;ne;lat;;;Libro;;3/66241 //;http://bdh-rd.bne.es/viewer.vm?id=0000240354&page=1 **;http://bdh-rd.bne.es/text.vm?id=0000240354&first=1&last=400 **
bima0000087823;Poullain de Saint-Foix, Germain François  //;;;Histoire de l'ordre du J. Esprit;;;;[s.n.];;Paris;1766;p. , 12º ,;;;;;;;;;;;;;;;;;;;;;;;;;;;;;;;;;;fr;fre;;;Libro;;3/65696 //;http://bdh-rd.bne.es/viewer.vm?id=0000240311&page=1 **;http://bdh-rd.bne.es/text.vm?id=0000240311&first=1&last=383 **
bima0000092691;;;;An historical Review and Directory of North America : containing a geographical political and natural History of the British and other European Settlements... : In three volumes...;;by a Gentleman... returned from... that continent..;;[s.n.]  M. Graisberry;;[S.l] , Dublin;1788;2 t. en 1 v. , 12º ,;;;;;;;;;;;;;;;;;;;;;;;;;;;;;;;;;;ie;eng;;;Libro;;3/66077_V._1-2 //;http://bdh-rd.bne.es/viewer.vm?id=0000240525&page=1 **;http://bdh-rd.bne.es/text.vm?id=0000240525&first=1&last=705 **
bima0000097568;Bonaventure de Sainte Anne (O.S.A.)  //;;;Monachatus Augustini... propugnatus;;;;[s.n.];;[S.l] , Lugd;1694;p. , 12º ,;;;;;;;;;;;;;;;;;;;;;;;;;;;;;;;;;;fr;lat;;;Libro;;3/66324 //;http://bdh-rd.bne.es/viewer.vm?id=0000240388&page=1 **;http://bdh-rd.bne.es/text.vm?id=0000240388&first=1&last=160 **
bima0000113769;Walenburch, Adrianus  //;;;De testimoniis seu traditionibus;;;;Sumpt Joannis Baptistae Schönvvetteri;;Moguntiae;1667;p. , 4º ,;;;;;;;;;;;;;;;;;;;;;;;;;;;;;;;;;;gw;lat;;;Libro;;3/66040 //;http://bdh-rd.bne.es/viewer.vm?id=0000240370&page=1 **;http://bdh-rd.bne.es/text.vm?id=0000240370&first=1&last=191 **
bimo0000681284;Cánovas del Castillo, Antonio , 1828-1897  //;;;La campana de Huesca crónica del siglo XII;;"por Antonio Cánovas del Castillo ; con el prólogo que, para su segunda edición, escribió Serafín Estébanez Calderón (El Solitario)";;[s.n.]  Tip. de Manuel G. Hernández;;[S.l.] , Madrid;1886;XXXVI, 572 p. , 17 cm ,;;;;;;;;;;;;;;;;;;;"821.134.2-31""18""  //";;;;;;;;;;;;;;;sp;spa;;;Libro;;4/43301 //;http://bdh-rd.bne.es/viewer.vm?id=0000240341&page=1 **;http://bdh-rd.bne.es/text.vm?id=0000240341&first=1&last=619 **
Mima0000072810;Merle, Paul van  //;;;Opera varia posthuma de sacrificiis sacerdotibus &c. Romanorum;;;;P. Mursch;;Lug. Bat.;1684;p. , 4º ml. ,;;;;;;;;;;;;;;;;;;;;;;;;;;;;;;;;;;ne;lat;;;Libro;;3/65263 //;http://bdh-rd.bne.es/viewer.vm?id=0000240551&page=1 **;http://bdh-rd.bne.es/text.vm?id=0000240551&first=1&last=295 **
a4533775;Saló, Benito  // Jolis Santjaume, Joan , 1650-1705 -imp.  //;;;El grano fructifero, sembrado en dos elementos infecundos sermon de San Lorenzo Martyr predicado en la ... Villa de Castellon de Ampurias en la celebre fiesta le hazen sus cofrades los forasteros de dicha villa;;"predicòle el R. P. ... Fr. Benito Salò... ; sacanle a luz los administradores de dicha Cofradia ...";;por Juan Jolis impressor;;Barcelona;1700;[2], 29 p., [1] en bl. , 4º ,;Religión. Teología // Cristianismo. Historia eclesiástica //;;Sign.: A-B⁸  // Portada con grabado xilográfico y orla tipográfica  // Texto con apostillas marginales  //;;;;;;;;;;Barcelona, España //;;;;;;;;;;;;;;;;;;;;;sp;spa;;;Libro;;VE/1455/10 //;http://bdh-rd.bne.es/viewer.vm?id=0000075612&page=1 **;http://bdh-rd.bne.es/text.vm?id=0000075612&first=1&last=32 **
a4535835;Jolis Santjaume, Joan , 1650-1705 -impresor  //;;;"Mandamientos burlescos : que un galan cantó a una Dama, mostrandole por ellos el grande amor, y cariño que le tenia, con lo demás que verá el curioso Letor ; a la fin una letra que dize, Si quereys comprar amores";;;;en casa Juan Jolis Impressor ...;;Barcelona;1700?;[4] p. , 4º ,;;;Título tomado de portadilla  // Según Palau, impreso ca. 1700  // El pie de imprenta consta en colofón  // En portadilla, tres grabados xilográficos, que representan a una dama, un caballero y un galán  //;Palau 148332  //;Pues que me han dado licencia / Señora, tus ojos bellos Si quereys comprar amores / de los mas lindos que vi;;;;;;Pliegos de cordel --  //;;Barcelona, España //;;;;;;;;;;;;;;;;;;;;;sp;spa;;;Libro;;VE/1458/13 //;http://bdh-rd.bne.es/viewer.vm?id=0000141852&page=1 **;http://bdh-rd.bne.es/text.vm?id=0000141852&first=1&last=19 **
a4535948;Jolis Santjaume, Joan , 1650-1705 -imp.  //;;;Coplas del Nacimiento de Nuestro Redemptor;;;;en casa Juan Jolis Impressor ...;;Barcelona;1672 - 1735;[4] p. , 4º ,;;;Título tomado de portadilla  // Según Gutiérrez del Caño, Juan Jolis imprime entre 1672 y 1735  // Texto a dos columnas  // Grabado xilográfico en portadilla del Portal de Belén  //;Palau 61567  //;;;;;;;Pliegos de cordel --  //;;Barcelona, España //;;;;;;;;;;;;;;;;;;;;;sp;spa;;;Libro;;VE/1458/14 //;http://bdh-rd.bne.es/viewer.vm?id=0000141854&page=1 **;http://bdh-rd.bne.es/text.vm?id=0000141854&first=1&last=17 **
a5431337;Fernández de Miñano, Francisco -demandado  // Fernández de Miñano, Pedro -redactor  //;Toledo (Archidiócesis) Arzobispado -ptf  // Orden de Santiago -demandado  //;;Por la dignidad Arzobispal de Toledo. Con la Orden de Santiago, y los por ella nombrados para el exercicio de la Cura de almas de la Iglesia Parroquial de Villanueua de los Infantes, y de la Vicaria del Campo de Montiel, en el interin que se proueen en propiedad. Sobre Si haze fuerza, ò no el Licenciado Don Francisco Fernandez de Miñano, Protonotario Apostolico, y Iuez Executor de vn auto de manutencion, proueido por el Nuncio de su Santidad, en conocer, y proceder, o por lo menos en no otorgar las apelaciones interpuestas por parte de los Ministros de la Orden, del auto por èl proueido en 25. de Agosto del año passado de 659. por el qual reintregò al Doct. D. Miguel de Quintana en la possession que tenia tomada de las dichas Vicaria, y Curato, y diò por nulas las possessiones tomadas por los Vicarios, y Curas nombrados por la Orden en su interin, sin titulo, ni aprouacion de su Eminencia;Por la dignidad arzobispal de Toledo. Con la Orden de Santiago, y los por ella nombrados para el ejercicio de la cura de almas de la Iglesia Parroquial de Villanueva de los Infantes, y de la vicaría del Campo de Montiel, en el interin que se proveen en propiedad. Sobre si hace fuerza, o no el licenciado don Francisco Fernández de Miñano, protonotario apostólico, y juez ejecutor de un auto de manutención, proveído por el nuncio de su Santidad, en conocer, y proceder, o por lo menos en no otorgar las apelaciones interpuestas por parte de los ministros de la Orden, del auto por él proveído en 25 de agosto del año pasado de [1]659 por el cual reintregó al Doct. D. Miguel de Quintana en la posesión que tenía tomada de las dichas vicaría, y curato, y dió por nulas las posesiones tomadas por los vicarios, y curas nombrados por la Orden en su interin, sin título, ni aprobación de su eminencia  //;;;[s.n.];;[S.l.];1659;27 h. , Fol. ,;;;"Se ha respetado la puntuación original  // Texto firmado por ""El Lic. D. Pedro Fernandez de Miñano""  // Fecha probable de impresión deducida del título  // Sign.: A-M², N⁴⁻¹  // Inicial grabada  //";;;;;;;;Iglesia de San Andrés (Villanueva de los Infantes) -- Historia--  // Jurisdicción eclesiástica -- España -- S.XVII --  // Campo de Montiel (Albacete y Ciudad Real, Comarca) -- Historia --  //;Alegaciones en derecho --  //;;;;;;;;;;;;;;;;;;;;;;sp;spa;;;Libro;;PORCONES/7/32 //;http://bdh-rd.bne.es/viewer.vm?id=0000197995&page=1 **;http://bdh-rd.bne.es/text.vm?id=0000197995&first=1&last=54 **
bima0000022507;Benoist, Charles Piet de S.  //;;;La vraie et la fausse Religion;;;;[s.n.];;Paris...;1727;p. , 8º ,;;;;;;;;;;;;;;;;;;;;;;;;;;;;;;;;;;fr;fre;;;Libro;;3/65330 //;http://bdh-rd.bne.es/viewer.vm?id=0000240558&page=1 **;http://bdh-rd.bne.es/text.vm?id=0000240558&first=1&last=274 **
bima0000083886;Pellegrino, Carlo , 1614-1673  //;;;Praxis Vicariorum et omnium in utroque foro jusdicentium;;;;Ap. F. Groppum;;Venetiis;1696;F. , cm ,;;;;;;;;;;;;;;;;;;;;;;;;;;;;;;;;;;it;lat;;;Libro;;3/65417 //;http://bdh-rd.bne.es/viewer.vm?id=0000240588&page=1 **;http://bdh-rd.bne.es/text.vm?id=0000240588&first=1&last=264 **
bima0000092119;;;;Relation du siege de Grave, en 1672, et de celui de Mayence en 1689, avec le plan de ces deux villes;;;;[s.n.];;Paris;1756;p. , 12º ,;;;;;;;;;;;;;;;;;;;;;;;;;;;;;;;;;;fr;fre;;;Libro;;3/65333 //;http://bdh-rd.bne.es/viewer.vm?id=0000240567&page=1 **;http://bdh-rd.bne.es/text.vm?id=0000240567&first=1&last=389 **
bima0000103610;Stow, John , 1525-1605  //;;;The annales, or a generall chronicle of England;;continned and augm. by Edm. Howes;;[s.n.];;[S.l] , Londini;1615;p. , Fol. ,;;;;;;;;;;;;;;;;;;;;;;;;;;;;;;;;;;xx;eng;;;Libro;;3/65414 //;http://bdh-rd.bne.es/viewer.vm?id=0000240573&page=1 **;http://bdh-rd.bne.es/text.vm?id=0000240573&first=1&last=522 **
bima0000049694;Goulde, Thomas  //;;;La veritable croyance de l'Eglise Catholique;;;;[s.n.];;Paris;1720;p. , 8º ,;;;;;;;;;;;;;;;;;;;;;;;;;;;;;;;;;;fr;fre;;;Libro;;3/65331 //;http://bdh-rd.bne.es/viewer.vm?id=0000240562&page=1 **;http://bdh-rd.bne.es/text.vm?id=0000240562&first=1&last=280 **
bima0000095239;De Rosa, Tommaso  //;;;De recta distributione redditum Beneficiorum Eclesiasticorum Secularium, prasertim episcopatum;;;;[s.n.]  in offic. Typ. Ant. Gramignani;;[S.l] , Neapoli;1682;p. , Fol. ,;;;;;;;;;;;;;;;;;;;;;;;;;;;;;;;;;;it;lat;;;Libro;;3/65416 //;http://bdh-rd.bne.es/viewer.vm?id=0000240579&page=1 **;http://bdh-rd.bne.es/text.vm?id=0000240579&first=1&last=110 **
bimo0001089332;Lecha, Francisco  //;Herederos de Juan Jolis  //;;Coplas de la jota, con estrivillos y quartilla, coplas para casadas, viudas y doncellas;;Compuestas nuevamente por el mismo Francisco Lecha que compuso las de Aguila soy del Amor, y la Guirnalda de las coplas de los nombres de mugeres, ahora nuevamente en este presente año;;;;Barcelona: En la Imprenta de los herederos de Juan Jolis;entre 1760 y 1770?;4 p. , il. , 21 cm ,;Religión. Teología // Cristianismo. Historia eclesiástica //;;Fecha de imp. deducida de las fechas de actividad del impresor.  // El pie de imprenta consta en el colofón.  // Sign.: [ ]²  //;Aguilar Piñal. Bib. S.XVIII V.5, n. 613  //;;;;;;;;;Barcelona, España //;;;;;;;;;;;;;;;;;;;;;sp;spa;;;Libro;;VE/1185/29 //;http://bdh-rd.bne.es/viewer.vm?id=0000077442&page=1 **;http://bdh-rd.bne.es/text.vm?id=0000077442&first=1&last=5 **
a5406863;Ennio, Quinto  // Merula, Paulus  // Paets Jacobszoon, Jan , fl. 1578-1622  // Elzevier, Louis , 1604?-1670  //;;;Q. Enni, poetae cum primis censendi Annalium Libb. XIIX [i.e. XVIII], quae apud varios auctores superant fragmenta;Annalium Libb. XIIX  //;conlecta, composita, inlustrata ab Paullo G.F.P.N. Merula ...;;ex officina Ioannis Paetsij & Ludouici Elzevirij  typis Ioannis Balduini;;Lugduni Batauorum;1595;[56], DCXXXII, [24] p. , 4º ,;;;Colofón  // Sign.: a-g⁴, A-Z⁴, 2A-2Z⁴, 3A-3Z⁴, 4A-4N⁴  // Las [56] p. numeradas en griego  //;;;;;;;;;;Leyden, Países Bajos //;;;;;;;;;;;;;;;;;;;;;ne;lat;;;Libro;;2/55887 //;http://bdh-rd.bne.es/viewer.vm?id=0000202263&page=1 **;http://bdh-rd.bne.es/text.vm?id=0000202263&first=1&last=719 **
bima0000121747;Malatesta, Giovanni Battista , fl. 1621-1654  //;;[Nuova canzonetta musicale & moderna qual comincia] //;Nuova canzonetta musicale & moderna qual comincia va pur superba va : con le lettre dell'alfabetto per la chitarra : novamente daza in luce per chi la compra;;;;Gio. Battista Malat[esta];;Milano;1750?;[8] p. , 8º ,;Bellas artes // Música //;;Fecha de publicación basada en el periodo de actividad del impresor  //;Anglés y Subirá v. III, p. 33, n. 39  //;;;;;;;Música para guitarra --  // Canciones --  //;;Milán, Italia //;;;;;;;;;;;;;;;;;;;;;it;ita;;;Libro;;MC/3602/11 //;http://bdh-rd.bne.es/viewer.vm?id=0000074877&page=1 **;http://bdh-rd.bne.es/text.vm?id=0000074877&first=1&last=19 **
Mima0000090605;;;;Recueil de lettres galantes et amoureuses d'Eloise à Abbelard, d'une Religieux Portugais an Cheo... avec celle de Cleante et de Belisse, et leur response;;;;[s.n.];;Amsterdam;1711;p. , 8º ,;;;;;;;;;;;;;;;;;;;;;;;;;;;;;;;;;;ne;fre;;;Libro;;3/66097 //;http://bdh-rd.bne.es/viewer.vm?id=0000240714&page=1 **;http://bdh-rd.bne.es/text.vm?id=0000240714&first=1&last=224 **
a4466218;Palacios y de la Encina, Agustín de  //;;;Lagrimas sentidas, sentimientos devidos, canciones funebres al transito Del Principe ... Balthasar Carlos de Austria;;"escrivelas D. Agustin de Palacios y de la Enzina ; consagralas al SR. D. Francisco de Borja ...";;Por Diego Diaz de la Carrera;;Con licencia En Madrid;1646;[4], 4, [1] h. , 4º ,;;;Sign: A⁴. A²⁻⁴, B²  // Con reclamos, a línea tirada  // En h. [4v] remate: viñeta ornamental  // Dedicatoria en prosa  // Preceden al texto 17 notas con citas latinas  //;;MVRIO FERNANDO, Y CARLOS, dura suerte! / Muriò ISABEL, notable sentimiento!;;;;;;;;;;;;;;;;;;;;;;;;;;;;;sp;spa;;;Libro;;VE/164/25 //;http://bdh-rd.bne.es/viewer.vm?id=0000240709&page=1 **;http://bdh-rd.bne.es/text.vm?id=0000240709&first=1&last=19 **
a4605541;Calderón de la Barca, Pedro , 1600-1681  //;;;Relación de La hija del ayre primera parte,;;de don Pedro Calderón de la Barca;;s.n.;;[S.l.;entre 1601 y 1700?;[2] h. , 4º ,;;;"Preceden al título y al texto sendas bandas horizontales del adornos tipográficos  // Con reclamos, a dos columnas  // Remate en h. [2v]: ""Fin""  //";;YA te acuerdas Reyna invicta / del Oriente, á cuyos hechos;;;;;;;;;;;;;;;;;;;;;;;;;;;;;xx;spa;;;Libro;;VE/45/52 //;http://bdh-rd.bne.es/viewer.vm?id=0000240710&page=1 **;http://bdh-rd.bne.es/text.vm?id=0000240710&first=1&last=5 **
a5541181;Timoneda, Juan de -aut  // Mey, Juan , fl. 1543-1568 -impresor prt  //;;;Turiana : en la qual se contienen diuersas Comedias y Farças muy elegantes y graciosas, con muchos entremeses, y passos apazibles;Tragicomedia llamada Filomena  // Farça llamada Paliana  // Comedia llamada Aurelia  // Farça llamada Trapaçera  // Farça llamada Rosalina  // Farça llamada Floriana;agora nueuamente sacadas a luz por Ioan Diamonte ...;;en casa de Ioan Mey;;Impressa en Valencia;1564 - 1565;[66] h. , 4º ,;;Tragicomedia llamada Filomena..., con pie de imprenta fechado en 1564 -- Farça llamada Paliana..., con colofón fechado en 1564 -- Comedia llamada Aurelia..., con pie de imprenta fechado en 1564 -- Farça llamada Trapaçera..., con pie de imprenta fechado en 1565 -- Farça llamada Rosalina..., con pie de imprenta fechado en 1565 -- Farça llamada Floriana..., con pie de imprenta fechado en 1565//;Joan Diamonte es el anagrama de Juan de Timoneda  // Fecha de impresión tomada de las fechas de los colofones y de las portadas de las Comedias: 1564 y 1565  // Colofón al final de los Entremeses primeros, fechado en 1564  // Sign.: [ ]², B⁸, C¹¹, D¹⁰, E¹², G¹¹, H¹⁰, [ ]²  // Portada con escudo xilográfico  // Texto a dos columnas  // Cada comedia y farsa con portada propia con dibujos xilográficos de los personajes de la obra  // Cada cuadernillo de la sign. tip. corresponde a una obra  // Letra gótica  //;Bosch. Valencia 469  //;;;;;;;;;Valencia, España //;;;;;;;;;;;;;;;;;;;;;sp;spa;;;Libro;;R/2165 //;http://bdh-rd.bne.es/viewer.vm?id=0000240823&page=1 **;http://bdh-rd.bne.es/text.vm?id=0000240823&first=1&last=73 **
a5630898;Castillejo, Cristóbal de , 1494-1550 -aut  // Nutius, Martinus , 1553-1608 -impresor prt  //;;;Las obras de Christoual de Castillejo : corregidas, y emendadas, por mandado del Consejo de la Santa, y General Inquisicion;;;;en casa de Martin Nutio;;En anuers;1598;[6], 3-372 h. , 12º ,;;;Existe otra emisión con pié de imprenta de Pierre Bellère, quien según Peeters-Fontainas, se asoció con Martín Nutius para esta edición  // Marca tipográfica en portada  // Sign.: A¹⁴, B-Z¹², Aa-Hh¹²  //;Peeters-Fontainas 203  //;;;;;;;;;Amberes, Bélgica //;;;;;;;;;;;;;;;;;;;;;be;spa;;;Libro;;R/18646 //;http://bdh-rd.bne.es/viewer.vm?id=0000240822&page=1 **;http://bdh-rd.bne.es/text.vm?id=0000240822&first=1&last=380 **
bima0000034181;Cuenca, Victoriano  // Gorrichategui, Agustín  // Alvarado, Pedro Nolasco , fl. 1760 -imp.  //;;;Parentacion solemne, que al nombre augusto, y real memoria de la catholica reyna de las Españas ... Dª Maria Amalia de Saxonia mandò hacer en esta Santa Iglesia Cathedral de los Reyes, Lima ... el dia 27 de junio de 1761 el Exmo. Señor Don Joseph Manso de Velasco ...;;y la escribe ... el Padre Victoriano Cuenca, de la Compañia de Jesus;;por Pedro Nolasco Alvarado;;En Lima ...;1761?;[6], 434, [22], 43 p., [1] h. de lám. , 4º ,;Geografía. Biografías. Historia // Historia de España // Hispanoamérica //;Oracion funebre que en la reales exequias que se hicieron en la Santa Iglesia Metropolitana de Lima a ... Doña Maria de Saxonia ... el dia 27 de Junio de 1761 / dixo ... D. Augustin de Gorrichateguí ..., con portada y paginación propias// Oracion funebre que en la reales exequias que se hicieron en la Santa Iglesia Metropolitana de Lima a ... Doña Maria de Saxonia ... el dia 27 de Junio de 1761 / dixo ... D. Augustin de Gorrichateguí ..., con portada y paginación propias//;"Título en anteportada: ""Exequias reales""  // Fecha deducida del título  // Sign.: [ ]², [A]-Z⁴, 2A-2Z⁴, 3A-3H⁴, 3I², [ ]²⁻¹, ¶-5¶², A-L²  // Anteportada  // Portada con orla tipográfica  // Texto con doble filete en los márgenes  // Adornos xilográficos a lo largo del texto  // La h. de lámina es un grabado calcográfico que representa un túmulo  //";;;;;;;;María Amalia, -- Reina consorte de Carlos III, Rey de España -- Exequias --  //;;Lima, Perú //;;;;;;;;;;;;;;;;;;;;;pe;spa;;;Libro;;2/67731 //;http://bdh-rd.bne.es/viewer.vm?id=0000124820&page=1 **;http://bdh-rd.bne.es/text.vm?id=0000124820&first=1&last=515 **
bima0000059319;Kropf, Franciscus Xaverium  //;;;Historia Provinciae Societatis Jesu Germaniae superioris ab anno MDCXI ad annum MDCXXX Pars quarta;;;;(Typis Joannis Jacobi Votter);;Monachii;1746;p. , Fol. ,;;;(Agricola) Ignacio) y Flotto escribieron las tres primeras partes de esta obra)  //;;;;;;;;;;;;;;;;;;;;;;;;;;;;;;;mc;lat;;;Libro;;3/66173 //;http://bdh-rd.bne.es/viewer.vm?id=0000240733&page=1 **;http://bdh-rd.bne.es/text.vm?id=0000240733&first=1&last=272 **
bima0000067725;;;;"Mandement de S. Emin. le Cardinal de Noailles del'Appel qui commence par cets nots: ""Ingenitus Dei Filius""";;;;chez Jean Bapt. Delespine;;Paris;1718;p. , 4º ,;;;;;;;;;;;;;;;;;;;;;;;;;;;;;;;;;;fr;fre;;;Libro;;3/66191 //;http://bdh-rd.bne.es/viewer.vm?id=0000240738&page=1 **;http://bdh-rd.bne.es/text.vm?id=0000240738&first=1&last=303 **
bima0000096053;Rusca, Antonio , m. 1655  //;;;De Inferno, et statv dae monvm ante mvnde exitivm, libri qvinqve : in quibus Tartarea canitas, parata ibi cruciamentorum genera, Ethnicorum etiam de his oponiones, Daemonumq. conditio, vsq ad magnum Indicii diem... describuntur...;;avthore Antonio Rvsca...;;[s.n.]  Ex Collegii Ambrosiani Typographia;;[S.l] , Mediolani;1621;16 h., 574 p., 7 h. , 4º ,;;;;;;;;;;;;;;;;;;;;;;;;;;;;;;;;;;it;lat;;;Libro;;3/69430 //;http://bdh-rd.bne.es/viewer.vm?id=0000240814&page=1 **;http://bdh-rd.bne.es/text.vm?id=0000240814&first=1&last=623 **
bima0000099333;Scupoli, Lorenzo , 1530-1610  //;;;Combattimento spiritvale;;;;[s.n.]  Stamperia Reale;;[S.l] , Parigi;1640;p. , Fol. ,;;;port. grab.  //;;;;;;;;;;;;;;;;;;;;;;;;;;;;;;;fr;ita;;;Libro;;3/66141 //;http://bdh-rd.bne.es/viewer.vm?id=0000240726&page=1 **;http://bdh-rd.bne.es/text.vm?id=0000240726&first=1&last=335 **
bima0000118599;Alvarado, Francisco , 1756-1814  //;Imprenta de la Junta de Provincia (Cádiz) -impresor  //;;Carta undécima del Filósofo Rancio : la caridad cristiana contra el Conciso y Natanael Jomtob : continúa la impugnacion de ambos, y ensaya con varias reflexiones la que hará en la siguiente carta del Jansenismo que le dedicó Irenéo Nistáctes;;;;imprenta de la Junta de Provincia, en la casa de la Misericordia;;Cádiz;1813;43 p., [1] en bl. , 4º ,;Lingüística. Literatura // Literatura española //;;Filósofo Rancio es el seudónimo de Francisco Alvarado  // Signaturizado  //;CCPB 000075300-9 (24-05-2018)  //;;;;;;;Nistáctes, Irenéo --  // Jomtob, Natanael --  // Liberalismo -- España -- S.XIX --  // Jansenismo -- Obras de controversia --  //;;Cádiz, España //;;;;;;;;;;;;;;;;;;;;;sp;spa;;;Libro;;U/10610(8) //;http://bdh-rd.bne.es/viewer.vm?id=0000089673&page=1 **;http://bdh-rd.bne.es/text.vm?id=0000089673&first=1&last=44 **
bima0000118617;Alvarado, Francisco , 1756-1814  //;Casa de Misericordia (Cádiz) -impresor  // Imprenta de la Junta de Provincia (Cádiz) -impresor  //;;Carta XIX del Filósofo Rancio, apología por los ... obispos ... por haber pedido al Congreso de Córtes el restablecimiento del Santo Tribunal de la fe al exercicio de sus funciones;;;;imprenta de la Junta de Provincia, en la Casa de Misericordia;;Cádiz;1813;36 p. , 4º ,;Lingüística. Literatura // Literatura española //;;Filósofo Rancio es el seudónimo de Francisco Alvarado  // Signaturizado numérico  //;;;;;;;;Inquisición -- España -- S.XIX --  // Liberalismo -- España -- S.XIX --  //;Cartas --  //;Cádiz, España //;;;;;;;;;;;;;;;;;;;;;sp;spa;;;Libro;;U/10612(7) //;http://bdh-rd.bne.es/viewer.vm?id=0000088737&page=1 **;http://bdh-rd.bne.es/text.vm?id=0000088737&first=1&last=36 **
bima0000118620;Alvarado, Francisco , 1756-1814  //;Casa de Misericordia (Cádiz) -impresor  // Imprenta de la Junta de Provincia (Cádiz) -impresor  //;;Carta XX del Filósofo Rancio, prólogo á la impugnación que ha de hacer en las siguientes al impreso titulado Las angélicas fuentes o El tomista en las Córtes;;;;imprenta de la Junta de Provincia en la Casa de Misericordia;;Cádiz;1813;32 p. , 4º ,;Lingüística. Literatura // Literatura española //;;Filósofo Rancio es el seudónimo de Francisco Alvarado  // Signaturizado numérico  //;;;;;;;;Liberalismo -- España -- S.XIX --  // Jansenismo -- Obras de controversia --  //;Cartas --  //;Cádiz, España //;;;;;;;;;;;;;;;;;;;;;sp;spa;;;Libro;;U/10612(1) //;http://bdh-rd.bne.es/viewer.vm?id=0000088729&page=1 **;http://bdh-rd.bne.es/text.vm?id=0000088729&first=1&last=32 **
bima0000126861;Goudar, Sara , m. ca. 1800  // Pembroke, George Augustus Herbert, Conde de , 1759-1827 -dedicatario  //;;;Oeuvres mêlées de Madame Sara Goudar, angloise : tome second :remarques sur la musique italienne & sur la danse, a Milord Pembroke;;;;[s.n.];;Amsterdam;1777;[2], 198 p. , 12º ,;;;Sign.: [ ]²⁻¹, A-Q⁶, R⁴  //;Anglés y Subirá vol. III, n.64  //;;;;;;;Música italiana -- Obras anteriores a 1800 --  //;;Ámsterdam, Holanda //;;;;;;;;;;;;;;;;;;;;;ne;fre;;;Libro;;M/72 //;http://bdh-rd.bne.es/viewer.vm?id=0000055842&page=1 **;http://bdh-rd.bne.es/text.vm?id=0000055842&first=1&last=214 **
bima0000127858;Engel, Johann Jacob , 1741-1802  // Jansen , Hendrik , 1741-1812 -impresor  //;;[Ideen zu einer Mimik. Francés] //;Idées sur le geste et l'action théâtrale : suivies d'une lettre, du meme auteur sur la peinture musicale;;"par M. Engel ; le tout traduit de l'allemand";;chez H. Jansen et Comp., imprimeurs-Libraires, Place du Muséum;;Paris;1795;"2 v. ([4], 324 p., 23 h. de lám.. ; [2], 295 p., 11 h. de lám.) , 8ª ,";;;"Fecha de publicación tomada de WorldCat (FirstSearch), 13-09-2007  // Sign.: [ ]², a-b⁸, A-V⁸, X² ; [ ]²⁻¹, A-S⁸, T⁴⁻¹  // Anteportada en el vol. 1  // Las hojas de lámina son grabados calcográficos alusivos al contenido del texto  //";Anglés y Subirá vol. III, n. 67  //;;;;;;;Teatro -- Obras anteriores a 1800 //;;París, Francia //;;;;;;;;;;;;;;;;;;;;;fr;fre;ger;fre //;Libro;;M/775_V.1 // M/776_V.2 //;http://bdh-rd.bne.es/viewer.vm?id=0000054006&page=1 ** http://bdh-rd.bne.es/viewer.vm?id=0000054006&page=416 **;http://bdh-rd.bne.es/text.vm?id=0000054006&first=1&last=415 ** http://bdh-rd.bne.es/text.vm?id=0000054006&first=416&last=746 **
bimo0001242210;;;;Nomenclátor comercial agricola, industrial, artes y oficios Directorio general para 1884-1885 de la Isla de Cuba, México y principal comercio de Nueva York : Segunda Serie;;;;E. Perez;;Habana;1884;10 h. + 346 + 230 + XX + 235 + 158 + 29 p. + 1 plan. , 4º mlla. (30 cm) ,;;;Grab. intercal.  //;;;;;;;;;;;;;;;;;;;;;;;;;;;;;;;cu;spa;;;Libro;;HA/10099 //;http://bdh-rd.bne.es/viewer.vm?id=0000240732&page=1 **;http://bdh-rd.bne.es/text.vm?id=0000240732&first=1&last=1080 **
bimo0001381631;Rodríguez, Zorobabel  //;;;Tratado de economía política;;por Zorobabel Rodríguez;;[s.n.]  Imp. del Comercio, de Juan Miguel Sandoval;;[S.l.] , Valparaiso;1894;VIII, 434 p. , 19 cm ,;;;;;;;;;;;Economía --  //;;;;;;;;33  //;;;;;;;;;;;;;;;cl;spa;;;Libro;;DGmicro/44282 // HA/1139 //;http://bdh-rd.bne.es/viewer.vm?id=0000240744&page=1 **;http://bdh-rd.bne.es/text.vm?id=0000240744&first=1&last=457 **
bimo0001706939;López Ferreiro, Antonio , 1837-1910  //;;;A tecedeira de Bonaval : episodio da hestorea de Compostela no sigro XVI;;por Antonio López Ferreiro;2ª ed.;Andrés Martínez;;A Cruña [i.e. Coruña];1895;355 p. , 19 cm ,;Biblioteca gallega //;;;;;;;;;;Santiago de Compostela -- Historia -- Novelas --  //;;;;;;;;"821.134.4-31""18""  //  94(460.111.1)(0:82)  //";;;;;;;;;;;;;;;sp;glg;;;Libro;;1/37000 //;http://bdh-rd.bne.es/viewer.vm?id=0000201511&page=1 **;http://bdh-rd.bne.es/text.vm?id=0000201511&first=1&last=379 **
bimo0001740388;Ferrer de Couto, José , 1820-1877  //;;;La verdad;;;;"[s.n.]  Imp. de ""El Cronista""";;[S.l.] , Nueva York;1876;102 p. , 22 cm ,;;;Autor (p. 102): José Ferrer de Couto  //;;;;;;;;Ferrer de Couto, José --  // Muñiz, Enrique --  //;;;;;;;;070 Ferrer de Couto, José  //;;;;;;;;;;;;;;;xx;spa;;;Libro;;DGMICRO/39812 // HA/11522 //;http://bdh-rd.bne.es/viewer.vm?id=0000240750&page=1 **;http://bdh-rd.bne.es/text.vm?id=0000240750&first=1&last=115 **
bima0000118623;Alvarado, Francisco , 1756-1814  //;Imprenta de la Junta de Provincia (Cádiz) -impresor  // Casa de Misericordia (Cádiz) -impresor  //;;Carta XXI del Filósofo Rancio, en que comienza la impugnacion del diccionario crítico burlesco;;;;imprenta de la Junta de Provincia en la Casa de Misericordia;;Cádiz;1813;31 p., [1] en bl. , 4º ,;Lingüística. Literatura // Literatura española //;;Filósofo Rancio es el seudónimo de Francisco Alvarado  // Signaturizado numérico  //;;;;;;;;Liberalismo -- España -- S.XIX --  // Jansenismo -- Obras de controversia --  //;Cartas --  //;Cádiz, España //;;;;;;;;;;;;;;;;;;;;;sp;spa;;;Libro;;U/10612(2) //;http://bdh-rd.bne.es/viewer.vm?id=0000088731&page=1 **;http://bdh-rd.bne.es/text.vm?id=0000088731&first=1&last=32 **
bimo0001606435;Wilde, Oscar , 1854-1900  //;;;La decadencia de la mentira La importancia de no hacer nada;;"Oscar Wilde ; traducción... por Miguel Guerra Mondragón ; precede una apreciación de Oscar Wilde por José Martí";;[s.n.  Imp. Helénica;;Madrid;?;241 p., 1 h. , 8º (16 cm) ,;Biblioteca de autores célebres //;;;;;;;;;;;;;;;;;;;;;;;;;;;;;;;;;sp;spa;;;Libro;;2/69934 //;http://bdh-rd.bne.es/viewer.vm?id=0000172111&page=1 **;http://bdh-rd.bne.es/text.vm?id=0000172111&first=1&last=128 **
bimo0001649332;Barra, Eduardo de la , 1839-1900  //;;;La hoja perdida del poema del Cid;;por Eduardo de la Barra;;[s.n.]  Tip.-Litogr. J. Ferrazini y Cia.;;[S.l.] , Rosario de Santa-Fé;1894;11 p. , 24 cm ,;;;;;;;;;;;Poema del Cid --  //;;;;;;;;821.134.2 Poema del Cid.07  //  821.134.2-13  //;;;;;;;;;;;;;;;ag;spa;;;Libro;;HA/1115 // HA/1115 //;http://bdh-rd.bne.es/viewer.vm?id=0000240742&page=1 **;http://bdh-rd.bne.es/text.vm?id=0000240742&first=1&last=25 **
bimo0001733009;;;;La Compañía de Jesús y la prensa periódica de Buenos Aires trabajo dedicado a la juventud amiga y enemiga de los jesuitas, por uno que fué enemigo ...;;;;[s.n.]  Imp. América;;[S.l.] , Buenos Aires;1875;160 p. , 27 cm ,;;;;;;;;;;;Jesuitas -- En la prensa --  // Prensa -- Argentina -- Historia --  //;;;;;;;;271.5(0:070)  //  070(82)(091)  //;;;;;;;;;;;;;;;ag;spa;;;Libro;;HA/1197 // HA/1197 //;http://bdh-rd.bne.es/viewer.vm?id=0000240763&page=1 **;http://bdh-rd.bne.es/text.vm?id=0000240763&first=1&last=177 **
a5040361;Nebrija, Antonio de , 1444-1522  // Zani, Agostino , fl.1508-1528 -imp.  // Escobar, Cristobal de -com.  //;;[Introductiones latinae. Español-Latín] //;Aelij Antonij Nebrissensis Ad art¯e litterari¯a introductiones c¯u eiusd¯e exactissima expositione;Introductiones ad artem litterariam  // Ad artem litterariam introductiones  //;"additis c¯om¯etarijs Christophori Scobaris ... ; adiectis ¯isuper  ¯q pl[u]ribus alijs opusculis eleg¯atissimis ut in ¯psenti folio atergo facile videre est";Quae o¯ia hac nouissima ¯ipressione maxima diligentia castigata fuere [et] miro ordine disposita;accuratissime s¯umaq[ue] dilig¯etia per Augustinum de Zannis de Portesio;;Impraessae nunc prim¯u Venetiis;1512;[4], 199, [1] h. en bl. , Fol. ,;;Vocabularium, h. AA-BB6//;"Texto en latín y español; Vocabulario en latín, italiano y español  // Pie de imprenta consta en colofón v. de h. 199  // Sign.: aa⁴, A-X⁸, Y-Z⁶, AA-BB⁶, BB⁸  // Los cuadernos AA-BB6 (12 h.) situados entre h. 180- 181 [i.e 193] no incluidos en la foliación  // Errores de fol., h. 181 por 193, h. 192-195 por 193-197  // Inic. grab.  // Port. y h. 1 a dos tintas  // Escudo de armas de los Reyes Católicos en port.  //";;;;;;;;;;Venecia, Italia //;;;;;;;;;;;;;;;;;;;;;it;lat;;lat // spa //;Libro;;R/31948 //;http://bdh-rd.bne.es/viewer.vm?id=0000240778&page=1 **;http://bdh-rd.bne.es/text.vm?id=0000240778&first=1&last=413 **
bima0000002676;Bonilla, Alonso de , ca. 1567-1642  // Lyra, Francisco de , fl. 1611-1650 -imp.  //;;;Letras y romances nueuos al santissimo nacimiento del niño Iesus y juntamente otras para las otauas de S. Esteuan, S. Ioan, y los Innocentes : lleua al cabo dos chançonetas a los santos Reyes;;compuesto por Alonso de Bonilla natural de Baeça;;por Francisco de Lyra;;[Seuilla] Impresso en Baeça por Pedro de Acuesta y por su original en Seuilla;1617;[4] h. , 4º ,;;;"En portada grabado xilográfico enmarcado: Niño Jesús  // En h. [4v] remate: ""Laus Deo""  // Con reclamos, a dos columnas  //";;LR [sic] golosa Eua / yendo a entretenerse ¶ Esclauos, y fugitiuos, / presto tendreys libertad, ¶ Sale la estrella en Ori_te / al tiempo que Dios dispone, ¶ En vn monte desta sierra / oy se descubre vn tesoro, ¶ Pobres presos que deueis / al Rey tan gran cantidad, Que importa q̃  con mis tiros / la gente couarde vença, ¶ Oy Capitan es tu dia, / que si està en morir tu gloria, ¶ Terrible guerra se empieça, / toda la tierra se abrasa, ¶ Mucho os deue de apretar / mi Dios aquesse dolor, ¶ En tres casas de axedrez, / vna negra, y blancas dos Oy siruen por justas leyes / tres Reyes al de Israel,;;;;;;;Romances //  // Poesías religiosas //  //;Sevilla, España //;;;;;;;;;;;;;;;;;;;;;sp;spa;;;Libro;;R/5185(2) //;http://bdh-rd.bne.es/viewer.vm?id=0000061849&page=1 **;http://bdh-rd.bne.es/text.vm?id=0000061849&first=1&last=5 **
bima0000063107;;Sevilla Ayuntamiento  // Imprenta Real (Sevilla) -imp.  //;;"Sevillanos. Teneis un derecho indisputable á instruiros de los sentimientos y deliberaciones de vuestro Ayuntamiento en el asunto que es todo el objeto de vuestra expectaccion. Sí: la feliz llegada de nuestro ... Rey ... D. Fernando 7º á su territorio , del que lo arrebarara seis años hace ... Napoleon ... os ha transportaddo de gozo ... Estos mismos son los sentimientos del Ayuntamiento ... Asi es que en la representacion siguiente ha procurado conciliar los sentimientos de su mas acendrado amor y lealtad con los de su mas profundo respeto; y espera por lo mismo que sea de vuestra aprobacion";Señor. Sevilla siempre leal y amante de sus Reyes desmentiría tan nobles sentimientos, si en las plausibles circunstancias de ver á V. M. libre del largo cautiverio de Napoleon ... no se apresurase á manifestar el gozo ... de todos sus vecinos desde la primera noticia de tan faustos acontecimientos ...;;;Imprenta Real;;[Sevilla];1814?;[2] h. , Fol. ,;;Señor. Sevilla siempre leal y amante de sus Reyes desmentiría tan nobles sentimientos, si en las plausibles circunstancias de ver á V. M. libre del largo cautiverio de Napoleon ... no se apresurase á manifestar el gozo ... de todos sus vecinos desde la primera noticia de tan faustos acontecimientos ...// Señor. Sevilla siempre leal y amante de sus Reyes desmentiría tan nobles sentimientos, si en las plausibles circunstancias de ver á V. M. libre del largo cautiverio de Napoleon ... no se apresurase á manifestar el gozo ... de todos sus vecinos desde la primera noticia de tan faustos acontecimientos ...//;Título tomado del texto  // Se ha respetado la puntuación original  // Texto fechado en Sevilla á 6 de abril de 1814  // Lugar de impresión deducido del lugar de actividad del impresor  //;;;;;;;;España -- Historia -- 1808-1814 (Guerra de la Independencia) --  //;;Sevilla, España //;;;;;;;;;;;;;;;;;;;;;sp;spa;;;Libro;;R/60003(24) // R/60003(24) //;http://bdh-rd.bne.es/viewer.vm?id=0000063602&page=1 **;http://bdh-rd.bne.es/text.vm?id=0000063602&first=1&last=3 **
bima0000092421;Ruiz Huidobro, Ventura  //;;;Excmo. Señor. El pueblo sevillano representado en este mismo acto por los que subscriben manifiesta á V. E. con el mas profundo respeto, que si el ... Dios de los exércitos ha hecho unir y consolidar sus ánimos en una sola voluntad ... para que ... Fernando VII ... restituido ... á gobernar y regir su reyno ... les de el consuelo de verse gobernado por autoridades y tribunales legítimos ... llegue tambien éste á recibir el consuelo de ver repuesto el ... Tribunal de la Inquisicion ...;;;;[s.n.];;[S.l];1814?;[2] h. , Fol. ,;;;Título tomado del texto  // Se ha respetado la puntuación original  // Texto firmado por Ventura Ruíz Huidobro, fechado en Sevilla, 7 de mayo de 1814  //;;;;;;;;España -- Historia -- 1814-1833 (Fernando VII) --  //;;;;;;;;94(460)  //;;;;;;;;;;;;;;;sp;spa;;;Libro;;R/60031(8) //;http://bdh-rd.bne.es/viewer.vm?id=0000067799&page=1 **;http://bdh-rd.bne.es/text.vm?id=0000067799&first=1&last=3 **
bimo0001241684;Nogales, José , 1860-1908  //;;;Mosaico;Colección de artículos, cuentos y tradiciones de la sierar  //;por José Nogales y Nogales;1ª ed.;[s.n.]  Imp. del Diario;;[S.l.] , Huelva;1891;204 p. , 16 cm ,;;;;;;;;;;;;;;;;;;;"821.134.2-82""18""  //";;;;;;;;;;;;;;;sp;spa;;;Libro;;7/80581 // DGMICRO/13450 //;http://bdh-rd.bne.es/viewer.vm?id=0000240730&page=1 **;http://bdh-rd.bne.es/text.vm?id=0000240730&first=1&last=106 **
Mima0000086462;Platina , 1421-1481  //;;;The Lives of the Popes to the Reign of Sixtus IV : transl. of lat., and contin. from the year 1471 to this present time;;by Paul Rycaut;;[s.n.]  C. Wilkinson;;[S.l] , Londoni;1685;f. , cm ,;;;;;;;;;;;;;;;;;;;;;;;;;;;;;;;;;;xx;eng;eng;lat //;Libro;;3/66371 //;http://bdh-rd.bne.es/viewer.vm?id=0000241034&page=1 **;http://bdh-rd.bne.es/text.vm?id=0000241034&first=1&last=436 **
a4468632;Teresa de Jesús, Santa , 1515-1582  // Teresa de Jesús, Santa , 1515-1582  // Tivani, Antonio -imp.  //;;;Opere spirituali;;"della Santa Madre Teresa di Giesú ... diuise in due tomi ; aggiuntoui in questa nuoua impressione la seconda parte delle Lettere, & alcune di esse non piu date alla luce, tradotte dalla Lingua Spagnuola nell'Italiana, & vn copioso Indice delle cose più notabili ...";;presso Antonio Tiuani;;In Venetia;1696;"4 t. en 1 v.([16], 313, [63] p., 322 [i.e. 320], [36] p. ; [4], 135, [21] p. ; [8], 134 [i.e. 138], [12] p. ) , 4º ,";;"Contiene: Lettere della Santa Madre Teresa di Giesú ... ; tradotte dalla lingua Spagnnola nell'Italiana, & vn copioso indice delle cose piu notabili, parte prima [- seconda]//";"Sign.: [ ]⁴, **⁴, A-V⁸, X-Z⁴, Aa-Dd⁴ ; A-V⁸, X-Z⁴, Aa⁶ ; A-K⁸ ; [ ]⁴, B-K⁸, L⁴⁻¹  // Portada a dos tintas  // Anteportadas  // Grabado xilográfico en las cuatro portadas, que representa a Santa Teresa  // Texto a dos columnas  // El tomo segundo con portada propia  // Errores tipográficos de paginación: en el T. II, pasa de p. 144 a p. 147; en el T. IV, pasa de p. 65 a p. 62  //";;;;;;;;Vida espiritual -- Cristianismo --  // Vida cristiana -- Meditaciones --  //;;Venecia, Italia //;;;;;;;;;;;;;;;;;;;;;it;ita;spa;ita //;Libro;;R/40409 //;http://bdh-rd.bne.es/viewer.vm?id=0000240999&page=1 **;http://bdh-rd.bne.es/text.vm?id=0000240999&first=1&last=537 **
a4651576;Bruto, Giovanni-Michele  // Angeli, Pietro , 1517-1596  //;Gryphius, Sébastien, Herederos de -impresor  //;;Epistolae clarorum virorum : quibus veterum autorum loci complures explicantur, tribus libris;Appendix epistolarum clarorum virorum;à Ioanne Michaele Bruto comprenhensae ...;Nunc primùm in lucem editae;apud Haered. Seb. Gryphii;;Lugduni;1561;13, [2], [1] en bl., 445, [1], [2] en bl., 27, [5] p. , 8º ,;Lingüística. Literatura // Literatura //;"Appendix epistolarum clarorum virorum / Petrus Angelius Bargaeus"", 27 p., con signatura propia// ""Appendix epistolarum clarorum virorum / Petrus Angelius Bargaeus"", 27 p., con signatura propia//";Marca tipográfica en portada  // Colofón en verso de p. 445 y última p.  // Sign.: *⁸, a-z⁸, A-E⁸, A-B⁸  //;Adams E, 277  // Baudrier VIII, p. 301  //;;;;;;;Cartas latinas --  //;;Lyon, Francia //;;;;;;;;;;;;;;;;;;;;;fr;fre;;;Libro;;U/256 //;http://bdh-rd.bne.es/viewer.vm?id=0000118149&page=1 **;http://bdh-rd.bne.es/text.vm?id=0000118149&first=1&last=503 **
a5467539;San Juan, Nicolás -ptf  // Rebellón, Juan -demandado dfd  //;;;Por Nicolas de Sã Iuan, Recaudador de la renta del pesillo. Con Iuan Rebellon, y demas consortes tratantes en esta Corte;Por Nicolás de San Juan, recaudador de la renta del pesillo. Con Juan Rebellón, y demas consortes tratantes en esta Corte  //;;;[s.n.];;[S.l.];1614;6 h. , Fol. ,;;;"Se ha respetado la puntuación original  // Fecha deducida del texto, en h. 1 v. figura, ""Nouiembre proximo passado de 613""  // Sign.: A-C²  // Viñeta xilográfica en portada, con monograma IHS  // Inicial grabada  //";;;;;;;;escabeche // Pescado -- Comercialización -- Madrid (Comunidad Autónoma) --  // Sisa (Impuesto) -- Madrid --  //;Alegaciones en derecho --  //;;;;;;;;;;;;;;;;;;;;;;sp;spa;;;Libro;;PORCONES/506<3>(50) //;http://bdh-rd.bne.es/viewer.vm?id=0000172957&page=1 **;http://bdh-rd.bne.es/text.vm?id=0000172957&first=1&last=9 **
a5762618;Fernández, Juan , s. XVII -demandado dfd  //;Bernedo Ayuntamiento -aut  //;;Señor. Manifiesto de los fundamentos, y razones, que al Valle de Bernedo le asisten, para tantear la Escrivanìa Numeraria de su Ayuntamiento à Juan Fernandez, Escrivano, y vecino de èl, y respuestas, que se dan à los del dicho Escrivano, sus replicas, y objeciones, que lo quieren contradecir, arreglado todo à los Autos, son los siguientes : Lo primero, porque con la condicion de Millones, y Leyes del Reyno, tienen Facultad, y Derecho las Ciudades, y Villas de España, à tantear los Oficios de Regidores, Escrivanos y otros;;;;[s.n.];;[S.l.];1686;4 h. , Fol. ,;;;"Se ha respetado la puntuación original  // Resto de título tomado del comienzo de texto  // Fecha de impresión deducida del texto, en h. 1v figura: ""hizo el año de 1686""  // Inicial grabada  //";;;;;;;;Servicio de millones -- España --  //;Alegaciones en derecho --  //;;;;;;;;;;;;;;;;;;;;;;sp;spa;;;Libro;;PORCONES/207(35) //;http://bdh-rd.bne.es/viewer.vm?id=0000197386&page=1 **;http://bdh-rd.bne.es/text.vm?id=0000197386&first=1&last=8 **
a5841742;Moücke, Francesco , fl. 1729-1761 -impresor prt  // Pazzi, Pietro Antonio , 1706-1766 -grabador -artista egr  art  // Marrini, Orazio , 1722-1790 aut  //;;;Serie di ritratti di celebri pittori dipinti di propria mano in seguito a quella già pubblicata nel museo fiorentino esistente appresso l'abate Antonio Pazzi;Serie di ritratti di celebri pittori dipinti di propria mano consacrata alle altezze reali di Pietro Leopoldo Arciduca d'Austria ... e di Maria Luisa di Borbone ...  //;"con brevi notizie intorno a'medesimi compilate dall'abate Orazio Marrini ; Volume I. Parte I [-Volume II. Parte II]";;nella Stamperia Moückiana;;In Firenze;1765 - 1766;"4 pt. en 2 v. ([8], IV, L p., [25] h. de lám. ; LVIII, [2] p., [25] h. de lám. ; [2], L, [2] p., [25] h. de lám. ; LVIII, [2] p., [25] h. de lám.) , Folio doble (50 x 39 cnm) ,";;;"Al comienzo de cada volumen frontispicio a dos tintas con grabado calcográfico firmado ""A. Pazzi"". Todas las partes salvo la primera del segundo volumen con portadillas  // Sign.: [ ]², [a]-b², A-N² ; A-P² ; A-N² ; [ ]¹, A-P²  // Iniciales grabadas y viñetas calcográficas  // Las láminas son grabados calcográficos firmados por ""P. Ant. Pazzi""  //";;;;;;;;Pintores -- Retratos --  //;Grabados calcográficos -- Italia -- S.XVIII --  //;Florencia, Italia //;;;;;;;;;;;;;;;;;;;;;it;ita;;;Libro;;ER/186 //;http://bdh-rd.bne.es/viewer.vm?id=0000229911&page=1 **;http://bdh-rd.bne.es/text.vm?id=0000229911&first=1&last=449 **
bima0000063526;Lessius, Leonardus , 1554-1623  //;;;Opvscvla varia in vnvm corpvs redacta;;;Vltima Editio denuó a mendis purgata;sumpt.- Hyeronymus Delagarde;;Lugduni;1651;--- , --- ,;;;;;;;;;;;;;;;;;;;;;;;;;;;;;;;;;;be;lat;;;Libro;;3/66346 //;http://bdh-rd.bne.es/viewer.vm?id=0000241012&page=1 **;http://bdh-rd.bne.es/text.vm?id=0000241012&first=1&last=364 **
bima0000085027;Pétis de La Croix, François , 1622-1695  //;;;Histoire du Grand Genghizcan premier Empereur des anciens Mogols et Tartares : divisée en quatre livres : trad. et compilée de plusieurs anteurs orientaux et des Voyageurs Européers;;;;[s.n.];;Paris;1710;p. , 12º ,;;;;;;;;;;;;;;;;;;;;;;;;;;;;;;;;;;fr;fre;;;Libro;;3/65891 //;http://bdh-rd.bne.es/viewer.vm?id=0000240904&page=1 **;http://bdh-rd.bne.es/text.vm?id=0000240904&first=1&last=299 **
bima0000087666;Possevino, Antonio , m. ca. 1637  //;;;Belli Monferratensis historia, ab anno salutis 1612 usq. ad 1618;;;;[s.n.]  Petri Chouët;;[S.l] , [Genevae];1637;p. , Fol. ,;;;;;;;;;;;;;;;;;;;;;;;;;;;;;;;;;;it;lat;;;Libro;;3/66556 //;http://bdh-rd.bne.es/viewer.vm?id=0000240949&page=1 **;http://bdh-rd.bne.es/text.vm?id=0000240949&first=1&last=315 **
bima0000093496;Ríos, Vicente de los , 1732-1779  //;;;Vida de Don Miguel de Cervantes y Saavedra;;abreviada [por Don Jerónimo Castaño] de la que encabezó la edición de El Ingenioso Hidalgo D. Quijote de la Mancha, publicada por la Real Academia Española en 1782...;;Rotger;;Palma;entre 1782 y 1900?;15 p. , 18 cm ,;;;;;;;;;;;;;;;;;;;;;;;;;;;;;;;;;;sp;spa;;;Libro;;CERVC/7/52 //;http://bdh-rd.bne.es/viewer.vm?id=0000240907&page=1 **;http://bdh-rd.bne.es/text.vm?id=0000240907&first=1&last=19 **
bimo0000658665;;;;Certamen literario en honor de San Juan de la Cruz Composiciones premiadas...;;con un prólogo... por don Carlos de Lecea y García;;s.n.]  Imp. Provincial;;[S.l. , Segovia;1892;XL + 146 p. , 22 cm ,;;;Front., viñ. y ltr. capit. artíst.  //;;;;;;;;;;;;;;;;;;;;;;;;;;;;;;;sp;spa;;;Libro;;4/34186 //;http://bdh-rd.bne.es/viewer.vm?id=0000240903&page=1 **;http://bdh-rd.bne.es/text.vm?id=0000240903&first=1&last=195 **
a5527901;Montemayor, Jorge de , 1520?-1561 -aut  // Brueil, Anthoine du -impresor prt  //;;[Diana. Francés] //;Los siete libros de la Diana;;"de George de Montemayor ; où sous le nom de Bergers & Bergeres sont compris les amours des plus signalez d'Espagne ; traduicts d'Espagnol en Français, et conferez és deux langues P. S. G. P.";;de la'imprimerie d'Anthoine du Brueil, rue S. Iacques ...;;À Paris;1613;[4], 347, [10] h. , 8º ,;;;Texto paralelo francés- español  // Marca tipográfica en portada  // Sign.: [ ]⁴, A-Z⁸, Aa-Yy⁸, Zz⁴⁻¹  // Texto a dos columnas  //;;;;;;;;;;;;;;;;;;;;;;;;;;;;;;;fr;fre;spa;fre //;Libro;;CERV.SEDÓ/5740 //;http://bdh-rd.bne.es/viewer.vm?id=0000240932&page=1 **;http://bdh-rd.bne.es/text.vm?id=0000240932&first=1&last=369 **
a5554246;Sessa, Francisco Fernández de Córdoba Pimentel Cardona y Aragón, Duque de , 1626-1688 -demandante ptf  // Luyando, Pedro de -demandante ptf  // Ferrer, Miguel , s. XVII -demandante ptf  // Isla, Antonio de -demandante ptf  // Moscoso y Sandoval, Baltasar de, Cardenal -demandado dfd  // Palacios, Francisco de -redactor red  //;Catedral Primada de Toledo Cabildo -ptf  //;;Por el Dean, y Cabildo de la Santa Iglesia de Toledo Primada de las Españas. Y por Don Francisco Fernandez de Cordoua, el Doctor Don Pedro de Luyando, Doctor Dō Miguel Ferrer, y Don Antonio de Isla, Canonigos de dicha Santa Iglesia. Con El Fiscal Eclesiastico deste Arçobispado;Por el dean, y Cabildo de la santa Iglesia de Toledo Primada de las Españas. Y por don Francisco Fernández de Córdova, el doctor don Pedro de Luyando, doctor don Miguel Ferrer, y don Antonio de Isla, canónigos de dicha santa Iglesia. Con el fiscal eclesiástico deste Arzobispado  //;;;[s.n.];;[S.l.];1650;16 h. , Fol. ,;;;"Se ha respetado la puntuación original  // Texto firmado por ""El Lic. D. Francisco de Palacios""  // Fecha deducida del texto, en r h. 1 figura, ""y en especial el auto de 24 de Iunio deste año de 1650""  // Sign.: A-H²  // Inicial grabada  //";;;;;;;;;Alegaciones en derecho --  //;;;;;;;;;;;;;;;;;;;;;;sp;spa;;;Libro;;PORCONES/283(6) //;http://bdh-rd.bne.es/viewer.vm?id=0000204753&page=1 **;http://bdh-rd.bne.es/text.vm?id=0000204753&first=1&last=32 **
bima0000023193;;;;Biblia hebraica : sine punctis, notisque Masoretarum quas Kri et Ktif appellant, instructa;;;Ad leusdenianam editionem adornata;G. Borstius;;Amstelaedami;1701;p. , 12º ,;;;;;;;;;;;;;;;;;;;;;;;;;;;;;;;;;;ne;lat;;;Libro;;3/66329 //;http://bdh-rd.bne.es/viewer.vm?id=0000240987&page=1 **;http://bdh-rd.bne.es/text.vm?id=0000240987&first=1&last=313 **
bima0000031420;;;;"A Collection of the statutes relating to the Admiralty, Navy, ships of war, and incidental matters ; : to the 8th. year of King George the third";;;;Mark Baskett;;London;1768;p. , In 4º mlla. ,;;;Papel grande  //;;;;;;;;;;;;;;;;;;;;;;;;;;;;;;;xx;eng;;;Libro;;3/65787 //;http://bdh-rd.bne.es/viewer.vm?id=0000240893&page=1 **;http://bdh-rd.bne.es/text.vm?id=0000240893&first=1&last=1037 **
bima0000115719;Pseudo Agustín  // Britannici, Jacopo de -imp.  //;;;Sermones ad heremitas;;;;Jacobus Britannicus;;Brescia;1486;h. , 8º ,;Incunables //;;;HC 2001  // Pell 1512  // GW 3001  // Pol 4173  // BMC VII, 974  // IGI 1033 (+Supl.)  // Goff A-1313  // IBE 0128  //;;;;;;;;;Brescia, Italia //;;;;;;;;;;;;;;;;;;;;;it;lat;;;Libro;;;http://bdh-rd.bne.es/viewer.vm?id=0000097186&page=1 **;http://bdh-rd.bne.es/text.vm?id=0000097186&first=1&last=330 **
bima0000016430;Ossorio, Salvador  //;;;Oracion funebre en las exequias, que el dia doce de noviembre se celebraron en la Santa Iglesia Cathedral de Salamanca por la piadosa memoria de el Illmo. Señor Don Joseph Sancho Granado, su Obispo;;dixola el Rmo. P.M. Salvador Ossorio, de la Compañia de Jesus, ...;;[s.n.];;[Salamanca];1748;[20], 26 p., [2] en bl. , 4º ,;Religión. Teología // Cristianismo. Historia eclesiástica //;;"Lugar de publicación y fecha de impresión tomados de la licencia, en verso de h. 3¶₂: ""Fecho en Salamanca à diez y ocho dias de el mes de diciembre de mil setecientos quarenta y ocho años""  // Sign.: ¶-2¶⁴, 3¶², A-C⁴, D²  // Portada con orla tipográfica  // Texto con apostillas marginales  //";Aguilar Piñal. Bib. S.XVIII v. 6, n. 1610  //;;;;;;;Sancho Granado, Francisco -- Exequias --  // Oraciones fúnebres --  //;;Salamanca, España //;;;;;;;;;;;;;;;;;;;;;sp;spa;;;Libro;;VE/654/7 //;http://bdh-rd.bne.es/viewer.vm?id=0000122661&page=1 **;http://bdh-rd.bne.es/text.vm?id=0000122661&first=1&last=46 **
bima0000022262;Bemetzrieder, Anton , n. 1739  // Bleuet, Claude , 173-?-1809? -impresor  //;;;Leçons de Clavecin et principes d'harmonie;;par Mr. Bemetzrieder;;chez Bluet;;Paris;1771;VIII, 362, 1 p. , 4º ,;;;Sign.: [ ]⁴, A-Z⁴, 2A-2Y⁴, 2Z²  // Anteportada  //;Anglés y Subirá vol. III, n. 93  //;;;;;;;Clave -- Ejercicios prácticos --  // Armonía -- Obras anteriores a 1800 --  //;;París, Francia //;;;;;;;9.1 // 9.2 //;;;;;;;;;;;;;;fr;fre;;;Libro;;M/2681 //;http://bdh-rd.bne.es/viewer.vm?id=0000054497&page=1 **;http://bdh-rd.bne.es/text.vm?id=0000054497&first=1&last=383 **
bima0000070960;Ossorio, Salvador  // Villagordo y Alcaraz, Nicolás José , fl. 1737-1780 -imp.  //;;;Oracion funebre en las sumptuosas exequias, que en su Real Capilla de San Geronymo, celebró la Universidad de Salamanca, à veinte y uno de julio de mil setecientos y quarenta, en demonstracion de su gratitud, y dolor, à la piadosa memoria de Nro. Ssmo. Padre Clemente XII;;"dixola el Rmo. P. M. Salvador Ossorio de la Compañia de Jesus, ... ; la saca a luz la misma universidad";;por Nicolás Joseph Villargordo;;En Salamanca;1740;50 p. , 4º ,;Religión. Teología // Cristianismo. Historia eclesiástica //;;Precede al título: Jesus, Maria y Joseph  // Sign.: A-F⁴, G²⁻¹  // Portada con orla tipográfica  // Iniciales grabadas y apostillas marginales  //;Aguilar Piñal. Bib. S.XVIII v. 6, n. 1607  //;;;;;;;Clemente -- XII, -- Papa -- Exequias --  // Oraciones fúnebres --  //;;Salamanca, España //;;;;;;;;;;;;;;;;;;;;;sp;spa;;;Libro;;R/23968(3) //;http://bdh-rd.bne.es/viewer.vm?id=0000094823&page=1 **;http://bdh-rd.bne.es/text.vm?id=0000094823&first=1&last=50 **
bima0000097403;Samaniego, Félix María de , 1745-1801  // Cano, Benito -imp.  //;Real Sociedad Bascongada de los Amigos del País  // Librería de Quiroga  //;;Fabulas en verso castellano para el uso del Real Seminario Bascongado;;por ... Felix Maria Samaniego;Quinta impresion;en la Oficina de D. Benito Cano  se hallará en la Librería de Quiroga ...;;En Madrid;1796;XII, [4], 304 p. , 8º ,;Lingüística. Literatura // Literatura española //;;Sign.: a⁸, A-T⁸  //;Aguilar Piñal. Bib. S.XVIII v. 7, 3026  //;;;;;;;;;Madrid, España //;;;;;;;;;;;;;;;;;;;;;sp;spa;;;Libro;;2/24495 //;http://bdh-rd.bne.es/viewer.vm?id=0000101713&page=1 **;http://bdh-rd.bne.es/text.vm?id=0000101713&first=1&last=327 **
bima0000128101;Madrid, Fernando Antonio de  // Doblas, Pedro de -impresor  //;;;Cartas instructivas sobre los órganos : documentos á los sres. eclesiásticos que los costean, y a los organistas que los revisan, usan y conservan;;escritos en reciproca correspondencia a un amigo suyo por D. Fernando Antonio de Madrid ...;;en la imprenta de Pedro de Doblas;;Jaen;1790;[13], 108, [5] p. , 8º ,;Bellas artes // Música //;;Sign.: a-q⁴, [ ]⁴  //;Anglés y Subirá vol. III, n. 96  // Aguilar Piñal. Bib. S. XVIII v. 5, 2407  //;;;;;;;;;Jaén, España //;;;;;;78  //;;;;;;;;;;;;;;;sp;spa;;;Libro;;M/890 //;http://bdh-rd.bne.es/viewer.vm?id=0000111420&page=1 **;http://bdh-rd.bne.es/text.vm?id=0000111420&first=1&last=137 **
bimo0001165324;Camacho Caballero, Juan  // Padrino y Solís, José , fl. 1772-1798 -imp.  //;;;Oración fúnebre, que en las ... honras, celebradas por la alma de ... Clemente XIV ... en la Iglesia Mayor de N. Sra. Sta. Maria de la Ciudad de Arcos de la Frontera, con asistencia de su ilustre ayuntamiento, ... cleros ...;;"dixo en el dia 23 de noviembre del año pasado de 1774 don Juan Camacho Caballero ... ; la sacan a luz ... Maria Thomasa de Angulo, ... y su ... esposo ... Fernando de Espinosa ...";;por Josef Padrino, ...;;En Sevilla;1775;[8], 44 p. , 4º ,;Religión. Teología //;;Fecha de impresión deducida por el título  // Sign.: ¶⁴, A-E⁴, F²  //;Aguilar Piñal.Bib.S.XVIII v. 2, 733  //;;;;;;;Oraciones fúnebres --  //;;Sevilla, España //;;;;;;;;;;;;;;;;;;;;;sp;spa;;;Libro;;R/23968(2) //;http://bdh-rd.bne.es/viewer.vm?id=0000094822&page=1 **;http://bdh-rd.bne.es/text.vm?id=0000094822&first=1&last=52 **
Mimo0001099913;Galván, Mariano  //;;;Leyenda de oro para el piadoso cristiano;;obra publicada por Mariano Galván;;[s.n.]  Tip. de R. Rafael;;[S.l.] , México [D.F.];1849;VIII, 536 p., [6] h. de lám. , 14 m ,;;;;;;;;;;;Santos cristianos -- Oraciones --  //;;;;;;;;243  //;;;;;;;;;;;;;;;mx;spa;;;Libro;;DGMICRO/61888 // HA/247 //;http://bdh-rd.bne.es/viewer.vm?id=0000241695&page=1 **;http://bdh-rd.bne.es/text.vm?id=0000241695&first=1&last=288 **
Mimo0002190050;;Unión de Fabricantes de Tabacos de La Habana  //;;Informe oral del comisionado por la Unión de Fabricantes de Tabaco de la Habana ante el Excmo. Sr. Ministro de Ultramar;;;;[s.n.]  Imp. La Razón;;[S.l.] , Habana;1891;30 p. , 24 cm ,;;;;;;;;;;;Industria tabacalera -- Cuba --  //;;;;;;;;338.45(729.1):663.97  //;;;;;;;;;;;;;;;cu;spa;;;Libro;;HA/33541 // HA/33541 //;http://bdh-rd.bne.es/viewer.vm?id=0000241119&page=1 **;http://bdh-rd.bne.es/text.vm?id=0000241119&first=1&last=35 **
a4468206;Teresa de Jesús, Santa , 1515-1582  // Barezzi, Francesco -imp.  //;;;Opere spirituali;;"della S. Madre Teresa di Giesu ... diuise in due tomi ; ristampate conforme alla perfetta copia di Roma corretta, e rincontrata con gli originali manuscritti, con due fedelissime tauole, vna de' capitoli, e l'altra delle cose più memorabili e notabili, Tomo primo [- secondo]";;appresso il Barezzi;;In Venetia;1649;[16], 359 p., [1] en bl., [8], 360 p. , 4º ,;;;Marca tipográfica en portadas  // Sign.: [cruz latina]⁸, A-Y⁸, Z⁴, [cruz latina]⁴, a-y⁸, z⁴  // Texto a dos columnas  // El tomo segundo con portada propia  //;;;;;;;;Vida espiritual -- Cristianismo --  //;;Venecia, Italia //;;;;;;;;;;;;;;;;;;;;;it;ita;;;Libro;;R/40394 //;http://bdh-rd.bne.es/viewer.vm?id=0000241513&page=1 **;http://bdh-rd.bne.es/text.vm?id=0000241513&first=1&last=374 **
a5379781;Estrada y Catoira, Ramón , 1852-1927  //;;;Embrollos históricos;;Ramón Estrada;;[s.n.]  Imp. del Ministerio de la Marina;;[S.l.] , Madrid;1925;14 p. , 23 cm ,;;;Título tomado de la cubierta  //;;;;;;;;Colón, Cristóbal -- Lugar de nacimiento --  //;;;;;;;;929  //  929 Colón, Cristóbal  //;;;;;;;;;;;;;;;sp;spa;;;Libro;;HA/40403 //;http://bdh-rd.bne.es/viewer.vm?id=0000205303&page=1 **;http://bdh-rd.bne.es/text.vm?id=0000205303&first=1&last=17 **
bima0000043387;Filón de Alejandría  //;;;Opera exegetica in libros Mossi, de Mvndi opificio historicos et legales;;qvae partim ab Adr. Tornebo, partim a Sav. Houchelio edita et illust. sunt. Occessere eiusdem Philomis sex opurenla;;ap. Ivan.- Keerbergim;;Antoerpiae;1614;p. , 4º ,;;;;;;;;;;;;;;;;;;;;;;;;;;;;;;;;;;ne;lat;;;Libro;;3/66391 //;http://bdh-rd.bne.es/viewer.vm?id=0000241705&page=1 **;http://bdh-rd.bne.es/text.vm?id=0000241705&first=1&last=887 **
bima0000107623;;;;"Traité de l'equilibre de la volonté contre M. l'Eveque de Soissons et les autres molinistes : au sujet des propositions condamnés dans la bulle ""Unigenitus"", sur cette matiere";;;;[s.n.]  Corneille Guillaume Le Febvre;;[S.l] , Utrecht;1729;XVIII p., 1 h., 530 p. , 4º mlla. ,;;;A 2 col.  //;;;;;;;;;;;;;;;;;;;;;;;;;;;;;;;ne;fre;;;Libro;;3/66192 //;http://bdh-rd.bne.es/viewer.vm?id=0000241674&page=1 **;http://bdh-rd.bne.es/text.vm?id=0000241674&first=1&last=561 **
bimo0000919543;Bretón de los Herreros, Manuel , 1796-1873  //;;;Dios los cría y ellos se juntan comedia en tres actos;;por Don Manuel Bretón de los Herreros;;[s.n.]  Imp. de Repullés;;Madrid;1840;90 p. , 20 cm ,;Galería dramática //;;;;;;;;;;;;;;;;;;;;;;;;;;;;;;;;;sp;spa;;;Libro;;VC/16984/1 //;http://bdh-rd.bne.es/viewer.vm?id=0000241472&page=1 **;http://bdh-rd.bne.es/text.vm?id=0000241472&first=1&last=95 **
bimo0001137594;;;;Manifiesto sobre la libertad de las Cortes para decidir acerca de la tutela de S.M. y A. vindicada contra la protesta de la Reina Vda. Dª María Cristina de Borbón;;;;Estellés;;Madrid;1841;16 p. , 14 cm ,;;;;;;;;;;;;;;;;;;;;;;;;;;;;;;;;;;sp;spa;;;Libro;;VC/1347/41 //;http://bdh-rd.bne.es/viewer.vm?id=0000241457&page=1 **;http://bdh-rd.bne.es/text.vm?id=0000241457&first=1&last=19 **
bimo0001186719;;España Milicia Nacional Milicia Local (Zaragoza)  //;;Reglamento interior de la misma... 22 octubre de 1837;;Milicia Nacional;;R. Gallifa;;Zaragoza;1837;8 h. , 15 cm ,;;;;;;;;;;;;;;;;;;;;;;;;;;;;;;;;;;sp;spa;;;Libro;;VC/2589/15 //;http://bdh-rd.bne.es/viewer.vm?id=0000241354&page=1 **;http://bdh-rd.bne.es/text.vm?id=0000241354&first=1&last=23 **
bimo0001333244;;;;Las elecciones de Cuba en 1886;;;;[s.n.]  Imp. de Marcelino Burgase;;[S.l.] , Madrid;1886;16 p. , 25 cm ,;Propaganda reformista //;;;;;;;;;;Elecciones -- Cuba --  //;;;;;;;;"324(729.1)""1886""  //";;;;;;;;;;;;;;;sp;spa;;;Libro;;HA/13553 // HA/13553 //;http://bdh-rd.bne.es/viewer.vm?id=0000241526&page=1 **;http://bdh-rd.bne.es/text.vm?id=0000241526&first=1&last=15 **
bimo0001453665;;Sociedad Económica de Amigos del País de Jerez de la Frontera  //;;Tareas de la Sociedad Económica de Amigos del País en el año de 1840;;;;[s.n.]  Imp. de Bueno;;Jerez de la Frontera;1841;13 p. , 20 cm ,;;;;;;;;;;;;;;;;;;;;;;;;;;;;;;;;;;sp;spa;;;Libro;;VC/2666/49 //;http://bdh-rd.bne.es/viewer.vm?id=0000241365&page=1 **;http://bdh-rd.bne.es/text.vm?id=0000241365&first=1&last=13 **
bimo0001641769;Almeida, Pedro  //;;;Un mejicano el pecado de Adán : poema : doce jornadas en doce cantos, con notas alusivas a los sucesos de la independencia mejicana en general, y relativamente a esta península de Yucatán;El pecado de Adán  //;P.E.C. Pedro Almeida;;[s.n.]  Imp. de Lorenzo Seguí;;[S.l.] , Mérida de Yucatán;1838;262 p. , 21 cm ,;;;;;;;;;;;;;;;;;;;"(72)  //  821.134.2(72)-13""18""  //";;;;;;;;;;;;;;;mx;spa;;;Libro;;DGMICRO/71083 // HA/21295 //;http://bdh-rd.bne.es/viewer.vm?id=0000241599&page=1 **;http://bdh-rd.bne.es/text.vm?id=0000241599&first=1&last=275 **
bimo0001730146;;Cámara Oficial de Comercio, Industria y Navegación de La Habana  //;;Informe sobre una exposición de la Sociedad de Estudios Económicos acerca del comercio de cabotaje con la Metrópoli;;;;[s.n.]  Imp. y Litografía  La Habanera;;[S.l.] , Habana;1889;21 p. , 23 cm ,;;;Precede al título: Camara de Comercio, Industria y Navegación de la Habana  //;;;;;;;;Cuba -- Comercio exterior -- España --  // España -- Comercio exterior -- Cuba --  //;;;;;;;;339.5(729.1:460)  //  339.5(460:729.1)  //  (729.1)  //;;;;;;;;;;;;;;;cu;spa;;;Libro;;HA/14107 // HA/14107 //;http://bdh-rd.bne.es/viewer.vm?id=0000241291&page=1 **;http://bdh-rd.bne.es/text.vm?id=0000241291&first=1&last=25 **
bimo0001731960;;Centro Asturiano de la Habana  //;;Memoria que presenta la junta directiva a la general de socios el día 24 de julio de 1887;;Centro Asturiano;;[s.n.]  Imp. de Soler, Álvarez y Compañía;;[S.l.] , Habana;1887;127 p., 5 h. pleg. , 26 cm ,;;;;;;;;;;;Centro Asturiano de la Habana --  //;;;;;;;;061.215-054.72(729.1 H.)  //  (729.1)  //;;;;;;;;;;;;;;;cu;spa;;;Libro;;DGMICRO/48466 // HA/8442 //;http://bdh-rd.bne.es/viewer.vm?id=0000241466&page=1 **;http://bdh-rd.bne.es/text.vm?id=0000241466&first=1&last=166 **
bimo0001732746;Colón, Cristóbal  //;;;Relaciones y cartas de Cristóbal Colón;;;;Librería de la Viuda de Hernando y Cª.;;Madrid;1892;XXIV, 424 p. , 18 cm ,;Biblioteca clásica, 164 //;;;;;;;;;;Colón, Cristóbal -- Correspondencia --  // América -- Descubrimientos y exploraciones -- Españoles --  //;;;;;;;;"929 Colón, Cristóbal  //  910.4(7/8)""14""  //";;;;;;;;;;;;;;;sp;spa;;;Libro;;DGMICRO/56388 // HA/63584 //;http://bdh-rd.bne.es/viewer.vm?id=0000241437&page=1 **;http://bdh-rd.bne.es/text.vm?id=0000241437&first=1&last=459 **
bimo0001736655;;;;Dos años en México o memorias críticas sobre los principales sucesos de la República de los Estados Unidos Mexicanos desde la invasión de Barradas hasta la declaración del Puerto de Tampico contra el gobierno del Gral. Bustamante;;escritas por un español;;[s.n.]  Reimp. por José Uribe;;[S.l.] , México;1840;69 p. , 21 cm ,;;;;;;;;;;;México -- Historia -- 1821-1861 --  //;;;;;;;;"(72)  //  94(72)""1821/61""  //";;;;;;;;;;;;;;;mx;spa;;;Libro;;DGMICRO/48830 // HA/783 //;http://bdh-rd.bne.es/viewer.vm?id=0000241449&page=1 **;http://bdh-rd.bne.es/text.vm?id=0000241449&first=1&last=85 **
Mima0000061473;Le Blanc, François  //;;;Traité historique des monnoies de France depuis le commecement de la Monarchie jusques á present;;;;[s.n.];;Paris;1690;p. , 4º ,;;;(avec figs.)  //;;;;;;;;;;;;;;;;;;;;;;;;;;;;;;;fr;fre;;;Libro;;3/66378 //;http://bdh-rd.bne.es/viewer.vm?id=0000241701&page=1 **;http://bdh-rd.bne.es/text.vm?id=0000241701&first=1&last=639 **
Mimo0001002684;Colón, Cristóbal  //;;;Homenaje a Colón, 12 Octubre de 1492;;;;[s.n.]  Imp. en los Talleres de Jacobo Peuser;;[S.l.] , Buenos Aires;1892;16 p. , il. , 44 cm ,;;;;;;;;;;;Colón, Cristóbal -- Homenajes --  //;;;;;;;;082.2 Colón, Cristóbal  //  929 Colón, Cristóbal  //;;;;;;;;;;;;;;;ag;spa;;;Libro;;HA/18002 // HA/18002 //;http://bdh-rd.bne.es/viewer.vm?id=0000241328&page=1 **;http://bdh-rd.bne.es/text.vm?id=0000241328&first=1&last=19 **
Mimo0001871015;;;;La rubita malagueña linda habanera en donde se esplica los amores y desvíos de una criolla americana que reside en dicha ciudad y un negrito a quien ella ha despreciado, con lo cual hace agradable este curiosos papel. La flor de hazar. La criolla del Paraguay. La manola y el usía. Pan y toros.;;;;[s.n.]  Imp. de Juan Ibarra;;[S.l.] , Elche;1864;[4] p. , 21 cm ,;;;Título tomado de la cabecera  //;;;;;;;;Canciones populares -- España -- S.XIX --  //;;;;;;;;"398.8(460)""18""(082.2)  //";;;;;;;;;;;;;;;sp;spa;;;Libro;;DGMICRO/29326 // HA/26514 //;http://bdh-rd.bne.es/viewer.vm?id=0000241702&page=1 **;http://bdh-rd.bne.es/text.vm?id=0000241702&first=1&last=11 **
Mimo0002189951;Podestá, Manuel T.  //;;;Irresponsable;;Manuel T. Podestá;;[s.n.]  Imp. de la Tribuna Nacional;;[S.l.] , Buenos Aires;1889;357 p. , 22 cm ,;;;;;;;;;;;;;;;;;;;"(82)  //  821.134.2(82)-31""18""  //";;;;;;;;;;;;;;;ag;spa;;;Libro;;HA/1877 // HA/1877 //;http://bdh-rd.bne.es/viewer.vm?id=0000241334&page=1 **;http://bdh-rd.bne.es/text.vm?id=0000241334&first=1&last=373 **
bima0000037751;Du Guay-Trouin, René , 1673-1736  //;;;Mémoires de M. Du Gué-Trouin;;;;chez Pierre Mortier;;A Amsterdam;1730;290 p. , 12º ,;;;;;;;;;;;;;;;;;;;;;;;;;;;;;;;;;;ne;fre;;;Libro;;3/66488 //;http://bdh-rd.bne.es/viewer.vm?id=0000241711&page=1 **;http://bdh-rd.bne.es/text.vm?id=0000241711&first=1&last=311 **
bima0000050193;Graziani, Antonio Maria, Evesque d'Amelia  //;;;De vita Joannis Francisci Commendoni Cardinalis, lib. quatuor;;;;[s.n.];;Parisiis;1669;p. , 4º ,;;;;;;;;;;;;;;;;;;;;;;;;;;;;;;;;;;fr;lat;;;Libro;;3/66590 //;http://bdh-rd.bne.es/viewer.vm?id=0000241113&page=1 **;http://bdh-rd.bne.es/text.vm?id=0000241113&first=1&last=487 **
bima0000052313;Heinlin, Jo. Jacobus  //;;;Vindicia pro sole temporum et chronologis mystica ex septenarco creationis profluente;;;;Jo. Alex Cellus;;Tubingae;1653;p. , 4º ,;;;;;;;;;;;;;;;;;;;;;;;;;;;;;;;;;;gw;lat;;;Libro;;3/66612 //;http://bdh-rd.bne.es/viewer.vm?id=0000241126&page=1 **;http://bdh-rd.bne.es/text.vm?id=0000241126&first=1&last=99 **
bima0000069316;Marino, Giambattista , 1569-1625  //;;;Li sui epitalami;;;;Nicol. Pezzana;;Venetia;1674;p. , 12º ,;;;;;;;;;;;;;;;;;;;;;;;;;;;;;;;;;;it;ita;;;Libro;;3/66687 //;http://bdh-rd.bne.es/viewer.vm?id=0000241099&page=1 **;http://bdh-rd.bne.es/text.vm?id=0000241099&first=1&last=150 **
bima0000085632;;;;Pieces fugitives de Monsieur S***;;;;[s.n.];;[S.l];1752;p. , 12º ,;;;;;;;;;;;;;;;;;;;;;;;;;;;;;;;;;;xx;fre;;;Libro;;3/66717 //;http://bdh-rd.bne.es/viewer.vm?id=0000241112&page=1 **;http://bdh-rd.bne.es/text.vm?id=0000241112&first=1&last=233 **
bima0000092097;;;;Relation de la gverre de Flandres en l'année 1667;;;;chez El Barbin;;Paris;1668;p. , 12º ,;;;;;;;;;;;;;;;;;;;;;;;;;;;;;;;;;;fr;fre;;;Libro;;3/66679 //;http://bdh-rd.bne.es/viewer.vm?id=0000241098&page=1 **;http://bdh-rd.bne.es/text.vm?id=0000241098&first=1&last=295 **
bima0000103591;;;;Storia della lega fatta in Cambray frá Papa Giulio II, Massim, I Imp., Luigi XII Redi Francia, Ferdinando V d'Aragona, e tutti i Principi d'Italia contra la Republica di Vinegia;;tr. dal fr.;;[s.n.]  G. Moretti;;[S.l] , Anversa;1718;p. , 4º ,;;;;;;;;;;;;;;;;;;;;;;;;;;;;;;;;;;be;ita;fre;ita //;Libro;;3/66602 //;http://bdh-rd.bne.es/viewer.vm?id=0000241121&page=1 **;http://bdh-rd.bne.es/text.vm?id=0000241121&first=1&last=459 **
bima0000112650;Virdau, Pierre  //;;;Justitia Christiana singulis-hominum generibus ius seu officium distribuens;;;;[s.n.];;Lugduni;1665;p. , 8º ,;;;;;;;;;;;;;;;;;;;;;;;;;;;;;;;;;;fr;lat;;;Libro;;3/66665 //;http://bdh-rd.bne.es/viewer.vm?id=0000241151&page=1 **;http://bdh-rd.bne.es/text.vm?id=0000241151&first=1&last=593 **
bimo0000900381;García de Arboleya, José , m. 1876  //;;;Manual de la Isla de Cuba compendio de su historia, geografía, estadística y administración;;su autor D. José S. de Arboleya;;[s.n.]  Imp. del Gobierno y Capitanía General por S. M.;;[S.l.] , Habana;1852;382 p., [30] h. de lám, [5] h. pleg. de plano , 16 cm ,;;;;;;;;;;;Cuba -- Descripción --  //;;;;;;;;(729.1)  //  908(729.1)  //;;;;;;;;;;;;;;;cu;spa;;;Libro;;DGMICRO/8647 // HA/15625 //;http://bdh-rd.bne.es/viewer.vm?id=0000241522&page=1 **;http://bdh-rd.bne.es/text.vm?id=0000241522&first=1&last=472 **
bimo0001036980;Irving, Washington , 1783-1859  // Facio, J. S.  //;;[Life of Mahomet. Español] //;Historia de Mahoma;;"escrita en inglés por Washington Irving ; traducida al español por J.S. Facio";;Diario de Avisos;;[México, D.F.];1857;388 p. , 17 cm ,;;;Título original: Life of Mahomet  //;;;;;;;;Mahoma --  //;;;;;;;;929 Mahoma  //;;;;;;;;;;;;;;;mx;spa;eng;spa //;Libro;;DGMICRO/22936 // HA/480 //;http://bdh-rd.bne.es/viewer.vm?id=0000241399&page=1 **;http://bdh-rd.bne.es/text.vm?id=0000241399&first=1&last=395 **
bimo0001237535;Nemidoru  //;;;Recuerdos de mi juventud cuadros de costumbres;;por Nemidoru;;[s.n.]  Imp. El Siglo;;[S.l.] , Habana;1863;27 p. , 18 cm ,;;;;;;;;;;;;;;;;;;;"(729.1)  //  821.134.2(729.1)-32""19""  //";;;;;;;;;;;;;;;cu;spa;;;Libro;;HA/55961 // HA/55961 //;http://bdh-rd.bne.es/viewer.vm?id=0000241418&page=1 **;http://bdh-rd.bne.es/text.vm?id=0000241418&first=1&last=33 **
bimo0001274191;;Exposición Universal , 1889 París  //;;Catálogo memoria de la exposición de productos de las Islas Filipinas;;;;Biblioteca de Europa y América;;París;1889;24 p. , 22 cm ,;;;Precede al título: Exposición Universal de París de 1889  //;;;;;;;;Exposición Universal --  // Productos industriales -- Filipinas --  //;;;;;;;;"061.41(443.61 P.)""1889""  //  62/69.002.6(599)  //";;;;;;;;;;;;;;;fr;spa;;;Libro;;HA/14585 // HA/14585 //;http://bdh-rd.bne.es/viewer.vm?id=0000241301&page=1 **;http://bdh-rd.bne.es/text.vm?id=0000241301&first=1&last=27 **
bimo0001294139;Pérez Bonalde, J. A. , 1846-1892  //;;;Estrofas;;J.A. Pérez Bonalde;;[s.n.];;New York;1877;263 p. , 14 cm ,;;;;;;;;;;;;;;;;;;;"(87)  //  821.134.2(87)-14""18""  //";;;;;;;;;;;;;;;xx;spa;;;Libro;;HA/1491 // HA/1491 //;http://bdh-rd.bne.es/viewer.vm?id=0000241318&page=1 **;http://bdh-rd.bne.es/text.vm?id=0000241318&first=1&last=275 **
bimo0001355108;;;;Reglamento general y tarifas de 15 de abril de 1883 para la Imposición Administración y Cobranza de la contribución industrial;;;;[s.n.]  Imp. del Gobierno;;Habana;1884;123 p. , 22 cm ,;;;;;;;;;;;Impuesto industrial -- Órdenes, reglamentos, etc. -- Cuba --  //;;;;;;;;336.226.141:351.713(729.1)  //;;;;;;;;;;;;;;;cu;spa;;;Libro;;DGMICRO/19204 // HA/8208 //;http://bdh-rd.bne.es/viewer.vm?id=0000241456&page=1 **;http://bdh-rd.bne.es/text.vm?id=0000241456&first=1&last=150 **
bimo0001574107;Villalobos B., Domingo  //;;;Poesías escolares destinadas a los ejercicios de recitación en los establecimientos de educación;;por Domingo Villalobos B.;;[s.n.]  Imp. i encuadernación Barcelona;;[S.l.] , Santiago de Chile;1898;230 p. , 18 cm ,;;;;;;;;;;;Poesías escolares españolas --  // Poesías escolares hispanoamericanas --  //;;;;;;;;821.134.2-1(082.2)  //  821.134.2(7/8)-1(082.2)  //;;;;;;;;;;;;;;;cl;spa;;;Libro;;HA/1377 // HA/1377 //;http://bdh-rd.bne.es/viewer.vm?id=0000241546&page=1 **;http://bdh-rd.bne.es/text.vm?id=0000241546&first=1&last=243 **
bimo0001731355;;Casino Español de La Habana  //;;Reglamento del Casino Español de La Habana;;;;[s.n.]  Imp. y Papelería de P. Fernández y Compañía;;[S.l.] , Habana;1893;38 p. , 20 cm ,;;;;;;;;;;;Casino Español de La Habana -- Reglamentos--  //;;;;;;;;061.237(729.1 H.)(060.13)  //  (729.1)  //;;;;;;;;;;;;;;;cu;spa;;;Libro;;HA/71063 //;http://bdh-rd.bne.es/viewer.vm?id=0000241441&page=1 **;http://bdh-rd.bne.es/text.vm?id=0000241441&first=1&last=39 **
bimo0001733361;;;;Constitución política de la República Boliviana sancionada por la Asamblea General Constituyente de 1831 y reformada en algunos de sus artículos, con arreglo a ella misma por el Congreso Constitucional de 1834;;;Reimp. de orden del Gobierno Supremo;[s.n.]  Imp. del Colegio de Artes;;Paz de Ayacucho;?;2 h., 35 p. , 20 cm ,;;;;;;;;;;;;;;;;;;;;;;;;;;;;;;;;;;pe;spa;;;Libro;;HA/20409 //;http://bdh-rd.bne.es/viewer.vm?id=0000241597&page=1 **;http://bdh-rd.bne.es/text.vm?id=0000241597&first=1&last=45 **
