idBNE;Autor Personas;Autor Entidades;Título uniforme;Título;Otros Títulos;Información asociada al título;Edición;Editorial;Editor musical;Lugar de publicación;Fecha de publicación;Descripción física;Serie;Contenido;Descripción y notas;Citas o referencias;transcripciones de interés;Procedencia;Intérpretes;Resumen;Premios;Periodicidad;Tema;Género/Forma;Lugar relacionado;Forma de la composición sonora;Forma de la composición notada;tipo material cartográfico;Proyección del mapa;Escala del mapa;CDU;Otra clasificación;id registros relacionados;información asociada a registros relacionados;id otras ediciones;información asociada a otras ediciones;id título anterior;información asociada a título anterior;id título posterior;información asociada a título posterior;ISBN;ISSN;Depósito Legal;Otros Números Normalizados;Número Bibliografía Nacional;País de publicación;Lengua de publicación;Lengua original;otras lenguas;Tipo de documento;Condiciones de uso;signatura;version_digital;texto_OCR
bimo0002082699;Paris, Pierre , 1859-1931  // Bardavíu Ponz, Vicente , 1886-1929  //;;;Fouilles dans la région d'Alcañiz (Province de Teruel);;par Pierre Paris, V. Bardaviu Ponz;;"Féret & fils ;  E. de Boccard";;BordeauxParis;1926;116 p., XII h. de lám., [1] plano pleg. , 25 cm ,;Geografía. Biografías. Historia // Arqueología. Prehistoria. Restos arqueológicos // Bibliothèque de l'École des hautes études hispaniques, fasc. 11,1 //;"I. Le cabezo del cuervo ; II. Le taratrato// I. Le cabezo del cuervo ; II. Le taratrato//";;;;;;;;;Excavaciones arqueológicas -- Alcañiz --  // Alcañiz -- Restos arqueológicos --  //;;;;;;;;903(460.226 Alcañiz)  //  904(460.226 Alcañiz)  //;;;;;;;;;;;;;;;fr;fre;;;Libro;;1/205291 //;http://bdh-rd.bne.es/viewer.vm?id=0000086914&page=1 **;http://bdh-rd.bne.es/text.vm?id=0000086914&first=1&last=166 **
bimo0002096730;Asensi, Julia de , 1859-1921  //;;;Maricucha;;;;Antonio J. Bastinos  Librería de Julián Bastinos;;Barcelona;1901;16 p. , il. , 16 cm ,;Biblioteca rosa / por Julia de Asensi //;;;;;;;;;;;;;;;;;;"821.134.2-34""18""  //";;;;;;;;;;;;;;;sp;spa;;;Libro;;VC/285/10 //;http://bdh-rd.bne.es/viewer.vm?id=0000173942&page=1 **;http://bdh-rd.bne.es/text.vm?id=0000173942&first=1&last=20 **
bimo0002096737;Asensi, Julia de , 1859-1921  //;;;Lolo;;;;Antonio J. Bastinos  Librería de Julián Bastinos;;Barcelona;1901;16 p. , il. , 16 cm ,;Biblioteca rosa / por Julia de Asensi //;;;;;;;;;;;;;;;;;;"821.134.2-34""18""  //";;;;;;;;;;;;;;;sp;spa;;;Libro;;VC/285/16 //;http://bdh-rd.bne.es/viewer.vm?id=0000173939&page=1 **;http://bdh-rd.bne.es/text.vm?id=0000173939&first=1&last=20 **
bimo0002096738;Asensi, Julia de , 1859-1921  //;;;La empanada;;;;Antonio J. Bastinos  Librería de Julián Bastinos;;Barcelona;1901;16 p. , il. , 16 cm ,;Biblioteca rosa / por Julia de Asensi //;;;;;;;;;;;;;;;;;;"821.134.1-34""18""  //  821.134.2-3  //";;;;;;;;;;;;;;;sp;spa;;;Libro;;VC/285/17 //;http://bdh-rd.bne.es/viewer.vm?id=0000173937&page=1 **;http://bdh-rd.bne.es/text.vm?id=0000173937&first=1&last=20 **
bimo0002103486;Manuel María de Sanlucar de Barrameda (O.F.M. Cap.)  //;;;Breve manual cristiano, instructivo y devoto para el común del pueblo fiel;;compuesto por el Exmo. e Ilmo. Sr. D. Fr. Manuel María de Sanlúcar de Barrameda, obispo de Cidonia;;[s.n.]  Imp. de Núñez Espinosa;;[S.l.] , Santiago;1847;VII, 298 p. , 16 cm ,;;;;;;;;;;;;Catecismos --  // Oraciones --  //;;;;;;;24  //  238.1  //  243  //;;;;;;;;;;;;;;;sp;spa;;;Libro;;3/5997 //;http://bdh-rd.bne.es/viewer.vm?id=0000064743&page=1 **;http://bdh-rd.bne.es/text.vm?id=0000064743&first=1&last=317 **
bimo0002114329;Dumas, Alexandre , 1802-1870  //;;[Le collier de la reine. Español] //;El collar de la Reina : segunda parte de las Memorias de un médico;;por Alejandro Dumas;;[s.n.]  Estab. Tip. de Mellado;;[S.l.] , Madrid;1849 - 1850;2 v. (346, 230 p.) , 22 cm ,;;;Título original: Le collier de la Reine  //;;;;;;;;;;;;;;;;"821.133.1-31""18""  //";;;;;;;;;;;;;;;sp;spa;fre;spa //;Libro;;2/81363 //;http://bdh-rd.bne.es/viewer.vm?id=0000093248&page=1 **;http://bdh-rd.bne.es/text.vm?id=0000093248&first=1&last=299 **
bimo0002120924;;;;Colección de autores selectos, latinos y castellanos, para uso de los institutos, colegios y demás establecimientos de segunda enseñanza del reino. Tomo III, Tercer año de latín y castellano;;;2ª ed.;[s.n.]  Imp. Nacional;;Madrid;1856;VIII, 636 p. , 21 cm ,;;;;;;;;;;;Lengua latina -- Textos --  // Literatura española -- Libros escolares --  //;;;;;;;;811.124(076)  //  821.134.2.09(07)  //;;;;;;;;;;;;;;;sp;spa;;;Libro;;1/106613 //;http://bdh-rd.bne.es/viewer.vm?id=0000137173&page=1 **;http://bdh-rd.bne.es/text.vm?id=0000137173&first=1&last=673 **
bimo0002131667;Arce Fernández, Carlos  //;;;El mentor español Tomo primero : obra dirijida a los profesores de primera educación;;por Carlos Arze Fernández;;[s.n.]  Imp. de Timoteo Arnaiz;;[S.l.] , Burgos;1846;349 p. , 22 cm ,;;;;;;;;;;;Enseñanza primaria --  //;;;;;;;;37  //  373.3  //;;;;;;;;;;;;;;;sp;spa;;;Libro;;3/77477 //;http://bdh-rd.bne.es/viewer.vm?id=0000123015&page=1 **;http://bdh-rd.bne.es/text.vm?id=0000123015&first=1&last=367 **
bimo0002155271;Roux de Rochelle, Jean Baptiste Gaspard , 1762-1849  //;;;États-Unis d'Amérique;;par Roux de Rochelle;;Librairie de Firmin-Didot et Cie.;;Paris;1837;400 p., 96 h. de lám., [1] h. pleg. de mapa , 22 cm ,;L'univers : histoire et description de tous les peuples //;;;;;;;;;;Estados Unidos -- Historia --  //;;;;;;;;94(73)  //;;;;;;;;;;;;;;;fr;fre;;;Libro;;1/54261 //;http://bdh-rd.bne.es/viewer.vm?id=0000105239&page=1 **;http://bdh-rd.bne.es/text.vm?id=0000105239&first=1&last=615 **
bimo0002160885;Trueba, Antonio de , 1819-1889  //;;;Cuentos de color de rosa;;por Antonio de Trueba;;Imp. de Tejado, Editor;;Madrid;1859;1 v. (pag. var.) , 18 cm ,;Lingüística. Literatura // Literatura española // El amigo de la familia, t. 4 //;;;;;;;;;;;;;;;;;;"821.134.2-34""18""  //";;;;;;;;;;;;;;;sp;spa;;;Libro;;3/995 //;http://bdh-rd.bne.es/viewer.vm?id=0000110337&page=1 **;http://bdh-rd.bne.es/text.vm?id=0000110337&first=1&last=347 **
bimo0002241792;Rada y Delgado, Juan de Dios de la , 1827-1901 -aut  //;;[Bibliografía numismática española] //;Bibliografía numismática española ó Noticia de las obras y trabajos impresos y manuscritos sobre los diferentes ramos que abraza la numismática, debidos a autores españoles ó á extranjeros que los publicaron en español, y documentos para la historia monetaria de España : con dos apéndices, que comprenden, el primero, la bibliografía numismática portuguesa y el segundo, la de autores extranjeros que en sus respectivos idiomas escribieron acerca de monedas ó medallas de España;Noticia de las obras y trabajos impresos y manuscritos sobre los diferentes ramos que abraza la numismática, debidos a autores españoles ó á extranjeros que los publicaron en español, y documentos para la historia monetaria de España  //;por D. Juan de Dios de la Rada y Delgado;;[s.n.]  Imprenta y Fundición de Manuel Tello;;[S.l.] , Madrid;1886;XIII, 632 p. , 28 cm ,;;;Índices  //;;;;;;Obra premiada por la Biblioteca Nacional en Concurso público, 1886  //;;Numismática -- España -- Bibliografías --  //;Bibliografías --  //;;;;;;;016:737(460)  //;;;;;;;;;;;;;;ArtedigXIXvar;sp;spa;;;Libro;;1/40367 // DGMICRO/20894 //;http://bdh-rd.bne.es/viewer.vm?id=0000247358&page=1 **;http://bdh-rd.bne.es/text.vm?id=0000247358&first=1&last=659 **
bimo0002242819;Ruano Prieto, Fernando  //;;;Anexión del Reino de Navarra en tiempo del Rey Católico;;por Fernando Ruano Prieto;;[s.n.]  Estab. Tip. de la Viuda e Hijos de Tello;;[S.l.] , Madrid;1899;412 p. , 19 cm ,;Geografía. Biografías. Historia // Historia de España // Tavera //;;;;;;;;;;Navarra (Reino) -- Historia -- 1479-1512 --  //;;;;;;;;"94(460.16)""1479/1512""  //";;;;;;;;;;;;;;;sp;spa;;;Libro;;2/44428 //;http://bdh-rd.bne.es/viewer.vm?id=0000092384&page=1 **;http://bdh-rd.bne.es/text.vm?id=0000092384&first=1&last=407 **
bimo0002248854;Fola Igúrbide, José , m. 1918  //;;;La nueva ciencia geométrica controversia científica sobre la resolución dada a la cuadratura del círculo;;sostenida por José Fola Igúrbide ... [et al.];;J. Romá, Sdad. en Cta.;;Barcelona;1897;194 p. , 22 cm ,;Matemáticas //;;;;;;;;;;Cuadratura del círculo --  //;;;;;;;;51  //;;;;;;;;;;;;;;;sp;spa;;;Libro;;2/44846 //;http://bdh-rd.bne.es/viewer.vm?id=0000117091&page=1 **;http://bdh-rd.bne.es/text.vm?id=0000117091&first=1&last=200 **
bimo0002250821;Gascó, Luis Gonzaga  //;;;Diagramas mnemónicos de trigonometria mediante los cuales se obtienen mecánicamente mas de 700 fórmulas o relaciones tanto goniométricas, monomios y binomias, como trigonométricas rectilíneas y esféricas;;por el Dr. D. Luis Gonzaga Gascó;2ª ed. corr. y aum.;Librería de P. Aguilar;;Valencia;1897;68 p. , 22 cm ,;Matemáticas //;;;;;;;;;;Trigonometría --  //;;;;;;;;51  //;;;;;;;;;;;;;;;sp;spa;;;Libro;;2/43121 //;http://bdh-rd.bne.es/viewer.vm?id=0000117159&page=1 **;http://bdh-rd.bne.es/text.vm?id=0000117159&first=1&last=82 **
bimo0002252409;La Iglesia y Carnicero, Eugenio de  //;;;Catálogo de la biblioteca del Centro del Ejército y de la Armada;;;;[s.n.]  Imprenta de Infanteria de Marina;;Madrid;1889;p. , 8º m. ,;;;;;;;;;;;;;;;;;;;;;;;;;;;;;;;;;;sp;spa;;;Libro;;DGMICRO/62162 //;http://bdh-rd.bne.es/viewer.vm?id=0000059538&page=1 **;http://bdh-rd.bne.es/text.vm?id=0000059538&first=1&last=634 **
bimo0002255420;Rodríguez, Ángel (O.S.A.)  //;;;Elementos de matemáticas;;por el P. Ángel Rodríguez;;[s.n.]  Imp., Litogr., Enc. y Libros Rayados de Leonardo Miñón;;[S.l.] , Valladolid , Madrid;1893;"IX, 154; 174; 169 p. , 22 cm ,";Matemáticas //;[1]. Aritmética -- [2]. Álgebra -- [3]. Geometría y trigonometría// [1]. Aritmética -- [2]. Álgebra -- [3]. Geometría y trigonometría//;3 t. en 1 v.  //;;;;;;;;Matemáticas --  //;;;;;;;;51  //;;;;;;;;;;;;;;;sp;spa;;;Libro;;2/36910 //;http://bdh-rd.bne.es/viewer.vm?id=0000115113&page=1 **;http://bdh-rd.bne.es/text.vm?id=0000115113&first=1&last=530 **
bimo0002257980;Arnáez y Pérez, José M.  //;;;Nociones de aritmética para las escuelas de primera enseñanza de ambos sexos y escuelas normales;;por José M. Arnáez y Pérez;;[s.n.]  Imp. de Manuel y Vicente Guijarro;;[S.l.] , Alicante;1896;156 p. , 17 cm ,;Matemáticas //;;;;;;;;;;Aritmética --  //;;;;;;;;51  //;;;;;;;;;;;;;;;sp;spa;;;Libro;;2/43037 //;http://bdh-rd.bne.es/viewer.vm?id=0000117158&page=1 **;http://bdh-rd.bne.es/text.vm?id=0000117158&first=1&last=169 **
bimo0002298196;;;;Juego de damas;;;;Librería de Cuesta  Imp. de Yenes;;Madrid;1838;22 p. , 16 cm ,;;;;;;;;;;;Damas (Juego) --  //;;;;;;;;794  //  794.242  //;;;;;;;;;;;;;;;sp;spa;;;Libro;;VC/730/22 //;http://bdh-rd.bne.es/viewer.vm?id=0000091447&page=1 **;http://bdh-rd.bne.es/text.vm?id=0000091447&first=1&last=26 **
bimo0002298508;Veuillot, Louis , 1813-1883  //;;;Molière et Bourdaloue;;par M. Louis Veuillot;;[Lahure];;Paris;1877;2 h., 26. p. , 8º m. (18 cm) ,;;;;;;;;;;;;;;;;;;;;;;;;;;;;;;;;;;fr;fre;;;Libro;;DGMICRO/49674 //;http://bdh-rd.bne.es/viewer.vm?id=0000051981&page=1 **;http://bdh-rd.bne.es/text.vm?id=0000051981&first=1&last=284 **
bimo0002298596;Muret, Maurice  //;;;La litterature allemande pendant la guerre;;Maurice Muret;;[E. Grevin];;Paris;1920;257 p., 1 h. , 18 cm ,;;;;;;;;;;;;;;;;;;;;;;;;;;;;;;;;;;fr;fre;;;Libro;"Acceso y/o uso restringido. La presente obra presenta restricciones en cuanto a su reproducción, distribución, comunicación pública o transformación; no obstante y en virtud del artículo 37 del Texto refundido de la Ley de Propiedad Intelectual (TRLPI), la Biblioteca Nacional de España está autorizada a la reproducción y a la comunicación de obras, mediante red cerrada e interna, a efectos de investigación (artículo 37, RDL 1/1996, de 12 de abril, revisada el 5 noviembre de 2015); sin perjuicio de las copias que puedan obtenerse en la BNE para uso privado, para ejercer cualquier otro de los derechos de explotación previstos en la TRLPI, el usuario deberá contactar con el correspondiente titular o la entidad de gestión encargada de representar al titular.//";2/84249 //;http://bdh-rd.bne.es/viewer.vm?id=0000218158&page=1 **;http://bdh-rd.bne.es/text.vm?id=0000218158&first=1&last=267 **
bimo0002298913;Llorente Fernández, Ildefonso -aut  //;;;Recuerdos de Liébana;;por Ildefonso Llorente Fernández;;[s.n.]  Imprenta y Fundición de M. Tello;;[S.l.] , Madrid;1882;398 p. ,;Exploraciones. Viajes // Geografía Biografía. Historia //;;;;;;;;;;La Liébana (Cantabria, Comarca) -- Descripción --  //;;;;;;;;913(460)  //  910  //;;;;;;;;;;;;;;;sp;spa;;;Libro;;1/13963 //;http://bdh-rd.bne.es/viewer.vm?id=0000037918&page=1 **;http://bdh-rd.bne.es/text.vm?id=0000037918&first=1&last=411 **
bimo0002299124;;;;Fiestas celebradas en Jerez de la Frontera para solemnizar los días del Rey Nuestro Señor;;;;s.n.;;[S.l.;?;1 h. , 22 cm ,;;;;;;;;;;;;;;;;;;;;;;;;;;;;;;;;;;xx;spa;;;Libro;;VC/1438/2/4 //;http://bdh-rd.bne.es/viewer.vm?id=0000234570&page=1 **;http://bdh-rd.bne.es/text.vm?id=0000234570&first=1&last=2 **
bimo0002299912;Haleby, Omar  //;;;El Ktab El libro de las leyes secretas del amor. (Teologia-musulmana);;Homer Halevy;;Caro Raggiò;;Madrid;1927;185 p., 2 h. , 19 cm ,;;;;;;;;;;;;;;;;;;;;;;;;;;;;;;;;;;sp;spa;;;Libro;"Acceso y/o uso restringido. La presente obra presenta restricciones en cuanto a su reproducción, distribución, comunicación pública o transformación; no obstante y en virtud del artículo 37 del Texto refundido de la Ley de Propiedad Intelectual (TRLPI), la Biblioteca Nacional de España está autorizada a la reproducción y a la comunicación de obras, mediante red cerrada e interna, a efectos de investigación (artículo 37, RDL 1/1996, de 12 de abril, revisada el 5 noviembre de 2015); sin perjuicio de las copias que puedan obtenerse en la BNE para uso privado, para ejercer cualquier otro de los derechos de explotación previstos en la TRLPI, el usuario deberá contactar con el correspondiente titular o la entidad de gestión encargada de representar al titular.//";2/81805 //;http://bdh-rd.bne.es/viewer.vm?id=0000217325&page=1 **;http://bdh-rd.bne.es/text.vm?id=0000217325&first=1&last=203 **
bimo0002300094;Fernández Villegas, Francisco , 1856-1916  //;;;Por los Pirineos (notas de viaje);;Francisco Fernández Villegas (Zeda);;[s.n.];;[S.l.] , MadridfM. Romero, impresor;1898;246 p. , 19 cm ,;Exploraciones. Viajes // Geografía Biografía. Historia //;;;;;;;;;;Pirineos -- Descripción --  //;;;;;;;;913(460)  //  910  //;;;;;;;;;;;;;;;sp;spa;;;Libro;;2/45566 //;http://bdh-rd.bne.es/viewer.vm?id=0000039266&page=1 **;http://bdh-rd.bne.es/text.vm?id=0000039266&first=1&last=263 **
bimo0002300177;;;[Biblia.. A.T.. Libros sapienciales] //;I libri poetici della Biblia;;tradotti dai testi originale e annotati del P. A[lberto] Vaccazi...;;"[s.n.]  [""Grafia""]";;Roma;1925;XV + 415 pág. , 8º mlla. (22 cm) ,;;;;;;;;;;;;;;;;;;;;;;;;;;;;;;;;;;it;ita;;;Libro;;2/72771 //;http://bdh-rd.bne.es/viewer.vm?id=0000213085&page=1 **;http://bdh-rd.bne.es/text.vm?id=0000213085&first=1&last=441 **
bimo0002301884;;;;Atajo espiritual para llegar el alma segura y en breve a la íntima unión con Dios;;;;[s.n.]  Imp. de Eusebio Aguado;;[S.l.] , Madrid;1837;24 p. , 15 cm ,;;;;;;;;;;;Unión mística --  //;;;;;;;;24  //  248.212  //;;;;;;;;;;;;;;;sp;spa;;;Libro;;VC/2463/3 //;http://bdh-rd.bne.es/viewer.vm?id=0000091267&page=1 **;http://bdh-rd.bne.es/text.vm?id=0000091267&first=1&last=28 **
bimo0002302743;Ardel, Henri , 1863-1938  // Jardim, Aurora , 1898-1988  //;;;A divina cançao (contarrive);;"Henri Ardel ; traduçao de Aurora Jardim Aranha";;[s.n.]  Imprensa Civilizaçao;;Porto;1926;254 pág. , 8º mlla. (19 cm) ,;;;;;;;;;;;;;;;;;;;;;;;;;;;;;;;;;;po;por;;por //;Libro;"Acceso y/o uso restringido. La presente obra presenta restricciones en cuanto a su reproducción, distribución, comunicación pública o transformación; no obstante y en virtud del artículo 37 del Texto refundido de la Ley de Propiedad Intelectual (TRLPI), la Biblioteca Nacional de España está autorizada a la reproducción y a la comunicación de obras, mediante red cerrada e interna, a efectos de investigación (artículo 37, RDL 1/1996, de 12 de abril, revisada el 5 noviembre de 2015); sin perjuicio de las copias que puedan obtenerse en la BNE para uso privado, para ejercer cualquier otro de los derechos de explotación previstos en la TRLPI, el usuario deberá contactar con el correspondiente titular o la entidad de gestión encargada de representar al titular.//";2/80444 //;http://bdh-rd.bne.es/viewer.vm?id=0000217216&page=1 **;http://bdh-rd.bne.es/text.vm?id=0000217216&first=1&last=134 **
bimo0002303268;Laureano de la Cruz (O.F.M.)  //;;;Nuevo descubrimiento del rio de Marañón llamado de las Amazonas;;por Laureano de La Cruz;;Biblioteca de la Irradiación;;Madrid;1900 (fecha del original: 1653);132 p. , 15 cm ,;Geografía. Biografías. Historia // Exploraciones. Viajes // Tavera // Biblioteca de La Irradiación //;;Reprod. de la ed. de: Madrid, 1653  //;;;;;;;;Amazonas (Río) -- Descubrimientos y exploraciones --  //;;;;;;;;910.4(282.281.3)  //;;;;;;;;;;;;;;;sp;spa;;;Libro;;2/60008 //;http://bdh-rd.bne.es/viewer.vm?id=0000055587&page=1 **;http://bdh-rd.bne.es/text.vm?id=0000055587&first=1&last=136 **
bimo0002303319;Millán, Pascual , 1845?-1906  //;;;Caireles de oro : toros e historia;;Pascual Millán;;[s.n.]  Imp. de El Enano;;[S.l.] , Madrid;1899;414 p. , 18 cm ,;Juegos. Espectáculos. Deportes //;;;;;;;;;;Corridas de toros -- España -- Historia --  //;;;;;;;;79  //;;;;;;;;;;;;;;;sp;spa;;;Libro;;4/196609 //;http://bdh-rd.bne.es/viewer.vm?id=0000090541&page=1 **;http://bdh-rd.bne.es/text.vm?id=0000090541&first=1&last=429 **
bimo0002304036;;;;Reseña de los festejos con que el Capitán General y demás clases del Ejército de Burgos han obsequiado a S.M. y a sus augustas madre y hermana en su tránsito por el distrito;;;;[s.n.]  Imp. de Arnaiz;;[S.l.] , Burgos;1845;7 p. , 22 cm ,;;;;;;;;;;;Ceremonias, honores y saludos militares -- Burgos --  //;;;;;;;;355.16(460.182 B.)  //;;;;;;;;;;;;;;;sp;spa;;;Libro;;VC/2541/131 //;http://bdh-rd.bne.es/viewer.vm?id=0000091305&page=1 **;http://bdh-rd.bne.es/text.vm?id=0000091305&first=1&last=16 **
bimo0002304679;;;;Relación de los festejos con que Bilbao ha celebrado el recigo de la bandera regalo de S.M. a la Guardia Nacional;;por un individuo de la misma;;[s.n.]  Imp. M. García;;Madrid;1835;42 p. , 18 cm ,;;;;;;;;;;;;;;;;;;;;;;;;;;;;;;;;;;sp;spa;;;Libro;;VC/2701/43 //;http://bdh-rd.bne.es/viewer.vm?id=0000241143&page=1 **;http://bdh-rd.bne.es/text.vm?id=0000241143&first=1&last=51 **
bimo0002304859;Escobar y Lozano, Jaime  //;;;El indicador del viajero en las Islas Filipinas;;por Jaime Escobar y Lozano;1ª ed.;[s.n.]  Tipo-Litografía de Chofre y C.ª;;[S.l.] , Manila;1885;175 p., [4] h. pleg. de lam., [2] h. pleg. de map. [2] h. de map. , 23 cm ,;Exploraciones. Viajes // Geografía Biografía. Historia //;;;;;;;;;;Filipinas -- Descripción --  //;;;;;;;;913(599)  //  910  //;;;;;;;;;;;;;;;ph;spa;;;Libro;;1/72380 // 1/72380 //;http://bdh-rd.bne.es/viewer.vm?id=0000090268&page=1 **;http://bdh-rd.bne.es/text.vm?id=0000090268&first=1&last=276 **
bimo0002305338;Maryan, M. , 1847-1927  // Espanca, Florbela , 1894-1930  //;;;O segredo de Solange;;"M. Maryan. [seud.] ; traducçao de Florbella Espanca Lage";;[s.n.]  Emp. Indust. Gráfica;;Porto;1927;328 p. , 8º mlla. (19 cm) ,;;;;;;;;;;;;;;;;;;;;;;;;;;;;;;;;;;po;por;;;Libro;;2/78001 //;http://bdh-rd.bne.es/viewer.vm?id=0000216392&page=1 **;http://bdh-rd.bne.es/text.vm?id=0000216392&first=1&last=339 **
bimo0002305700;;;;Manifiesto de los festejos públicos celebrados en la fidelísima y ejemplar ciudad de Tortosa en regocijo de la jura como princesa heredera del trono de doña María Isabel Luisa de Borbón;;;;[s.n.]  Imp. de Joaquín Puigrubí;;[S.l.] , Tortosa;1833;29 p. , 20 cm ,;;;;;;;;;;;Fiestas -- Tortosa --  //;;;;;;;;394.4(460.237 Tortosa)  //;;;;;;;;;;;;;;;sp;spa;;;Libro;;VC/2706/22 //;http://bdh-rd.bne.es/viewer.vm?id=0000091317&page=1 **;http://bdh-rd.bne.es/text.vm?id=0000091317&first=1&last=32 **
bimo0002306104;;;[Biblia.. N.T.. Evangelio según Juan. Ilocano] //;Ti nasantoan á Evangelio oenno naimbag á dámag ni aṕo tayó á Jesucristo kas insúrat ni San Juan naádaw kadaguiti nadumaduma á nayúlog ití sao-t’ castila ...;;;;British & Foreign Bible Society;;LondonMadrid;1900;61 p. , 16 cm ,;Hispanoamérica // Religión. Teología // Biblia //;;;;;;;;;;;;;;;;;;226.5  //;;;;;;;;;;;;;;;xx;ilo;;;Libro;;HA/8673 //;http://bdh-rd.bne.es/viewer.vm?id=0000104490&page=1 **;http://bdh-rd.bne.es/text.vm?id=0000104490&first=1&last=71 **
bimo0002306126;Chabrol-Chameane, Ernest de  //;;;Dictionnaire de législation usuelle : contenant les notions du droit civil, commercial criminel et administratif : avec toutes les formules des actes et contrats et le tarif du droit d'enregistrement de chacun d'eux;;par E. de Chabrol-Chaméane;;au bureau, Rue du Faubourg Montmartre nº 15  Imp. et Fonderie d'A. Éverat;;Paris;1835;2 v. (562, 631 p.) , 28 cm ,;;;;;;;;;;;Derecho -- Francia -- Diccionarios --  //;;;;;;;;34(44)(038)  //;;;;;;;;;;;;;;;fr;fre;;;Libro;;1/40052 //;http://bdh-rd.bne.es/viewer.vm?id=0000134659&page=1 ** http://bdh-rd.bne.es/viewer.vm?id=0000134659&page=503 ** http://bdh-rd.bne.es/viewer.vm?id=0000134659&page=949 **;http://bdh-rd.bne.es/text.vm?id=0000134659&first=1&last=502 ** http://bdh-rd.bne.es/text.vm?id=0000134659&first=503&last=948 ** http://bdh-rd.bne.es/text.vm?id=0000134659&first=949&last=1207 **
bimo0002306979;Escribano Hernández, Godofredo  //;;;Trozos en prosa y verso de los mejores autores castellanos;;escogidos y coleccionados por D. Godofredo Escribano y Hernández;2ª ed.;[s.n.]  Avrial, impresor;;Madrid;1900;p. , 8º m. ,;;;;;;;;;;;;;;;;;;;;;;;;;;;;;;;;;;sp;spa;;;Libro;;DGMICRO/63964 //;http://bdh-rd.bne.es/viewer.vm?id=0000050405&page=1 **;http://bdh-rd.bne.es/text.vm?id=0000050405&first=1&last=304 **
bimo0002310776;Mediano y Ruiz, Baldomero , 1847-1893  //;;;El camino de la vida : curso completo de educación física, moral e intelectual, puesto al alcance de los niños por medio de sencillos episodios y útiles narraciones, y redactado para que sirva de lectura a los mismos;;por Baldomero Mediano y Ruiz;;Librería de Educación de D. Manuel Rosado  Imp. de L. Limia y G. Urosa;;Madrid;1872;267 p., [8] h. de lám. , 16 cm ,;Deportes //;;;;;;;;;;Educación de niños --  //;;;;;;;;796  //;;;;;;;;;;;;;;;sp;spa;;;Libro;;1/39421 //;http://bdh-rd.bne.es/viewer.vm?id=0000084195&page=1 **;http://bdh-rd.bne.es/text.vm?id=0000084195&first=1&last=592 **
bimo0002311024;Benito y Cantero, Juan José  //;;;La magia disfrazada o sea El espiritismo;El espiritismo  //;por Juan José Benito y Cantero;;[s.n.]  R. Velasco;;[S.l.] , Madrid;1886;VII, 402, IX p. , 21 cm ,;Magia //;;;;;;;;;;Espiritismo --  //;;;;;;;;794  //;;;;;;;;;;;;;;;sp;spa;;;Libro;;1/16906 //;http://bdh-rd.bne.es/viewer.vm?id=0000082694&page=1 **;http://bdh-rd.bne.es/text.vm?id=0000082694&first=1&last=439 **
bimo0002311047;Soriano, Rodrigo , 1868-1944  //;;[Moros y cristianos] //;Moros y cristianos notas de viaje (1893-1894) : Melilla, Argelia, la embajada del general Martínez Campos a Marruecos;;Rodrigo Soriano;;[s.n.]  Librería de Fernando Fé;;[S.l.] , Madrid;1894;416 p. , 19 cm ,;Exploraciones. Viajes // Geografía Biografía. Historia //;;;;;;;;;;Marruecos -- Descripción --  //;;;;;;;;913(64)  //  910  //;;;;;;;;;;;;;;;sp;spa;;;Libro;"Acceso y/o uso restringido. La presente obra presenta restricciones en cuanto a su reproducción, distribución, comunicación pública o transformación; no obstante y en virtud del artículo 37 del Texto refundido de la Ley de Propiedad Intelectual (TRLPI), la Biblioteca Nacional de España está autorizada a la reproducción y a la comunicación de obras, mediante red cerrada e interna, a efectos de investigación (artículo 37, RDL 1/1996, de 12 de abril, revisada el 5 noviembre de 2015); sin perjuicio de las copias que puedan obtenerse en la BNE para uso privado, para ejercer cualquier otro de los derechos de explotación previstos en la TRLPI, el usuario deberá contactar con el correspondiente titular o la entidad de gestión encargada de representar al titular.//";AFRGF/50 //;http://bdh-rd.bne.es/viewer.vm?id=0000089936&page=1 **;http://bdh-rd.bne.es/text.vm?id=0000089936&first=1&last=427 **
bimo0002312170;;Real Academia Española  //;;Diccionario de la lengua castellana;;por la Academia Española;8ª ed.;[s.n.]  en la Imp. Nacional;;[S.l.] , Madrid;1837;787 p. , 30 cm ,;;;;;;;;;;;Lengua española -- Diccionarios --  //;;;;;;;;(038)=134.2  //  811.134.2  //;;;;;;;;;;;;;;;sp;spa;;;Libro;;1/39513 //;http://bdh-rd.bne.es/viewer.vm?id=0000012832&page=1 ** http://bdh-rd.bne.es/viewer.vm?id=0000012832&page=202 **;http://bdh-rd.bne.es/text.vm?id=0000012832&first=1&last=201 ** http://bdh-rd.bne.es/text.vm?id=0000012832&first=202&last=402 **
bimo0002313322;Fénelon, François de Salignac de La Mothe , 1651-1715  // La Harpe  //;;[Obra selecta] //;Oeuvres choisies de Fénelon;;précédées de l'éloge de Fénelon par La Harpe;;Chez Ledentu, libraire-éditeur;;Paris;1837;747 p. , 1 retr. , 25 cm ,;;;;;;;;;;;;;;;;;;;"821.133.1-82""16""  //";;;;;;;;;;;;;;;fr;fre;;;Libro;;1/54791 //;http://bdh-rd.bne.es/viewer.vm?id=0000106036&page=1 **;http://bdh-rd.bne.es/text.vm?id=0000106036&first=1&last=765 **
bimo0002313727;Valdeiglesias, Alfredo Escobar y Ramírez, Marqués de , 1858-1949  //;;;El viaje de Don Alfonso XII a Francia, Alemania, Austria y Bélgica, setiembrede 1883 notas de un testigo;;Alfredo Escobar;;[s.n.]  Imprenta de Fortanet;;[S.l.] , Madrid;1883;VI, 253 p. , 18 cm ,;Exploraciones. Viajes // Geografía Biografía. Historia //;;;;;;;;;;Alfonso -- XII, -- Rey de España -- Viajes --  // Europa central -- Descripción --  //;;;;;;;;929  //  913(4)  //  910  //;;;;;;;;;;;;;;;sp;spa;;;Libro;"Acceso y/o uso restringido. La presente obra presenta restricciones en cuanto a su reproducción, distribución, comunicación pública o transformación; no obstante y en virtud del artículo 37 del Texto refundido de la Ley de Propiedad Intelectual (TRLPI), la Biblioteca Nacional de España está autorizada a la reproducción y a la comunicación de obras, mediante red cerrada e interna, a efectos de investigación (artículo 37, RDL 1/1996, de 12 de abril, revisada el 5 noviembre de 2015); sin perjuicio de las copias que puedan obtenerse en la BNE para uso privado, para ejercer cualquier otro de los derechos de explotación previstos en la TRLPI, el usuario deberá contactar con el correspondiente titular o la entidad de gestión encargada de representar al titular.//";1/72215 // 1/72215 //;http://bdh-rd.bne.es/viewer.vm?id=0000090269&page=1 **;http://bdh-rd.bne.es/text.vm?id=0000090269&first=1&last=279 **
bimo0002313989;González Carvajal, Tomás José , 1753-1834  //;;[Biblia.. A.T.. Salmos. Español] //;Los Salmos;;traducidos en verso castellano por Tomás González Carvajal;Reimp.;Librería de Vicente Salvá  Imp. de Moessard;;París;1838;403 p. , 12 cm ,;;;;;;;;;;;;;;;;;;;222/224  //  223.2  //;;;;;;;;;;;;;;;fr;spa;heb;spa //;Libro;;1/17513 //;http://bdh-rd.bne.es/viewer.vm?id=0000114641&page=1 **;http://bdh-rd.bne.es/text.vm?id=0000114641&first=1&last=419 **
bimo0002316230;Verkade, Willibrord , 1868-1946  //;;;Por la inquietud a Dios memorias de un monje pintor;;"por Don Wilibrordo Verkade ; traducción de la segunda edición alemana, por Don Justo Pérez de Urbel";;Herder & Cia.;;Friburgo de Brisgovia;1925;X p., 1 h., 270 p., 1 h. , 21 cm ,;;;;;;;;;;;;;;;;;;;;;;;;;;;;;;;;;;gw;spa;ger;spa //;Libro;"Acceso y/o uso restringido. La presente obra presenta restricciones en cuanto a su reproducción, distribución, comunicación pública o transformación; no obstante y en virtud del artículo 37 del Texto refundido de la Ley de Propiedad Intelectual (TRLPI), la Biblioteca Nacional de España está autorizada a la reproducción y a la comunicación de obras, mediante red cerrada e interna, a efectos de investigación (artículo 37, RDL 1/1996, de 12 de abril, revisada el 5 noviembre de 2015); sin perjuicio de las copias que puedan obtenerse en la BNE para uso privado, para ejercer cualquier otro de los derechos de explotación previstos en la TRLPI, el usuario deberá contactar con el correspondiente titular o la entidad de gestión encargada de representar al titular.//";2/82395 //;http://bdh-rd.bne.es/viewer.vm?id=0000217981&page=1 **;http://bdh-rd.bne.es/text.vm?id=0000217981&first=1&last=295 **
bimo0002316472;González Fernández, Ramón  //;;;Manual del viajero en Filipinas;;por Ramón González Fernández, en colaboración con Federico Moreno y Jeréz;;[s.n.]  Estab. Tip. de Santo Tomás;;[S.l.] , Manila;1875;XII, 478 p., [3] h. pleg. , 21 cm ,;Exploraciones. Viajes // Geografía Biografía. Historia //;Mapas y planos incluidos: [1. Manila (Filipinas). Planos de población. 1875. 2. Filipinas (Islas). Mapas generales. 1875.]//;;;;;;;;;Filipinas -- Descripción --  //;;;;;;;;"(599)  //  908(599)""18""  //  910  //";;;;;;;;;;;;;;;ph;spa;;;Libro;;GMm/2544 //;http://bdh-rd.bne.es/viewer.vm?id=0000037953&page=1 **;http://bdh-rd.bne.es/text.vm?id=0000037953&first=1&last=676 **
bimo0002316742;Sánchez y González de Somoano, José , 1850-1913  //;;;Nuevo método de gimnástica racional con la polea sistema Sánchez;;;;[s.n.]  Imp. de Manuel Minuesa de los Ríos;;[S.l.] , Madrid;1886;46 p., 1 h. de lám. , 18 cm ,;Deportes //;;El nombre del encabezamiento consta en la firma del autor  //;;;;;;;;Gimnasia --  //;;;;;;;;796  //;;;;;;;;;;;;;;;sp;spa;;;Libro;;2/32510 //;http://bdh-rd.bne.es/viewer.vm?id=0000084360&page=1 **;http://bdh-rd.bne.es/text.vm?id=0000084360&first=1&last=55 **
bimo0002317622;Curchod, Adr.  // Janet, Paul , 1863-1937  //;;;Installations électriques de force et lumière;;"Schémas de connexions par Adr. Curchod... ; préface de Paul Janet...";5e éd. remaniée et augm.;[s.n.]  René et Paul Deslis;;Paris , Tours;1925;XII, 354 p. , 4º mlla. (24 cm) ,;;;Grab. intercal.  //;;;;;;;;;;;;;;;;;;;;;;;;;;;;;;;fr;fre;;;Libro;"Acceso y/o uso restringido. La presente obra presenta restricciones en cuanto a su reproducción, distribución, comunicación pública o transformación; no obstante y en virtud del artículo 37 del Texto refundido de la Ley de Propiedad Intelectual (TRLPI), la Biblioteca Nacional de España está autorizada a la reproducción y a la comunicación de obras, mediante red cerrada e interna, a efectos de investigación (artículo 37, RDL 1/1996, de 12 de abril, revisada el 5 noviembre de 2015); sin perjuicio de las copias que puedan obtenerse en la BNE para uso privado, para ejercer cualquier otro de los derechos de explotación previstos en la TRLPI, el usuario deberá contactar con el correspondiente titular o la entidad de gestión encargada de representar al titular.//";2/77656 //;http://bdh-rd.bne.es/viewer.vm?id=0000215758&page=1 **;http://bdh-rd.bne.es/text.vm?id=0000215758&first=1&last=375 **
bimo0002318030;Naverán, Onofre Antonio de  //;;;Album poético infantil : colección completa de poesías de los mejores autores antiguos y modernos;;ordenada e ilustrada por Onofre Antonio de Naverán;;[s.n.]  Imp. de la Casa de Misericordia;;Bilbao;1890;XIII, 180, 111 p. , 17 cm ,;;;;;;;;;;;;;;;;;;;;;;;;;;;;;;;;;;sp;spa;;;Libro;;DGMICRO/49016 //;http://bdh-rd.bne.es/viewer.vm?id=0000049738&page=1 **;http://bdh-rd.bne.es/text.vm?id=0000049738&first=1&last=198 **
bimo0002318350;Sepúlveda, Enrique , 1844?-1903  // Comba, J.  //;;;El teatro del Príncipe Alfonso (historia de este coliseo);;"Enrique Sepúlveda ; ilustraciones de Comba";;R. Velasco;;Madrid;1892;38 p. , il. , 24 cm ,;Juegos. Espectáculos. Deportes //;;;;;;;;;;Teatro del Príncipe Alfonso -- Historia--  //;;;;;;;;792  //;;;;;;;;;;;;;;;sp;spa;;;Libro;;VC/17144/11 //;http://bdh-rd.bne.es/viewer.vm?id=0000091955&page=1 **;http://bdh-rd.bne.es/text.vm?id=0000091955&first=1&last=48 **
bimo0002318552;Pozo y de Mata, María de los Dolores del , 1852-1907  //;;;Un viaje al Monte Albernia;;por Mª de los D. del P. y de M., viuda de Saavedra;;"[s.n.]  Establecimiento Tipográfico ""La Hormiga de Oro""";;[S.l.] , Barcelona;1897;126 p.[4] h de lám. , 19 cm ,;Exploraciones. Viajes // Geografía Biografía. Historia //;;;;;;;;;;Francisco de Asís, -- Santo --  // Virtudes --  //;;;;;;;;929  //  24  //  910  //;;;;;;;;;;;;;;;sp;spa;;;Libro;;2/71938 //;http://bdh-rd.bne.es/viewer.vm?id=0000058139&page=1 **;http://bdh-rd.bne.es/text.vm?id=0000058139&first=1&last=149 **
bimo0002320764;Alarcón, Pedro Antonio de , 1833-1891  //;;[Obra selecta] //;Últimos escritos;;de Pedro Antonio de Alarcón;;[s.n.]  Imprenta y Fundición de M. Tello;;[S.l.] , Madrid;1891;331 p. , 17 cm ,;Exploraciones. Viajes // Geografía Biografía. Historia // Colección de escritores castellanos // Obras de Pedro Antonio de Alarcón //;;;;;;;;;;;;;;;;;;"821.134.2-82""18""  //  910  //";;;;;;;;;;;;;;;sp;spa;;;Libro;;4/109570 //;http://bdh-rd.bne.es/viewer.vm?id=0000056307&page=1 **;http://bdh-rd.bne.es/text.vm?id=0000056307&first=1&last=343 **
bimo0002320805;Velasco del Real, Octavio  //;;;De Roma a Jerusalén viaje a Siria y Palestina;;"Octavio Velasco del Real ; obra ilustrada con profusión de grabados originales de distinguidos artistas";;Ramón Molinas;;Barcelona;1890;435 p. , il. , 25 cm ,;Exploraciones. Viajes // Geografía Biografía. Historia // Biblioteca de la ilustración ibérica //;;;;;;;;;;Palestina -- Descripción --  // Siria -- Descripción --  //;;;;;;;;913(569.4)  //  913(569.1)  //  910  //;;;;;;;;;;;;;;;sp;spa;;;Libro;;1/68508 // AHM/649923 //;http://bdh-rd.bne.es/viewer.vm?id=0000133789&page=1 **;http://bdh-rd.bne.es/text.vm?id=0000133789&first=1&last=444 **
bimo0002320965;;;[Biblia.. N.T.. Hechos de los Apóstoles. Tagalo] //;Daguití inarámid daguidí Apóstoles naádaw Kadaguití nadumaduma á nayúlog ití sao-t' castila ket ití kalpasanna naitúkad ití adda á naisúrat ití sao-t' griego;;;;British y Foreing Bible Society  : Est. tip. de Idamor Moreno Cruzado;;"London ;Madrid ;Manila , Madrid";1900;79 p. , 17 cm ,;Hispanoamérica // Religión. Teología // Biblia //;;;;;;;;;;;;;;;;;;226.6  //;;;;;;;;;;;;;;;xx;tgl;;;Libro;;HA/702 //;http://bdh-rd.bne.es/viewer.vm?id=0000085230&page=1 **;http://bdh-rd.bne.es/text.vm?id=0000085230&first=1&last=85 **
bimo0002320969;;;;Colección de trozos escogidos castellanos para escuelas superiores de comercio y profesionales;;"publicada por el Dr. S. Gräfenberg ... ; con un prólogo de F. Navarro Santín";2ª ed. corr., aum. y un mapa de España;J.D. Sauerländer, ed.  Imp. de Rich;;Francfort , Cassel;1911;VII, 227 p., [1] h. de mapa pleg. , 21 cm ,;;;;;;;;;;;Lengua española -- Lecturas --  //;;;;;;;;811.134.2  //  811.134.2(076)  //;;;;;;;;;;;;;;;gw;spa;;;Libro;;1/57738 //;http://bdh-rd.bne.es/viewer.vm?id=0000038228&page=1 **;http://bdh-rd.bne.es/text.vm?id=0000038228&first=1&last=247 **
bimo0002323708;García Blanco, Antonio María , 1800-1890  //;;[Biblia.. A.T.. Salmos] //;Nuevo sSalterio de David o Traducción de los Salmos de David según la verdad hebraíca;Traducción de los Salmos de David según la verdad hebraíca  //;por el Doctor Don A.M. García Blanco;;[s.n.]  Imp. de Tomas Rey y Compañía;;[S.l.] , Madrid;1869;616 p. , 22 cm ,;;;;;;;;;;;;;;;;;;;223.2  //;;;;;;;;;;;;;;;sp;spa;heb;spa //;Libro;;1/17659 //;http://bdh-rd.bne.es/viewer.vm?id=0000174370&page=1 **;http://bdh-rd.bne.es/text.vm?id=0000174370&first=1&last=631 **
bimo0002323916;Saenz de Urraca, Arístides  //;;;De Madrid a Filipinas (impresiones de viaje) seguidas de un apéndice, conteniendo las compras que se conceptúan necesarias para la navegación, y las millas recorridas de Barcelona a Manila;;por D. Arístides Sáenz de Urraca;;[s.n.]  Imp. y Lit. de José Mª Ariza;;[S.l.] , Sevilla;1889;205 p. , 22 cm ,;Exploraciones. Viajes // Geografía Biografía. Historia //;;;;;;;;;;Viajes alrededor del mundo --  // Filipinas -- Descripción --  //;;;;;;;;910  //  913(599)  //;;;;;;;;;;;;;;;sp;spa;;;Libro;;HA/8217 //;http://bdh-rd.bne.es/viewer.vm?id=0000056925&page=1 **;http://bdh-rd.bne.es/text.vm?id=0000056925&first=1&last=221 **
bimo0002331065;Miranda y Sandoval, Ricardo de, Marqués de Premio Real  //;;;El teatro español contemporaneo;;Marqués de Premio Real;;Librería de Fernando Fe;;Madrid;1886;96 p. , 19 cm ,;Juegos. Espectáculos. Deportes //;;;;;;;;;;Teatro español -- S.XIX -- Historia y crítica --  // Teatro -- España --  //;;;;;;;;792  //;;;;;;;;;;;;;;;sp;spa;;;Libro;;VC/679/21 //;http://bdh-rd.bne.es/viewer.vm?id=0000091968&page=1 **;http://bdh-rd.bne.es/text.vm?id=0000091968&first=1&last=115 **
bimo0002334695;Antonio María Claret, Santo , 1807-1870  //;;[Biblia.. N.T.. Evangelio según Mateo. Español] //;El Santo Evangelio de Nuestro Señor Jesucristo según San Matheo;;anotado por Antonio María Claret;;Librería Religiosa;;Barcelona;1856;230 p. , 15 cm ,;Religión. Teología // Biblia //;;;;;;;;;;;;;;;;;;226.2  //;;;;;;;;;;;;;;;sp;spa;;;Libro;;2/38381 //;http://bdh-rd.bne.es/viewer.vm?id=0000109104&page=1 **;http://bdh-rd.bne.es/text.vm?id=0000109104&first=1&last=233 **
bimo0002335939;López Clarós, Pedro  // Escario, Joaquín  //;;;Memorias premiadas por la Junta de Gobierno de la Academia Matritense de Jurisprudencia y Legislación, y leídas por los Sres. D. Pedro López Clarós y D. Joaquín Escario ... en las sesiones de 7 y 14 de diciembre de 1841 sobre el siguiente tema: la pena capital ¿es legítima, justa y conveniente?. En caso de admitirse, ¿a qué delitos deberá aplicarse?;Memorias de D. Pedro López Clarós y D. Joaquín Escario sobre la pena capital  //;;;[s.n.]  Imp. de Eusebio Aguado;;[S.l.] , Madrid;1842;162 p. , 18 cm ,;;;;;;;;;;;Pena de muerte --  //;;;;;;;;343.25  //;;;;;;;;;;;;;;;sp;spa;;;Libro;;1/57226 //;http://bdh-rd.bne.es/viewer.vm?id=0000106038&page=1 **;http://bdh-rd.bne.es/text.vm?id=0000106038&first=1&last=179 **
bimo0002339031;Botet i Sisó, Joaquim , 1846-1917  //;;[Noticia histórica y arqueológica de la antigua ciudad de Emporion] //;Noticia histórica y arqueológica de la antigua ciudad de Emporion;;por Joaquín Botet y Sisó;;[s.n.]  Imp. de Alejandro Gómez Fuentenebro;;[S.l.] , Madrid;1879;145 p., [13] h. de lám. (algunas pleg.) , 27 cm ,;Geografía. Biografías. Historia // Arqueología. Prehistoria. Restos arqueológicos //;;"""Premiada por la Real Academia de la Historia en el concurso de 1875""  //";;;;;;;;Ampurias (Ciudad desaparecida) --  // Ampurias (Ciudad desaparecida) -- Historia --  //;;;;;;;;904(460.233)  //  94(460.233)  //;;;;;;;;;;;;;;;sp;spa;;;Libro;;1/11354 //;http://bdh-rd.bne.es/viewer.vm?id=0000086939&page=1 **;http://bdh-rd.bne.es/text.vm?id=0000086939&first=1&last=185 **
bimo0002341801;Rodríguez Ramos, Manuel  // Conde, Juan Mª  //;;;Destrucción de los animales dañinos;;por Manuel Rodríguez Ramos (Lupus). Con un artículo sobre los animales dañinos por Juan Mª de Conde;2ª ed., aum. considerablemente;Imprenta de Antonio Marzo;;Madrid;1900;184 p., [32] h. de lám. , 20 cm ,;"Caza y Pesca // De la Biblioteca de ""La Caza Ilustrada"" //";;;;;;;;;;Animales de caza --  //;;;;;;;;799  //;;;;;;;;;;;;;;;sp;spa;;;Libro;;2/73886 //;http://bdh-rd.bne.es/viewer.vm?id=0000090572&page=1 **;http://bdh-rd.bne.es/text.vm?id=0000090572&first=1&last=261 **
bimo0002353747;Alonso, Manuel A. , 1822-1889  //;;;El Gibaro cuadro de costumbres de la isla de Puerto-Rico;;Manuel A. Alonso;2ª ed.;[s.n.]  Jose Gonzalez Font. imp.;;[S.l.] , Puerto-Rico;1882;XVIII, 106 p. , 20 cm ,;Ciencias sociales // Etnología. Folclore //;;Publicado por primera vez en Barcelona en el año 1849  //;;;;;;;;Puerto Rico -- Usos y costumbres -- S.XIX --  //;;;;;;;;"(729.5)  //  39(729.5)""18""  //";;;;;;;;;;;;;;;pr;spa;;;Libro;;2/34033 //;http://bdh-rd.bne.es/viewer.vm?id=0000088095&page=1 **;http://bdh-rd.bne.es/text.vm?id=0000088095&first=1&last=305 **
bimo0002362124;Ortí y Lara, Juan Manuel , 1826-1904  // Isern y Marco, Damián , 1852-1914  //;;;Teorías opuestas entre sí acerca del Estado y su fin según que proceden del concepto de evolución o del concepto de la creación discursos leídos ante la Real Academia de Ciencias Morales y Políticas en la recepción pública del Sr. D. Juan Manuel Orti y Lara el día 23 de abril de 1899;;;;[s.n.]  Imp. de San Francisco de Sales;;[S.l.] , Madrid;1899;79 p. , 27 cm ,;Ciencias sociales // Política //;;Recoge los discursos de Juan Manuel Ortí y Lara y Damián Isern y Marco  //;;;;;;;;Estado --  //;;;;;;;;321.01  //;;;;;;;;;;;;;;;sp;spa;;;Libro;;VC/151/10 //;http://bdh-rd.bne.es/viewer.vm?id=0000092458&page=1 **;http://bdh-rd.bne.es/text.vm?id=0000092458&first=1&last=84 **
bimo0002365907;Ulecia y Cardona, Julio  // Ulecia y Cardona, Julio  // Espina y Capo, Antonio , 1850-1930  //;;;Tratamiento del cólera morbo-asiático exposición de los principales métodos y fórmulas empleadas contra esta terrible enfermedad por reputados profesores nacionales y extranjeros;Tratamiento del cólera morbo asiático  //;"hecha por D. Julio Ulecia y Cardona ; y con un prólogo de D. Antonio Espina y Capo";2ª ed. corr. y aum.;Administración de la Revista de Medicina y Cirugía Prácticas;;Madrid;1885;XII, 255 p. , 23 cm ,;Medicina. Farmacia // Biblioteca de la Revista de medicina y cirugía prácticas //;;;;;;;;;;Cólera -- Tratamiento --  //;;;;;;;;61  //;;;;;;;;;;;;;;;sp;spa;;;Libro;;1/78118 //;http://bdh-rd.bne.es/viewer.vm?id=0000117742&page=1 **;http://bdh-rd.bne.es/text.vm?id=0000117742&first=1&last=283 **
bimo0002391168;Vincart, Jean-Antoine  // Rodríguez Villa, Antonio , 1843-1912  //;;;El Coronel Franscico Verdugo (1537-1595) nuevos datos biográficos y relación de la campaña de Flandes de 1641;;"por Vincart ; publicados con notas e ilustraciones por Antonio Rodríguez Villa";;"[s.n.]  Estab. Tip. ""Sucesores de Rivadeneyra""";;[S.l.] , Madrid;1890;314 p. , 18 cm ,;Curiosidades de la historia de España (Rivadeneyra), t. 3 //;;;;;;;;;;Verdugo, Francisco --  // Guerra franco-española, 1635-1659 -- Campañas --  // Países Bajos -- Historia -- S.XVII --  //;;;;;;;;"355.48(460:44)""1635/59""  //  929 Verdugo, Francisco  //  94(492/493)""16""  //";;;;;;;;;;;;;;;sp;spa;;;Libro;;1/41118 // DGMICRO/17147 //;http://bdh-rd.bne.es/viewer.vm?id=0000247362&page=1 **;http://bdh-rd.bne.es/text.vm?id=0000247362&first=1&last=331 **
bipa0000138673;Arnó, Pedro  // Bastinos, Julián , 1852-1918  // Sánchez Gabagnach, Francisco de Paula , 1845-1918  //;;;Cantos escolares para las escuelas elementales y de párvulos;;letra y música de Pedro Arno;2ª ed.,/ aumentada con varios Cantos originales de Francisco de P. Sánchez Gavagnach, letra de Julián Bastinos y una Salve de Gloria Melgar, letra de Faustina Sáez de Melgar;Librería de Antonio J. Bastinos  Imp. de J. Jepús;;Barcelona;1897;"118 p. , ; 19 cm ,";;;;;;;;;;;;;;;;;;;;;;;;;;;;;;;;;;sp;spa;;;Libro;;DGMICRO/63314 //;http://bdh-rd.bne.es/viewer.vm?id=0000055877&page=1 **;http://bdh-rd.bne.es/text.vm?id=0000055877&first=1&last=132 **
F3345070;Maria Alipia del Calvario, Sor  //;;;Discurso leído por una religiosa agustina de la Asunción, profesora de la Escuela Normal Superior de Maestras de Manila en el solemne acto de la apertura de estudios del curso académico de 1896-1897 ...;;;;[s.n.]  Estab. Tip. de J. Marty;;[S.l.] , Manila;1896;26 p., [5] h. pleg. , 29 cm ,;Hispanoamérica // Ciencias sociales // Educación. Enseñanza //;;;;;;;;;;Educación --  //;;;;;;;;37  //;;;;;;;;;;;;;;;ph;spa;;;Libro;;HA/16634 //;http://bdh-rd.bne.es/viewer.vm?id=0000112731&page=1 **;http://bdh-rd.bne.es/text.vm?id=0000112731&first=1&last=44 **
Mima0000010377;Basilio, Obispo de Seleucia  // Simeai Metafrasta  // Moretus, Jan , 1576-1618 -impresor  //;Plantijnsche Drukkerij -impresor  //;;Basilij Seleuciae in Isauria episcopus De vita ac miraculis D. Virginis Martyris Iconensis Libri duo Simeonis Metaphrastae Logothetae de eadem Martyre Tractatus singularis;De vita ac miraculis D. Virginis Martyris Iconensis Libri duo  // Vita B. Thectrae.. Martyris Iconensis;Petrus Pontinus ... nunc primum eruit latine vertit notisque illustravit;;ex Officina Plantiniana  apud Ioannem Moretum;;Antuerpiae;1608;[30], 292, [10] p. , 4º ,;Religión. Teología //;;Texto paralelo en latín y griego  // Colofón  // Marca tipográfica en verso de colofón  // Sign.: *³, 2*-4*⁴, A-Z⁴, a-o⁴, p³  // Texto con apostillas marginales  // Portada con escudo real calcográfico  //;;;;;;;;Tecla, -- Santa -- Biografías --  //;;Amberes, Bélgica //;;;;;;;;;;;;;;;;;;;;;be;lat;;;Libro;;U/1659 //;http://bdh-rd.bne.es/viewer.vm?id=0000104161&page=1 **;http://bdh-rd.bne.es/text.vm?id=0000104161&first=1&last=341 **
Mima0000013583;Zamora, Antonio de , 1660-1728  // Bernardino de Madrid  //;;;Funebre numerosa descripcion de las Reales Exequias que a nuestro difunto Catholico Monarca Don Carlos II ... consagrò la ... Villa de Madrid, en el Convento Real de Santo Domingo desta Corte... el dia diez y siete de Diziembre deste presente año de 1700 ...;Oracion funebre en las reales exequias ... a ... Carlos II;"escriviala Don Antonio de Zamora ... oficial de la Secretaria de Indias ... ; y la corona la Oracion funebre que dixo ... Fray Bernardino de Madrid, de la Sagrada Religion de Capuchinos ...";;[s.n.];;[S.l.];1701;90, [2], 30 p. , 4º ,;Religión. Teología //;;"Palau lo supone impreso en Madrid, 1701  // Sign.: A-L⁴, M⁴, N², A-D⁴  // Portadas y texto de la primera parte con orla tipográfica  // No hay letra ""K"" en las sign., sin que este hecho afecte al texto ni a los reclamos  // Texto con apostillas marginales  // Segunda obra con portada, paginación y signaturización propias  // Viñetas xilográficas ornamentales como remate a las octavas  //";Aguilar Piñal. Bib. S.XVIII v. 1, n. 4286  // Aguilar Piñal. Bib. S.XVIII v. 8, n. 3913  // Palau XXVIII, n. 379045  //;;;;;;;Carlos -- II, -- Rey de España -- Panegíricos --  // Carlos -- II, -- Rey de España -- Exequias --  // Oraciones fúnebres --  //;Poesías religiosas --  //;;;;;;;;;;;;;;;;;;;;;;sp;spa;;;Libro;;2/67982 //;http://bdh-rd.bne.es/viewer.vm?id=0000064659&page=1 **;http://bdh-rd.bne.es/text.vm?id=0000064659&first=1&last=66 **
Mima0000018009;Adeva Pacheco, Juan de  // Ibarra, Joaquín , 1725-1785 -imp.  //;;;Verdadera medicina, y desengaños de la adulacion médica para la conservacion de la salud del cuerpo humano;;su autor ...Don Juan de Adeva Pacheco ...;;en la Imprenta de Joachin Ibarra;;En Madrid;1754;[32], 172 p. , 8º ,;Medicina. Farmacia //;;Fecha tomada de la tasa, 1754  // Sign.: ¶-¶¶⁸, A-K⁸, L⁶  //;;;;;;;;;;Madrid, España //;;;;;;;;;;;;;;;;;;;;;sp;spa;;;Libro;;3/48650 //;http://bdh-rd.bne.es/viewer.vm?id=0000122492&page=1 **;http://bdh-rd.bne.es/text.vm?id=0000122492&first=1&last=211 **
Mima0000018441;Alejandro de la Madre de Dios  // Marín, Antonio , fl. 1726-1784 -imp.  //;;;Luz del alma en dos tratados primero de las Perfecciones de Dios, segundo de las virtudes de Christo;;compuesto por ... Fray Alexandro de la Madre de Dios ... del Orden de Descalzos de las Santissima Trinidad, Redempcion de Cautivos ...;Tercera impression;por Antonio Marin  se hallrà todo el año en los Trinitarios Descalzos ...;;En Madrid;1729;[36], 502 p. , 8º ,;;;Sign.: ¶⁴, 2¶-3¶⁸  // Port. con orla tip.  //;Aguilar Piñal. Bib. S.XVIII v. 1, 799  //;;;;;;;Jesucristo --  // Dios -- Atributos --  //;;Madrid, España //;;;;;;;;;;;;;;;;;;;;;sp;spa;;;Libro;;3/37992 //;http://bdh-rd.bne.es/viewer.vm?id=0000147545&page=1 **;http://bdh-rd.bne.es/text.vm?id=0000147545&first=1&last=549 **
Mima0000022136;Belando, Nicolás de Jesús  // Fernández, Manuel , fl. 1726-1750 -imp.  //;;;Manual para sacerdotes en que se contienen varias bendiciones, y exorcismos, con un breve metodo de consolar à los enfermos ... y lo que corresponde à los capellanes, y sacerdotes, que siguen la Corte del Rey Catolico, y sirven en sus Reales Exercitos, y Armadas de mar, y tierra;;escrito por el P. Fr. Nicolas de Jesus Belando, religiosos francisco descalzo ...;;en la Imprenta, y Libreria de Manuel Fernandez ...;;En Madrid;1744;[36], 299 p., [1] en bl. , 12º ,;Religión. Teología // Teología //;;Sign.: ¶¹², ¶¶⁶, A-M¹², N⁶  // Notas a pie de página  // Portada con escudo xilográfico de la Orden de los Franciscanos  //;Aguilar Piñal. Bib. S.XVIII v. 1, n. 3907  //;;;;;;;Sacerdotes --  //;;Madrid, España //;;;;;;;;;;;;;;;;;;;;;sp;spa;;;Libro;;3/57573 //;http://bdh-rd.bne.es/viewer.vm?id=0000049273&page=1 **;http://bdh-rd.bne.es/text.vm?id=0000049273&first=1&last=172 **
Mima0000029447;Carrasco, José , s. XVIII  // Fernández, Manuel , fl. 1726-1750 -imp.  //;;;La Phenix de Murcia vida, virtudes y prodigios de la ... madre Mariana de San Simeon, fundadora de los conventos de Agutinas Descalzas de Almansa y Murcia;;su author ... Joseph Carrasco ...;;por Manuel Fernández ...;;En Madrid;1746;[24], 488, [8] p., [5] h. de lám. , 4º ,;Geografía. Biografías. Historia // Biografías. Heráldica. Genealogía //;;Sign.: [ ]⁴, ¶-¶¶⁴, A-Z⁴, 2A-2Z⁴, 3A-Q⁴  // Iniciales grabadas  // La lámina es un grabado calcográfico de la santa  //;Aguilar Piñal.Bib.S.XVIII v. 2, 1772  //;;;;;;;Mariana de San Simeón --  //;;Madrid, España //;;;;;;;;;;;;;;;;;;;;;sp;spa;;;Libro;;3/13538 //;http://bdh-rd.bne.es/viewer.vm?id=0000081078&page=1 **;http://bdh-rd.bne.es/text.vm?id=0000081078&first=1&last=535 **
Mima0000029964;Casta, Francisco Alberto de la  // Malo, Juan , fl. 1732-1743 -imp.  //;;;Epítome de la vida de la madre de la Caridad la extática Virgen Sta. Magdalena de Pazzis ...;;su autor ... Francisco Alberto de Casta ...;;por Juan Malo ...  se hallará en la porteria del Carmen;;En Zaragoza;1738;[32], 387 p., [1] h. de lám. , 8º ,;Religión. Teología //;;Sign.: ¶-¶¶⁸, A-Z⁸, 2A⁸, 2B²  // Texto con apostillas marginales  // La lámina es un grabado calcográfico de la Virgen  //;Aguilar Piñal.Bib.S.XVIII v. 2, 1874  //;;;;;;;;;Zaragoza, España //;;;;;;929  //;;;;;;;;;;;;;;;sp;spa;;;Libro;;3/59351 //;http://bdh-rd.bne.es/viewer.vm?id=0000049226&page=1 **;http://bdh-rd.bne.es/text.vm?id=0000049226&first=1&last=215 **
Mima0000036689;Dicey, Thomas  //;;;An historical account of Guernsey, from its first settlement before the norman conquest to the present time...;;;;For the author;;London;1751;10 h., XXIV, 220 p. , 16º ,;;;;;;;;;;;;;;;;;;;;;;;;;;;;;;;;;;xx;eng;;;Libro;;3/76884 //;http://bdh-rd.bne.es/viewer.vm?id=0000246892&page=1 **;http://bdh-rd.bne.es/text.vm?id=0000246892&first=1&last=265 **
Mima0000039250;;;;Ensayo de la Sociedad Bascongada de los Amigos del Pais : Año de 1766;;;;por Thomas de Robles;;Vitoria;1768;p. , 8º ,;Botánica //;;;;;;;;;;;;;;;;;;58  //;;;;;;;;;;;;;;TratadosArq18;sp;spa;;;Libro;;2/15112 //;http://bdh-rd.bne.es/viewer.vm?id=0000041452&page=1 **;http://bdh-rd.bne.es/text.vm?id=0000041452&first=1&last=392 **
Mima0000042862;Ferrer, Bartolomé , fl. 1719  // Fernández de Huerta, Eusebio -imp.  //;;;Curiosidades utiles arithmetica, geometrica, y architectónica, ó sea, La regla de oro Arithmetica, El buen celo, tratado Geométrico, y el curioso Architecto ó Cartilla de Architectura;;su autor... Bartholome Ferrer...;;por Eusebio Fernandez de Huerta;;Madrid;1719;[26], 239, [1] p., 7 h. de lám. pleg. , 4º ,;Matemáticas //;;"Sign:[ ]²⁻¹, ¶⁴-¶¶¶⁴, A-Z⁴, Aa-Gg⁴  // Portada con orla tipográfica  // Iniciales grabadas  // Anteportada  // En antep. grabado calcográfico: Niño con su Angel de la Guarda. En un rectámgulo ""Rectum Monstrat Yter"". Enmarcado en una rama ""El curioso arquitecto"" debajo ""O La Cartilla A.B.C.D. Arquitecª"". Ferrer Ft.  // Las h. de lám. son grabados calcográficos  //";Aguilar Piñal. Bib. S.XVIII v. 3, n. 3699  //;;;;;;;Aritmética -- Obras anteriores a 1800 --  // Geometría -- Obras anteriores a 1800 --  //;;Madrid, España //;;;;;;514  //;;;;;;;;;;;;;;TratadosArq18;sp;spa;;;Libro;;;http://bdh-rd.bne.es/viewer.vm?id=0000116269&page=1 **;http://bdh-rd.bne.es/text.vm?id=0000116269&first=1&last=274 **
Mima0000045577;Fuentes, Pedro Antonio (O.F.M.)  // Ibarra, Joaquín , 1725-1785 -imp.  // Castillo, Antonio del , fl. 1758-1804 -ed.  //;;;Gramatica Griego-Literal para el uso de los estudios de España y seminario de Tierra Santa;Gramática española Griego-Literal  //;por Fr. Pedro Antonio Fuentes de la Regular Observancia de nuestro P.S. Francisco ...;;por D. Joachin Ibarra ...   se hallará con la Vulgar del mismo autor en la librería de Antonio Castillo ...;;En Madrid;1766;[4], XVI, 368 p. , 4º ,;;;Partes del texto en griego  // Marca tipográfica en portada  // Pie de imprenta paralelo en griego y español  // Sign.: [a ]-b⁴, c2, A-Z⁴, Aa-Zz⁴  //;Aguilar Piñal. Bib. S.XVIII v. 3, n. 4695 (pie de imprenta figura el año 1776) , n. 4694 (del año 1766)  //;;;;;;;Lengua griega -- Gramática -- Obras anteriores a 1800 --  //;;Madrid, España //;;;;;;811.14'02  //;;;;;;;;;;;;;;;sp;spa;;spa // grc //;Libro;;3/48997 //;http://bdh-rd.bne.es/viewer.vm?id=0000051321&page=1 **;http://bdh-rd.bne.es/text.vm?id=0000051321&first=1&last=385 **
Mima0000046944;Gaudenti, Antonio  //;;;Storia della Santa Casa di Loreto;;... Opera del Reverendissimo D. Antonio Gaudenti... [Ilustrada por Federico Sartori];Edizione seconda;Eredi Sartoy;;Boreto;1790;2 h., 246 p., 1 h., 5 lam. , 8º (21 cm) ,;;;;;;;;;;;;;;;;;;;;;;;;;;;;;;;;;;xx;ita;;;Libro;;DGMICRO/71331 //;http://bdh-rd.bne.es/viewer.vm?id=0000062261&page=1 **;http://bdh-rd.bne.es/text.vm?id=0000062261&first=1&last=269 **
Mima0000048512;Godeau, Antoine , 1605-1672  //;;;Instructions et prieres chrestiénnes pour toutes sortes de personnes;;;Nouvelle Edition reueuë et augmentée;Chez la Veueue Jean Camurat;;París;1649;p. , 12º ,;;;;;;;;;;;;;;;;;;;;;;;;;;;;;;;;;;fr;fre;;;Libro;;3/42903 //;http://bdh-rd.bne.es/viewer.vm?id=0000230660&page=1 **;http://bdh-rd.bne.es/text.vm?id=0000230660&first=1&last=292 **
Mima0000048930;Gómez Ortega, Casimiro , 1740-1818  // Ibarra, Joaquín , 1725-1785 -imp.  // Rodríguez, Manuel Mariano , 1729-1802 -grab.  //;;;Historia natural de la malagueta, ó pimienta de tavasco, y noticia de los usos, virtudes y exencion de derechos de esta saludable y gustosa especia, con la lámina de su arbol;;escrita de órden del Rey por el Dr. D. Casimiro Gómez Ortega, Primer Catedrático del Real Jardin Botánico, ...;;por D. Joachin Ibarra, Impresor de Cámara de S.M.;;Madrid;1780;[1] h., 34 p., [1] h. de lám. , Fol. ,;Botánica //;;"Existe emisión en formato 4º con distinta signaturización  // Sign.: [ ]², B-I²  // La h. de lám. es grabado calcográfico del árbol de la malagueta: ""Arbol de la Malagueta ò pimienta de tavasco. B.S.C. Manl. Rodz. Gº.""  //";Aguilar Piñal. Bib. S.XVIII v. 4, n. 1669  //;;;;;;;Especias -- Obras anteriores a 1800 --  //;;Madrid, España //;;;;;;58  //;;;;;;;;;;;;;;;sp;spa;;;Libro;;3/52584 // 3/52584 //;http://bdh-rd.bne.es/viewer.vm?id=0000135483&page=1 **;http://bdh-rd.bne.es/text.vm?id=0000135483&first=1&last=45 **
Mima0000054404;;;;"Hoseas Propheta, Ebraice & Chaldaice Cum duplici versione Latina: et commentariis Ebraicis trium Doctiss. Judeorum ; etc.";;Acced. in fine succinctae sed necessariae annotationes Goljelmi Coddaei;;Typ. Raphelengianis;;Lugduni Batav.;1621;p. , 4º ,;;;;;;;;;;;;;;;;;;;;;;;;;;;;;;;;;;ne;heb;;heb // lat //;Libro;;3/40135 //;http://bdh-rd.bne.es/viewer.vm?id=0000229364&page=1 **;http://bdh-rd.bne.es/text.vm?id=0000229364&first=1&last=152 **
Mima0000055026;Ibáñez de la Rentería, José Agustín  // Aznar, Pantaleón , fl. 1765-1809? -imp.  //;;;Discurso que Don Joseph Agustin Ibañez presentó á la Real Sociedad Bascongada de los Amigos del País en sus Juntas generales de los años de 1780, 81 y 83;;;;por Pantaleon Aznar;;En Madrid;1790;[6], 253, [5] p. , 8º ,;;;Sign.: A-Q⁸, R⁴  // Portada con viñeta xilográfica  //;Aguilar Piñal. Bib. S.XVIII v. 4, 3531  //;;;;;;;Política social -- Aspectos económicos --  //;;Madrid, España //;;;;;;304  //;;;;;;;;;;;;;;;sp;spa;;;Libro;;3/43076 //;http://bdh-rd.bne.es/viewer.vm?id=0000057250&page=1 **;http://bdh-rd.bne.es/text.vm?id=0000057250&first=1&last=275 **
Mima0000060535;Lange, Joachim  //;;;Clavis Hebraei Codicis, qua, secundum seriem Librorum, Cap. ac Vers., Vocum Hebraerum latina tavulatio ac analysis, una cum radicibus exhibentur : Accedit triplex memoriae subsidium, Onomasticum, Analogicum et Harmonicum;;;Edit. 3ª;Typis Orphanotrophei;;Halae Magdeburgiae;1735;p. , 8º ,;;;;;;;;;;;;;;;;;;;;;;;;;;;;;;;;;;gw;lat;;;Libro;;3/5402 // 3/5402 //;http://bdh-rd.bne.es/viewer.vm?id=0000084858&page=1 **;http://bdh-rd.bne.es/text.vm?id=0000084858&first=1&last=879 **
Mima0000063657;;;;Liber Pontificalis Ecclesiae graecae (gr.);;nunc primum... collectus, lat. interpretatione notis ac observation. illustratus, labore Isaaci Haberti;;ap. Lud. Billaine;;Parisiis;1676;p. , Fol. ,;;;;;;;;;;;;;;;;;;;;;;;;;;;;;;;;;;fr;lat;;;Libro;;3/15090 //;http://bdh-rd.bne.es/viewer.vm?id=0000216043&page=1 **;http://bdh-rd.bne.es/text.vm?id=0000216043&first=1&last=803 **
Mima0000075684;;;;Moyens pour assurer son salut, et se disposer á une sainte mort;;par un religieux barnabite;Nouvelle éd.;chez. Guillaume Cavelier;;A Paris;1723;2 v. , 12º ,;;;;;;;;;;;;;;;;;;;;;;;;;;;;;;;;;;fr;fre;;;Libro;;3/42715-3/42716 // 3/42715_V._1 // 3/42716_V._2 //;http://bdh-rd.bne.es/viewer.vm?id=0000134640&page=1 ** http://bdh-rd.bne.es/viewer.vm?id=0000134640&page=506 **;http://bdh-rd.bne.es/text.vm?id=0000134640&first=1&last=505 ** http://bdh-rd.bne.es/text.vm?id=0000134640&first=506&last=745 **
Mima0000083586;Paz, Juan de , 1703-1778  // Barco López, Plácido -imp.  //;;;El estudiante instruido diálogo entre padre, é hijo : método breve para adelantar los profesores de las letras en ellas y en la virtud ...;;compuesto por el Padre Juan de Paz de la extinguida Compañia de Jesus ...;Segunda edición;por Don Plácido Barco Lopez, calle de la Cruz donde se hallará ...;;Madrid;1794;326 p., [2] en bl. , 8º ,;Ciencias sociales // Educación. Enseñanza //;;Sign.: A-V⁸, X⁴  // Anteportada  // Portada con viñeta xilográfica  //;Aguilar Piñal. Bib. S.XVIII v. 6, n. 2057  //;;;;;;;Jóvenes -- Educación -- Obras anteriores a 1800 --  //;;Madrid, España //;;;;;;;;;;;;;;;;;;;;;sp;spa;;;Libro;;3/22335 //;http://bdh-rd.bne.es/viewer.vm?id=0000080601&page=1 **;http://bdh-rd.bne.es/text.vm?id=0000080601&first=1&last=337 **
Mima0000085307;Pfanner, Tobias  //;;;De catechumenis antiquae Ecclesiae liber;;;;Gothae  litteris millerianis;;Francofurti , Vinariae;1688;p. , 12º ,;;;;;;;;;;;;;;;;;;;;;;;;;;;;;;;;;;gw;lat;;;Libro;;3/60976 //;http://bdh-rd.bne.es/viewer.vm?id=0000239223&page=1 **;http://bdh-rd.bne.es/text.vm?id=0000239223&first=1&last=207 **
Mima0000087509;Portal, Antoine , 1742-1832  // Faubert, Guillermo Augusto -trad.  // Tóxar, Francisco de -imp.  //;;;Instruccion sobre el metodo de curar a los asfiticos por el mefitismo, los ahogados, &c. con observaciones sobre las causas de estos accidentes, y sobre las señales de muerte verdadera, para distinguirla de la que solo es aparente;;"dada a luz en 1796 por el autor Antonio Portal ... ; traducida por D. Guillermo Augusto Jaubert, presbitero";;en la Oficina de D. Francisco de Toxar;;Salamanca;1798;CLVII p., [3] en bl. , 8º ,;;;Sign.: A-K⁸  // Portada con viñeta xilográfica  // Notas a pie de página  //;Aguilar Piñal. Bib. S.XVIII v. 3, 1827  //;;;;;;;Medicina -- Obras anteriores a 1800 --  //;;Salamanca, España //;;;;;;;;;;;;;;;;;;;;;sp;spa;;;Libro;;2/65472 //;http://bdh-rd.bne.es/viewer.vm?id=0000133963&page=1 **;http://bdh-rd.bne.es/text.vm?id=0000133963&first=1&last=169 **
Mima0000088867;Puente, Pedro de la , s. XIX  // Fernández de Jáuregui, María -imp.  //;;;Reflexîones sobre el bando de 25 de junio ultimo, contraidas a lo que dispone para con los eclesiasticos rebeldes y al recurso que en solicitud de su revocacion dirigieron en 6 de julio á este Illmo. Cabildo varios clérigos y cinco religiosos de México;;escribíalas D. Pedro de la Puente ...;;en la Imprenta de Doña Maria Fernandez Jauregui;;Mexico;1812;[8], 248, [5] p. , 4º ,;Independencia Americana //;;Sign.: [ ]⁴, [A]-B⁴, C², D-Z⁴, 2A-2G⁴, 2H⁶  //;;;;;;;;Clero -- México --  // México -- Historia -- 1810-1821 (Guerra de la Independencia) --  //;;México (ciudad), México //;;;;;;;;;;;;;;;;;;;;;mx;spa;;;Libro;;HA/10907 // HA/20587 //;http://bdh-rd.bne.es/viewer.vm?id=0000080936&page=1 **;http://bdh-rd.bne.es/text.vm?id=0000080936&first=1&last=254 **
Mima0000093183;Richards, Thomas , ca. 1710-1790  //;;;Antiquae Linguae Britannicae Thesaurus : being a British, or Welsh-English Dictionary... to which is prefix'd, A compendious Welsh Grammar...;;by Thomas Richards;;[s.n.]  Felix Farley;;[S.l] , Bristol;1753;XXIII p., 8 h., 68 p., Sign. A-Z, 2A-2Z, 3A-3D, A-G de 4 h., 1 h. , 8º ,;;;;;;;;;;;;;;;;;;;;;;;;;;;;;;;;;;xx;eng;;;Libro;;DGMICRO/71334 //;http://bdh-rd.bne.es/viewer.vm?id=0000009894&page=1 ** http://bdh-rd.bne.es/viewer.vm?id=0000009894&page=301 **;http://bdh-rd.bne.es/text.vm?id=0000009894&first=1&last=300 ** http://bdh-rd.bne.es/text.vm?id=0000009894&first=301&last=596 **
Mima0000095979;Ruiz de Luzuriaga, Ignacio María  //;Imprenta Real (Madrid)  //;;Disertacion medica sobre el colico de Madrid inserta en las Memorias de la Real Academia Medica de Madrid, y publicada separadamente ...;;por el Doctor Don Ignacio Maria Ruiz;;en la Imprenta Real  se hallará en la Librería de Don Gabriel Gomez, calle de las Carretas;;Madrid;1796;[8], 260, [2] p., [2] en bl. , 8º ,;Medicina. Farmacia //;;Sign.: [ ]⁴, A-Q⁸, R⁴  // Anteportada  //;Aguilar Piñal. Bib. S.XVIII v. 7, 2388  //;;;;;;;Medicina -- Obras anteriores a 1800 --  // Cólico --  //;;Madrid, España //;;;;;;61  //;;;;;;;;;;;;;;;sp;spa;;;Libro;;3/4977 //;http://bdh-rd.bne.es/viewer.vm?id=0000125809&page=1 **;http://bdh-rd.bne.es/text.vm?id=0000125809&first=1&last=279 **
Mima0000111577;Anisson, Jean , 1642?-1721 -impresor  // Ateneo el Mecánico  // Bitón  // Apolodoro de Damasco  // Filón de Bizancio  // Herón de Alejandría  // Aleotti, Giovanni Battista , 1546-1636  // Julio Africano, Sexto  // Baldi, Bernardino , 1553-1617  //;Imprimerie royale (Francia) -impresor  //;;Veterum mathematicorum Athenaei, Bitonis, Apollodori, Heronis, Philonis, et aliorum opera graece et latine pleraque nunc primum edita. Ex manuscriptis codicibus Bibliothecae Regiae;Veteres mathematici  //;;Nunc primum edita, ex manuscriptis codicibus Bibliotheca Regia;ex typographia regia  e typographia regia curante Joanne Anisson, eiusdem typografiae directore;;Parisiis;1693;XVI, 365 [i.e. 355], [9] p. , il. , Fol. ,;;"Athenaei de machinis (p. 1-12) ; Poliorcetica excerpta ex libris Apollodori (p. 13-48) ; Ex opere Philonis liber IV de telorum constructione (p. 49-78) ; Philonis liber V (p. 79-104) ; Bitonis de constructione bellicarum machinarum et catapultarum (p. 80-114) ; Heronis de constructione et mensura manubalistae (p. 105-120) ; Heronis Ctesibii belopoeeca, id est telifactiva (p.121-144) ; Heronis Alexandrini spiritalia (p. 145-232) ; Quatuor theoremata adjuncta Spiritualibus Heronis, per M. Joannem Baptistam Aleottum ... (p. 233-242 ) ; Heronis Alexandrini de automatorum fabrica (p. 243-274) ; Iouliou Aphrikanou kestoi (p. 275-316) ; Opōs chrē stratēgon pros tēn poliorkian antitattesthai (p. 317-330); Bernardini Baldi, in Heronis belopoeeca scholia (p. 331-338) ; De Julio Africano quaedam observanda (p. 339-360)//";Texto paralelo griego-latín a dos columnas  // Marca tipográfica en portada  // Sign.: a⁴, e⁴, A-2Y⁴, 2Z²  // Error de paginación: de 279 pasa a 290  // Iniciales, cabeceras y remates grabados  // Anteportada  // Grabados calcográficos intercalados en el texto  //;;;;;;;;Artillería -- Obras anteriores a 1800 --  //;;París, Francia //;;;;;;;;;;;;;;;;;;;;;fr;lat;;latgrc //;Libro;;ER/1411 //;http://bdh-rd.bne.es/viewer.vm?id=0000235262&page=1 **;http://bdh-rd.bne.es/text.vm?id=0000235262&first=1&last=196 **
Mimo0000060436;Sandeau, Jules  // Peratoner, Amancio  // Werdet, Edmond  // Bayard, Émile , 1837-1891  //;;[Madeleine. Español] //;Magdalena;;"Julio Sandeau ; versión castellana por A. Blanco Prieto ; precedida de una introducción por Edmundo Werdet ; ilustración de E. Bayard";;Maucci;;Barcelona;1888;234 p. , il. , 20 cm ,;"Biblioteca ""Arte y letras"" //";;;;;;;;;;;;;;;;;;"840-31""18""  //";;;;;;;;;;;;;;;sp;spa;;;Libro;;3/173485 //;http://bdh-rd.bne.es/viewer.vm?id=0000220335&page=1 **;http://bdh-rd.bne.es/text.vm?id=0000220335&first=1&last=289 **
Mimo0000495534;Cerralbo, Enrique de Aguilera y Gamboa, Marqués de , 1845-1922  //;;;Las primitivas pinturas rupestres estudio sobre la obra La caverne d'Altamira, de MM. Cartailhac et Breuil;;por el Marqués de Cerralbo;;[s.n.]  Estab. Tip. de Fortanet;;[S.l.] , Madrid;1909;35 p. , il. , 26 cm ,;Bellas artes // Escultura //;;Separata de: Boletín de la Real Academia de la Historia (Jun. 1909)  //;;;;;;;;Cartailhac, Émile --  // Pintura rupestre -- Cueva de Altamira (Cantabria) --  //;;;;;;;;75.031.1(460.13)  //  903.3(460.13)  //;;;;;;;;;;;;;;;sp;spa;;;Libro;;VC/447/82 //;http://bdh-rd.bne.es/viewer.vm?id=0000082630&page=1 **;http://bdh-rd.bne.es/text.vm?id=0000082630&first=1&last=40 **
Mimo0000553329;Amor y Naveiro, Constante , 1862-1935  // Rovira Carreró, Pedro Isaac , 1870-1936 -prologuista  //;;;El problema de la pena de muerte y de sus sustitutos legales : sustitutivo para la represión del anarquismo;;"por Constante Amor y Naveiro ; con un prólogo por el Dr. D. P. Isaac Rovira";2ª ed.;Hijos de Reus;;Madrid;1917;XL, 345 p. , 22 cm ,;;;;;;;;;;;Pena de muerte --  // Terrorismo -- Derecho y legislación --  //;;;;;;;;343.25  //  343.341  //;;;;;;;;;;;;;;;sp;spa;;;Libro;;3/91389 //;http://bdh-rd.bne.es/viewer.vm?id=0000231694&page=1 **;http://bdh-rd.bne.es/text.vm?id=0000231694&first=1&last=395 **
Mimo0000682004;Cantó y Riera, Pascual M.  //;;;Cartilla de educación físico-moral social y político-económica para niños de doce a catorce años de edad;;;;[s.n.]  Imp. de la Viuda é hijos de Antonio Cantó;;Novelda;1894;p. , 4º ,;;;;;;;;;;;;;;;;;;;;;;;;;;;;;;;;;;sp;spa;;;Libro;;DGMICRO/62664 //;http://bdh-rd.bne.es/viewer.vm?id=0000059074&page=1 **;http://bdh-rd.bne.es/text.vm?id=0000059074&first=1&last=102 **
Mimo0000689424;Olmedilla y Puig, Joaquín , 1842-1912  // Billon, F.  //;;[Couleurs minérales. Español] //;Colores minerales;;traducido del francés y adicionado con notas por el doctor Joaquín Olmedilla y Puig;;Librería Editorial de Bailly-Bailliere;;Madrid;1902;158 p. , 19 cm ,;Pequeña enciclopedia de química industrial práctica / publicada bajo la dirección de F. Billon, n. 24 //;;Título original: Couleurs minérales  //;;;;;;;;Colorantes --  //;;;;;;;;547.97  //;;;;;;;;;;;;;;;sp;spa;fre;spa //;Libro;;2/83426 //;http://bdh-rd.bne.es/viewer.vm?id=0000149153&page=1 **;http://bdh-rd.bne.es/text.vm?id=0000149153&first=1&last=179 **
Mimo0000689908;Collado y Tejada, Cayetano  //;;;Luisito El aire, explicaciones... sobre tan importante cuerpo. Libro de lectura para las escuelas...;;;;[s.n.]  Imp. de Enrique Rubiños;;Madrid;1886;p. , 8º ,;;;con grabs.  //;;;;;;;;;;;;;;;;;;;;;;;;;;;;;;;sp;spa;;;Libro;;DGMICRO/62789 //;http://bdh-rd.bne.es/viewer.vm?id=0000053480&page=1 **;http://bdh-rd.bne.es/text.vm?id=0000053480&first=1&last=90 **
Mimo0000709920;;;;Constitucion democrática de la Nacion Española promulgada el dia 6 de Junio de 1869;;;;"[s.n.]  Imprenta de ""El Imparcial""";;Madrid;1869;p. , 4º ,;Geografía. Biografías. Historia // Historia de España //;;;;;;;1869 La Carta Magna de 1869, como las de su entorno europeo del siglo XIX, responde, con ciertas peculiaridades y dilaciones, a la oscilación política, acción-reacción, de la primacía liberal o absolutista. Es de naturaleza sincrética y conciliadora, para «que no haya mas dictaduras de hombres?» (A. de los Ríos Rosas, 20 de mayo de 1869), progresista, liberal, monárquica y, por primera vez, democrática. Está imbuida de un iusnaturalismo racionalista, con una apreciable mímesis textual respecto de la constitución americana (1787) en el preámbulo y artículos 17, 22 y 29, con las enmiendas I y IX, e influenciada por la constitución belga en los títulos IV y V de la Corona. Su contenido y desarrollo están influidos por acontecimientos previos o coetáneos, tales como las sublevaciones y pronunciamientos de la época, la batalla de Alcolea, las insurrecciones de Puerto Rico, el destronamiento y salida a Francia de Isabel II, que marcan los enunciados de La Gloriosa, en los que confluyen diferentes fuerzas políticas, como los partidos Progresista, Unión Liberal y Demócrata. Fue una constitución efímera (Sexenio Revolucionario, hasta 1876), fruto del movimiento social revolucionario, como las de 1812 y 1931. Durante su vigencia se sucedieron un nuevo reinado con Amadeo de Saboya, la I República española y la restauración monárquica con Alfonso XII. Tuvo gran trascendencia jurídico-política, al sentar con su proceso codificador las bases del sistema de partidos en una monarquía democrática.//;;;;;;;;;;;;;;;;;;;;;;;;;;sp;spa;;;Libro;;;http://bdh-rd.bne.es/viewer.vm?id=0000046024 **
Mimo0000716353;Carlos I, Rey de España  // Adriano VI, Papa  // Gachard, Louis Prosper , 1800-1885  //;;;Correspondance de Charles-Quint et d'Adrien VI;;publiée por la premiére fois par M. Gachard;;C. Muquardt;;Bruxelles [etc];1859;CXII, 292 p. , 21 cm ,;Geografía. Biografías. Historia // Historia de España //;;Cartas en francés, español y latín, introducción en francés  //;;;;;;;;Carlos -- I, -- Rey de España -- Correspondencia --  // Adriano -- VI, -- Papa -- Correspondencia --  // Iglesia Católica -- Relaciones -- España -- Historia-- Fuentes--  // España -- Relaciones -- Iglesia Católica -- Historia -- Fuentes --  // España -- Historia -- 1516-1556 (Carlos I) -- Fuentes --  //;;;;;;;;"327(456.31:460)""15""(093)  //  327(460:456.31)""15""(093)  //  929 Adriano VI, Papa  //  929 Carlos (460) I  //  94(460)""1516/56""(093)  //";;;;;;;;;;;;;;;be;fre;;;Libro;;1/20494 //;http://bdh-rd.bne.es/viewer.vm?id=0000078988&page=1 **;http://bdh-rd.bne.es/text.vm?id=0000078988&first=1&last=419 **
Mimo0000716392;Isabel Clara Eugenia, Infanta de España , 1566-1633  // Rodríguez Villa, Antonio , 1843-1912  //;;;Correspondencia de la Infanta Archiduquesa Doña Isabel Clara Eugenia de Austria con el Duque de Lerma y otros personajes;;publicada con notas é ilustraciones y precedida de una Introducción por Antonio Rodríguez Villa;;[s.n.]  Estab Tip. de Fortanet;;[S.l.] , Madrid;1906;XXVI, 360 p., [2] h. de lám. , 26 cm ,;Geografía. Biografías. Historia // Historia de España // Tavera //;;;;;;;;;;Isabel Clara Eugenia, -- Infanta de España -- Correspondencia --  //;;;;;;;;929 Isabel Clara Eugenia, Infanta de España  //;;;;;;;;;;;;;;;sp;spa;;;Libro;;1/18858 //;http://bdh-rd.bne.es/viewer.vm?id=0000092425&page=1 **;http://bdh-rd.bne.es/text.vm?id=0000092425&first=1&last=388 **
Mimo0000718471;Costa, Joaquín , 1846-1911  //;;;Agricultura armónica (expectante, popular);;por Joaquín Costa Martínez;;Biblioteca J. Costa;;Madrid;1911;XXX, 203 p. , 21 cm ,;Biblioteca Económica, v 1 // Obras Completas, v 19 //;;;;;;;;;;Agricultura -- España --  //;;;;;;;;338.43(460)  //;;;;;;;;;;;;;;;sp;spa;;;Libro;;DL/1703871 //;http://bdh-rd.bne.es/viewer.vm?id=0000060915&page=1 **;http://bdh-rd.bne.es/text.vm?id=0000060915&first=1&last=253 **
Mimo0000739348;Ciurana y Maijó, José , n. 1878  //;;;Elementos de Historia literaria;;por José Ciurana y Maijó;5ª ed.;[s.n.]  Imp. Mariana;;Lérida;1926;VII, 255 p., 2 h. , 8º mlla. (21 cm) ,;;;;;;;;;;;;;;;;;;;;;;;;;;;;;;;;;;sp;spa;;;Libro;"Acceso y/o uso restringido. La presente obra presenta restricciones en cuanto a su reproducción, distribución, comunicación pública o transformación; no obstante y en virtud del artículo 37 del Texto refundido de la Ley de Propiedad Intelectual (TRLPI), la Biblioteca Nacional de España está autorizada a la reproducción y a la comunicación de obras, mediante red cerrada e interna, a efectos de investigación (artículo 37, RDL 1/1996, de 12 de abril, revisada el 5 noviembre de 2015); sin perjuicio de las copias que puedan obtenerse en la BNE para uso privado, para ejercer cualquier otro de los derechos de explotación previstos en la TRLPI, el usuario deberá contactar con el correspondiente titular o la entidad de gestión encargada de representar al titular.//";DGMICRO/62101 //;http://bdh-rd.bne.es/viewer.vm?id=0000059986&page=1 **;http://bdh-rd.bne.es/text.vm?id=0000059986&first=1&last=282 **
Mimo0000739738;Claramunt y Romeo, Pablo  //;;;Compendio de la historia de Zaragoza Sus hechos heróicos, glorias y tradiciones desde su fundación hasta nuestros dias escrita para... lectura en las escuelas;;con un prólogo del Ldo. D. Julio Bernal;;[s.n.]  Tip. de P. Claramunt;;Zaragoza;1894;p. , 4º ,;;;;;;;;;;;;;;;;;;;;;;;;;;;;;;;;;;sp;spa;;;Libro;;DGMICRO/62919 //;http://bdh-rd.bne.es/viewer.vm?id=0000052570&page=1 **;http://bdh-rd.bne.es/text.vm?id=0000052570&first=1&last=216 **
Mimo0000765258;Daudet, Alphonse , 1840-1897  //;;[Histoire d'un Enfant-Le petit chose] //;Le petit chose histoire d'un enfant;;de Alphonse Daudet;;Alphonse Lemerre, editeur;;Paris;1880;422 p. , 17 cm ,;Oeuvres de Alphonse Daudet //;;Achevé d'imprimer le 20 décembre mil huit cents soixante-dix-neuf par Ch. Unsinger) = Al fin  //;;;;;;;;;;;;;;;;;;;;;;;;;;;;;;;fr;fre;;;Libro;;4/13319 //;http://bdh-rd.bne.es/viewer.vm?id=0000225920&page=1 **;http://bdh-rd.bne.es/text.vm?id=0000225920&first=1&last=441 **
Mimo0000769520;Verdaguer, Jacint , 1845-1902  //;;;Disperses;;;Ed. popular;Ilustració Catalana;;Barcelona;1920;150 p., [1] h. de lám , 18 cm ,;Obres completes de Mossen Jacinto Verdaguer, v. 30 // Verdaguer, Jacint //;;;;;;;;;;;;;;;;;;"821.134.1-82""18""  //";;;;;;;;;;;;;;;sp;cat;;;Libro;;1/242352 //;http://bdh-rd.bne.es/viewer.vm?id=0000250295&page=1 **;http://bdh-rd.bne.es/text.vm?id=0000250295&first=1&last=157 **
Mimo0000770490;Defoe, Daniel , 1661?-1731  //;;[Robinson Crusoe. Español] //;Las aventuras de Robinson Crusoe;;"por Daniel De Foe ; versión española y prólogo, arreglada por Pedro Umbert";;[s.n.]  Imp. de Henrich y Cª;;[S.l.] , Barcelona;1910;VIII, 222 p., 20 h. de lám. , 32 cm ,;;;Título original: Robinson Crusoe  //;;;;;;;;;;;;;;;;"821.111-31""16""  //";;;;;;;;;;;;;;;sp;spa;fre;spa //;Libro;;1/69500 //;http://bdh-rd.bne.es/viewer.vm?id=0000137211&page=1 **;http://bdh-rd.bne.es/text.vm?id=0000137211&first=1&last=281 **
Mimo0000836423;;;;Establecimiento de baños y aguas sulfurosas de Ontaneda en la provincia de Santander;;;;Imp., Lit. y Lib. de Martínez;;[Santander];1847;9 p. , 22 cm ,;;;;;;;;;;;Balnearios -- Ontaneda --  // Aguas minerales -- Ontaneda --  //;;;;;;;;364.444.046(460.13 Ontaneda):615.838  //  663.64(460.13 Ontaneda)  //;;;;;;;;;;;;;;;sp;spa;;;Libro;;VC/3325/13 //;http://bdh-rd.bne.es/viewer.vm?id=0000090923&page=1 **;http://bdh-rd.bne.es/text.vm?id=0000090923&first=1&last=12 **
Mimo0000841112;Perret, Auguste , 1874-1954  // Olmedilla y Puig, Joaquín , 1842-1912  // Billon, F.  //;;[Les explosifs. Español] //;Los explosivos;;traducido del francés y adicionado con notas por el doctor Joaquín Olmedilla y Puig;;Librería Editorial de Bailly-Bailliere e Hijos;;Madrid;1902;160 p. , il. , 19 cm ,;Pequeña enciclopedia de química industrial práctica / publicada bajo la dirección de F. Billon, n. 25 //;;Autor: Auguste Perret (Catálogo SUDOC)  // Título original: Les explosifs  //;;;;;;;;Explosivos --  //;;;;;;;;662  //;;;;;;;;;;;;;;;sp;spa;fre;spa //;Libro;"Acceso y/o uso restringido. La presente obra presenta restricciones en cuanto a su reproducción, distribución, comunicación pública o transformación; no obstante y en virtud del artículo 37 del Texto refundido de la Ley de Propiedad Intelectual (TRLPI), la Biblioteca Nacional de España está autorizada a la reproducción y a la comunicación de obras, mediante red cerrada e interna, a efectos de investigación (artículo 37, RDL 1/1996, de 12 de abril, revisada el 5 noviembre de 2015); sin perjuicio de las copias que puedan obtenerse en la BNE para uso privado, para ejercer cualquier otro de los derechos de explotación previstos en la TRLPI, el usuario deberá contactar con el correspondiente titular o la entidad de gestión encargada de representar al titular.//";2/83427 //;http://bdh-rd.bne.es/viewer.vm?id=0000190959&page=1 **;http://bdh-rd.bne.es/text.vm?id=0000190959&first=1&last=173 **
Mimo0000848200;Feliú y Pérez, Bartolomé , 1843-1918  //;;;Curso elemental de física experimental y aplicada para uso de las universidades, escuelas especiales, etc.;;por Bartolomé Feliú y Pérez;7ª ed. nuevamente refundida e ilustrada con 611 figuras intercaladas y seguida de mas de 100 Apéndices;[s.n.]  Imp. de Pedro Ortega;;Barcelona;1894;151 p. , il. , 25 cm ,;Física //;;;;;;;;;;Física -- Experimentos --  //;;;;;;;;54  //;;;;;;;;;;;;;;;sp;spa;;;Libro;;1/85586 // 1/85586 //;http://bdh-rd.bne.es/viewer.vm?id=0000113698&page=1 **;http://bdh-rd.bne.es/text.vm?id=0000113698&first=1&last=718 **
Mimo0000848453;Fénelon, François de Salignac de La Mothe , 1651-1715  // Fénelon, François de Salignac de La Mothe , 1651-1715 Español Antología  // Janin, Jules Gabriel , 1804-1874  // Alegret de Mesa, José  //;;[Les aventures de Télémaque. Español] //;"Las aventuras de Telémaco ; seguidas de las de Aristonoo";Las aventuras de Aristonoo;"precedidas de un ensayo sobre la vida y las obras de Fenelon por Julio Janin ; traducidas de la última edición francesa por José Alegret de Mesa";;Librería de los Sres. Cabello y Hermano;;Madrid;1850;XX, 407 p., [11] h. de lám. , il. , 23 cm ,;;;;;;;;;;;;;;;;;;;"821.133.1-31""16""  //";;;;;;;;;;;;;;;sp;spa;fre;spa //;Libro;;1/25390 //;http://bdh-rd.bne.es/viewer.vm?id=0000117428&page=1 **;http://bdh-rd.bne.es/text.vm?id=0000117428&first=1&last=471 **
Mimo0000853682;Obrador, Mateu , 1853-1909  //;;;Catálogo de la biblioteca de D. Antonio Villalonga existente en Palma de Mallorca;;[Mateo Obrador y Bennassar];;[s.n.]  Imp. de Vda. é Hijos de P.J. Gelabert;;[S.l.] , Palma de Mallorca;1889;XII, 470 p. , 21 cm ,;;;;;;;;;;;Villalonga, Antonio -- Biblioteca -- Catálogos de subastas --  //;;;;;;;;094(085)  //;;;;;;;;;;;;;;;sp;spa;;;Libro;;1/243354 //;http://bdh-rd.bne.es/viewer.vm?id=0000201385&page=1 **;http://bdh-rd.bne.es/text.vm?id=0000201385&first=1&last=493 **
Mimo0000861356;Fernández Duro, Cesáreo , 1830-1908  //;;;La tapicería de Bayeux en que están diseñadas naves del siglo XI;;por Cesáreo Fernández Duro;;"[s.n.]  Imp. de la ""Revista de Navegación y Comercio""";;[S.l.] , Madrid;1894;22 p. , il. , 21 cm ,;;;;;;;;;;;Tapiz de Bayeux --  //;;;;;;;;745.52.033.4(442.2 Bayeux)  //;;;;;;;;;;;;;;;sp;spa;;;Libro;;DGMICRO/62802 //;http://bdh-rd.bne.es/viewer.vm?id=0000052120&page=1 **;http://bdh-rd.bne.es/text.vm?id=0000052120&first=1&last=38 **
Mimo0000864964;Fernández de Rojas, Juan , 1750-1819  // Fernández de Rojas, Juan , 1750-1819  // Moya, Alejandro  //;;[Crotalogía] //;Crotalogía o ciencia de las castañuelas : instrucción científica del modo de tocar las castañuelas para bailar el bolero ... Parte primera;Ciencia de las castañuelas  // Impugnación literaria a la Crotalogía erudita o ciencia de las castañuelas para bailar el bolero  // El triunfo de las castañuelas o mi viaje a Crotalópolis;su autor, el Lic. Francisco Agustín Florencio;;[s.n.]  Imp. de la Viuda e Hijos de J. Subirana;;[S.l.] , Barcelona;1882;192 p. , 19 cm ,;La verdadera ciencia española, v. 24 //;;Incluye (p. [83]-189]): Impugnación literaria a la Crotalogía erudita o ciencia de las castañuelas para bailar el bolero / Juanito López Polinario. El triunfo de las castañuelas o mi viaje a Crotalópolis / Alejandro Moya  //;;;;;;;;Castañuelas -- Obras satíricas y humorísticas --  //;;;;;;;;780  //  789.2(089.3)  //;;;;;;;;;;;;;;;sp;spa;;;Libro;;9/204840 //;http://bdh-rd.bne.es/viewer.vm?id=0000149086&page=1 **;http://bdh-rd.bne.es/text.vm?id=0000149086&first=1&last=203 **
Mimo0000865863;Fernández Viejobueno, Mariano  //;;;El inseparable o sea El sistema métrico decimal al alcance de todos;;por Mariano Fernández Viejobueno;1ª ed.;[s.n.]  Imp. Provincial;;[S.l.] , Cuenca;1893;158 p. , 21 cm ,;Ciencias aplicadas. Tecnología //;;;;;;;;;;Sistema métrico -- Tablas de conversión --  //;;;;;;;;006  //;;;;;;;;;;;;;;;sp;spa;;;Libro;;2/33344 //;http://bdh-rd.bne.es/viewer.vm?id=0000087245&page=1 **;http://bdh-rd.bne.es/text.vm?id=0000087245&first=1&last=177 **
Mimo0000869662;Ferrer y Picoso, Eduardo  //;;;Síntesis de la Gramatica ó escritura al dictado Método de composición del lenguaje escrito, con los procedimientos, tanto generales como particulares, que conviene seguir en tan importante enseñanza;;;;[s.n.]  Imprenta y Litografía de José Cunill y Sala;;Barcelona;1895;p. , 8º m. ,;;;;;;;;;;;;;;;;;;;;;;;;;;;;;;;;;;sp;spa;;;Libro;;DGMICRO/62920 //;http://bdh-rd.bne.es/viewer.vm?id=0000052923&page=1 **;http://bdh-rd.bne.es/text.vm?id=0000052923&first=1&last=126 **
Mimo0000870832;Feuillet, Octave , 1821-1890  //;;;El Viajero La partida de damas- Onesta Alix: Version española;;;;"[s.n.]  Est. Tip. ""Sucesores de Rivadeneyra""";;Madrid;1887;p. , 8º m. ,;"Pertenece á la Biblioteca de ""El Cosmos Editorial"" //";;;;;;;;;;;;;;;;;;;;;;;;;;;;;;;;;sp;spa;;;Libro;;DGMICRO/62658 //;http://bdh-rd.bne.es/viewer.vm?id=0000059340&page=1 **;http://bdh-rd.bne.es/text.vm?id=0000059340&first=1&last=372 **
Mimo0000875310;Flores, Eugenio Antonio , 1851-1908  //;;;La guerra de Cuba (apuntes para la historia);;por Eugenio Antonio Flores;;[s.n.]  Tip. de los Hijos de M. G. Hernández;;[S.l.] , Madrid;1895;555 p. , 19 cm ,;Hispanoamérica // Geografía. Biografías. Historia // Historia de América Latina //;;;;;;;;;;Cuba -- Historia -- 1868-1878 (Guerra de los Diez Años) --  // Cuba -- Historia -- 1878-1895 --  //;;;;;;;;"(729.1)  //  94(729.1)""1868/78""  //  94(729.1)""1878/95""  //";;;;;;;;;;;;;;;sp;spa;;;Libro;;3/107670 //;http://bdh-rd.bne.es/viewer.vm?id=0000077913&page=1 **;http://bdh-rd.bne.es/text.vm?id=0000077913&first=1&last=569 **
Mimo0000878752;Gómez de Avellaneda, Gertrudis , 1814-1873  //;;;El artista barquero o Los cuatro cinco de junio;Los cuatro cinco de junio  //;por la señora G.G. de Abellaneda;;"Librería e Imp. ""El Iris"" de Majín Pujolá y Cia.";;Habana;1861;409 p. , 19 cm ,;;;;;;;;;;;;;;;;;;;"(729.1)  //  821.134.2(729.1)-31""18""  //";;;;;;;;;;;;;;;cu;spa;;;Libro;;DGMICRO/19831 // 1/244660 //;http://bdh-rd.bne.es/viewer.vm?id=0000148280&page=1 **;http://bdh-rd.bne.es/text.vm?id=0000148280&first=1&last=423 **
Mimo0000884673;Franco de Villalobos, Francisco J.  //;;;Poesías originales;;;;[s.n.]  Típ. de Taxonera;;Ferrol;1888;p. , 8º ,;;;;;;;;;;;;;;;;;;;;;;;;;;;;;;;;;;sp;spa;;;Libro;;DGMICRO/62927 //;http://bdh-rd.bne.es/viewer.vm?id=0000052572&page=1 **;http://bdh-rd.bne.es/text.vm?id=0000052572&first=1&last=216 **
Mimo0000907402;Gaspar, Enrique , 1842-1902  //;;;Castigo de Dios Entre bastidores- Soledad;;;;Est. Tip.- edit. de Daniel Cortezo y Cª;;Barcelona;1887;p. , 8º m. ,;;;;;;;;;;;;;;;;;;;;;;;;;;;;;;;;;;sp;spa;;;Libro;;DGMICRO/62675 //;http://bdh-rd.bne.es/viewer.vm?id=0000059149&page=1 **;http://bdh-rd.bne.es/text.vm?id=0000059149&first=1&last=416 **
Mimo0000920890;Giró y Roma, José , m. 1900  //;;;Reforma de la teoría de la atracción universal y corrección de las operaciones astronómicas más importantes;;por José Giró y Roma;;[s.n.]  Impr. de Joaquín Bosch;;Barcelona;1858;24 p. , 21 cm ,;Astronomía //;;;;;;;;;;Astronomía --  //;;;;;;;;52  //  53  //;;;;;;;;;;;;;;;sp;spa;;;Libro;;2/58928 //;http://bdh-rd.bne.es/viewer.vm?id=0000125557&page=1 **;http://bdh-rd.bne.es/text.vm?id=0000125557&first=1&last=24 **
Mimo0000924284;Gómez-Landero, Juan  //;;;Colmos y colmillos: con una carta deD. Santiago de Liniers (ilustraciones de La Cerda);;;;[s.n.]  Imp. de Fortanet;;Madrid;1889;p. , 8º ,;;;;;;;;;;;;;;;;;;;;;;;;;;;;;;;;;;sp;spa;;;Libro;;DGMICRO/62875 //;http://bdh-rd.bne.es/viewer.vm?id=0000052691&page=1 **;http://bdh-rd.bne.es/text.vm?id=0000052691&first=1&last=264 **
