idBNE;Autor Personas;Autor Entidades;Título uniforme;Título;Otros Títulos;Información asociada al título;Edición;Editorial;Editor musical;Lugar de publicación;Fecha de publicación;Descripción física;Serie;Contenido;Descripción y notas;Citas o referencias;transcripciones de interés;Procedencia;Intérpretes;Resumen;Premios;Periodicidad;Tema;Género/Forma;Lugar relacionado;Forma de la composición sonora;Forma de la composición notada;tipo material cartográfico;Proyección del mapa;Escala del mapa;CDU;Otra clasificación;id registros relacionados;información asociada a registros relacionados;id otras ediciones;información asociada a otras ediciones;id título anterior;información asociada a título anterior;id título posterior;información asociada a título posterior;ISBN;ISSN;Depósito Legal;Otros Números Normalizados;Número Bibliografía Nacional;País de publicación;Lengua de publicación;Lengua original;otras lenguas;Tipo de documento;Condiciones de uso;signatura;version_digital;texto_OCR
bimo0000939401;Guillén Sotelo, Juan , 1875-1915  //;;;Francisco Arjona Reyes (Currito);;El Bachiller González de Rivera;;[s.n.]  Ginés Carrión, impresor;;[S.l.] , Madrid;1913;72 p. , 16 cm ,;Biblioteca Sol y sombra, v. 19 //;;;;;;;;;;Arjona Reyes, Francisco --  //;;;;;;;;;;;;;;;;;;;;;;;sp;spa;;;Libro;;4/210171(6) //;http://bdh-rd.bne.es/viewer.vm?id=0000204389&page=1 **;http://bdh-rd.bne.es/text.vm?id=0000204389&first=1&last=79 **
bimo0001050475;Jorro, Luis  //;;;Historia política del Excmo. Señor D. Francisco Romero Robledo, Ministro de la Gobernación;;;;[s.n.]  Establecimiento Tip. de L. Duras y Cª;;San Sebastián;1885;243 p., 1 h. , 20 cm ,;;;;;;;;;;;Romero Robledo, Francisco --  //;;;;;;;;;;;;;;;;;;;;;;;sp;spa;;;Libro;;3/94209 //;http://bdh-rd.bne.es/viewer.vm?id=0000240107&page=1 **;http://bdh-rd.bne.es/text.vm?id=0000240107&first=1&last=257 **
bimo0001167551;Mayer Garçao, Francisco de  //;;;Excelsior (Carteira d'um idealista);;[Francisco de] Mayer Garçao;;[s.n.]  Imprensa Moderna;;Porto;1907;326 p. , 8º mlla. (18 cm) ,;;;;;;;;;;;;;;;;;;;;;;;;;;;;;;;;;;po;por;;;Libro;;2/78073 //;http://bdh-rd.bne.es/viewer.vm?id=0000216903&page=1 **;http://bdh-rd.bne.es/text.vm?id=0000216903&first=1&last=331 **
bimo0001188480;Minguet Albors, Luis María  //;;;El general Elío y su tiempo Memoria de los sucesos políticos y militares de España;;;;Diario de Valencia;;Valencia;1922 -;v. , grab. , 22 cm ,;;;Tomo  //;;;;;;;;Elío Olándriz, Francisco Javier --  //;;;;;;;;;;;;;;;;;;;;;;;sp;spa;;;Libro;"Acceso y/o uso restringido. La presente obra presenta restricciones en cuanto a su reproducción, distribución, comunicación pública o transformación; no obstante y en virtud del artículo 37 del Texto refundido de la Ley de Propiedad Intelectual (TRLPI), la Biblioteca Nacional de España está autorizada a la reproducción y a la comunicación de obras, mediante red cerrada e interna, a efectos de investigación (artículo 37, RDL 1/1996, de 12 de abril, revisada el 5 noviembre de 2015); sin perjuicio de las copias que puedan obtenerse en la BNE para uso privado, para ejercer cualquier otro de los derechos de explotación previstos en la TRLPI, el usuario deberá contactar con el correspondiente titular o la entidad de gestión encargada de representar al titular.//";3/94623_V._1 //;http://bdh-rd.bne.es/viewer.vm?id=0000250319&page=1 **;http://bdh-rd.bne.es/text.vm?id=0000250319&first=1&last=225 **
bimo0001243518;García Gutiérrez, Antonio , 1813-1884  //;Museo Arqueológico Nacional (España)  //;;Noticia histórico-descriptiva del Museo Arqueológico Nacional : publicada siendo director del mismo el Excmo. señor don Antonio García Gutiérrez;;;;[s.n.]  Imp. de T. Fortanet;;[S.l.] , Madrid;1876;210 p. , 31 cm ,;;;;;;;;;;;Museo Arqueológico Nacional (España) --  //;;;;;;;;069  //  903/904:069(460.27 M.)  //;;;;;;;;;;;;;;ArtedigXIXarqfig;sp;spa;;;Libro;;1/64464 //;http://bdh-rd.bne.es/viewer.vm?id=0000075999&page=1 **;http://bdh-rd.bne.es/text.vm?id=0000075999&first=1&last=223 **
bimo0001251451;Oliver Hurtado, Manuel  //;;;Memoria de la Biblioteca de la Universidad Central, correspondiente a 1877;;;;[s.n.]  Imp. y Fundición de Manuel Tello;;[S.l.] , Madrid;1878;48 p. , 27 cm ,;;;Autor (p. 44): Manuel Oliver y Hurtado  //;;;;;;;;Universidad Central (Madrid) --  //;;;;;;;;027(460.27 M.)  //;;;;;;;;;;;;;;;sp;spa;;;Libro;;1/62827 //;http://bdh-rd.bne.es/viewer.vm?id=0000149176&page=1 **;http://bdh-rd.bne.es/text.vm?id=0000149176&first=1&last=59 **
bimo0001274322;Pareja de Alarcón, Francisco , n. 1817  //;;;Catecismo cristiano de las escuelas y familias escrito con vista del Ripalda, y de otros autores;;;15ª ed. aum. con las Epistolas y Evangelios de todos los domingos y fiestas del año, con varias oraciones piadosas, etc.;[s.n.]  Imp. G. Maurin;;Paris;1898;p. , 16º m. ,;;;;;;;;;;;;;;;;;;;;;;;;;;;;;;;;;;fr;spa;;;Libro;;DGMICRO/63418 //;http://bdh-rd.bne.es/viewer.vm?id=0000061320&page=1 **;http://bdh-rd.bne.es/text.vm?id=0000061320&first=1&last=464 **
bimo0001290715;Penichet y Lugo, Francisco  //;;;Comentarios á la Tutela [en nuestro Codigo civil];;;;Hijos de Reus, editores  Imprenta de la Viuda de M. Minuesa de los Rios;;Madrid;1899;p. , 8º d. ,;;;;;;;;;;;;;;;;;;;;;;;;;;;;;;;;;;sp;spa;;;Libro;;DGMICRO/63508 //;http://bdh-rd.bne.es/viewer.vm?id=0000015433&page=1 ** http://bdh-rd.bne.es/viewer.vm?id=0000015433&page=351 **;http://bdh-rd.bne.es/text.vm?id=0000015433&first=1&last=350 ** http://bdh-rd.bne.es/text.vm?id=0000015433&first=351&last=444 **
bimo0001294787;Pérez Collantes, Francisco , 1837-1901  //;;;La adelfa : parodia en un acto, dividido en dos cuadros y en verso, del drama de D. Leopoldo Cano La Pasionaria;;original de Francisco Pérez Collantes;;Imp. y Lib. de Enrique Vicente;;Madrid;1884;31 p. , 20 cm ,;;;"""Estrenada con excelente éxito, en el Teatro Martín, la noche del 25 de enero de 1884""  // ""Administración lírico-dramática""  //";;;;;;;;;;;;;;;;"821.134.2-22""18""  //";;;;;;;;;;;;;;;sp;spa;;;Libro;;T/5782 //;http://bdh-rd.bne.es/viewer.vm?id=0000205405&page=1 **;http://bdh-rd.bne.es/text.vm?id=0000205405&first=1&last=43 **
bimo0001313763;Piferrer, Francisco , 1813-1863  //;;;Vocabulario de faltriquera francés-español y español-francés. Contiene: más de 4000 voces de la pronunciación figurada, y el modo de traducción por analogía un gran número de voces usuales;;;;[s.n.]  Impr. de las S.S. Deliol y Pradel;;Tolosa de Francia;1841;p. , 16º ,;;;;;;;;;;;;;;;;;;;;;;;;;;;;;;;;;;sp;fre;;fre // spa //;Libro;;2/40957 //;http://bdh-rd.bne.es/viewer.vm?id=0000239595&page=1 **;http://bdh-rd.bne.es/text.vm?id=0000239595&first=1&last=152 **
bimo0001314769;Pindado, Francisco  //;;;El Ateismo y la Sintaxis, y el Positivismo;;"por D. Francisco Pindado ; obra inédita ; La saca á luz su discipulo D. Jerónimo Lucas, Lectoral de León";;Herederos de Miñón;;León;1895;VIII, 458 p. , 8º mlla. (18 cm) ,;;;Con prologo del editor  //;;;;;;;;;;;;;;;;;;;;;;;;;;;;;;;sp;spa;;;Libro;;1/66083 //;http://bdh-rd.bne.es/viewer.vm?id=0000238067&page=1 **;http://bdh-rd.bne.es/text.vm?id=0000238067&first=1&last=241 **
bimo0001322437;Polo, Pascual  //;;;Observaciones sobre las contestaciones polémico-literarias del Excmo. Señor Marqués de Morante y D. Raimundo Miguel con un Librero de Burgos;;;;[s.n.]  Estab. Tip. Calle de la Paloma núm. 34;;[S.l.] , Burgos;entre 1851 y 1890?;39 p. , 19 cm ,;;;Autor (p. 32): Pascual Polo  // Título tomado de la cabecera  //;;;;;;;;Lengua latina -- Gramática --  //;;;;;;;;811.124'36  //;;;;;;;;;;;;;;;sp;spa;;;Libro;;VC/1660/43 // DGMICRO/2916 //;http://bdh-rd.bne.es/viewer.vm?id=0000247173&page=1 **;http://bdh-rd.bne.es/text.vm?id=0000247173&first=1&last=47 **
bimo0001378222;Rivodó, Baldomero  //;;;Tratado de los compuestos castellanos parte primera latino-castellana;;por B. Rivodó;;"[s.n.]  Imp. de la ""Opinión Nacional por Fausto Teodoro de Aldrey""";;[S.l.] , Caracas;1878;1 v. (333, VI) , 23 cm ,;Hispanoamérica // Lingüística. Literatura // Lengua española //;;;;;;;;;;Lengua española -- Formación de palabras --  //;;;;;;;;811.134.2'373.611  //;;;;;;;;;;;;;;;ve;spa;;;Libro;;HAi/81 //;http://bdh-rd.bne.es/viewer.vm?id=0000111935&page=1 **;http://bdh-rd.bne.es/text.vm?id=0000111935&first=1&last=359 **
bimo0001385826;Rodríguez Porrúa, Francisco , 1860-1915  //;;;Enfermedades hereditarias y medios que están al alcance del maestro para combatirlas, mortalidad anticipada, ¿se hereda la educación?;;trabajo escrito por Francisco Rodríguez Porrúa;;[s.n.]  Imp. de El Mercantil Sevillano;;[S.l.] , [Sevilla];1909;60 p. , 1 retr. , 15 cm ,;;;;;;;;;;;Enseñanza primaria --  //;;;;;;;;373  //  373.3  //;;;;;;;;;;;;;;;sp;spa;;;Libro;;VC/436/12 //;http://bdh-rd.bne.es/viewer.vm?id=0000205746&page=1 **;http://bdh-rd.bne.es/text.vm?id=0000205746&first=1&last=65 **
bimo0001412719;Salvador y Barrera, José María , 1851-1919  // Fernández de Bethencourt, Francisco , 1851-1916  //;;;El Padre Flórez y su España sagrada : discurso leído en el acto de su recepción por el Excmo. Señor D. José María Salvador y Barrera y contestación del Excmo. Señor D. Francisco Fernández de Bethencourt;;;;[s.n.]  Imp. del Asilo de Huérfanos del S.C. de Jesús;;[S.l.] , Madrid;1914;78 p. , 27 cm ,;;;Precede al título: Real Academia de la Historia  //;;;;;;;;Flórez, Enrique --  //;;;;;;;;930  //  930 Flórez, Enrique  //;;;;;;;;;;;;;;;sp;spa;;;Libro;;VC/541/5 //;http://bdh-rd.bne.es/viewer.vm?id=0000205741&page=1 **;http://bdh-rd.bne.es/text.vm?id=0000205741&first=1&last=83 **
bimo0001422521;Santarém, Manuel Francisco de Barros e Sousa, Visconde de , 1791-1856  //;;;Researches respecting Americus Vespucius and his voyages;;"by the Viscount Santarem ; translated by E.V. Childe";;[s.n.]  Bolles and Hougliton;;Boston , Cambridge;1850;221 p. , 8º mllª (18 cm) ,;;;;;;;;;;;;;;;;;;;;;;;;;;;;;;;;;;xx;eng;;;Libro;;1/54291 //;http://bdh-rd.bne.es/viewer.vm?id=0000248472&page=1 **;http://bdh-rd.bne.es/text.vm?id=0000248472&first=1&last=235 **
bimo0001443001;Sicilia de Arenzana, Francisco , 1842-1892  //;;;Un monarca... y la Republica o Espartaco, Rey consejos sanos de actualidad;;por Francisco Sicilia de Arenzana;;[s.n.]  Imp. F. Menchaca;;Logroño;1868;38 p. , 16 cm ,;;;;;;;;;;;;;;;;;;;;;;;;;;;;;;;;;;sp;spa;;;Libro;;VC/1513/16 //;http://bdh-rd.bne.es/viewer.vm?id=0000241458&page=1 **;http://bdh-rd.bne.es/text.vm?id=0000241458&first=1&last=33 **
bimo0001448913;Simonet, Francisco Javier , 1829-1897  //;;;Descripción del Reino de Granada, sacada de los autores arábigos;;por Francisco Javier Simonet;Nueva ed. corr. y aum.;Imp. y Lib. de Reyes y Hermano;;Granada;1872;VIII, 320 p. , 25 cm ,;;;Incluye apéndice documental  //;;;;;;;;Granada (Reino) -- Descripción --  // Granada (Reino) -- Biobibliografías --  //;;;;;;;;013(460.357=411.21)  //  913(460.357=411.21)  //  929(460.357=411.21)  //;;;;;;;;;;;;;;;sp;spa;;;Libro;;1/50721 // DGMICRO/58383 //;http://bdh-rd.bne.es/viewer.vm?id=0000248165&page=1 **;http://bdh-rd.bne.es/text.vm?id=0000248165&first=1&last=333 **
bimo0001479211;Terenciano Mauro  // Lachmann, Karl  //;;[De litteris, syllabis et metris Horatii] //;Terentiani Mavri De litteris syllabis et metris liber;;recensvit Carolvs Lachmannvs;;[s.n.]  Typis et impensis Ge. Reimeri;;[S.l.] , Berolini;1836;XIX, 100 p. , 19 cm ,;Lingüística. Literatura // Literatura //;;;;;;;;;;Lengua latina -- Métrica y ritmo --  //;;;;;;;;"811.124:801.6  //  821.124-15""01""  //";;;;;;;;;;;;;;;gw;lat;;;Libro;;U/944 //;http://bdh-rd.bne.es/viewer.vm?id=0000083655&page=1 **;http://bdh-rd.bne.es/text.vm?id=0000083655&first=1&last=127 **
bimo0001485192;Tissot, Joseph , 1840-1894  //;;;El arte de aprovechar nuestras faltas según San Francisco de Sales;;por el M. R. P. José Tissot;6ª ed.;[s.n.]  Tip. Católica;;Madrid;1929;254 p. , 15 cm ,;;;Edición tomado del prólogo  //;;;;;;;;;;;;;;;;;;;;;;;;;;;;;;;sp;spa;;;Libro;;2/83320 //;http://bdh-rd.bne.es/viewer.vm?id=0000218582&page=1 **;http://bdh-rd.bne.es/text.vm?id=0000218582&first=1&last=263 **
bimo0001516050;Laurencín, Francisco Rafael de Uhagón, Marqués de , 1858-1927  //;;;Viñuelas : [descripción histórica de esta dehesa y monte];;;;[s.n.]  Imprenta de la Viuda é Hijos de Tello;;Madrid;1899;p. , 8º m. ,;;;El nombre del autor consta en la dedicatoria  // Con fototipias y un plano plegº  //;;;;;;;;;;;;;;;;;;;;;;;;;;;;;;;sp;spa;;;Libro;;2/44416 //;http://bdh-rd.bne.es/viewer.vm?id=0000239692&page=1 **;http://bdh-rd.bne.es/text.vm?id=0000239692&first=1&last=70 **
bimo0001554480;Velázquez de Borda, Francisco de P.  //;;;¡Bendita sea la guerra! : estudio histórico-literario;;con un prólogo de D. Francisco Martín Arrué;;[s.n.]  Est. tipográfico de Ricardo Fé;;Madrid;1898;p. , 8º m. ,;;;;;;;;;;;;;;;;;;;;;;;;;;;;;;;;;;sp;spa;;;Libro;;DGMICRO/63610 //;http://bdh-rd.bne.es/viewer.vm?id=0000050130&page=1 **;http://bdh-rd.bne.es/text.vm?id=0000050130&first=1&last=256 **
bimo0001607967;Winterer, L.  // Mazo Franza, Julio  // Rubio y Contreras, Francisco  //;;;El socialismo contemporáneo;;"versión de D. Julio de Mazo Franza... ; prólogo de D. Francisco Rubio y Contreras";;Biblioteca Científico-literaria;;Sevilla;1896;XIII, 362 p., 2 h. , 20 cm ,;;;;;;;;;;;;;;;;;;;;;;;;;;;;;;;;;;sp;spa;;;Libro;;3/95743 //;http://bdh-rd.bne.es/viewer.vm?id=0000225314&page=1 **;http://bdh-rd.bne.es/text.vm?id=0000225314&first=1&last=212 **
bimo0001642804;Andrés de Uztárroz, Juan Francisco , 1606-1653  //;;;Aganipe de los cisnes aragoneses celebrados en el Clarin de la Fama;;por Juan Francisco Andrés;;[s.n.]  Tip. de Lomas hermanos;;Zaragoza;1890;"130 p. , ; 23 cm ,";;;;;;;;;;;;;;;;;;;;;;;;;;;;;;;;;;sp;spa;;;Libro;;7/107851 //;http://bdh-rd.bne.es/viewer.vm?id=0000240072&page=1 **;http://bdh-rd.bne.es/text.vm?id=0000240072&first=1&last=74 **
bimo0001643166;Aparisi y Guijarro, Antonio , 1815-1872  // Peral de Cuevas, Francisco  //;;;Discurso pronunciado por Don Antonio Aparisi y Guijarro, en refutación del Almanaque Democrático, en la sesión del día 23 de febrero de 1864;;precedido de otro preliminar escrito por Francisco Peral de Cuevas;;[s.n.]  Estab. Tip. a cargo de F. Gamayo;;[S.l.] , Madrid;1864;14 p. , 32 cm ,;;;;;;;;;;;Iglesia Católica -- Obras de controversia--  // Almanaque democrático (Barcelona. 1864) --  // Justicia social --  //;;;;;;;;304.2  //  239:282  //;;;;;;;;;;;;;;;sp;spa;;;Libro;;VC/1059/28 // DGMICRO/7132 //;http://bdh-rd.bne.es/viewer.vm?id=0000243098&page=1 **;http://bdh-rd.bne.es/text.vm?id=0000243098&first=1&last=19 **
bimo0001729086;Brau, Salvador , 1842-1912  //;;;La campesina (disquisiciones sociológicas);;Salvador Brau;;[s.n.]  Imp. de José González Font;;[S.l.] , Puerto-Rico;1886;54 p. , 15 cm ,;Hispanoamérica // Ciencias sociales // Historia social //;;;;;;;;;;Mujeres en el medio rural -- Puerto Rico --  //;;;;;;;;308-055.2(729.5-22)  //  (729.5)  //;;;;;;;;;;;;;;;pr;spa;;;Libro;;HA/15214 //;http://bdh-rd.bne.es/viewer.vm?id=0000084715&page=1 **;http://bdh-rd.bne.es/text.vm?id=0000084715&first=1&last=74 **
bimo0001740362;Ferreira, Francisco  //;;;Vida del P. Diego de Rosales, historiador de Chile escrita en 1677;;"por el P. Francisco Ferreira ; publícada con notas y varios documentos inéditos por Enrique Torres Saldamando y José M. Frotaura Arana";;"[s.n.]  Imp. ""Santiago""";;[S.l.] , Santiago de Chile;1890;80 p. , 22 cm ,;;;;;;;;;;;Rosales, Diego de --  //;;;;;;;;(83)  //  929 Rosales, Diego de  //;;;;;;;;;;;;;;;cl;spa;;;Libro;;HA/14348 //;http://bdh-rd.bne.es/viewer.vm?id=0000237745&page=1 **;http://bdh-rd.bne.es/text.vm?id=0000237745&first=1&last=107 **
bimo0002063870;Potau, Francisco  //;;;El mercado de calzado en el África Occidental;;;;s.n.  Imp. del Ministerio de Estado;;[S.l. , Madrid;1905;6 p., [1] h. pleg. , 23 cm ,;;;Autor (p. 6): Francisco Potau  // Precede al tít.: Ministerio de Estado  //;;;;;;;;Calzado -- África occidental -- Mercado --  //;;;;;;;;685.34:339.13(6-15)  //;;;;;;;;;;;;;;;sp;spa;;;Libro;;AFRGFC/149/7 //;http://bdh-rd.bne.es/viewer.vm?id=0000236925&page=1 **;http://bdh-rd.bne.es/text.vm?id=0000236925&first=1&last=14 **
Mima0000037298;Domenech y Amaya, Pedro Francisco  // Cruzado, Antonio -imp.  // Navarro, Manuel , ca. 1790-ca. 1850 -grabador  //;;;Memoria médico-práctica, sobre que los riegos y chorros de agua pura y fria en la cabeza son el remedio de la insolacion;;por Don Pedro Francisco Domenech y Amaya ...;;en la Imprenta de Don Antonio Cruzado;;Madrid;1794;[20], 56 p., [1] h. de lám. , 4º ,;Medicina. Farmacia //;;"Sign.: [ ]¹⁰, A-G⁴  // Anteportada  // Grabado calcográfico con retrato del doctor Joseph Masdevall: ""Manuel Navarro lo gravo [sic.]""  //";;;;;;;;Hidroterapia -- Obras anteriores a 1800 --  // Radiación solar --  //;;Madrid, España //;;;;;;61  //;;;;;;;;;;;;;;;sp;spa;;;Libro;;3/21241 //;http://bdh-rd.bne.es/viewer.vm?id=0000079807&page=1 **;http://bdh-rd.bne.es/text.vm?id=0000079807&first=1&last=85 **
Mimo0000573708;Barjau y Pons, Francisco , 1852-1938  //;;;Rudimentos de gramática árabe para uso de los alumnos;;por Francisco Barjau y Pons;;[s.n.]  Julio Torrellas, Litógrafo;;Barcelona;1911;117 p. , 22 cm ,;;;;;;;;;;;Lengua árabe -- Gramática --  //;;;;;;;;;;;;;;;;;;;;;;;sp;spa;;;Libro;;AFR/9849 //;http://bdh-rd.bne.es/viewer.vm?id=0000236882&page=1 **;http://bdh-rd.bne.es/text.vm?id=0000236882&first=1&last=121 **
Mimo0000593115;Bernis, Francisco , 1877-1933  //;;;La capacidad de desarrollo de la economía española : versión castellana de la conferencia leída en Bonn el 26-II-25;;Francisco Bernis;;Cosano;;Madrid;1925;48 p. , 16 cm ,;;;;;;;;;;;España -- Situación económica -- 1902-1931 --  //;;;;;;;;"338.1(460)""1914/24""  //";;;;;;;;;;;;;;;sp;spa;;;Libro;;VC/877/14 //;http://bdh-rd.bne.es/viewer.vm?id=0000206317&page=1 **;http://bdh-rd.bne.es/text.vm?id=0000206317&first=1&last=51 **
Mimo0001010986;Icaza, Francisco A. de , 1863-1925  //;;;Supercherías y errores cervantinos;;puestos en claro por Francisco A. de Icaza;;Renacimiento;;[Madrid];1917;292 p. , 20 cm ,;Lingüística. Literatura // Literatura española //;;;;;;;;;;Cervantes Saavedra, Miguel de --  //;;;;;;;;929 Cervantes Saavedra, Miguel de  //  821.134.2 Cervantes Saavedra, Miguel de 1.07  //;;;;;;;;;;;;;;;sp;spa;;;Libro;;CERV/4853 //;http://bdh-rd.bne.es/viewer.vm?id=0000048633&page=1 **;http://bdh-rd.bne.es/text.vm?id=0000048633&first=1&last=292 **
Mimo0001209818;Mota y González, José , 1836-1900  //;;;El lego de San Francisco o La independencia española : drama histórico en tres actos y en prosa;;original de José Mota y González;;[s.n.]  Imp. de Salvador Acuña y Cª;;[S.l.] , Sevilla;1878;76 p. , 22 cm ,;Administración lírico-dramática //;;"""Estrenada con buen éxito en el Teatro de Novedades, de Madrid, en la noche del 7 de abril de 1878 y en el de Eslava, de la misma localidad, el 22 de septiembre del mismo año""  //";;;;;;;;;;;;;;;;"821.134.2-24""18""  //";;;;;;;;;;;;;;;sp;spa;;;Libro;;T/12615 //;http://bdh-rd.bne.es/viewer.vm?id=0000205101&page=1 **;http://bdh-rd.bne.es/text.vm?id=0000205101&first=1&last=91 **
Mimo0001377544;Rivas y Servet, Francisco de Paula  //;;;Vida de San Benito Patriarca de los monje de Occidente;;con un prólogo del Ilmo. Sr. D. Mariano Superior Obispo titular de Europa, Auxiliar de Zaragoza;;[s.n.]  Tip. de C. Hermanos;;Zaragoza;1890;p. , 8º m. ,;;;;;;;;;;;;;;;;;;;;;;;;;;;;;;;;;;sp;spa;;;Libro;;DGMICRO/62721 //;http://bdh-rd.bne.es/viewer.vm?id=0000059450&page=1 **;http://bdh-rd.bne.es/text.vm?id=0000059450&first=1&last=304 **
Mimo0001389413;Romani y Puigdengolas, Francisco , 1834-1912  //;;;Introducción al estudio del sistema hipotecario español;;;;[s.n.]  Est. tip. de los Sucesores de N. Ramírez y Cª;;Barcelona;1887;p. , 8º d.m. ,;;;;;;;;;;;;;;;;;;;;;;;;;;;;;;;;;;sp;spa;;;Libro;;DGMICRO/62724 //;http://bdh-rd.bne.es/viewer.vm?id=0000059615&page=1 **;http://bdh-rd.bne.es/text.vm?id=0000059615&first=1&last=216 **
Mimo0001834481;Orellana, Francisco José , 1820-1900  //;;[El conde de España] //;El conde de España o La inquisición militar : historia-novela contemporánea;La inquisición militar  //;original de Francisco J. Orellana;;"Librerías de León Pablo ;  Librerías de losHermanos Sala";;MadridBarcelona;1856;643 p., [20] h. de lám. , 25 cm ,;;;;;;;;;;;;;;;;;;;"821.134.2-31""18""  //";;;;;;;;;;;;;;;sp;spa;;;Libro;;9/239724 // DGMICRO/52328 //;http://bdh-rd.bne.es/viewer.vm?id=0000243076&page=1 **;http://bdh-rd.bne.es/text.vm?id=0000243076&first=1&last=691 **
Mimo0002191370;Cortejarena y Aldebó, Francisco de , 1835-1919  //;;;Unión Médica Hispano-Americana, primera asamblea general ordinaria, Madrid 1 y 2 de mayo de 1903 : Tema primero;;ponente, Dr. D. Francisco de Cortejarena y Aldevo;;[s.n.]  Estab. Tip. de Enrique Teodoro;;[S.l.] , Madrid;1903;10 p. , 23 cm ,;;;;;;;;;;;Medicina -- Enseñanza --  //;;;;;;;;"61  //  61:378""18""  //";;;;;;;;;;;;;;;;spa;;;Libro;;VC/68/66 //;http://bdh-rd.bne.es/viewer.vm?id=0000250104&page=1 **;http://bdh-rd.bne.es/text.vm?id=0000250104&first=1&last=15 **
Mimo0002203504;Ruiz Crespo, Manuel -aut  //;;;Impugnación crítica al Tizón, que contra la antigua nobleza española se dice haber escrito el Cardenal Obispo de Burgos D. Francisco de Mendoza y Bobadilla el año 1560, en clase de memorial al rey don Felipe II, y que ha publicado en Madrid en 1849, D. Francisco de Luque y Vicens;;escrita por el Licdo. D. Manuel Ruiz Crespo;;Francisco Álvarez y Cª, imp. y libreros;;Sevilla;1854;104 p. , 23 cm ,;;;;;;;;;;;Mendoza y Bobadilla, Francisco --  // España -- Genealogía --  //;;;;;;;;929.5  //  929 Mendoza y Bobadilla, Francisco  //  929.52(460)  //;;;;;;;;;;;;;;;sp;spa;;;Libro;;VC/1488/48 // DGMICRO/24004 //;http://bdh-rd.bne.es/viewer.vm?id=0000242964&page=1 **;http://bdh-rd.bne.es/text.vm?id=0000242964&first=1&last=111 **
Mimo0002211415;Alcedo, Fernando Juan José Quiñones de León y de Francisco-Martín, Marqués de , 1858-1937  //;;;Los Merinos Mayores de Asturias (del apellido Quiñones) y su descendencia;;por el Marqués de Alcedo y de San Carlos;;Sociedad Española de Artes Gráficas;;Madrid;1918 - 1925;2 v. , il. , 25 cm ,;;v. 1. Apuntes genealógicos, históricos y anecdóticos (257 p., [24] h. de lám.) -- v. 2. Documentos (220 p., [12] p. de lám., [16] h. de lám., [1] h. pleg. de lám.)//;Pie de imprenta v. 2: Madrid : Blass  //;;;;;;;;Quiñones (Familia) -- Genealogía --  //;;;;;;;;929.52 Quiñones  //;;;;;;;;;;;;;;;sp;spa;;;Libro;;DL/2125227_V._1 // DL/2125228_V._2 //;http://bdh-rd.bne.es/viewer.vm?id=0000231469&page=1 ** http://bdh-rd.bne.es/viewer.vm?id=0000231469&page=321 **;http://bdh-rd.bne.es/text.vm?id=0000231469&first=1&last=320 ** http://bdh-rd.bne.es/text.vm?id=0000231469&first=321&last=597 **
Mimo0002249769;Périn, Charles , 1815-1905  // Morera, Francisco  //;;;Las leyes de la sociedad cristiana;;"por Carlos Périn... ; versión castellana de D. Francisco Morera";;[s.n.]  Imp. del Diario de Barcelona;;Barcelona;1876;2 t. en 1 v. , 8º mlla. (22 cm) ,;;;;;;;;;;;;;;;;;;;;;;;;;;;;;;;;;;sp;spa;;;Libro;;1/84980_V._1-2 //;http://bdh-rd.bne.es/viewer.vm?id=0000210317&page=1 **;http://bdh-rd.bne.es/text.vm?id=0000210317&first=1&last=695 **
a4444999;Sala, Francisco  //;;;Fundamentos de la aritmética[Texto impreso] : o sea el cálculo numérico mental y escrito;;por Francisco Sala;;Imp. y Librería de Gregorio Matas de Bodallés;;Figueras;1854;244 p. , 15 cm ,;Matemáticas // Ciencias puras. Ciencias naturales //;;;;;;;;;;Aritmética --  //;;;;;;;;51  //;;;;;;;;;;;;;;;sp;spa;;;Libro;;2/12344 //;http://bdh-rd.bne.es/viewer.vm?id=0000124807&page=1 **;http://bdh-rd.bne.es/text.vm?id=0000124807&first=1&last=261 **
a4656872;Palmireno, Juan Lorenzo , 1524-1579  // Pescioni, Andrea -impresor  // Nuñez, Diego , fl. 1573 -editor  // Manuzio, Paolo , 1512-1574  //;;;El Latino de repente;Las Elegancias;"de Lorenço Palmireno ; con la traducion de las Elegancias de Paulo Manucio";Sale en esta vltima impression, mas corregido y emendado que antes estaua, y con addicion de vn indice general de todas las frases;en casa de Andrea Pescioni  a costa de Diego Nuñez;;En Seuilla;1583;136, [20] h. , 8º ,;Lingüística. Literatura // Literatura //;;Colofón en verso de h. [20]  // Sign.: A⁴, B-R⁸, A-B⁸, C⁴  // Las primeras 8 p. son paginadas  // Reclamos y apostillas marginales  // Letra romana y cursiva  // Grabado xilográfico en portada con el monograma de los Jesuitas  //;Palau n. 210563  //;;;;;;;Lengua latina --  //;;Sevilla, España //;;;;;;;;;;;;;;;;;;;;;sp;spa;;;Libro;;U/1528 //;http://bdh-rd.bne.es/viewer.vm?id=0000045345&page=1 **;http://bdh-rd.bne.es/text.vm?id=0000045345&first=1&last=154 **
a4809147;Valla, Lorenzo , 1406-1457  // Sessa, Melchiorre , fl. 1506-1549 -imp.  // Mancinelli, Antonio , 1452-1505 -com.  //;;;"Hoc in volumine haec continentur Laurentii Vallensis elegantiae de lingua latina Laurentii Vallensis de pronomine sui ad Ioannem Tortelium ; Laurentii Vallensis lima quaedam per Antoniū Mancinellum ...";De lingua latina  // De pronomine sui ad Ioannem Tortelium;;;per Melchiorē Sessam;;Impressum Venetiis;1510;[170] p. , Fol. ,;;;Pie de imprenta tomado del colofón, en h. o⁴  // Marcas tipográficas en portada y en colofón  // Sign.: a-n⁶, o⁸  //;Edit 16 CNCE 29931  //;;;;;;;Lengua latina --  //;;Venecia, Italia //;;;;;;811.124  //;;;;;;;;;;;;;;;it;lat;;;Libro;;R/9265 //;http://bdh-rd.bne.es/viewer.vm?id=0000043009&page=1 ** http://bdh-rd.bne.es/viewer.vm?id=0000043009&page=101 **;http://bdh-rd.bne.es/text.vm?id=0000043009&first=1&last=100 ** http://bdh-rd.bne.es/text.vm?id=0000043009&first=101&last=181 **
a4822387;Pidal y Mon, Alejandro , 1846-1913  // Romero Robledo, Francisco , 1838-1906  //;;;Discursos leídos en la sesión pública del 28 de abril de 1890 de la Real Academia de Jurisprudencia y Legislación por el Excmo. Sr. D. Alejadro Pidal y Mon y el Excmo. Sr. D. Francisco Romero Robledo con motivo de recibir la investidura de académico de mérito el Excmo. Sr. D. Francisco Romero Robledo;;;;[s.n.]  Imp. del Ministerio de Gracia y Justicia;;[S.l.] , Madrid;1890;21 p. , 24 cm ,;;;;;;;;;;;Romero Robledo, Francisco --  //;;;;;;;;929  //  929 Romero Robledo, Francisco  //;;;;;;;;;;;;;;;sp;spa;;;Libro;;VC/1662/53 //;http://bdh-rd.bne.es/viewer.vm?id=0000250394&page=1 **;http://bdh-rd.bne.es/text.vm?id=0000250394&first=1&last=27 **
a4850441;Nebrija, Antonio de , 1444-1522  // Rosembach, Joan -imp.  // Ibarra, Martín -ed. lit.  //;;[Introductiones latinae] //;Aelij Antonij Nebrissensis Introductio[n]es in latina[m] gra[m]maticen cu[m] longioribus hypomnematis, multisq[ue] alijs tu[m] ipsius tu[m] alio[rum] eade[m] de re op[er]ibus et additamentis : se[cun]d[u]m ... p[ro]totypu[m] acri Martini Iuarre Ca[m]tabri ...;Introductiones in latinam grammaticen  //;;;pulcherrimo Joa[n]nis Rosembachi;;Barcinone[n]si;1523;CXXII, [28] h. , Fol. ,;;;Impresor y fecha de impresión tomados del colofón  // Marcas tipográficas en el taco superior de portada y en colofón  // Sign.: A-S⁸, T⁶  // Portada a dos tintas enmarcada con cuatro tacos xilográficos y con escudo xilográfico imperial de Carlos V  // Iniciales grabadas y letra gótica  // Texto circuido y a dos columnas  // Apostillas marginales  //;Palau n.188928  //;;;;;;;;;Barcelona, España //;;;;;;;;;;;;;;;;;;;;;sp;lat;;;Libro;;R/7681 //;http://bdh-rd.bne.es/viewer.vm?id=0000242429&page=1 **;http://bdh-rd.bne.es/text.vm?id=0000242429&first=1&last=154 **
a4874417;Nebrija, Antonio de , 1444-1522  // Nebrija, Elio Antonio de , fl. 1557-1589  //;;[Introductiones latinae] //;Ael. Antonij Nebrissensis Introductiones in latinam grammaticen per eundem recognitae atq[ue] exactissime correctae glossematis cum antiquo exemplari collatis ...;Introductiones in latinam grammaticen  //;;;[Elio Antonio de Nebrija];;Apud inclytam Granatam;1560;CLIII [i. e. CLIV] h. , Fol. ,;;;Segunda fecha tomada del colofón  // Marca tipográfica del taller granadino de los hijos y nietos de Antonio de Nebrija, en portada  // Aunque los impresores que figuran en la licencia de impresión de la cédula real en verso de portada, fechada en 1544 son Sancho y Sebastian, según Odriozola en estas fechas ya imprime el hijo de SAncho  // Sign.: A-S⁸, T⁴, V⁶  // Errores de foliación en diversas hojas  // Verso de la última hoja en blanco  // Portada grabada xilográfica arquitectónica  //;Palau n. 188947  // Odriozola. La Caracola p.21  //;;;;;;;Lengua latina -- Gramática -- Obras anteriores a 1800 --  //;;Granada, España //;;;;;;;;;;;;;;;;;;;;;sp;lat;;;Libro;;R/28948 //;http://bdh-rd.bne.es/viewer.vm?id=0000240132&page=1 **;http://bdh-rd.bne.es/text.vm?id=0000240132&first=1&last=317 **
a4874423;Nebrija, Antonio de , 1444-1522  // Eguía, Miguel de -imp.  //;;[Introductiones latinae] //;Aelij Antonij Nebrisse¯n introductiones in latinam grammaticem per eundem recognit[a]e atq[ue] exactissime correct¯e glossematis cum antiquo ex¯eplari collatis ...;;;;in aedibus Michaelis de Eguía;;Compluti;1530;CXLVI h. , Fol. ,;;;Pie de imprenta tomado de colofón, precediendo el imp. al lugar de imp.  // Sign.: A-R8, S10  // Portada con orla tipográfica  //;;;;;;;;;;-Alcalá de Henares, España //;;;;;;;;;;;;;;;;;;;;;sp;lat;;;Libro;;R/28552 //;http://bdh-rd.bne.es/viewer.vm?id=0000240299&page=1 **;http://bdh-rd.bne.es/text.vm?id=0000240299&first=1&last=150 **
a4875097;Diego de Estella (O.F.M.) , 1524-1578  // Moreno del Camino, Cristóbal , 1520-1603 -editor literario  // Miguel, Francisco -editor  //;Herederos de Juan Navarro -impresor  //;;Libro de las excelencias, y vida de S. Iuan Euangelista;;"compuesto por ... Diego de Estella, de la orden de ... S. Francisco ; corregido y añadido por ... Christoual Moreno, de la misma Orden ...";... en esta segunda impression ...;por los herederos de Iuan Navarro  vendese en casa de Frances Miguel ...;;Impresso en Valēcia;1595;[24], 756 [i.e. 752] p. , 8º ,;;;Colofón  // Sign.: ¶⁸, ¶¶⁴, A-Z⁸, Aa-Zz⁸, Aaa⁸  // Errores de paginación, de p. 452 pasa a 435 y esta a 456, la p. 634 se repite y de p. 634 pasa a 638  // Portada con viñeta xilográfica  // Grabado xilográfico en verso de h. [24] de los preliminares  //;Bosch. Valencia 916  // Simón Díaz. BLH IX, 3498  //;;;;;;;Juan Evangelista, -- Santo -- Biografías --  //;;Valencia, España //;;;;;;;;;;;;;;;;;;;;;sp;spa;;;Libro;;R/19349 //;http://bdh-rd.bne.es/viewer.vm?id=0000240792&page=1 **;http://bdh-rd.bne.es/text.vm?id=0000240792&first=1&last=387 **
a4875883;Núñez, Hernán , ca. 1475-1553  // Junta, Juan de , 1494?-1558 -impresor  // Mendoza y Bobadilla, Francisco , 1508-1566 -editor  //;;;Obseruationes Fredenandi Pintiani, professoris vtriusq[ue] linguae & humanorum studiorum in inclyta academia Salmantice[n]si, in loca obscura aut deprauata historiae naturalis C. Plinij : cum retractationibus quoru[n]da[m] locoru[m] geographiae Po[m]ponij Melae locisq[ue] alijs non paucis in diuersis vtriusq[ue] linguae auctoribus vel castigatis vel expositis a nemine hacten[us] animaduersis;;;;in officina ... Ioānis Giuntae  iussu & impensa ... D. Francisci Bobadiliae ...;;Impressae in vrbe ... Salmātica;1544;[4], LXXXII h. , Fol. ,;;;Marca tipográfica con el anagrama del impresor en la parte inferior del grabado de portada  // Sign.: [ ]⁴, a-k⁸, l²  // Iniciales grabadas  // Apostillas marginales  // Portada grabada xilográfica arquitectónica con el escudo y la figura de Carlos V  //;Ruiz Fidalgo 263  //;;;;;;;Plinio Segundo, Cayo -- Crítica e interpretación --  // Ciencias naturales -- Obras prelinneanas --  //;;Salamanca, España //;;;;;;;;;;;;;;;;;;;;;sp;lat;;;Libro;;R/19220 //;http://bdh-rd.bne.es/viewer.vm?id=0000240830&page=1 **;http://bdh-rd.bne.es/text.vm?id=0000240830&first=1&last=181 **
a5024924;Cabrera, Miguel (O.M.)  //;;;Parecer del ... padre Frai Miguel Cabrera ... del Orden de Minimos, en que demuestra, que las razones, que se alegaron, y las experiencias, que se hicieron, para averiguar la naturalidad de la Imagen de Nº P. Patriarcha San Francisco de Paula aparecida ... en la infraoctava del Corpus, y otros dias, en el Convento de la Victoria del Puerto de Santa Maria este año de 1747, no prueban la naturalidad pretendida;;escribialo ... quien lo dà al publico;;s.n.;;[S.l.;1747;[24], 62 p. , 4º ,;;;Fecha de impresion tomada de la licencia  // Sign.: ¶-¶¶¶⁴, A-G⁴, H⁴⁻¹  // Portada enmarcada por orla tipográfica  // Inicial grabada  //;Aguilar Piñal.Bib.S.XVIII v. 2, 161  //;;;;;;;Francisco de Paula, -- Santo --  //;;Sevilla, España //;;;;;;;;;;;;;;;;;;;;;sp;spa;;;Libro;;VE/313/13 //;http://bdh-rd.bne.es/viewer.vm?id=0000133379&page=1 **;http://bdh-rd.bne.es/text.vm?id=0000133379&first=1&last=86 **
a5025756;Cabrera, Miguel (O.M.)  //;Imprenta Real (Sevilla) -imp.  //;;Viage pasmoso que el thaumaturgo de la Iglesia San Franscico de Paula hizo por el faro de Mecina ... oracion predicada en el segundo dia de Capitulo Provincial ...;;por ... Miguel Cabrera ...;;en la Imprenta Real del Correo Viejo;;En Sevilla;1748;[20], 27 p., [1] h. de lám. , 4º ,;Geografía. Biografías. Historia // Biografías. Heráldica. Genealogía //;;"Fecha de impresión tomada de la licencia  // Sign.: ¶-¶⁴, ¶¶¶², A-C⁴, D²  // Portada enmarcada por orla tipográfica  // La lámina es un grabado calcográfico del santo: ""Nic. Cavasco sculp. hispali año 1746""  //";Aguilar Piñal.Bib.S.XVIII v. 2, 163  //;;;;;;;Francisco de Paula, -- Santo --  //;;Sevilla, España //;;;;;;;;;;;;;;;;;;;;;sp;spa;;;Libro;;VE/658/9 //;http://bdh-rd.bne.es/viewer.vm?id=0000122645&page=1 **;http://bdh-rd.bne.es/text.vm?id=0000122645&first=1&last=50 **
a5089446;Comella, Luciano Francisco , 1751-1812  // Cruzado, Antonio -impresor  //;;;El ayo de su hijo : comedia en dos actos;Colección de las mejores comedias nuevas que se van representando en los teatros de esta corte Tomo XI;por don Luciano Francisco Comella;;se hallará en la Imprenta de Cruzado ...;;[Madrid];entre 1794 y 1800?;17 p. , 4º ,;;;Publicada con otras comedias bajo el título: Colección de las mejores comedias nuevas que se van representando en los teatros de esta corte. Tomo XII, que comprende las representadas en el año de 1798. (Madrid: en la Oficina de Antonio y Josef Cruzado, 1799)  // Impresor tomado del colofón  // Lugar y fecha aproximada de impresión deducidos de la actividad del impresor  // Sign.: A-B⁴, C²⁻¹  // Texto a dos columnas  //;Vega García-Luengos, Germán. Teatro español en la Biblioteca de Menéndez Pelayo: piezas impresas en colecciones dramáticas o misceláneas durante los siglos XVI, XVII y XVIII  // Aguilar Piñal. Bib. S. XVIII v. 2, 3639  //;;;;;;;;Comedias (Literatura) --  //;Madrid, España //;;;;;;821.134.2-2  //;;;;;;;;;;;;;;;sp;spa;;;Libro;;T/1039 //;http://bdh-rd.bne.es/viewer.vm?id=0000105933&page=1 **;http://bdh-rd.bne.es/text.vm?id=0000105933&first=1&last=25 **
a5161912;Manuzio, Aldo , 1547-1597  // Manuzio, Paolo -editor literario  // Plantin, Christophe , ca. 1520-1589 -imp.  //;;;Orthographiae ratio;;"ab Aldo Manutio ; Pauli F. collecta";;ex officina Christophori Plantini;;Antuerpiae;1564;102 p., [2] p. en bl. , 16º ,;;;Marca tipográfica en portada  // Sign.: A-F⁸, G⁴  // Iniciales grabadas  //;SUDOC 100179770 (14-05-2018)  //;;;;;;;Ortografía --  // Lengua latina --  //;;Amberes, Bélgica //;;;;;;;;;;;;;;;;;;;;;be;lat;;;Libro;;3/7673 // 3/7673 //;http://bdh-rd.bne.es/viewer.vm?id=0000200682&page=1 **;http://bdh-rd.bne.es/text.vm?id=0000200682&first=1&last=111 **
a5214292;Comella, Luciano Francisco , 1751-1812  // Cruzado, Antonio -impresor  //;Imprenta del Diario (Madrid) -editor  //;[El dichoso arrepentimiento] //;Drama en dos actos, El dichoso arrepentimiento : representado por la compañia de Manuel Martinez el año de 1790;Colección de las mejores comedias nuevas que se van representando en los teatros de esta corte Tomo XI;por don Luciano Francisco Comella;;Se hallará ... en el despacho principal del Diario, carrera de S. Geronimo n. 4 ... y en sus puestos Puerta del Sol y frente de Santo Tomás ...;;[Madrid];1790;26 p., [1] h. en blanco , 4º ,;;;Publicada con otras comedias bajo el título: Colección de las mejores comedias nuevas que se van representando en los teatros de esta corte. Tomo XII, que comprende las representadas en el año de 1798. (Madrid: en la Oficina de Antonio y Josef Cruzado, 1799)  // Editor tomado del colofón  // Lugar de impresión deducido de la actividad del editor  // Fecha aproximada de impresión deducida del título  // Sign.: A-C⁴, D²  // Texto a dos columnas  //;Vega García-Luengos, Germán. Teatro español en la Biblioteca de Menéndez Pelayo: piezas impresas en colecciones dramáticas o misceláneas durante los siglos XVI, XVII y XVIII  // Aguilar Piñal. Bib. S. XVIII v. 2, 3652  //;;;;;;;;Comedias (Literatura) --  //;Madrid, España //;;;;;;821.134.2-2  //;;;;;;;;;;;;;;;sp;spa;;;Libro;;T/10846 //;http://bdh-rd.bne.es/viewer.vm?id=0000105960&page=1 **;http://bdh-rd.bne.es/text.vm?id=0000105960&first=1&last=37 **
a5240326;Nebrija, Antonio de , 1444-1522  // Maillet, Jacques -imp.  // Ruiz, Francisco , m. 1528  //;;[Introductiones latinae] //;[A]Elij Antonij Nebrissensis grammatici in latinam grāmaticē introductinoes [sic] c¯u quarta eiusdē Antonij ab vltimo tēpore impressas editiōe ... Francisci ruizij in Antonij siluam interpretatio ...;;;;[Jacques Maillet];;[Lugduni];1515;"[8], 198 h. ; 4º ,";;;"Según Soberanas es de 1514/1515 mientras que Odriozola coincide en la atribución lyonesa pero lo cree de fecha posterior  // En la h. ✝2 consta: ""Ex Methymna Idibus septembris M.ccccc. xiiij""  // Sign.: ✝⁸, a-z⁸, &²  // Inic. grab.  // Ilustración xil al principio de cada parte  //";Odriozola 31  // Brunet IV, col. 29  // Baudrier XII, p. 460-461  // Soberanas. Introductiones latinae p. 40  //;;;;;;;Lengua latina -- Gramática --  //;;Lyon, Francia //;;;;;;;;;;;;;;;;;;;;;fr;lat;;;Libro;;R/28872 //;http://bdh-rd.bne.es/viewer.vm?id=0000240113&page=1 **;http://bdh-rd.bne.es/text.vm?id=0000240113&first=1&last=196 **
a5383234;Collio, Francisco  //;Stamperia del Collegio Ambrosiano -imp.  //;[De sanguine Christi libri quinque ...] //;Francisci Collii Collegii Ambrosiani doctoris ... De animabus paganorum pars altera, in qua de reliquis celeberrimis vtriusque sexus Ethnicis prosuscepto munere disputatur ...;De animabus paganorum pars altera  //;;;ex Collegij Ambrosiani Typographia;;Mediolani;1623;[32], 304 p. , 4º ,;;;Marca tipográfica calcográfica en portada  // Sign.: a², A⁴, b-c⁴, d⁴, A-Z⁴, Aa-Pp⁴  //;;;;;;;;;;Milán, Italia //;;;;;;;;;;;;;;;;;;;;;it;lat;;;Libro;;3/72490 //;http://bdh-rd.bne.es/viewer.vm?id=0000243849&page=1 **;http://bdh-rd.bne.es/text.vm?id=0000243849&first=1&last=343 **
a5556376;Pope, Alexander , 1688-1744 -aut  // Silhouette, Étienne de , 1709-1767 -traductor trl  // Bernard, Jean-Frédéric , 1683?-1744 -impresor prt  //;;[An Essay on Man. Francés] //;Essai sur l'homme;;"par M. Pope ; traduit de l´anglois en françois [par de Silhoutte]";Edition reue par le traducteur;"chez Pierre Dunoyer, a la tête d'Erasme dans le Strand ;  chez Jean Frederic Bernard";;LondresAmsterdam;1736;XXXVI, 112 p. , 12° ,;;;Traductor tomado de Barbier  // Según SUDOC, Pierre Dunoyer es un pseudónimo que oculta ediciones francesas, tal vez parisinas  // Sign.: a⁸, b-c⁴, d², A-I⁸/⁴  // Apostillas marginales  //;GVK 443912815 (16-05-2018)  // Barbier, Anonymes (1806) t. I, 2034  //;;;;;;;Antropología filosófica -- Obras anteriores a 1800 --  // Filosofía -- Poesías --  //;;París, Francia // Ámsterdam, Países Bajos //;;;;;;;;;;;;;;;;;;;;;xx;fre;eng;fre //;Libro;;3/64260 //;http://bdh-rd.bne.es/viewer.vm?id=0000239676&page=1 **;http://bdh-rd.bne.es/text.vm?id=0000239676&first=1&last=159 **
bima0000000298;Nebrija, Antonio de , 1444-1522  // Díaz de la Carrera, Diego , fl. 1637-1667 -imp.  //;Hospital General (Madrid) -ed.  //;[Introductiones latinae] //;Aelii Antonii Nebrisensis, De institutione grammaticae libri quinque ...;;;;ex typographia Didaci Diaz à Carrera  impreso con orden del Hospital General ... y le vende Gabriel de León ...;;Matriti;1654;[8], 286 p. , 8º ,;;;Colofón  // Marca de ed. en port.  // Sign.: ¶±4÷, A-R±8÷, S±7÷ .  // En ¶÷2± esc. xil.  //;;;;;;;;Lengua latina -- Gramática --  //;;Madrid, España //;;;;;;;;;;;;;;;;;;;;;sp;lat;;;Libro;;3/52461 // 3/52461 //;http://bdh-rd.bne.es/viewer.vm?id=0000235737&page=1 **;http://bdh-rd.bne.es/text.vm?id=0000235737&first=1&last=151 **
bima0000000516;Alchacoa, Francisco de (O. de M.)  // Micón, Juan , fl. 1687-1701 -imp.  //;;;R.P.Fr. Francisci de Alchacoa... Ordinis... de Mercede Summa Catenata theologiae moralis selectioribus doctorum Sententijs contexta...;;;;apud Joannes Micon Typog. & bibliopol.;;, Pampelone;1685;[16], 648, [2] p. , 4º ,;;;Sign.: ¥-2¥±4÷, A-Z±4÷, 2A-2Z±4÷, 3A-3Z±4÷, 4A-4M±4÷, [ ]±1÷  //;;;;;;;;;;Pamplona, España //;;;;;;;;;;;;;;;;;;;;;sp;lat;;;Libro;;3/67739 //;http://bdh-rd.bne.es/viewer.vm?id=0000242374&page=1 **;http://bdh-rd.bne.es/text.vm?id=0000242374&first=1&last=338 **
bima0000001962;Nebrija, Antonio de , 1444-1522  // Mier y Caso, Pedro de -com.  //;Hospital General (Madrid) -ed.  // Imprenta Real (Madrid)  //;[Introductiones latinae] //;Aelii Antonii Nebrisensis, De institutione grammaticae libri quinque ...;;;Nunc denuò ..., studio & indagatione,D. Petri de Mier & Casso ...;ex typographia Regia  [impreso con orden del Hospital General y le vende Gabriel de Leon];;Matriti;1678;[16], 288 p. , 8º ,;;;Ed. tomado de prelim.  // Marca de ed. en port.  // Sign.: ¶±8÷, A-S±8÷.  // Port. a dos tintas  // Esc. xil. en ¶÷2±  //;;;;;;;;Lengua latina -- Gramática --  //;;Madrid, España //;;;;;;;;;;;;;;;;;;;;;sp;lat;;;Libro;;3/21037 //;http://bdh-rd.bne.es/viewer.vm?id=0000240737&page=1 **;http://bdh-rd.bne.es/text.vm?id=0000240737&first=1&last=311 **
bima0000001964;Nebrija, Antonio de , 1444-1522  // Cerezo, Antonio  // Rufas, Jacobo  // Duart, Francisco  // Macé, Benito , fl. 1660-1676 -imp.  //;;[Introductiones latinae] //;Aelii Antonii Nebrisensis Elementa grammaticae;;"constructionis & hispanicis comentariis illustrata per Antonium Cerezum ... ; et nunc denuo concessa atque emendata à Iacobo Rufas ...";;typis Benedicti Macè  vendese en casa de Francisco Duart ...;;Valentiae;1675;192 p. , 8º ,;;;Sign.: A-M±8÷  // Port. con grab. xil.  //;;;;;;;;Lengua latina -- Gramática --  //;;Valencia, España //;;;;;;;;;;;;;;;;;;;;;sp;lat;;;Libro;;3/21363 //;http://bdh-rd.bne.es/viewer.vm?id=0000240741&page=1 **;http://bdh-rd.bne.es/text.vm?id=0000240741&first=1&last=102 **
bima0000001970;Nebrija, Antonio de , 1444-1522  // Mey, Pedro Patricio , fl. 1582-1623 -impresor  //;;[Introductiones latinae] //;Aelii Antonii Nebrissensis Grammaticae introductiones ...;Grammaticae introductiones  //;;;typis Petri Patricii Mey ...;;Valentiae;1624;220, [4] p. , 8º ,;;;Colofón  // Sign.: A-O⁸  // Iniciales grabadas  // Apostillas marginales  // Portada con grabado xilográfico, retrato del autor  //;;;;;;;;Lengua latina -- Gramática -- Obras anteriores a 1800 --  //;;Valencia, España //;;;;;;;;;;;;;;;;;;;;;sp;lat;;;Libro;;R/8847 //;http://bdh-rd.bne.es/viewer.vm?id=0000242447&page=1 **;http://bdh-rd.bne.es/text.vm?id=0000242447&first=1&last=118 **
bima0000004013;Santander Barcenilla, Bernardo de  //;Viuda de Francisco de Robles  // Imprenta Real (Madrid)  //;;Marial de la Virgen santissima nuestra señora;;compuesto por fray Bernardo de Santander Barcenill    a, del Orden ... la Merced Redempcion de Cantinos ...;;en la Imprenta Real  a costa de la viuda de Francisco de Robles ...;;En Madrid;1662;[16], 501, [35] p. , 4º ,;;;¶±8÷, A-Z±8÷, 2A-2K±8÷, 2L±4÷  // Port. con esc. xil.  // Texto a dos col. con apostilla marginales  // Inic. grab.  //;;;;;;;;Virgen María -- Sermones --  //;;Madrid, España //;;;;;;;;;;;;;;;;;;;;;sp;spa;;;Libro;;3/11941 //;http://bdh-rd.bne.es/viewer.vm?id=0000213642&page=1 **;http://bdh-rd.bne.es/text.vm?id=0000213642&first=1&last=557 **
bima0000004927;Castro, Francisco de , 1567-1631  // Lyra, Francisco de , fl. 1611-1650 -imp.  //;;;Patris Francisci de Castro granatensis, ex Societate Iesu, De syllabarum quantitate deque versificandi ratione liber;;;In hac vltima editione ab autore auctus [et] correctus;apud Franciscum de Lyra Barreto ...;;Hispali;1627;33, [1] h. , 8º ,;;Advertencias para el que quiere ser poeta, h. 21//;Sign.: A-D±8÷, E±2÷  //;;;;;;;;Nebrija, Antonio de --  // Lengua latina -- Métrica y ritmo --  //;;Sevilla, España //;;;;;;811.124:801.6  //;;;;;;;;;;;;;;;sp;lat;;lat // spa //;Libro;;3/46215 //;http://bdh-rd.bne.es/viewer.vm?id=0000149794&page=1 **;http://bdh-rd.bne.es/text.vm?id=0000149794&first=1&last=73 **
bima0000011987;Enríquez, Juan (O.S.A.)  // Lyra, Francisco de , fl. 1611-1650 -imp.  //;;;Compendio de casos morales ordinarios;;por el P. Fr. Ioan Henriquez de la Orden de San Agustin ...;;por Francisco de Lyra;;En Sevilla;1634;[4], 267, [1] h. , 8º ,;;;Sign.: A±4÷, B-Z±8÷, 2A-2L±8÷, 2M±4÷  // Port. con grab. xil.  //;;;;;;;;;;Sevilla, España //;;;;;;;;;;;;;;;;;;;;;sp;spa;;;Libro;;3/56822 //;http://bdh-rd.bne.es/viewer.vm?id=0000236506&page=1 **;http://bdh-rd.bne.es/text.vm?id=0000236506&first=1&last=278 **
bima0000012894;Muñoz, Andrés (militar)  //;;;Instruycion y Regimiento para que los Marineros sepã vsar del Artilleria con la seguridad que conviene;Instruccion y Regimiento para que los Marineros sepan usar de la Artilleria con la seguridad que conviene  //;cõpuesto por Andres Muñoz el Bueno Artillero mayor por el Rey ... de su Casa de la Contratacion de las Indias y Armadas y Flotas, que a ellas se despachan;;[s.n.];;[S.l.];1563;[1], 13 h. , 4º ,;;;Sign.: [ ]¹, A¹³  // Texto con apostillas marginales  // Portada con escudo real xilográfico  // Frisos y remates con adornos xilográficos  // Inicial grabada  //;;;;;;;;Navegación -- Obras anteriores a 1800 --  //;;;;;;;;;;;;;;;;;;;;;;;xx;spa;;;Libro;;VE/1335/1 // VE/1335/1 //;http://bdh-rd.bne.es/viewer.vm?id=0000256056&page=1 **;http://bdh-rd.bne.es/text.vm?id=0000256056&first=1&last=35 **
bima0000021726;Nebrija, Antonio de , 1444-1522  // Ibarra, Joaquín , 1725-1785 -impresor  // Ulloa, Bartolomé -editor  //;;[Introductiones latinae. Español-Latín] //;Introducciones latinas, contrapuesto el romance al latin, para que con facilidad puedan aprender todos, y principalmente las religiosas, y otras mugeres dedicadas á Dios;;que para este fin mandó hacer S.A. la Reyna Católica Doña Isabel al maestro Antonio de Nebrija;;En la Imprenta de D. Joachin de Ibarra. Publicalas a su costa Bartholome Ulloa ...;;Madrid;1773;[2], VI, 254 p., [1] h. en bl., [1] h. de làm. , 4º ,;Lingüística. Literatura // Literatura //;;Sig. : *4, A-Ii4  // Texto paralelo en castellano y latín  // La lámina es un retrato calcográfico del autor  //;;;;;;;;Lengua latina --  //;;Madrid, España //;;;;;;82  //;;;;;;;;;;;;;;;sp;spa;;spa // lat //;Libro;;U/8400 //;http://bdh-rd.bne.es/viewer.vm?id=0000043405&page=1 **;http://bdh-rd.bne.es/text.vm?id=0000043405&first=1&last=137 **
bima0000031510;Comella, Luciano Francisco , 1751-1812  // Cruzado, Antonio -impresor  //;Librería de Cerro -editor  //;;Ino y Neifile : drama en dos actos;;por don Luciano Francisco Comella;;en la oficina de don Antonio Cruzado  en la librería de Cerro ...;;Madrid;1797;21, [2] p. , 4º ,;;Contiene al fin un listado de obras que se hallarán en la librería citada en el colofón//;Pie de imprenta tomado del colofón  // Sign.: A-C⁴  // Texto a dos columnas  //;Aguilar Piñal, Francisco. Bibliografía de autores españoles del s. XVIII v. 2, 3708  // Catálogo del teatro lírico español en la Biblioteca Nacional v. I, 1632  //;;;;;;;;Comedias (Literatura) --  //;Madrid, España //;;;;;;821.134.2-2  //;;;;;;;;;;;;;;TLm;sp;spa;;;Libro;;T/632(12) // T/632(12) //;http://bdh-rd.bne.es/viewer.vm?id=0000159533&page=1 **;http://bdh-rd.bne.es/text.vm?id=0000159533&first=1&last=24 **
bima0000031519;Comella, Luciano Francisco , 1751-1812  // Cruzado, Antonio -impresor  // Bertati, Giovanni , 1735-ca. 1815  //;Librería de Cerro -editor  //;;El avaro : drama jocoso en musica, en dos actos;Colección de las mejores comedias nuevas que se van representando en los teatros de esta corte Tomo IX;arreglado libremente del teatro italiano al español por don Luciano Francisco Comella;;en la librería de Cerro ...;;[Madrid];entre 1784 y 1800?;20 p. , 4º ,;;;Publicada con otras comedias bajo el título: Colección de las mejores comedias nuevas que se van representando en los teatros de esta corte. Tomo IX, que comprende las representadas en el año de 1796. (Madrid: en la imprenta de Antonio Cruzado)  // Solo la letra  // Adaptación de: L'avaro / Giovanni Bertati  // Lugar de impresión deducido de la actividad del editor  // Editor tomado del colofón  // Fecha aproximada de impresión deducida de la actividad del librero y la fecha de representación de la obra según portada  // Texto a dos columnas  //;Aguilar Piñal. Bib. S. XVIII v. 2, 3638  // Lafarga, Francisco. El teatro europeo en la España del siglo XVIII, Lleida, 1997 E.8 (p. 366)  //;;;;;;;;Comedias (Literatura) --  //;Madrid, España //;;;;;;821.134.2-2  //;;;;;;;;;;;;;;;sp;spa;;;Libro;;T/15033/16 //;http://bdh-rd.bne.es/viewer.vm?id=0000106060&page=1 **;http://bdh-rd.bne.es/text.vm?id=0000106060&first=1&last=24 **
bima0000035394;Dazo y Asier, R. Gabriel  //;;;Desden y amor pastoril : Academia dramática, sacada de las obras de Don Francisco Gregorio de Salas;;por El Amante de Elfirsa (seud.);;Mateo Repullés;;Madrid;1804;45 p. , 8º ,;;;El encabezamiento consta en la Advertencia  //;;;;;;;;;;;;;;;;;;;;;;;;;;;;;;;sp;spa;;;Libro;;T/12332 // T/22420 // T/25925 //;http://bdh-rd.bne.es/viewer.vm?id=0000249987&page=1 ** http://bdh-rd.bne.es/viewer.vm?id=0000249987&page=27 ** http://bdh-rd.bne.es/viewer.vm?id=0000249987&page=55 **;http://bdh-rd.bne.es/text.vm?id=0000249987&first=1&last=26 ** http://bdh-rd.bne.es/text.vm?id=0000249987&first=27&last=54 ** http://bdh-rd.bne.es/text.vm?id=0000249987&first=55&last=82 **
bima0000042698;Fernández del Valle, Juan  // Cruzado, Antonio -imp.  //;Librería de Copin -ed.  //;;Tratado completo de Flebotomía, ú Operacion de la sangría esta obra contiene toda la anatomía que debe saber un Sangrador ...;Operacion de la sangría  //;escrita por Don Juan Fernandez Valle ...;;en la oficina de Cruzado  se hallará en la Librería de Copin, Carrera de San Gerónimo;;En Madrid;1794;[4], XXIV, 276, [8] p. , 8º ,;Medicina. Farmacia //;;Sign.: [ ]², a¹², A-R⁸, S⁶  // Anteportada  //;Aguilar Piñal. Bib. S.XVIII v. 3, n. 3642  //;;;;;;;Flebotomía -- Obras anteriores a 1800 --  //;;Madrid, España //;;;;;;61  //;;;;;;;;;;;;;;;sp;spa;;;Libro;;2/65453 //;http://bdh-rd.bne.es/viewer.vm?id=0000079802&page=1 **;http://bdh-rd.bne.es/text.vm?id=0000079802&first=1&last=323 **
bima0000044938;Francisco de Sales, Santo  //;;[Introduction à la vie dévote. Español] //;Introduccion a la vida devota;;"Traducida de Frances en Español por Don Sebastian Fernandez ; y enmendada... en esta ultima Edicion por el Abad de Vayrae...";;por Pedro Witte...;;Paris;1713;p. , 12º mlla. ,;;;"Traducido el apellido ""Sales"" aparece en la obra  //";;;;;;;;;;;;;;;;;;;;;;;;;;;;;;;fr;spa;fre;spa //;Libro;;3/11673 //;http://bdh-rd.bne.es/viewer.vm?id=0000213362&page=1 **;http://bdh-rd.bne.es/text.vm?id=0000213362&first=1&last=515 **
bima0000045044;Francisco de Santo Tomás  //;;;De inscrutabili scientia Dei;;;;Jo. Bta. Schilgen;;Viennae Austriae;1721;p. , 4º ,;;;;;;;;;;;;;;;;;;;;;;;;;;;;;;;;;;au;lat;;;Libro;;3/64729 //;http://bdh-rd.bne.es/viewer.vm?id=0000239987&page=1 **;http://bdh-rd.bne.es/text.vm?id=0000239987&first=1&last=127 **
bima0000046332;Garau, Francisco (S.I.)  //;;;El sabio instruido de la naturaleza en quarenta maximas politicas, y morales : ilustrada con todo genero de erudicion sacra, y humana;;"por Francisco Garau ; sacale a luz Iacinto Dou";;por Antonio Gonçalez de Reyes. A costa de Gabriel de Leon;;Madrid;1679;[32], 372, [12] p. , 4º ,;;;;;;;;;;;;;;;;;;;;;;;;;;;;;;;;;;sp;spa;;;Libro;;3/107514 //;http://bdh-rd.bne.es/viewer.vm?id=0000212988&page=1 **;http://bdh-rd.bne.es/text.vm?id=0000212988&first=1&last=423 **
bima0000050949;Guerra, Francisco  // Santander, Tomás de -imp.  //;;;Fuentes de la elegancia en tres tratados sintaxis elegante, metrologia o metodo claro, para saber brevemente todo genero de versos latinos : epistolopeia, o modo facil de escribir cartas...;;por el doct. don Francisco Guerra ...;;en la Oficina de D. Tomás de Santander;;En Valladolid;1782;[16], 456 p. , 8º ,;;;Sign.: ¶⁸, A-Z⁸, Aa-Ee⁸, Ff⁴  //;Aguilar Piñal. Bib. S.XVIII v. 4, 2494  //;;;;;;;Lengua latina -- Gramática --  // Lengua latina -- Métrica y ritmo --  //;;Valladolid, España //;;;;;;81'36  //;;;;;;;;;;;;;;;sp;spa;;;Libro;;4/103787 //;http://bdh-rd.bne.es/viewer.vm?id=0000040655&page=1 **;http://bdh-rd.bne.es/text.vm?id=0000040655&first=1&last=477 **
bima0000053298;Hinojosa y Montalvo, Manuel Francisco de  //;;;Vida, loables costumbres, y santa muerte de la Illma. Sra. Dª Maria Gasca de la Vega;;;;[s.n.];;Madrid;1626;p. , 4º ,;;;;;;;;;;;;;;;;;;;;;;;;;;;;;;;;;;sp;spa;;;Libro;;3/27108 //;http://bdh-rd.bne.es/viewer.vm?id=0000219393&page=1 **;http://bdh-rd.bne.es/text.vm?id=0000219393&first=1&last=392 **
bima0000060173;Lama, Juan de  // Ruíz, Ramón , fl. 1803 -imp.  //;;;Florilegium latinum : sive hortus proverbiorum, phrasium &. Syntaxeos que chrysolitus amoenissimus non modo latinitatis perfectae intelligentiae candidatis perutile & accommodâtum verum etiam quam maximè necessarium;;per D. Joannem de Lama ...;Sexta impresion;en la Imprenta de Ramon Ruiz;;Madrid;1793;[16], 345, [i.e. 347] p. , 8º ,;;;Sign.: ¶⁸, A-X⁸, Y⁶  // Error de paginación, p. 303 - 304 repetidas.  //;Aguilar Piñal. Bib. S.XVIII V.5, n. 116  //;;;;;;;Lengua latina -- Obras anteriores a 1800 --  //;;Madrid, España //;;;;;;;;;;;;;;;;;;;;;sp;spa;;;Libro;;2/17787 //;http://bdh-rd.bne.es/viewer.vm?id=0000146073&page=1 **;http://bdh-rd.bne.es/text.vm?id=0000146073&first=1&last=379 **
bima0000069526;Marqués y Espejo, Antonio , n. 1762  // Cruzado, Antonio -imp.  //;;;Memorias de Blanca Capello gran Duquesa de Toscana, para la historia de la virtud, en la humilde y alta fortuna;;por D. Antonio Marques y Espejo;;en la imprenta de Don Antonio Cruzado;;Madrid;1803;[14], 225 p. , 8º ,;Geografía. Biografías. Historia //;;;;;;;;;;;;Madrid, España //;;;;;;;;;;;;;;;;;;;;;sp;spa;;;Libro;;U/6831 //;http://bdh-rd.bne.es/viewer.vm?id=0000077278&page=1 **;http://bdh-rd.bne.es/text.vm?id=0000077278&first=1&last=249 **
bima0000071185;Mayáns y Siscar, Gregorio , 1699-1781  // Burguete, Francisco -impresor  //;;;Tullius, sive de conjungenda latinitate cum doctrina et eloquentia, libri quadraginta;De conjungenda latinitate cum doctrina et eloquentia  // Phaedrus, sive apologi Aesopei;quorum partes ex scriptoribus latinis selectae, et ordinatae sunt a Gregorio Majansio ...;;apud Franciscum Burguete;;Valentiae Edetanorum;1768;63 p., [1] en bl. , 8º ,;;Phaedrus, sive apologi Aesopei / selecti a Gregorio Majansio (p. 17-63, con portada propia)// Phaedrus, sive apologi Aesopei / selecti a Gregorio Majansio (p. 17-63, con portada propia)//;"Sign.: [A]-D⁸  // Portada con emblema xilográfico de Mayáns: ""Omnia, et in omnibus""  // Inicial grabada  // Adorno xilográfico en p. 14  //";Aguilar Piñal. Bib. S.XVIII v. 5, 4151  //;;;;;;;Esopo -- Crítica e interpretación --  //;;Valencia, España //;;;;;;811.124  //;;;;;;;;;;;;;;;sp;lat;;;Libro;;2/30135(1) //;http://bdh-rd.bne.es/viewer.vm?id=0000044214&page=1 **;http://bdh-rd.bne.es/text.vm?id=0000044214&first=1&last=64 **
bima0000072412;Mendonça, Francisco de , 1573-1626  //;;;Viridarium sacrae et profanae eruditionis;;A.P. Franc. Machado de nuó excultum;Nunc auctius tertiúsque lucem videt;Sumpt. Laur. Anisson;;Lugduni;1649;p. , Fol. ,;;;;;;;;;;;;;;;;;;;;;;;;;;;;;;;;;;fr;lat;;;Libro;;1/2968 //;http://bdh-rd.bne.es/viewer.vm?id=0000207995&page=1 **;http://bdh-rd.bne.es/text.vm?id=0000207995&first=1&last=224 **
bima0000073008;Meurs, Johannes van , 1579-1639  //;Officina Elzeviriana (fl. 1617-1680)  //;[Elegantiae latini sermonis] //;Ioannis Meursii Elegantiae latini sermonis, seu Aloisia Sigaea Toletana de arcanis Amoris & Veneris adjunctis Fragmentis quibusdam Eroticis : [prima-secunda pars];Aloisia Sigaea Toletana de arcanis Amoris & Veneris  //;;;ex Typis Elzevirianis;;Lugd. Batavorum;1774;XXIV, 211, [5], 172, [2] p., [1] h. de lám. , 8º ,;Lingüística. Literatura // Lingüística y lenguas //;;"Sign.: a⁸, b⁴, A-N⁸, O², [ ]²⁻¹, a²⁻¹, A-K⁸, L⁸⁻¹  // Portada grabada calcográfica  // Parte segunda con portada y paginación propia  // La hoja de lámina es un grabado calcográfico: ""Judicium Veneris""  //";;;;;;;;Lengua latina --  //;;Leiden, Paises Bajos //;;;;;;;;;;;;;;;;;;;;;ne;lat;;;Libro;;U/8007 //;http://bdh-rd.bne.es/viewer.vm?id=0000121010&page=1 **;http://bdh-rd.bne.es/text.vm?id=0000121010&first=1&last=425 **
bima0000073653;Román, Blas -imp.  // Cruzado, Antonio -imp.  // Ulloa, Antonio , fl. 1792-1795  //;Universidad Complutense (Alcalá de Henares) Imprenta -impresor  //;;Miscelanea erudita y curiosa;Miscelanea instructiva, curiosa y agradable  // Miscelanea instructiva, curiosa y agradable, ó Anales de literatura, ciencias y artes sacados de los mejores escritos que se publican en Europa en diversos idiomas;;;;;Madrid : en la oficina de don Blas Román, 1796-1800;1796 - 1800;"9 vol. (238, p. 121-363, [1] ; 391, [1] p. ; 402, [4] p. ; viii, 376 p. ; 256 p. ; vol. 8: 384 p.; vol. 9: 256 p.) ; 8º ,";Lingüística. Literatura // Literatura //;;"Título de los vol. 2-3: Miscelanea instructiva, curiosa y agradable. Título de los vol. 4-5, 7-9: Miscelanea instructiva, curiosa y agradable, ó Anales de literatura, ciencias y artes sacados de los mejores escritos que se publican en Europa en diversos idiomas  // Pie de imp. de los vol. 2-3: En Alcala: en la oficina de la Real Universidad, 1797; del vol. 4-5: Madrid: en la oficina de don Antonio Ulloa, 1797; del vol. 7-9: Madrid: en la oficina de D. Antonio Cruzado, 1798-1800. Imp. del vol. 6: Antonio Ulloa  // Marca tipográfica de Antonio Ulloa en portada (vol. 4-5) y de Antonio Cruzado en portada (vol. 8-9)  // Descripción basada en el CCPB, CCPB000715050-4 (2004/10/09)  //";;;;;;;;;;Alcalá de Henares, España // Madrid, España //;;;;;;;;;;;;;;;;;;;;;sp;spa;;;Libro;;U/9398 //;http://bdh-rd.bne.es/viewer.vm?id=0000106591&page=1 **;http://bdh-rd.bne.es/text.vm?id=0000106591&first=1&last=387 **
bima0000081378;Ortiz de Salcedo, Francisco  //;;;Curia Eclesiastica para secretarios de prelados, notarios apostolicos y ordinarios ...;;compuesto por Francisco Ortiz de Salzedo;;[s.n.];;[S.l] , Madd.;1743;p. , 4º ,;;;;;;;;;;;;;;;;;;;;;;;;;;;;;;;;;;sp;spa;;;Libro;;3/26126 //;http://bdh-rd.bne.es/viewer.vm?id=0000219286&page=1 **;http://bdh-rd.bne.es/text.vm?id=0000219286&first=1&last=465 **
bima0000081379;Ortiz de Salcedo, Francisco  //;;;Curia eclesiástica para secretarios de prelados, jueces eclesiásticos, ordinarios y apostólicos y visitadores y notarios ordinarios apostólicos y de visita : añadida en lo principal glossas y autoridades por su mismo autor y corregida y enmendada en ésta última impressión : con una relación de los arzobispados y obispados de España é Indias...;;;;[s.n.]  Juan de S. Martín;;[S.l] , Madrid;1744;Sign. [calderón]<4>, 438 p., sign. Ee<5>, Ff<4> , 4º (21 cm) ,;;;;;;;;;;;;;;;;;;;;;;;;;;;;;;;;;;sp;spa;;;Libro;;3/76105 //;http://bdh-rd.bne.es/viewer.vm?id=0000245964&page=1 **;http://bdh-rd.bne.es/text.vm?id=0000245964&first=1&last=236 **
bima0000084699;Pérez de Sta. María, Francisco  //;;;Guías discretas é instrucciones cristianas;;;;[s.n.]  Viuda de Franco. Fernz. de Cordova;;[S.l] , Valladolid;1622;p. , 4º ,;;;;;;;;;;;;;;;;;;;;;;;;;;;;;;;;;;sp;spa;;;Libro;;3/66843 //;http://bdh-rd.bne.es/viewer.vm?id=0000241124&page=1 **;http://bdh-rd.bne.es/text.vm?id=0000241124&first=1&last=147 **
bima0000087618;Francisco de Posadas, Beato , 1644-1713  //;;;Vida del... Patriarcha S[anto] Domingo de Gvzman, fundador del Orden de Predicadores...;;escrita por el P... Fr. Francisco Posadas...;;[s.n.]  Diego de Valverde y Leyva y Acirelo Cortes de Ribera;;[S.l] , Córdoba;1703;10 h., 565 p., 12 h. , Fol. ,;;;Portª orl. cab. cap. y pies grab. texto a dos col. y apost.  //;;;;;;;;;;;;;;;;;;;;;;;;;;;;;;;sp;spa;;;Libro;;3/74654 //;http://bdh-rd.bne.es/viewer.vm?id=0000245414&page=1 **;http://bdh-rd.bne.es/text.vm?id=0000245414&first=1&last=613 **
bima0000092956;Ribera, Francisco de , fl. 1684  //;;;Vida del admirable Doctor de la Iglesia S. Avgvstin...;;por Fray Francisco de Ribera...;;[s.n.]  Bernardo de Villa Diego;;[S.l] , Madrid;1684;10 h., 532 p., 10 h. , 4º ,;;;;;;;;;;;;;;;;;;;;;;;;;;;;;;;;;;sp;spa;;;Libro;;3/71368 //;http://bdh-rd.bne.es/viewer.vm?id=0000244010&page=1 **;http://bdh-rd.bne.es/text.vm?id=0000244010&first=1&last=579 **
bima0000093101;Riccioli, Giovanni Battista , 1598-1671  //;Imprenta del Seminario (Villagarcía de Campos) -imp.  //;;Prosodia Villagarsiensis in duos indices tributa et ex ae, quam Joannes Baptista Ricciolius è Soc. Jesu fusiorem scripsit, excerpta;;;;typis Seminarii ...;;Villagarsiae;1762;[8], 471 p., [1] en bl. , 8º ,;Lingüística. Literatura // Lingüística y lenguas //;;Sign.: [ ]⁴, A-Z⁸, 2A-2F⁸, 2G⁴  // Portada y al final del texto, distintos escudos xilográfico de la Compañía de Jesús  // Texto a dos columnas  //;;;;;;;;Lengua latina -- Métrica y ritmo --  //;;Villagarcia de Campos, España //;;;;;;;;;;;;;;;;;;;;;sp;lat;;;Libro;;U/1535 //;http://bdh-rd.bne.es/viewer.vm?id=0000045409&page=1 **;http://bdh-rd.bne.es/text.vm?id=0000045409&first=1&last=235 **
bima0000093455;Río, Manuel del , ca. 1690-1766  // Cruzado, Antonio -imp.  // Maré, Cipriano , fl. 1787-1814 -grab.  // Durán, Ramón , fl. 1798 -ed.  //;;;Arte de reloxes de ruedas para torre, sala, y faltriquera;;"[su autor el padre fray Manuel del Rio ...] ; tomo I [-II]";[Reimpresos / á costa de don Ramon Duran ...];en la oficina de don Antonio Cruzado;;En Madrid;1798;"2 t. ([8], 360 [i.e. 362], [1] p., [1] en bl., 10 h. de lám. ; [4], 199 p., [1] en bl., [8], XLI, [1] p., 11-13 h. de lám.) , il. , 4º ,";Obras Maestras // Historia de la Ciencia //;;"Autor, edición y editor tomados de la portada adicional de Tomo I  // Marca tipográfica en portada  // Sign.: [ ]⁴, A-Z⁴, 2A-2Y⁴, 2Z² ; [ ]², A-Z⁴, 2A-2B⁴, ¶⁴, a-d⁴, e⁶  // Error de paginación en Tomo I: de la p. 168 pasa a la 167  // Portadas adicionales, ambas en recto de h. [ ]₂ de cada tomo  // Las 13 h. de lám. son grabados calcográficos que representan la maquinaria de los relojes, firmados por: ""Cipriano Maré la grabó""  // Las il. son tablas xilográficas intercaladas en el texto  //";Aguilar Piñal. Bib. S.XVIII v. 7, n. 778  //;;;;Manuel del Río fue un religioso franciscano español, de quien se dice que fue un diestro relojero que aprendería el oficio en Oporto con Tomás Luis de Sáa. Perteneció a la comunidad franciscana de Santiago, donde publicó en 1759 la obra Arte de los reloxes de ruedas, ree - ditada por su discípulo Ramón Durán en Madrid el año 1789. Aunque en el prólogo indica que uno de los motivos de escribir esta obra fue la ausencia de manuales sobre el tema, en la segunda mitad de siglo XVIII se publicaron otros dos tratados españoles de relojería. La singularidad del de Manuel del Río está en ser el primero que describe un reloj de autómatas de iglesia y da instrucciones sobre su construcción. El ambiente cultural favorable a la publicación de escritos científicos, y en concreto de relojería, se vería sin duda impulsado por la política borbónica que promovió la enseñanza de los oficios industriales y artísticos. Muestra de ello fue la fundación de centros como la Real Escuela de Relojería o la Real Fábrica de Relojes. En otro sentido, hemos de tener en cuenta que el reloj mecánico se había generalizado de tal manera que era necesario que el usuario contara con manuales prácticos que le ayudaran en el buen mantenimiento y la corrección del tiempo medio respecto a la hora solar. Se aprecian en el tratado las características de los libros del siglo XVIII destinados a la difusión de conocimientos utilitarios, como la inclusión de trece grabados calcográficos sobre instrumentos, engranajes y otros, dispuestos de manera precisa para ayudar a la comprensión del tema. Éstos fueron realizados por Cipriano Maré, grabador que participaría en la ilustración de otras importantes obras de divulgación científica. Refuerza su carácter didáctico su clara organización y la inclusión de apartados de consulta-respuesta en el primer volumen, así como la tabla alfabética de materias y el glosario en el segundo.//;;;Relojes -- Obras anteriores a 1800 --  //;;Madrid, España //;;;;;;;;;;;;;;;;;;;;;sp;spa;;;Libro;;;http://bdh-rd.bne.es/viewer.vm?id=0000012561&page=1 ** http://bdh-rd.bne.es/viewer.vm?id=0000012561&page=77 ** http://bdh-rd.bne.es/viewer.vm?id=0000012561&page=165 ** http://bdh-rd.bne.es/viewer.vm?id=0000012561&page=304 ** http://bdh-rd.bne.es/viewer.vm?id=0000012561&page=390 ** http://bdh-rd.bne.es/viewer.vm?id=0000012561&page=553 ** http://bdh-rd.bne.es/viewer.vm?id=0000012561&page=609 **;http://bdh-rd.bne.es/text.vm?id=0000012561&first=1&last=76 ** http://bdh-rd.bne.es/text.vm?id=0000012561&first=77&last=164 ** http://bdh-rd.bne.es/text.vm?id=0000012561&first=165&last=303 ** http://bdh-rd.bne.es/text.vm?id=0000012561&first=304&last=389 ** http://bdh-rd.bne.es/text.vm?id=0000012561&first=390&last=552 ** http://bdh-rd.bne.es/text.vm?id=0000012561&first=553&last=608 ** http://bdh-rd.bne.es/text.vm?id=0000012561&first=609&last=649 **
bima0000094475;Rodríguez de Arellano, Vicente , ca. 1750-ca. 1806  // Mompié, Ildefonso , ca. 1785-1855 -impresor  // Domingo, Miguel , fl. 1805-1823 -editor  //;;[Armida y Reinaldo. Parte 1] //;Armida y Reinaldo : en un acto: primera parte;;por don V. R. A.;;"en la Imprenta de Ildefonso Mompié  se hallará en la librería de los señores Domingo y Mompié, calle de caballeros número 48; y así mismo otras de diferentes títulos, y un surtido de 200 Saynetes por mayor y á la menuda";;Valencia;1815;6, [2] p. , 4º ,;;"Incluye al final una hoja con el listado: ""Saynetes y comedias que se hallan de venta en misma librería, calle de caballeros númeri 48; por mayor y á la menuda""//";Las iniciales V. R. A. corresponden a Vicente Rodríguez de Arellano  // Se ha respetado la puntuación original  // Precede al título: “Núm. 2.”  // El pie de imprenta consta en el colofón  // Sign.: 1⁴  // Texto a dos columnas  //;Herrera Navarro, J. Catálogo de autores teatrales del siglo XVIII, 1993 p.389  //;;;;;;;;Teatro --  //;Valencia, España //;;;;;;;;;;;;;;;;;;;;;sp;spa;;;Libro;;U/9277 //;http://bdh-rd.bne.es/viewer.vm?id=0000146441&page=1 **;http://bdh-rd.bne.es/text.vm?id=0000146441&first=1&last=19 **
bima0000095219;Ros, Francisco , s. XVII  //;;;Praecipuae quaestiones logicales;;;;[s.n.]  Typ. Marci Ant. Rubei;;[S.l] , Bergomi;1654;p. , 4º ,;;;;;;;;;;;;;;;;;;;;;;;;;;;;;;;;;;sp;lat;;;Libro;;3/5391 //;http://bdh-rd.bne.es/viewer.vm?id=0000235957&page=1 **;http://bdh-rd.bne.es/text.vm?id=0000235957&first=1&last=503 **
bima0000100969;Shakespeare, William , 1564-1616  // Fernández de Moratín, Leandro , 1760-1828 -traductor  // Villalpando, Fermín Tadeo , fl. 1794-1826 -impresor  // Cades, Giuseppe , 1750-1799 -dibujante  // Leonetti, Giovanni Battista , fl. 1816 -grabador  //;;[Hamlet. Español] //;Hamlet: tragedia de Guillermo Shakespeare traducida é ilustrada con la vida del autor y notas críticas;;por Inarco Celenio P. A.;;en la oficina de Villalpando;;Madrid;1798;[50], 379 p., [1] p., [1] h. de grab. , 4º ,;;;"Inarco Celenio es seudónimo de Leandro Fernández de Moratín  // Existen ejemplares en formato 8º  // Sign.: 1-53⁴, 54³  // La hoja de lámina es un grabado calcográfico, firmado: ""Giuseppe Cades inv. e del."", ""Gio Batta Leonetti incise""  //";;;;;;;;;;Madrid, España //;;;;;;;;;;;;;;;;;;;;;sp;spa;;;Libro;;T/17906 //;http://bdh-rd.bne.es/viewer.vm?id=0000192905&page=1 **;http://bdh-rd.bne.es/text.vm?id=0000192905&first=1&last=451 **
bima0000102732;Sotelo, Luis (O.F.M.)  // Urbano VIII, Papa -destinatario  //;;;Beatissime Pater, post Praemissam sanctorum pedum ... humilem, ac deuotam osculationem, &c. Frater Ludouicus Sotelo fratrum Minorum alumnus ... Nempe fuisse me quondam à quondam Idate Masamune, qui Regni Oxu (quod est in Orientali Iaponiae parte) gubernacula tenet ...;;;;[s.n.];;[S.l.];1624;10 h. , Fol. ,;;;"Fechado ""de hac carcere Japonio Omurensi"" el 20 de enero de 1624. Sigue certificación sin fecha, hecha por Diego Collado, de la Orden de Predicadores  // Fecha probable de impresión tomada de la firma  // Sign.: A-E²  //";;;;;;;;Franciscanos -- Misiones -- Asia oriental --  //;;;;;;;;;;;;;;;;;;;;;;;xx;spa;;;Libro;;VC/1015/8 //;http://bdh-rd.bne.es/viewer.vm?id=0000256046&page=1 **;http://bdh-rd.bne.es/text.vm?id=0000256046&first=1&last=23 **
bima0000106353;Toledo, Francisco de , 1532-1596  //;;;In Sacrosanctum Joannis Evangelium commentarii;;;;Sumpt. T. Soubron;;Lugduni;1614;p. , Fol. ,;;;;;;;;;;;;;;;;;;;;;;;;;;;;;;;;;;fr;lat;;;Libro;;3/24803 //;http://bdh-rd.bne.es/viewer.vm?id=0000219090&page=1 **;http://bdh-rd.bne.es/text.vm?id=0000219090&first=1&last=289 **
bima0000106356;Toledo, Francisco de , 1532-1596  //;;;In Epistolam Beati Pauli ad Romanos;;;;[s.n.];;Maguntiae;1603;p. , 4º ,;;;;;;;;;;;;;;;;;;;;;;;;;;;;;;;;;;gw;lat;;;Libro;;3/60211 //;http://bdh-rd.bne.es/viewer.vm?id=0000238634&page=1 **;http://bdh-rd.bne.es/text.vm?id=0000238634&first=1&last=811 **
bima0000106361;Toledo, Francisco de , 1532-1596  //;;;Francisci Toleti... Introductio in Dialecticam Arist. : accessit Porphyrii textus Aristotelis praedicamenta;;;;Societas Tini, & Philippi Lomatii  Gratiadeus Feriolus;;Mediolani;1607;344 p., sign.: I>4-8< , 16º (11 cm) ,;;;;;;;;;;;;;;;;;;;;;;;;;;;;;;;;;;fr;lat;;;Libro;;3/77331 //;http://bdh-rd.bne.es/viewer.vm?id=0000247000&page=1 **;http://bdh-rd.bne.es/text.vm?id=0000247000&first=1&last=180 **
bima0000107105;Francisco de Torrejoncillo (O.F.M.)  //;;;Centinela contra iudios;;;;[s.n.];;Mad.;1674;p. , 8º ,;;;;;;;;;;;;;;;;;;;;;;;;;;;;;;;;;;sp;spa;;;Libro;;3/57716 //;http://bdh-rd.bne.es/viewer.vm?id=0000236540&page=1 **;http://bdh-rd.bne.es/text.vm?id=0000236540&first=1&last=150 **
bima0000111853;Vidal, Domingo , 1741-1800  // Cruzado, Antonio -imp.  //;;[Cirugía forense] //;Cirugía forense ó Arte de hacer las relaciones chirurgico-legales ...;;por el Licenciado Don Domingo Vidal ...;4ª ed.;en la Imprenta de D. Antonio Cruzado;;Madrid;1802;XVI, 199 p. , 8º ,;Medicina. Farmacia. //;;Sign.: []⁸, A-M⁸, N⁴  // Anteportada  //;;;;;;;;Medicina legal --  // Medicina -- España -- S.XIX --  //;;Madrid, España //;;;;;;61  //;;;;;;;;;;;;;;;sp;spa;;;Libro;;1/12825 //;http://bdh-rd.bne.es/viewer.vm?id=0000072254&page=1 **;http://bdh-rd.bne.es/text.vm?id=0000072254&first=1&last=227 **
bima0000113019;Vitoria, Francisco de , 1483-1546  //;;;Relectiones theologicae;;;;En la of. de Manuel Martin;;Matriti;1765;p. , 4º ,;;;;;;;;;;;;;;;;;;;;;;;;;;;;;;;;;;sp;lat;;;Libro;;3/11612 //;http://bdh-rd.bne.es/viewer.vm?id=0000213337&page=1 **;http://bdh-rd.bne.es/text.vm?id=0000213337&first=1&last=639 **
bima0000115428;Zidron, Francisco  //;;;In Mathveum;;;;[s.n.];;Lugd.;1670;p. , Fol. ,;;;Este autor es Cidron de Acevedo (Francisco)  //;;;;;;;;;;;;;;;;;;;;;;;;;;;;;;;fr;lat;;;Libro;;3/61940 //;http://bdh-rd.bne.es/viewer.vm?id=0000239411&page=1 **;http://bdh-rd.bne.es/text.vm?id=0000239411&first=1&last=423 **
bima0000115586;Zumel, Francisco , 1540-1607  //;;;[Variarum disputationum... Francisci Cumel... tomi tres...];;;;J. Pilleotte;;[Lugduni;1609;1 v. , Fol. (36 cm) ,;;;"Texto a dos columnas ; con notas marginales  // Encabezamiento tomado del Cat. de la B. N. de Paris  // Cab. e inic. grab.  // 3 t. en 1 v.  //";;;;;;;;;;;;;;;;;;;;;;;;;;;;;;;fr;lat;;;Libro;;3/78116 //;http://bdh-rd.bne.es/viewer.vm?id=0000247754&page=1 **;http://bdh-rd.bne.es/text.vm?id=0000247754&first=1&last=423 **
bima0000115939;Balbus, Johannes  // Gutenberg, Johann -imp.  //;;;Catholicon;;;;[Tip. epónima= Johannes Gutenberg (?)];;Alma in urbe maguntina;1460;2 v. [373 h.] , Fol. ,;Incunables //;;Lugar y fecha de impresión tomados del colofón. Impresor tomado de IBE  // Sin signatura  // Letra gótica (82g)  // Texto a dos columnas (66 líneas)  //;HC 2254  // Pell 1702  // GW 3182  // Pol 456  // BMC I, 39  // IGI 1154  // Goff B-20 (+Supl. 1972)  // IBP 982  // CIH 730  // IDL 610  // IJL 48  // IBE 0684  // ISTC ib00020000  // Martín Abad B-4  //;;;;;;;Lengua latina --  //;;Mainz, Alemania //;;;;;;811.124  //;;;;;;;;;;;;;;;gw;lat;;;Libro;;INC/1298_V.1_-_INC/1299_V.2 //;http://bdh-rd.bne.es/viewer.vm?id=0000100996&page=1 ** http://bdh-rd.bne.es/viewer.vm?id=0000100996&page=374 **;http://bdh-rd.bne.es/text.vm?id=0000100996&first=1&last=373 ** http://bdh-rd.bne.es/text.vm?id=0000100996&first=374&last=744 **
bima0000115946;Balbus, Johannes  // Hamman, Johann -imp.  // Liechtenstein, Peter -imp.  //;;;Catholicon;;;;Jussu et impensis p[rae]stantis viri d[omi]ni Petri Liechtenstein Coloniensis, arte item et ingenio Joannis Hertzog;;Venetia;1497;[312 h.] , Fol. ,;;;Sign.: a-x⁸, y⁶, A-P⁸, Q-S⁶, T⁸  // Letra gótica  // Texto a dos columnas (69 líneas)  // Iniciales xilografiadas y huecos para iniciales  //;H 2266  // Pell 1715  // GW 3203  // BMC V, 427  // IGI 1165 (+Supl.)  // Goff B-34  // IBP 740  // CIH 467  // IBE 0695  // ISTC ib00034000  // Martín Abad B-11  //;;;;;;;Lengua latina --  //;;Venezia, Italia //;;;;;;811.124  //;;;;;;;;;;;;;;;it;lat;;;Libro;;;http://bdh-rd.bne.es/viewer.vm?id=0000234617&page=1 **;http://bdh-rd.bne.es/text.vm?id=0000234617&first=1&last=319 **
bima0000117997;Astemio, Lorenzo  // Benali, Bernardino -impresor  //;;;De Quibusdam locis obscuris;;;;per Bernardinum Benalium;;Venetiis;1494?;[24] h. , 4º ,;Incunables //;;Fecha de impresión tomada del CIBN Madrid (2002)  // Sign.: a⁸ b-e⁴  // Letra redonda (110R)  // 29 líneas  // Huecos para iniciales, letras de aviso  //;HC 28  // GW 129  // Pell 20  // IGI 10  // Goff A-13  // CIH 4  // BNC V 375  // IDL 2  // CIBN Paris A-7  // CIBN Madrid (2002 1  // ISTC ia00013000  // Martín Abad A-2  //;;;;;;;Ovidio Nasón, Publio -- Crítica e interpretación --  // Lengua latina --  //;;Venezia, Italia //;;;;;;821.124  //;;;;;;;;;;;;;;;it;lat;;;Libro;;;http://bdh-rd.bne.es/viewer.vm?id=0000108345&page=1 **;http://bdh-rd.bne.es/text.vm?id=0000108345&first=1&last=48 **
bima0000120245;Nebrija, Antonio de , 1444-1522  // Oliva, Antonio -imp.  //;;[Introductiones latinae] //;Aelii Antonii Nebrissensis De Institutione Gramaticae libri duo;De Institutione Gramatica.;;;[s.n.]  Antonio Oliva;;Gerundae;1819;2 h., 332 p. , 16 cm ,;;;;;;;;;;;Lengua latina -- Gramática --  //;;Gerona, España //;;;;;;;;;;;;;;;;;;;;;sp;lat;;;Libro;;3/16263 //;http://bdh-rd.bne.es/viewer.vm?id=0000217169&page=1 **;http://bdh-rd.bne.es/text.vm?id=0000217169&first=1&last=174 **
bima0000122112;Valladares de Sotomayor, Antonio  // Ulloa, Antonio , fl. 1792-1795 -imp.  // Cruzado, Antonio -imp.  //;Imprenta de la Calle de Relatores (Madrid)  //;;La Leandra novela original que comprehende muchas;;"su autor D. Antonio Valladares de Sotomayor ... ; tomo primero [-noveno]";;en la Oficina de D. Antonio Ulloa;;En Madrid;1797 - 1807;"9 v. ([8], 395 p., [1] en bl. ; 374 p., [2] en bl. ; 405 p., [3] en bl. ; 381 p., [3] en bl. ; XVI, [6], 328 p. ; [8], 304 p. ; [8], 259 p., [1] en bl. ; 248 p. ; 268 p.) , 8º ,";;;"Marca tipográfica de Antonio Ulloa en portadas de Tomos I-II  // Marca tipográfica de Antonio Cruzado en portadas de Tomos V-VI  // Pie de imprenta de Tomos III-IV : ""Madrid : en la Oficina de Don Antonio Cruzado , 1797""  // Pie de imprenta de Tomo V : ""Madrid : en la Oficina de Don Antonio Cruzado ... , 1801""  // Pie de imprenta de Tomo VI : ""Madrid : en la Oficina de Don Antonio Cruzado ... , 1803""  // Pie de imprenta de Tomos VII-VIII : ""Madrid : en la Imprenta de la calle Relatores , 1805""  // Pie de imprenta de Tomo IX : ""Madrid : en la Imprenta de la calle Relatores , 1807""  // Sign.: *⁴, A-Z⁸, Aa⁸, Bb⁶ ; A-Z⁸, Aa⁴ ; A-Z⁸, Aa-Bb⁸, Cc⁴ ; A-Z⁸, Aa⁸ ; a¹¹, A-V⁸, X⁴ ; a⁴, A-T⁸ ; [ ]⁴, A-Q⁸, R² ; A-P⁸, Q⁴ ; [ ]², A-Q⁸, R⁴  // Portada con grabado xilográfico en Tomos III-IV  // Portada con adorno xilográfico en Tomos VII-IX  //";Aguilar Piñal. Bib. S.XVIII v. 8, n. 2178  //;;;;;;;;;Madrid, España //;;;;;;;;;;;;;;;;;;;;;sp;spa;;;Libro;;3/16264_V.1 // 3/16265_V.2 // 3/16266_V.3 // 3/16267_V.4 // 3/16268_V.5 // 3/16269_V.6 // 3/16270_V.7 // 3/16271_V.8 // 3/16262_V.9 //;http://bdh-rd.bne.es/viewer.vm?id=0000134425&page=1 ** http://bdh-rd.bne.es/viewer.vm?id=0000134425&page=210 ** http://bdh-rd.bne.es/viewer.vm?id=0000134425&page=595 ** http://bdh-rd.bne.es/viewer.vm?id=0000134425&page=1008 ** http://bdh-rd.bne.es/viewer.vm?id=0000134425&page=1396 ** http://bdh-rd.bne.es/viewer.vm?id=0000134425&page=1753 ** http://bdh-rd.bne.es/viewer.vm?id=0000134425&page=1915 ** http://bdh-rd.bne.es/viewer.vm?id=0000134425&page=2190 ** http://bdh-rd.bne.es/viewer.vm?id=0000134425&page=2449 **;http://bdh-rd.bne.es/text.vm?id=0000134425&first=1&last=209 ** http://bdh-rd.bne.es/text.vm?id=0000134425&first=210&last=594 ** http://bdh-rd.bne.es/text.vm?id=0000134425&first=595&last=1007 ** http://bdh-rd.bne.es/text.vm?id=0000134425&first=1008&last=1395 ** http://bdh-rd.bne.es/text.vm?id=0000134425&first=1396&last=1752 ** http://bdh-rd.bne.es/text.vm?id=0000134425&first=1753&last=1914 ** http://bdh-rd.bne.es/text.vm?id=0000134425&first=1915&last=2189 ** http://bdh-rd.bne.es/text.vm?id=0000134425&first=2190&last=2448 ** http://bdh-rd.bne.es/text.vm?id=0000134425&first=2449&last=2727 **
bima0000131439;Comella, Luciano Francisco , 1751-1812  // Cruzado, Antonio -impresor  //;Imprenta del Diario (Madrid) -editor  // Librería de Cerro -editor  // Librería de Quiroga -editor  //;[El sitio de Calés] //;El sitio de Calés : comedia heroica en tres actos : representada por la compañía de Manuel Martínez en el año de 1790;Colección de las mejores comedias nuevas que se van representando en los teatros de esta corte Tomo XI;por don Luciano Francisco Comella;;se hallará esta comedia ... en la oficina del Diario, plazuela de Zelenque, y en sus puestos Puerta del Sol y frente de Santo Tomás, en la librería de Manuel Quiroga, calle de la Concepción Gerónima, y en el puesto de Manuel del Cerro, calle de Alcalá;;[Madrid];1790;34 p., [1] h. en blanco , 4º ,;;;Publicada con otras comedias bajo el título: Colección de las mejores comedias nuevas que se van representando en los teatros de esta corte. Tomo XII, que comprende las representadas en el año de 1799. (Madrid: en la Oficina de Antonio y Josef Cruzado, 1799)  // El editor consta en el colofón  // Lugar de impresión deducido de la actividad del editor  // Fecha aproximada de impresión deducida del título  // Sign.: A-D⁴, E²  // Texto a dos columnas  //;Vega García-Luengos, Germán. Teatro español en la Biblioteca de Menéndez Pelayo: piezas impresas en colecciones dramáticas o misceláneas durante los siglos XVI, XVII y XVIII  // Aguilar Piñal, Francisco. Bibliografía de autores españoles del s. XVIII v. 2, p. 498-499, n. 3684  //;;;;;;;;Comedias (Literatura) --  //;Madrid, España //;;;;;;;;;;;;;;;;;;;;;sp;spa;;;Libro;;T/9136(12) // T/9136(12) //;http://bdh-rd.bne.es/viewer.vm?id=0000174625&page=1 **;http://bdh-rd.bne.es/text.vm?id=0000174625&first=1&last=39 **
bimo0000057343;Orellana, Francisco José , 1820-1900  //;;[Luz del alba] //;Luz del alba o El hombre de cuatro siglos : novela singular;El hombre de cuatro siglos  //;por Francisco José Orellana;2ª ed;[s.n.]  Imp. de Joaquín Bosch y Compª;;[S.l.] , Barcelona;1857;524 p., [16] h. de lám. , 24 cm ,;;;;;;;;;;;;;;;;;;;"821.134.2-3  //  821.134.2-31""18""  //";;;;;;;;;;;;;;;sp;spa;;;Libro;;3/164159 // 3/164159 //;http://bdh-rd.bne.es/viewer.vm?id=0000219880&page=1 **;http://bdh-rd.bne.es/text.vm?id=0000219880&first=1&last=571 **
bimo0000512013;Rubió y Ors, Joaquín , 1818-1899  //;;;El doctor D. Francisco Vicente García, rector de Vallfogona : su vida y sus obras poéticas;;monografía compuesta por Joaquín Rubió y Ors;;[.n.]  Sucesores de Narciso Ramírez;;[S.l.];1883;31 p. , 27 cm ,;;;;;;;;;;;Garcia, Francesc Vicenç -- Crítica e interpretación --  //;;;;;;;;929 García, Francesc Vicenç  //  821.131.1 García, Francesc Vicenç 1.07  //  821.134.1-1  //;;;;;;;;;;;;;;;sp;spa;;;Libro;;9/144775 //;http://bdh-rd.bne.es/viewer.vm?id=0000235705&page=1 **;http://bdh-rd.bne.es/text.vm?id=0000235705&first=1&last=43 **
bimo0000560971;Aranda y Millán, Francisco , 1881-1937  //;;;Contribución al conocimiento de los equinodermos de España y en especial de los holoturioideos : memoria;;Francisco Aranda y Millán;;[s.n.]  Est. Tip. de Fortanet;;[S.l.] , Madrid;1908;43 p., [5] h. de lám. , il. , 25 cm ,;;;;;;;;;;;Equinodermos -- España --  //;;;;;;;;593.9(460)  //  591  //;;;;;;;;;;;;;;;sp;spa;;;Libro;;VC/373/34 //;http://bdh-rd.bne.es/viewer.vm?id=0000229543&page=1 **;http://bdh-rd.bne.es/text.vm?id=0000229543&first=1&last=61 **
bimo0000586120;Belda y Pérez de Nueros, Francisco, Marqués de Cabra , 1859-1930  //;;;Papeles viejos;;colegidos por Francisco Belda y Perez de Nueros, Marqués de Cabra;;[s.n.]  Gráficas Reunidas;;[S.l.] , Madrid;1928;162 p., [10] h. lám. , 27 cm ,;;;;;;;;;;;Belda y Pérez de Nueros, Francisco, -- Marqués de Cabra -- Correspondencia --  //;;;;;;;;929 Belda y Pérez de Nueros, Francisco, Marqués de Cabra  //;;;;;;;;;;;;;;;sp;spa;;;Libro;;2/74337 // 2/74337 //;http://bdh-rd.bne.es/viewer.vm?id=0000228492&page=1 **;http://bdh-rd.bne.es/text.vm?id=0000228492&first=1&last=191 **
bimo0000590947;Bergamín, Francisco , 1855-1937  //;;;Discurso pronunciado en el Teatro Principal de Valencia por el... Sr. D. Francisco Bergamín García en la noche del 12 de Junio de 1915, como mantenedor de la Fiesta de la Flor y de la Poesía;;;;[s.n.]  Tip. El Cronista;;Málaga;1915;"15 pág. , 8º mlla. ; 21 cm ,";;;;;;;;;;;;;;;;;;;;;;;;;;;;;;;;;;sp;spa;;;Libro;;VC/570/4 //;http://bdh-rd.bne.es/viewer.vm?id=0000228089&page=1 **;http://bdh-rd.bne.es/text.vm?id=0000228089&first=1&last=19 **
bimo0000590948;Bergamín, Francisco , 1855-1937  //;;;"Discurso ... en la fiesta de ""la belleza y de la poesía"", celebrada en Sevilla el día 13 de mayo de 1923";;pronunciado por ... Francisco Bergamín;;[s.n.]  Artes Gráficas;;[S.l.] , Madrid;1923;13 p. , 21 cm ,;;;;;;;;;;;Andalucía --  //;;;;;;;;908(460.35)  //;;;;;;;;;;;;;;;sp;spa;;;Libro;;VC/826/26 // VC/826/26 //;http://bdh-rd.bne.es/viewer.vm?id=0000228009&page=1 **;http://bdh-rd.bne.es/text.vm?id=0000228009&first=1&last=19 **
bimo0000617350;Breñosa y Tomé, Rafael , 1845-1916  //;;;Memorial de Artillería : memoria relativa al curso de la Escuela Central de Tiro de Artillería del año 1900;;por Rafael Breñosa y Tomé;;[s.n.]  Imp. del Cuerpo de Artillería;;[S.l.] , Madrid;1902;175 p., [2] h. de lám. , il., gráf. , 24 cm ,;;;;;;;;;;;Tiro de artillería --  //;;;;;;;;623.41  //;;;;;;;;;;;;;;;sp;spa;;;Libro;;1/5778 //;http://bdh-rd.bne.es/viewer.vm?id=0000114594&page=1 **;http://bdh-rd.bne.es/text.vm?id=0000114594&first=1&last=191 **
bimo0000634761;Avilés y Merino, Francisco , 1848-1910  //;;;La sierra de Córdoba : condiciones que la hacen ser fuente de riqueza y de salud, tesoro inagotable de bienes, por su situación, producciones, amenidad y belleza;;estudio por Francisco Avilés y Merino;;[s.n.]  Impr. de Ricardo Rojas;;[S.l.] , Madrid;1906;63 p. , 18 cm ,;;;;;;;;;;;Córdoba (España, Sierra) -- Descripción --  //;;;;;;;;91(460)  //  913(460.351)  //;;;;;;;;;;;;;;;sp;spa;;;Libro;;VC/177/3 //;http://bdh-rd.bne.es/viewer.vm?id=0000205468&page=1 **;http://bdh-rd.bne.es/text.vm?id=0000205468&first=1&last=67 **
bimo0000635027;Ayala, Francisco , 1906-2009  //;;;Indagación del cinema;;Francisco Ayala [Garcia Duarte];;[s.n.]  Compañia general de Artes Graficas;;Madrid;1929;178 p. , 16º mlla. (15 cm) ,;;;;;;;;;;;;;;;;;;;;;;;;;;;;;;;;;;sp;spa;;;Libro;"Acceso y/o uso restringido. La presente obra presenta restricciones en cuanto a su reproducción, distribución, comunicación pública o transformación; no obstante y en virtud del artículo 37 del Texto refundido de la Ley de Propiedad Intelectual (TRLPI), la Biblioteca Nacional de España está autorizada a la reproducción y a la comunicación de obras, mediante red cerrada e interna, a efectos de investigación (artículo 37, RDL 1/1996, de 12 de abril, revisada el 5 noviembre de 2015); sin perjuicio de las copias que puedan obtenerse en la BNE para uso privado, para ejercer cualquier otro de los derechos de explotación previstos en la TRLPI, el usuario deberá contactar con el correspondiente titular o la entidad de gestión encargada de representar al titular.//";2/82258 //;http://bdh-rd.bne.es/viewer.vm?id=0000217636&page=1 **;http://bdh-rd.bne.es/text.vm?id=0000217636&first=1&last=189 **
bimo0000638952;Balaguer, Víctor , 1824-1901  // Retes, Francisco Luis de , 1822-1901  //;;[La Mort de Neró. Español] //;La muerte de Neron : tragedia en un acto, escrita en verso catalan;;"por Víctor Balaguer ; y puesta en verso castellano por Francisco Luis de Retes";;Casa Editorial de Medina;;Madrid;1877;29 p. , 15 cm ,;;;Título original: La Mort de Neró  //;;;;;;;;;;;;;;;;"821.134.1-24""18""  //";;;;;;;;;;;;;;;sp;spa;cat;spa //;Libro;;T/12348 //;http://bdh-rd.bne.es/viewer.vm?id=0000205162&page=1 **;http://bdh-rd.bne.es/text.vm?id=0000205162&first=1&last=43 **
bimo0000666089;Calatayud y Bonmati, Vicente , 1846-1908  //;;;Flexión nominal latina conforme al método y resultados de los nuevos estudios lingüísticos, precedida de una introducción acerca del origen, desarrollo y vida actual del latín, para uso de los que estudian esta asignatura en los institutos, seminarios y colegios;;por D. Vicente Calatayud y Bonmati;;[s.n.]  Imp. de Gossart y Seva;;[S.l.] , Alicante;1879;XXIII, 72 p. , 21 cm ,;;;;;;;;;;;Lengua latina -- Declinación --  //;;;;;;;;811.124'366.2  //;;;;;;;;;;;;;;;sp;spa;;;Libro;;VC/10002/6 //;http://bdh-rd.bne.es/viewer.vm?id=0000250438&page=1 **;http://bdh-rd.bne.es/text.vm?id=0000250438&first=1&last=103 **
bimo0000666102;Calatayud y Bonmati, Vicente , 1846-1908  //;;;Ortología latina : según los resultados de las novísimas investigaciones lingüísticas para uso de los españoles;;por D. Vicente Calatayud y Bonmati;;[s.n.]  Imp. de Gossart y Seva;;[S.l.] , Alicante;1879;96 p. , 21 cm ,;;;;;;;;;;;Lengua latina -- Fonética --  // Lengua latina -- Ortografía --  //;;;;;;;;811.124'342  //  811.124'35  //;;;;;;;;;;;;;;;sp;spa;;;Libro;;1/44608 //;http://bdh-rd.bne.es/viewer.vm?id=0000231738&page=1 **;http://bdh-rd.bne.es/text.vm?id=0000231738&first=1&last=111 **
bimo0000666209;Calcagno, Francisco , 1827-1903  // Hugo, Victor , 1802-1885  //;;;Torquemada Drama en 5 actos;;por Francisco Calcagno. (Original francés de Victor Hugo);2ª ed.;Manuel Zorio;;Barcelona;1900;141 p. , 8º (17 cm) ,;;;;;;;;;;;;;;;;;;;;;;;;;;;;;;;;;;sp;spa;;;Libro;;T/16253 //;http://bdh-rd.bne.es/viewer.vm?id=0000248096&page=1 **;http://bdh-rd.bne.es/text.vm?id=0000248096&first=1&last=167 **
bimo0000688506;Colmeiro, Manuel , 1818-1894  //;;;Memoria biográfica de Francisco Martínez de la Mata leída ante la Real Academia de Ciencias Morales y Políticas;;por su individuo de número, el ilustrísimo señor Manuel Colmeiro;;[s.n.]  Imp. Nacional;;[S.l.] , Madrid;1866;12 p. , 26 cm ,;;;;;;;;;;;Martínez de la Mata, Francisco --  //;;;;;;;;929 Martínez de la Mata, Francisco  //;;;;;;;;;;;;;;;sp;spa;;;Libro;;VC/689/6 // DGMICRO/8331 //;http://bdh-rd.bne.es/viewer.vm?id=0000244433&page=1 **;http://bdh-rd.bne.es/text.vm?id=0000244433&first=1&last=17 **
bimo0000688706;Coloma, Luis , 1851-1915  //;;;Historia de las sagradas reliquias de San Francisco de Borja;;por el P. Luis Coloma;;[s.n.]  Imp. del Corazón de Jesús;;[S.l.] , Bilbao;1903;143 p., [1] h. de lám. , 19 cm ,;;;;;;;;;;;Francisco de Borja, -- Santo -- Reliquias --  //;;;;;;;;23  //  27-526.7 Francisco de Borja, Santo  //  929 Francisco de Borja, Santo  //;;;;;;;;;;;;;;;sp;spa;;;Libro;;1/1859 //;http://bdh-rd.bne.es/viewer.vm?id=0000250263&page=1 **;http://bdh-rd.bne.es/text.vm?id=0000250263&first=1&last=159 **
bimo0000688709;Coloma, Luis , 1851-1915  //;;;Historias varias;;por Luis Coloma;7ª ed.;El Mensajero del Corazón de Jesús;;Bilbao;1935;402 p. , 19 cm ,;Lecturas, t. II //;;;;;;;;;;Francisco de Borja, -- Santo -- Reliquias --  //;;;;;;;;"821.134.2-3  //  27-526.7 Francisco de Borja, Santo  //  821.134.2-32""18""  //  929 Francisco de Borja, Santo  //";;;;;;;;;;;;;;;sp;spa;;;Libro;;7/98273 //;http://bdh-rd.bne.es/viewer.vm?id=0000232200&page=1 **;http://bdh-rd.bne.es/text.vm?id=0000232200&first=1&last=407 **
bimo0000689510;Colubi, Francisco  //;;;Los Cantares del Rey niño Don Alfonso XIII. Máximas politico-sociales, morales y filosóficas, para uso y educación del pueblo;;;;Manuel Minuesa;;Madrid;1889;1 lám. - 63 p. , 8º mllª (19 cm) ,;;;;;;;;;;;;;;;;;;;;;;;;;;;;;;;;;;sp;spa;;;Libro;;2/81403 //;http://bdh-rd.bne.es/viewer.vm?id=0000217002&page=1 **;http://bdh-rd.bne.es/text.vm?id=0000217002&first=1&last=77 **
bimo0000709736;Constancio, Francisco Solano  //;;;Novo diccionario critico e etymologico da lingua portugueza;;Precedido de una introducçao grammatical;6ª ed.;Carneiro filho  Typogª de Rignoux;;Paris;1858;p. , 4º mlla. ,;;;;;;;;;;;;;;;;;;;;;;;;;;;;;;;;;;fr;por;;;Libro;;1/40360 //;http://bdh-rd.bne.es/viewer.vm?id=0000207770&page=1 **;http://bdh-rd.bne.es/text.vm?id=0000207770&first=1&last=1043 **
