idBNE;Autor Personas;Autor Entidades;Título uniforme;Título;Otros Títulos;Información asociada al título;Edición;Editorial;Editor musical;Lugar de publicación;Fecha de publicación;Descripción física;Serie;Contenido;Descripción y notas;Citas o referencias;transcripciones de interés;Procedencia;Intérpretes;Resumen;Premios;Periodicidad;Tema;Género/Forma;Lugar relacionado;Forma de la composición sonora;Forma de la composición notada;tipo material cartográfico;Proyección del mapa;Escala del mapa;CDU;Otra clasificación;id registros relacionados;información asociada a registros relacionados;id otras ediciones;información asociada a otras ediciones;id título anterior;información asociada a título anterior;id título posterior;información asociada a título posterior;ISBN;ISSN;Depósito Legal;Otros Números Normalizados;Número Bibliografía Nacional;País de publicación;Lengua de publicación;Lengua original;otras lenguas;Tipo de documento;Condiciones de uso;signatura;version_digital;texto_OCR
bimo0000626968;El Caballero Audaz , 1888-1951  //;;;"La penitenta de ""La Alegría""";;"por El Caballero Audaz ; ilustraciones de Valls";;Atlántida;;Madrid;1932;62 p. , il , 15 cm ,;La novela de hoy, año 11, n. 503 //;;;;;;;;;;;;;;;;;;"821.134.2-32""19""  //";;;;;;;;;;;;;;;sp;spa;;;Libro;"Acceso y/o uso restringido. La presente obra presenta restricciones en cuanto a su reproducción, distribución, comunicación pública o transformación; no obstante y en virtud del artículo 37 del Texto refundido de la Ley de Propiedad Intelectual (TRLPI), la Biblioteca Nacional de España está autorizada a la reproducción y a la comunicación de obras, mediante red cerrada e interna, a efectos de investigación (artículo 37, RDL 1/1996, de 12 de abril, revisada el 5 noviembre de 2015); sin perjuicio de las copias que puedan obtenerse en la BNE para uso privado, para ejercer cualquier otro de los derechos de explotación previstos en la TRLPI, el usuario deberá contactar con el correspondiente titular o la entidad de gestión encargada de representar al titular.//";VC/1135/40 //;http://bdh-rd.bne.es/viewer.vm?id=0000140909&page=1 **;http://bdh-rd.bne.es/text.vm?id=0000140909&first=1&last=68 **
bimo0000626971;El Caballero Audaz , 1888-1951  //;;;El pozo de las pasiones;;El Caballero Audaz;;V.M. de Sanz Calleja;;Madrid;1916;284 p. , 18 cm ,;;;;;;;;;;;;;;;;;;;"821.134.2-32""19""  //";;;;;;;;;;;;;;;sp;spa;;;Libro;"Acceso y/o uso restringido. La presente obra presenta restricciones en cuanto a su reproducción, distribución, comunicación pública o transformación; no obstante y en virtud del artículo 37 del Texto refundido de la Ley de Propiedad Intelectual (TRLPI), la Biblioteca Nacional de España está autorizada a la reproducción y a la comunicación de obras, mediante red cerrada e interna, a efectos de investigación (artículo 37, RDL 1/1996, de 12 de abril, revisada el 5 noviembre de 2015); sin perjuicio de las copias que puedan obtenerse en la BNE para uso privado, para ejercer cualquier otro de los derechos de explotación previstos en la TRLPI, el usuario deberá contactar con el correspondiente titular o la entidad de gestión encargada de representar al titular.//";1/71386 //;http://bdh-rd.bne.es/viewer.vm?id=0000141360&page=1 **;http://bdh-rd.bne.es/text.vm?id=0000141360&first=1&last=303 **
bimo0000626972;El Caballero Audaz , 1888-1951  //;;;El pozo de las pasiones;;El Caballero Audaz;;Mundo Latino;;Madrid;1922;306 p. , 19 cm ,;;;;;;;;;;;;;;;;;;;"821.134.2-32""19""  //";;;;;;;;;;;;;;;sp;spa;;;Libro;"Acceso y/o uso restringido. La presente obra presenta restricciones en cuanto a su reproducción, distribución, comunicación pública o transformación; no obstante y en virtud del artículo 37 del Texto refundido de la Ley de Propiedad Intelectual (TRLPI), la Biblioteca Nacional de España está autorizada a la reproducción y a la comunicación de obras, mediante red cerrada e interna, a efectos de investigación (artículo 37, RDL 1/1996, de 12 de abril, revisada el 5 noviembre de 2015); sin perjuicio de las copias que puedan obtenerse en la BNE para uso privado, para ejercer cualquier otro de los derechos de explotación previstos en la TRLPI, el usuario deberá contactar con el correspondiente titular o la entidad de gestión encargada de representar al titular.//";2/85860 //;http://bdh-rd.bne.es/viewer.vm?id=0000140847&page=1 **;http://bdh-rd.bne.es/text.vm?id=0000140847&first=1&last=323 **
bimo0000626974;El Caballero Audaz , 1888-1951  //;;;El redimido : comedia romántica en un acto y en prosa;;original de José María Carretero;;[s.n.]  R. Velasco, imp.;;[S.l.] , Madrid;1909;28 p. , 20 cm ,;;;;;;;;;;;;;;;;;;;"821.134.2-22""19""  //";;;;;;;;;;;;;;;sp;spa;;;Libro;"Acceso y/o uso restringido. La presente obra presenta restricciones en cuanto a su reproducción, distribución, comunicación pública o transformación; no obstante y en virtud del artículo 37 del Texto refundido de la Ley de Propiedad Intelectual (TRLPI), la Biblioteca Nacional de España está autorizada a la reproducción y a la comunicación de obras, mediante red cerrada e interna, a efectos de investigación (artículo 37, RDL 1/1996, de 12 de abril, revisada el 5 noviembre de 2015); sin perjuicio de las copias que puedan obtenerse en la BNE para uso privado, para ejercer cualquier otro de los derechos de explotación previstos en la TRLPI, el usuario deberá contactar con el correspondiente titular o la entidad de gestión encargada de representar al titular.//";T/18833 //;http://bdh-rd.bne.es/viewer.vm?id=0000169524&page=1 **;http://bdh-rd.bne.es/text.vm?id=0000169524&first=1&last=43 **
bimo0000626992;El Caballero Audaz , 1888-1951  //;;;Sin posible redención : novela;;El Caballero Audaz;;Ediciones Caballero Audaz;;Madrid;1951;292 p. , 19 cm ,;;;;;;;;;;;;;;;;;;;"821.134.2-32""19""  //";;;;;;;;;;;;;;;sp;spa;;;Libro;"Acceso y/o uso restringido. La presente obra presenta restricciones en cuanto a su reproducción, distribución, comunicación pública o transformación; no obstante y en virtud del artículo 37 del Texto refundido de la Ley de Propiedad Intelectual (TRLPI), la Biblioteca Nacional de España está autorizada a la reproducción y a la comunicación de obras, mediante red cerrada e interna, a efectos de investigación (artículo 37, RDL 1/1996, de 12 de abril, revisada el 5 noviembre de 2015); sin perjuicio de las copias que puedan obtenerse en la BNE para uso privado, para ejercer cualquier otro de los derechos de explotación previstos en la TRLPI, el usuario deberá contactar con el correspondiente titular o la entidad de gestión encargada de representar al titular.//";AHMO/89575 //;http://bdh-rd.bne.es/viewer.vm?id=0000140818&page=1 **;http://bdh-rd.bne.es/text.vm?id=0000140818&first=1&last=309 **
bimo0000626994;El Caballero Audaz , 1888-1951  //;;;La Sin Ventura : (vida de una pecadora irredenta) : novela;;El Caballero Audaz;;Compañía Ibero-Americana de Publicaciones, Renacimiento;;Madrid [etc.];1931;325 p. , 18 cm ,;Obras de El Caballero Audaz, 8 //;;;;;;;;;;;;;;;;;;"821.134.2-31""19""  //";;;;;;;;;;;;;;;sp;spa;;;Libro;"Acceso y/o uso restringido. La presente obra presenta restricciones en cuanto a su reproducción, distribución, comunicación pública o transformación; no obstante y en virtud del artículo 37 del Texto refundido de la Ley de Propiedad Intelectual (TRLPI), la Biblioteca Nacional de España está autorizada a la reproducción y a la comunicación de obras, mediante red cerrada e interna, a efectos de investigación (artículo 37, RDL 1/1996, de 12 de abril, revisada el 5 noviembre de 2015); sin perjuicio de las copias que puedan obtenerse en la BNE para uso privado, para ejercer cualquier otro de los derechos de explotación previstos en la TRLPI, el usuario deberá contactar con el correspondiente titular o la entidad de gestión encargada de representar al titular.//";10/186623 //;http://bdh-rd.bne.es/viewer.vm?id=0000140762&page=1 **;http://bdh-rd.bne.es/text.vm?id=0000140762&first=1&last=343 **
bimo0000627001;El Caballero Audaz , 1888-1951  //;;;Te esperaré siempre : la novela del frontón;;El Caballero Audaz;;Ediciones Caballero Audaz;;Madrid;1943;314 p. , 21 cm ,;;;;;;;;;;;;;;;;;;;"821.134.2-31""19""  //";;;;;;;;;;;;;;;sp;spa;;;Libro;"Acceso y/o uso restringido. La presente obra presenta restricciones en cuanto a su reproducción, distribución, comunicación pública o transformación; no obstante y en virtud del artículo 37 del Texto refundido de la Ley de Propiedad Intelectual (TRLPI), la Biblioteca Nacional de España está autorizada a la reproducción y a la comunicación de obras, mediante red cerrada e interna, a efectos de investigación (artículo 37, RDL 1/1996, de 12 de abril, revisada el 5 noviembre de 2015); sin perjuicio de las copias que puedan obtenerse en la BNE para uso privado, para ejercer cualquier otro de los derechos de explotación previstos en la TRLPI, el usuario deberá contactar con el correspondiente titular o la entidad de gestión encargada de representar al titular.//";4/9086 //;http://bdh-rd.bne.es/viewer.vm?id=0000140775&page=1 **;http://bdh-rd.bne.es/text.vm?id=0000140775&first=1&last=331 **
bimo0000627003;El Caballero Audaz , 1888-1951  //;;;El terrorista : novela;;El Caballero Audaz;;Ediciones Caballero Audaz;;Madrid;1932;320 p. , 19 cm ,;Al servicio del pueblo //;;;;;;;;;;;;;;;;;;"821.134.2-31""19""  //";;;;;;;;;;;;;;;sp;spa;;;Libro;"Acceso y/o uso restringido. La presente obra presenta restricciones en cuanto a su reproducción, distribución, comunicación pública o transformación; no obstante y en virtud del artículo 37 del Texto refundido de la Ley de Propiedad Intelectual (TRLPI), la Biblioteca Nacional de España está autorizada a la reproducción y a la comunicación de obras, mediante red cerrada e interna, a efectos de investigación (artículo 37, RDL 1/1996, de 12 de abril, revisada el 5 noviembre de 2015); sin perjuicio de las copias que puedan obtenerse en la BNE para uso privado, para ejercer cualquier otro de los derechos de explotación previstos en la TRLPI, el usuario deberá contactar con el correspondiente titular o la entidad de gestión encargada de representar al titular.//";2/90265 //;http://bdh-rd.bne.es/viewer.vm?id=0000140871&page=1 **;http://bdh-rd.bne.es/text.vm?id=0000140871&first=1&last=333 **
bimo0000627010;El Caballero Audaz , 1888-1951  //;;;La venenosa : novela cosmopolita;;El Caballero Audaz;;Pueyo;;Madrid;1932;174 p., [15] h. de lám. , 20 cm ,;;;;;;;;;;;;;;;;;;;"821.134.2-31""19""  //";;;;;;;;;;;;;;;sp;spa;;;Libro;"Acceso y/o uso restringido. La presente obra presenta restricciones en cuanto a su reproducción, distribución, comunicación pública o transformación; no obstante y en virtud del artículo 37 del Texto refundido de la Ley de Propiedad Intelectual (TRLPI), la Biblioteca Nacional de España está autorizada a la reproducción y a la comunicación de obras, mediante red cerrada e interna, a efectos de investigación (artículo 37, RDL 1/1996, de 12 de abril, revisada el 5 noviembre de 2015); sin perjuicio de las copias que puedan obtenerse en la BNE para uso privado, para ejercer cualquier otro de los derechos de explotación previstos en la TRLPI, el usuario deberá contactar con el correspondiente titular o la entidad de gestión encargada de representar al titular.//";2/88548 //;http://bdh-rd.bne.es/viewer.vm?id=0000192672&page=1 **;http://bdh-rd.bne.es/text.vm?id=0000192672&first=1&last=223 **
bimo0000627016;El Caballero Audaz , 1888-1951  //;;;¡Ver! : novela;;El Caballero Audaz;7ª ed.;Ediciones Caballero Audaz;;Madrid;1942;333 p. , 19 cm ,;;;;;;;;;;;;;;;;;;;"821.134.2-31""19""  //";;;;;;;;;;;;;;;sp;spa;;;Libro;"Acceso y/o uso restringido. La presente obra presenta restricciones en cuanto a su reproducción, distribución, comunicación pública o transformación; no obstante y en virtud del artículo 37 del Texto refundido de la Ley de Propiedad Intelectual (TRLPI), la Biblioteca Nacional de España está autorizada a la reproducción y a la comunicación de obras, mediante red cerrada e interna, a efectos de investigación (artículo 37, RDL 1/1996, de 12 de abril, revisada el 5 noviembre de 2015); sin perjuicio de las copias que puedan obtenerse en la BNE para uso privado, para ejercer cualquier otro de los derechos de explotación previstos en la TRLPI, el usuario deberá contactar con el correspondiente titular o la entidad de gestión encargada de representar al titular.//";1/242227 //;http://bdh-rd.bne.es/viewer.vm?id=0000141375&page=1 **;http://bdh-rd.bne.es/text.vm?id=0000141375&first=1&last=343 **
bimo0000632483;Comenge, Rafael , 1856-1934  //;;;El bandido de Fontfreda : segunda parte de El Roder Micalet Mars;;Rafael Comenge;1ª ed.;Francisco Beltrán, Librería Española y Extranjera;;Madrid;1932;385 p. , 20 cm ,;;;;;;;;;;;;;;;;;;;"821.134.2-31""18""  //";;;;;;;;;;;;;;;sp;spa;;;Libro;;1/241171 //;http://bdh-rd.bne.es/viewer.vm?id=0000191875&page=1 **;http://bdh-rd.bne.es/text.vm?id=0000191875&first=1&last=391 **
bimo0000632571;Rusiñol, Santiago , 1861-1931  //;;;"La ""niña gorda""";;Santiago Rusiñol;;Llibreria Espanyola, Antoni López;;Barcelona;1917;261 p. , 21 cm ,;;;;;;;;;;;;;;;;;;;"821.134.1-31""18""  //";;;;;;;;;;;;;;;sp;cat;;;Libro;;1/241112 //;http://bdh-rd.bne.es/viewer.vm?id=0000187529&page=1 **;http://bdh-rd.bne.es/text.vm?id=0000187529&first=1&last=281 **
bimo0000634486;;;;Aventuras de Safo y Faón : historia griega;;;;Alejandro Pueyo;;Madrid;1926;173 p. , 17 cm ,;"Colección ""Telémaco"", v. 4 //";;;;;;;;;;Safo -- Novelas --  //;Novelas --  //;;;;;;;"821.134.2-31""19""  //  929 Safo (0:82)  //";;;;;;;;;;;;;;;sp;spa;;;Libro;;3/131464 // 3/131464 //;http://bdh-rd.bne.es/viewer.vm?id=0000235143&page=1 **;http://bdh-rd.bne.es/text.vm?id=0000235143&first=1&last=94 **
bimo0000635504;Aza, Vital , 1851-1912  //;;;Francfort : juguete cómico tetralingue de un acto en prosa;;original de de Vital Aza;;"""La Novela Corta""";;Madrid;1917;[24] p. , 20 cm ,;"""La Novela Teatral"", n. 32 //";;;;;;;;;;;;;;;;;;"821.134.2-22""18""  //";;;;;;;;;;;;;;;sp;spa;;;Libro;;T/26716 //;http://bdh-rd.bne.es/viewer.vm?id=0000205346&page=1 **;http://bdh-rd.bne.es/text.vm?id=0000205346&first=1&last=27 **
bimo0000637200;Bacarisse, Mauricio , 1895-1931  //;;;El Esfuerzo;;Mauricio Bacarisse;;[s.n.]  Tip. y Encuadernación de José Yagües;;[S.l.] , Madrid;1917;134 p. , 18 cm ,;;;;;;;;;;;;;;;;;;;"821.134.2-14""19""  //";;;;;;;;;;;;;;;sp;spa;;;Libro;;1/74179 // 1/74179 //;http://bdh-rd.bne.es/viewer.vm?id=0000187660&page=1 **;http://bdh-rd.bne.es/text.vm?id=0000187660&first=1&last=148 **
bimo0000637205;Bacarisse, Mauricio , 1895-1931  //;;;Los terribles amores de Agliberto y Celedonia : novela;;Mauricio Bacarisse;;Espasa-Calpe;;"Madrid ;Barcelona";1931;346 p. , 19 cm ,;;;;;;;;;;;;;;;;;;;"821.134.2-31""19""  //";;;;;;;;;;;;;;;sp;spa;;;Libro;;7/115803 //;http://bdh-rd.bne.es/viewer.vm?id=0000187567&page=1 **;http://bdh-rd.bne.es/text.vm?id=0000187567&first=1&last=351 **
bimo0000637206;Bacarisse, Mauricio , 1895-1931  // Escriba -ilustrador  //;;;Las tinieblas floridas : novela;;"Mauricio Bacarisse ; ilustraciones de Escriba";;La Novela Mundial  Rivadeneyra Artes Gráf.;;Madrid;1927;59 p. , il. , 17 cm ,;La novela mundial, n. 48 //;;;;;;;;;;;;;;;;;;"821.134.2-32""19""  //";;;;;;;;;;;;;;;sp;spa;;;Libro;"Acceso y/o uso restringido. La presente obra presenta restricciones en cuanto a su reproducción, distribución, comunicación pública o transformación; no obstante y en virtud del artículo 37 del Texto refundido de la Ley de Propiedad Intelectual (TRLPI), la Biblioteca Nacional de España está autorizada a la reproducción y a la comunicación de obras, mediante red cerrada e interna, a efectos de investigación (artículo 37, RDL 1/1996, de 12 de abril, revisada el 5 noviembre de 2015); sin perjuicio de las copias que puedan obtenerse en la BNE para uso privado, para ejercer cualquier otro de los derechos de explotación previstos en la TRLPI, el usuario deberá contactar con el correspondiente titular o la entidad de gestión encargada de representar al titular.//";VC/12295/11 //;http://bdh-rd.bne.es/viewer.vm?id=0000187707&page=1 **;http://bdh-rd.bne.es/text.vm?id=0000187707&first=1&last=67 **
bimo0000638427;Baig-Baños, Aurelio , 1873-1935  //;;;"Ilustraciones al ""Cancionero de López Maldonado""";;Aurelio Baig Baños;1ª ed.;[s.n.]  Imp. Góngora;;[S.l.] , Madrid;1933;16 p. , 25 cm ,;;;;;;;;;;;López Maldonado, Juan --  //;;;;;;;;821.134.2  //  821.134.2 López Maldonado, Juan 1.07  //  929 López Maldonado, Juan  //;;;;;;;;;;;;;;;sp;spa;;;Libro;;VC/1189/32 //;http://bdh-rd.bne.es/viewer.vm?id=0000202848&page=1 **;http://bdh-rd.bne.es/text.vm?id=0000202848&first=1&last=23 **
bimo0000638437;Baig-Baños, Aurelio , 1873-1935  //;;;La emperatriz del mundo : estudio sobre Dulcinea del Toboso;;por Aurelio Báig Baños;;[s.n.]  Imp. del Asilo de Huérfanos del Sagrado Corazón de Jesús;;[S.l.] , Madrid;1916;57 p. , 24 cm ,;"Biblioteca de ""España y América"" //";;;;;;;;;;Cervantes Saavedra, Miguel de --  // Dulcinea (Personaje de ficción) --  //;;;;;;;;821.134.2  //  821.134.2 Cervantes Saavedra, Miguel de 7 Quijote.07  //;;;;;;;;;;;;;;;sp;spa;;;Libro;;VC/1852/20 //;http://bdh-rd.bne.es/viewer.vm?id=0000203146&page=1 **;http://bdh-rd.bne.es/text.vm?id=0000203146&first=1&last=67 **
bimo0000638439;Baig-Baños, Aurelio , 1873-1935  //;;;Un folleto raro cervantófobo;;Aurelio Baig Baños;;[s.n.]  Imp. del Asilo de Huérfanos del S.C. de Jesús;;[S.l.] , Madrid;1913;15 p. , 24 cm ,;;;;;;;;;;;Cervantes Saavedra, Miguel de -- Crítica e interpretación --  // Erauso y Zavaleta, Thomas de -- (seud.) --  //;;;;;;;;821.134.2  //  821.134.2 Cervantes Saavedra, Miguel de 1.07  //  929 Erauso y Zavaleta, Thomas de  //;;;;;;;;;;;;;;;sp;spa;;;Libro;;VC/1185/25 //;http://bdh-rd.bne.es/viewer.vm?id=0000202847&page=1 **;http://bdh-rd.bne.es/text.vm?id=0000202847&first=1&last=19 **
bimo0000638450;Baig-Baños, Aurelio , 1873-1935  // Baig-Baños, Aurelio , 1873-1935  //;;;"¿Quién fué el Licenciado Alonso Fernández de Avellaneda? : ensayo sobre la estructura espiritual del falso Quijote ; Religiosidad de Cervantes";Religiosidad de Cervantes;Aurelio Baig Baños;;Librería Gabriel Molina Sucesor de la viuda de Rico  Estab. Tip. de Juan Pérez Torres;;Madrid;1915;336 p. , 24 cm ,;;;Incluye p. [9-10] carta del Ecmo. Sr. Director de la Biblioteca Nacional D. Francisco Rodríguez Marín  //;;;;;;;;Fernández de Avellaneda, Alonso --  // Fernández de Avellaneda, Alonso --  // Cervantes Saavedra, Miguel de -- Religión --  //;;;;;;;;821.134.2 Fernández de Avellaneda, Alonso 7 Segundo tomo del ingenioso hidalgo don Quijote de la Mancha.07  //  929 Fernández de Avellaneda, Alonso  //  929 Cervantes Saavedra, Miguel de:27  //  821.134.2-3  //;;;;;;;;;;;;;;;sp;spa;;;Libro;;CERV.SEDÓ/6260 //;http://bdh-rd.bne.es/viewer.vm?id=0000203085&page=1 **;http://bdh-rd.bne.es/text.vm?id=0000203085&first=1&last=351 **
bimo0000638452;Baig-Baños, Aurelio , 1873-1935  //;;;"Rodríguez Marín, anotador del ""Quijote""";;Aurelio Baig Baños;;[s.n.]  Ramona Velasco;;[S.l.] , Madrid;1932;97 p. , 24 cm ,;;;Incluye referencias bibliográficas  //;;;;;;;;Rodríguez Marín, Francisco -- Crítica e interpretación --  // Cervantes Saavedra, Miguel de --  //;;;;;;;;821.134.2  //  821.134.2 Cervantes Saavedra, Miguel de 7 Quijote.07  //  821.134.2 Rodríguez Marín, Francisco 2.07  //;;;;;;;;;;;;;;;sp;spa;;;Libro;;CERVC/6/21 //;http://bdh-rd.bne.es/viewer.vm?id=0000203079&page=1 **;http://bdh-rd.bne.es/text.vm?id=0000203079&first=1&last=103 **
bimo0000639129;Balart, Federico , 1831-1905  //;;;Fruslerías : poesías festivas;;Federico Balart;;"Sáenz de Jubera, Hermanos  Est. Tip. ""Sucesores de Rivadeneyra""";;Madrid;1906;112 p. , 1 retr. , 16 cm ,;;;;;;;;;;;;;;;;;;;"821.134.2-17""18""  //";;;;;;;;;;;;;;;sp;spa;;;Libro;;1/22889 //;http://bdh-rd.bne.es/viewer.vm?id=0000201360&page=1 **;http://bdh-rd.bne.es/text.vm?id=0000201360&first=1&last=135 **
bimo0000639131;Balart, Federico , 1831-1905  // Alas, Leopoldo , 1852-1901  //;;;Dolores;;"Federico Balart ; estudio crítico por Clarín ; composiciones inéditas, cartas de contemporáneos";;Gustavo Gili;;Barcelona;1929;246 p. , 19 cm ,;Poesías completas, 1 //;;;;;;;;;;;;;;;;;;"821.134.2-14""18""  //";;;;;;;;;;;;;;;sp;spa;;;Libro;;3/108476 //;http://bdh-rd.bne.es/viewer.vm?id=0000108593&page=1 **;http://bdh-rd.bne.es/text.vm?id=0000108593&first=1&last=263 **
bimo0000649253;J. F. de C.  //;;[El castillo de los huérfanos] //;El castillo de los huérfanos o El liberal del Piamonte : novela histórica;El liberal del Piamonte  //;escrita por doña J.F. de C.;;[s.n.]  Imp. de I. Arroniz;;[S.l.] , Murcia;1842;80 p. , 16 cm ,;;;;;;;;;;;;;;;;;;;"821.134.2-32""18""  //";;;;;;;;;;;;;;;sp;spa;;;Libro;;VC/2613/17 //;http://bdh-rd.bne.es/viewer.vm?id=0000168532&page=1 **;http://bdh-rd.bne.es/text.vm?id=0000168532&first=1&last=86 **
bimo0000649823;Castillo Solórzano, Alonso de , 1584-1648?  //;;[Noches de plazer] //;Noches de placer;;"novelas por Alonso de Castillo Solórzano ; reimpresas con una advertencia de Emilio Cotarelo y Mori";;Librría de la Viuda de Rico;;Madrid;1906;XI, 438 p. , 17 cm ,;Colección selecta de antiguas novelas españolas, t. 5 //;;;;;;;;;;;;;;;;;;"821.134.2-32""16""  //";;;;;;;;;;;;;;;sp;spa;;;Libro;;4/17578 // DGMICRO/57732 //;http://bdh-rd.bne.es/viewer.vm?id=0000246535&page=1 **;http://bdh-rd.bne.es/text.vm?id=0000246535&first=1&last=465 **
bimo0000649829;Castillo y Soriano, José del , 1849-1928  // Saavedra, Fernando H.  //;;;La beldad de las verdades : pequeña colección de cantares;;por Dos Inseparables;;[s.n.]  Imp. de F. Hernández;;[S.l.] , Madrid;1866;30 p. , 15 cm ,;;;Autores tomados de las firmas manuscritas  //;;;;;;;;;;;;;;;;"821.134.2-14""18""  //";;;;;;;;;;;;;;;sp;spa;;;Libro;;VC/2890/21 //;http://bdh-rd.bne.es/viewer.vm?id=0000058349&page=1 **;http://bdh-rd.bne.es/text.vm?id=0000058349&first=1&last=36 **
bimo0000649832;Castillo y Soriano, José del , 1849-1928  //;;;Contra soberbia, humildad : cuadro en un acto y en verso;;original de José Castillo y Soriano;4ª ed.;Librería de los Suc. de Hernando;;Madrid;1908;23 p., [1] h. de lám. , 19 cm ,;;;;;;;;;;;;;;;;;;;"821.134.2-2""18""  //";;;;;;;;;;;;;;;sp;spa;;;Libro;;T/18539 //;http://bdh-rd.bne.es/viewer.vm?id=0000042249&page=1 **;http://bdh-rd.bne.es/text.vm?id=0000042249&first=1&last=35 **
bimo0000649837;Castillo y Soriano, José del , 1849-1928  //;;;El fonógrafo : invento en un acto y en verso;;"original de José del Castillo y Soriano ; con música del maestro Isidoro García Rossetti";;[s.n.]  Imp. de José Rodríguez;;[S.l.] , Madrid;1885;28 p. , 20 cm ,;Administración lírico-dramática //;;"""Estrenado en Madrid con extraordinario éxito el 28 de agosto de 1885 en el Teatro Recoletos""  //";;;;;;;;Sainetes (Música) -- Libretos --  //;;;;;;;;"821.134.2-293""18""  //";;;;;;;;;;;;;;;sp;spa;;;Libro;;T/294 //;http://bdh-rd.bne.es/viewer.vm?id=0000042998&page=1 **;http://bdh-rd.bne.es/text.vm?id=0000042998&first=1&last=39 **
bimo0000649846;Castillo y Soriano, José del , 1849-1928  //;;;Versos de antaño;;José del Castillo y Soriano;;[s.n.]  Imp. y Litogr. de Agustín Ungría;;[S.l.] , Madrid;1916;206 p. , 20 cm ,;;;;;;;;;;;;;;;;;;;"821.134.2-14""18""  //";;;;;;;;;;;;;;;sp;spa;;;Libro;;1/71439 //;http://bdh-rd.bne.es/viewer.vm?id=0000192809&page=1 **;http://bdh-rd.bne.es/text.vm?id=0000192809&first=1&last=219 **
bimo0000650126;Castro, Adolfo de , 1823-1898  // Cervantes Saavedra, Miguel de , 1547-1616 -autor atribuido  // Heras Hernández, Eusebio -editor literario  //;;;El Buscapié : cosas escondidas en la primera parte de Don Quijote de la Mancha;;"Miguel de Cervantes Saavedra ; con 50 notas de E. H.";;B. Castellá;;Barcelona;1900;99 p. , 15 cm ,;;;Incluye referencias bibliográficas  //;;;;;;;;Cervantes Saavedra, Miguel de --  //;;;;;;;;"821.134.2-83""18""  //  821.134.2 Cervantes Saavedra, Miguel de 7 Quijote.07  //";;;;;;;;;;;;;;;sp;spa;;;Libro;"Acceso y/o uso restringido. La presente obra presenta restricciones en cuanto a su reproducción, distribución, comunicación pública o transformación; no obstante y en virtud del artículo 37 del Texto refundido de la Ley de Propiedad Intelectual (TRLPI), la Biblioteca Nacional de España está autorizada a la reproducción y a la comunicación de obras, mediante red cerrada e interna, a efectos de investigación (artículo 37, RDL 1/1996, de 12 de abril, revisada el 5 noviembre de 2015); sin perjuicio de las copias que puedan obtenerse en la BNE para uso privado, para ejercer cualquier otro de los derechos de explotación previstos en la TRLPI, el usuario deberá contactar con el correspondiente titular o la entidad de gestión encargada de representar al titular.//";CERVC/17/41 //;http://bdh-rd.bne.es/viewer.vm?id=0000197500&page=1 **;http://bdh-rd.bne.es/text.vm?id=0000197500&first=1&last=107 **
bimo0000650171;Castro, Adolfo de , 1823-1898  // Cervantes Saavedra, Miguel de , 1547-1616  //;;[El Buscapié. Portugués] //;O Busca-pé;;"opusculo inédito que em defensa da Primera parte do Qixote escreveu Miguel de Cervantes Saavedra ; publicado con muitas notas históricas, críticas e bibliographicas por Adolfo de Castro ; vertido por J.A.N. Vieira";;[s.n.]  Typ. Faria Guimarães;;[S.l.] , Porto;1848;IX, 43, 45, 17 p. , 21 cm ,;;;Incluye: Dous artistas / por Bermudez de Castro  // Título original: El Buscapié  //;;;;;;;;Cervantes Saavedra, Miguel de --  //;;;;;;;;"821.134.2-83""18""  //  821.134.2 Cervantes Saavedra, Miguel de 7 Quijote.07  //";;;;;;;;;;;;;;;po;por;spa;por //;Libro;;CERVC/9/18 //;http://bdh-rd.bne.es/viewer.vm?id=0000197929&page=1 **;http://bdh-rd.bne.es/text.vm?id=0000197929&first=1&last=137 **
bimo0000650268;Castro, Antonio Francisco de , 1746-1825  //;;;Poesias de Don Antonio Francisco de Castro, cura párroco de S. Martín de Fruime en el arzobispado de Santiago;;;Ed. inédita;[s.n.]  Oficina de D. Juan María de Paros;;[S.l.] , Orense;1841;275 p. , 15 cm ,;Lingüística. Literatura // Literatura española //;;;;;;;;;;;;;;;;;;"821.134.2-14""17""  //";;;;;;;;;;;;;;;sp;spa;;;Libro;;1/55435 //;http://bdh-rd.bne.es/viewer.vm?id=0000078904&page=1 **;http://bdh-rd.bne.es/text.vm?id=0000078904&first=1&last=297 **
bimo0000651379;Castro y Serrano, José de , 1828-1896  // Castro y Serrano, José de , 1828-1896  // Pons, Ángel  //;;[La serpiente enroscada] //;Dos historias vulgares;;"por José de Castro y Serrano ; dibujos de Ángel Pons";;Librería de Fernando Fé  E. Rubiños, Imp.;;Madrid;1891;274 p. , il. , 19 cm ,;;"La serpiente enroscada ; El reloj de arena// La serpiente enroscada ; El reloj de arena//";;;;;;;;;;;;;;;;;"821.134.2-31""18""  //";;;;;;;;;;;;;;;sp;spa;;;Libro;;AHM/632039 //;http://bdh-rd.bne.es/viewer.vm?id=0000102746&page=1 **;http://bdh-rd.bne.es/text.vm?id=0000102746&first=1&last=285 **
bimo0000651760;Catalá, Valentin  //;;;Ejercicios poéticos en mis noches de insomnio;;por Valentín Catalá;;[s.n.]  Imp. de la Botica de Santo Domingo;;[S.l.] , Habana;1875;210 p. , 22 cm ,;;;;;;;;;;;;;;;;;;;"821.134.272.91  //  821.134.2(729.1)-14""18""  //";;;;;;;;;;;;;;;cu;spa;;;Libro;;1/79918 //;http://bdh-rd.bne.es/viewer.vm?id=0000131690&page=1 **;http://bdh-rd.bne.es/text.vm?id=0000131690&first=1&last=223 **
bimo0000653203;Catarineu, Ricardo J. , 1868-1915  // Coppée, François , 1842-1908  //;;;"El caminante : traduccion del célebre idilio de Coppée ""Le Passant""";;;;[s.n.]  R. Velasco, imp.;;[S.l.] , Madrid;1933;17 p. , 20 cm ,;;;Adaptación de: Le passant / François Coppée  //;;;;;;;;;;;;;;;;"821.134.2-2""18""  //";;;;;;;;;;;;;;;sp;spa;;;Libro;;T/16542 //;http://bdh-rd.bne.es/viewer.vm?id=0000169521&page=1 **;http://bdh-rd.bne.es/text.vm?id=0000169521&first=1&last=47 **
bimo0000653211;Catarineu, Ricardo J. , 1868-1915  // Mata, Pedro , 1875-1946  //;;;La otra : comedia original en un acto y en prosa;;Ricardo J. Catarineu, Pedro Mata;;[s.n.]  R. Velasco imp;;[S.l.] , Madrid;1907;28 p. , 20 cm ,;;;;;;;;;;;;;;;;;;;"821.134.2-22""18""  //";;;;;;;;;;;;;;;sp;spa;;;Libro;"Acceso y/o uso restringido. La presente obra presenta restricciones en cuanto a su reproducción, distribución, comunicación pública o transformación; no obstante y en virtud del artículo 37 del Texto refundido de la Ley de Propiedad Intelectual (TRLPI), la Biblioteca Nacional de España está autorizada a la reproducción y a la comunicación de obras, mediante red cerrada e interna, a efectos de investigación (artículo 37, RDL 1/1996, de 12 de abril, revisada el 5 noviembre de 2015); sin perjuicio de las copias que puedan obtenerse en la BNE para uso privado, para ejercer cualquier otro de los derechos de explotación previstos en la TRLPI, el usuario deberá contactar con el correspondiente titular o la entidad de gestión encargada de representar al titular.//";T/17593 //;http://bdh-rd.bne.es/viewer.vm?id=0000169522&page=1 **;http://bdh-rd.bne.es/text.vm?id=0000169522&first=1&last=55 **
bimo0000653212;Catarineu, Ricardo J. , 1868-1915  // Mata, Pedro , 1875-1946  //;;;La sombra : comedia en tres actos y en prosa;;de Ricardo J. Catarineu y Pedro Mata;;[s.n.]  R. Velasco, imp.;;[S.l.] , Madrid;1911;68 p. , 20 cm ,;;;;;;;;;;;;;;;;;;;"821.134.2-22""18""  //";;;;;;;;;;;;;;;sp;spa;;;Libro;"Acceso y/o uso restringido. La presente obra presenta restricciones en cuanto a su reproducción, distribución, comunicación pública o transformación; no obstante y en virtud del artículo 37 del Texto refundido de la Ley de Propiedad Intelectual (TRLPI), la Biblioteca Nacional de España está autorizada a la reproducción y a la comunicación de obras, mediante red cerrada e interna, a efectos de investigación (artículo 37, RDL 1/1996, de 12 de abril, revisada el 5 noviembre de 2015); sin perjuicio de las copias que puedan obtenerse en la BNE para uso privado, para ejercer cualquier otro de los derechos de explotación previstos en la TRLPI, el usuario deberá contactar con el correspondiente titular o la entidad de gestión encargada de representar al titular.//";T/20156 //;http://bdh-rd.bne.es/viewer.vm?id=0000169528&page=1 **;http://bdh-rd.bne.es/text.vm?id=0000169528&first=1&last=83 **
bimo0000656314;;;;El Centenario del Quijote en Galicia;;folleto publicado a expensas de la Liga de Amigos de La Coruña;;[s.n.]  Talleres de Fotograbado e Imp. de Pedro Ferrer;;[S.l.] , La Coruña;1905;32 p., [3] h. de lám. col. , il. col. y n. , 34 cm ,;;;;;;;;;;;Cervantes Saavedra, Miguel de -- Aniversarios y centenarios --  //;;;;;;;;821.134.2 Cervantes Saavedra, Miguel de 7 Quijote(067.5)  //  821.134.2-3  //;;;;;;;;;;;;;;;sp;spa;;;Libro;;CERV.SEDÓC/16/51 //;http://bdh-rd.bne.es/viewer.vm?id=0000191048&page=1 **;http://bdh-rd.bne.es/text.vm?id=0000191048&first=1&last=44 **
bimo0000656316;;Real Sociedad Geográfica  //;;Centenario de la aparición del Quijote, 1905 : conocimientos geográficos de Cervantes;;;;[s.n.]  Imp. de Artillería;;[S.l.] , Madrid;1905;76 p. , 2 mapas pleg. , 24 cm ,;;;Incluye referencias bibliográficas  // Precede al titulo: Real Sociedad Geográfica  //;;;;;;;;Cervantes Saavedra, Miguel de --  // Cervantes Saavedra, Miguel de -- Conocimientos -- Geografía --  //;;;;;;;;821.134.2 Cervantes Saavedra, Miguel de 7 Quijote.07  //  929 Cervantes Saavedra, Miguel de:910  //  821.134.2-3  //;;;;;;;;;;;;;;;sp;spa;;;Libro;;CERVC/12/25 //;http://bdh-rd.bne.es/viewer.vm?id=0000197445&page=1 **;http://bdh-rd.bne.es/text.vm?id=0000197445&first=1&last=89 **
bimo0000658067;Cerdá, Juan José de la , 1817-1870  //;;;Doctorado en Leyes del Excmo. Sr. Licenciado D. Juan José de la Cerda ... en la Real Universidad de Alcalá de Henares;;;;[s.n.]  Imp. del Colegio de Sordo-Mudos;;[S.l.] , Madrid;1836;XI, 16 p. , 20 cm ,;;;;;;;;;;;Cerdá, Juan José de la --  //;;;;;;;;"821.134.2  //  929  //  821.134.2-14""18""  //  929 Cerdá, Juan José de la  //";;;;;;;;;;;;;;;sp;spa;;;Libro;;VC/1663/7 //;http://bdh-rd.bne.es/viewer.vm?id=0000091277&page=1 **;http://bdh-rd.bne.es/text.vm?id=0000091277&first=1&last=36 **
bimo0000658109;Cerdá, Elías , 1874-1933  //;;;La palanca : drama en tres actos y cuatro cuadros;;original de Elias Cerdá Remohí;;Sociedad de Autores Españoles  Imp. de Martínez Andréu;;Madrid , Valencia;1902;84 p. , 20 cm ,;;;"""Estrenado con gran éxito en el Teatro de la Princesa de Valencia por la compañía de D.ª Julia Cirera en la noche del 19 de abril de 1902""  //";;;;;;;;;;;;;;;;"821.134.2-23""19""  //";;;;;;;;;;;;;;;sp;spa;;;Libro;;T/15921 //;http://bdh-rd.bne.es/viewer.vm?id=0000202510&page=1 **;http://bdh-rd.bne.es/text.vm?id=0000202510&first=1&last=111 **
bimo0000658676;;Real Academia Sevillana de Buenas Letras  //;;Certamen poético celebrado por la misma en el dia 23 de Abril de 1873, para conmemorar el aniversario CCLVII de la muerte de Cervantes;Certamen poético celebrado por la misma en el dia 23 de Abril de 1873, para conmemorar el aniversario 257 de la muerte de Cervantes  //;;;[s.n.]  Imp. de Gironés y Orduña;;[S.l.] , Sevilla;1873;182 p. , 21 cm ,;;;Precede al titulo: Real Academia Sevillana de Buenas Letras  //;;;;;;;;;;;;;;;;"821.134.2-1  //  821.134.2-14""18""(082.2)  //";;;;;;;;;;;;;;;sp;spa;;;Libro;;CERV.SEDÓ/3357 //;http://bdh-rd.bne.es/viewer.vm?id=0000192208&page=1 **;http://bdh-rd.bne.es/text.vm?id=0000192208&first=1&last=199 **
bimo0000658888;Cervantes Saavedra, Miguel de , 1547-1616  //;;[Don Quijote de la Mancha. Antología] //;"Las mujeres del ""Quijote"" : el autor y su protagonista";;;;[s.n.]  Imp. J. Peuser;;Buenos Aires;1905;11 h. , il. col. , 27 cm ,;;;"Obsequio de ""El Diario Español"" a sus suscriptores en el IIIer. Centenario del inmortal libro de Cervantes  // Título tomado de la cubierta  //";;;;;;;;Cervantes Saavedra, Miguel de -- Personajes femeninos --  // Mujeres -- En la literatura --  //;;;;;;;;"821.134.2  //  305-055.2(0:82)  //  821.134.2-31""15""  //  821.134.2 Cervantes Saavedra, Miguel de 7 Quijote.07  //";;;;;;;;;;;;;;;ag;spa;;;Libro;;CERV.SEDÓC/5/49 //;http://bdh-rd.bne.es/viewer.vm?id=0000191055&page=1 **;http://bdh-rd.bne.es/text.vm?id=0000191055&first=1&last=28 **
bimo0000658972;Cervantes Saavedra, Miguel de , 1547-1616  //;;[Obra selecta] //;Obras de Miguel de Cervantes Saavedra;;;3ª ed.;M. Rivadeneyra;;Madrid;1864;XXXIV, 713 p. , 26 cm ,;Biblioteca de Autores españoles / ordenada e ilustrada por D. Buenaventura Carlos Aribau, t. [1] //;"La Galatea ; Novelas ejemplares ; Don Quijote de la Mancha ; Persiles y Sigismunda ; Viaje del Parnaso ; Poesias sueltas//";;;;;;;;;;;;;;;;;"821.134.2-82""15""  //  821.134.2-4/-9  //";;;;;;;;;;;;;;;sp;spa;;;Libro;;DL/1798560 //;http://bdh-rd.bne.es/viewer.vm?id=0000198109&page=1 **;http://bdh-rd.bne.es/text.vm?id=0000198109&first=1&last=751 **
bimo0000658976;Cervantes Saavedra, Miguel de , 1547-1616  //;;;Novelas ejemplares;;;;Garnier Hermanos;;París;1898;X, 401 p. , 1 retr. , 22 cm ,;Obras escogidas de Cervantes //;"La gitanilla ; El amante liberal ; Rinconete y Cortadillo ; La española inglesa ; El licenciado Vidriera ; La fuerza de la sangre ; El celoso extremeño ; La ilustre fregona ; Las dos doncellas ; La señora Cornelia ; El casamiento engañoso y coloquio de los perros ; La tía fingida//";;;;;;;;;;;;;;;;;"821.134.2-32""15""  //";;;;;;;;;;;;;;;fr;spa;;;Libro;;CERV/3159 //;http://bdh-rd.bne.es/viewer.vm?id=0000196577&page=1 **;http://bdh-rd.bne.es/text.vm?id=0000196577&first=1&last=427 **
bimo0000658978;Cervantes Saavedra, Miguel de , 1547-1616  // Castro, Adolfo de , 1823-1898  //;;[Obra selecta] //;Varias obras inéditas de Cervantes sacadas de códices de la Biblioteca Colombina, con nuevas ilustraciones sobre la vida del autor y el Quijote;;por el Excmo. e Ilmo. Señor Don Adolfo de Castro;;A. de Carlos e Hijo, Editores;;Madrid;1874;XXXV, 477 p. , 23 cm ,;;"Diálogo entre Sillenia y Selanio ; Entremés de los mirones ; Entremés de Doña Justina y Calahorra ; Entremés de refranes ; Entremés de los romances ; Canción desesperada ; Cánción a la elección del arzobispo de Toledo//";;;;;;;;;Cervantes Saavedra, Miguel de -- Crítica e interpretación --  //;;;;;;;;"821.134.2-82""15""  //  821.134.2 Cervantes Saavedra, Miguel de 1.07  //";;;;;;;;;;;;;;;sp;spa;;;Libro;;CERV.SEDÓ/4605 //;http://bdh-rd.bne.es/viewer.vm?id=0000192276&page=1 **;http://bdh-rd.bne.es/text.vm?id=0000192276&first=1&last=527 **
bimo0000659060;Cervantes Saavedra, Miguel de , 1547-1616  //;;[Entremeses] //;Entremeses selectos;;Cervantes;;"Agencia Literaria Internacional  Oficinas de ""La Ultima Moda""";;Madrid , Madrid;1898;31 p. , 18 cm ,;Biblioteca Popular Ilustrada, 6 //;"El juez de los divorcios ; El retablo de las maravillas ; Los dos habladores//";;;;;;;;;;;;;;;;;"821.134.2-22""15""  //";;;;;;;;;;;;;;;sp;spa;;;Libro;;CERV.SEDÓ/4688 //;http://bdh-rd.bne.es/viewer.vm?id=0000192265&page=1 **;http://bdh-rd.bne.es/text.vm?id=0000192265&first=1&last=59 **
bimo0000659089;Cervantes Saavedra, Miguel de , 1547-1616  //;;;Novelas ejemplares;;de M¡guel de Cervantes Saavedra;;[s.n.]  Imp. de Don Antonio Bergnes;;[S.l.] , Barcelona;1836;4 v. (229, 237, 225, 256 p.) , 16 cm ,;;;;;;;;;;;;;;;;;;;"821.134.2-32""15""  //";;;;;;;;;;;;;;;sp;spa;;;Libro;;CERV/1602 // CERV/1603 // CERV/1604 // CERV/1605 //;http://bdh-rd.bne.es/viewer.vm?id=0000196531&page=1 ** http://bdh-rd.bne.es/viewer.vm?id=0000196531&page=242 ** http://bdh-rd.bne.es/viewer.vm?id=0000196531&page=497 ** http://bdh-rd.bne.es/viewer.vm?id=0000196531&page=736 **;http://bdh-rd.bne.es/text.vm?id=0000196531&first=1&last=241 ** http://bdh-rd.bne.es/text.vm?id=0000196531&first=242&last=496 ** http://bdh-rd.bne.es/text.vm?id=0000196531&first=497&last=735 ** http://bdh-rd.bne.es/text.vm?id=0000196531&first=736&last=1000 **
bimo0000659091;Cervantes Saavedra, Miguel de , 1547-1616  //;;;Novelas ejemplares;;de Miguel de Cervantes Saavedra;;[s.n.]  Imp. de C. y J. Mayol;;[S.l.] , Barcelona;1842;"2 v. (XI, 315; 346 p.) , 1 retr. , 16 cm ,";Lingüística. Literatura // Literatura española //;"v.1. Novela de la gitanilla ; El amante liberal ; Rinconete y cortadillo ; La española inglesa ; El licenciado vidriera ; La fuerza de la sangre -- v. 2. El zeloso extremeño ; La ilustre fregona ; Las dos doncellas ; La señor Cornelia ; El casamiento engañoso ; La tia fingida// v.1. Novela de la gitanilla ; El amante liberal ; Rinconete y cortadillo ; La española inglesa ; El licenciado vidriera ; La fuerza de la sangre -- v. 2. El zeloso extremeño ; La ilustre fregona ; Las dos doncellas ; La señor Cornelia ; El casamiento engañoso ; La tia fingida//";;;;;;;;;;;;;;;;;"821.134.2-32""15""  //";;;;;;;;;;;;;;;sp;spa;;;Libro;;CERV/234 //;http://bdh-rd.bne.es/viewer.vm?id=0000048758&page=1 **;http://bdh-rd.bne.es/text.vm?id=0000048758&first=1&last=685 **
bimo0000659094;Cervantes Saavedra, Miguel de , 1547-1616  //;;;Novelas ejemplares;;de Miguel de Cervantes Saavedra;;Imp. de Juan Oliveres, editor;;Barcelona;1844;"2 v. (257 p., [1] h. de grab.; 287 p., [1] h. de grab.) , 17 cm ,";Tesoro de autores ilustres, 18-19 // Obras de Cervantes. Primera serie, I-II //;;;;;;;;;;;;;;;;;;"821.134.2-32""15""  //";;;;;;;;;;;;;;;sp;spa;;;Libro;;CERV/2707 // CERV/2708 //;http://bdh-rd.bne.es/viewer.vm?id=0000196590&page=1 ** http://bdh-rd.bne.es/viewer.vm?id=0000196590&page=148 **;http://bdh-rd.bne.es/text.vm?id=0000196590&first=1&last=147 ** http://bdh-rd.bne.es/text.vm?id=0000196590&first=148&last=304 **
bimo0000659109;Cervantes Saavedra, Miguel de , 1547-1616  //;;;Novelas ejemplares;;por Miguel de Cervantes Saavedra;1ª ed. económica;Luis Tasso Serra;;Barcelona;1882;278 p. , 21 cm ,;;;;;;;;;;;;;;;;;;;"821.134.2-32""15""  //";;;;;;;;;;;;;;;sp;spa;;;Libro;;1/83325 //;http://bdh-rd.bne.es/viewer.vm?id=0000191270&page=1 **;http://bdh-rd.bne.es/text.vm?id=0000191270&first=1&last=289 **
bimo0000659112;Cervantes Saavedra, Miguel de , 1547-1616 -aut  //;;;Novelas Ejemplares;;Miguel de Cervantes Saavedra;;Biblioteca Clásica Española;;Barcelona;1886;2 v. (260, 275 p.) , 20 cm ,;;;;;;;;;;;;;;;;;;;"821.134.2-32""15""  //";;;;;;;;;;;;;;;sp;spa;;;Libro;;R/32696 // R/32697 //;http://bdh-rd.bne.es/viewer.vm?id=0000198613&page=1 ** http://bdh-rd.bne.es/viewer.vm?id=0000198613&page=272 **;http://bdh-rd.bne.es/text.vm?id=0000198613&first=1&last=271 ** http://bdh-rd.bne.es/text.vm?id=0000198613&first=272&last=558 **
bimo0000659113;Cervantes Saavedra, Miguel de , 1547-1616  //;;[Novelas ejemplares. Selección] //;Novelas ejemplares;;por Miguel de Cervantes Saavedra;1ª ed.;[s.n.]  Estab. tip. de R.A. Llauradó;;[S.l.];1892;2 v. , 15 cm ,;;v. [1]. La gitanilla (101 p.) -- v. [2]. El amante liberal (74 p.)//;;;;;;;;;;;;;;;;;"821.134.2-32""15""  //";;;;;;;;;;;;;;;sp;spa;;;Libro;;CERVC/10/4 // CERVC/10/5 //;http://bdh-rd.bne.es/viewer.vm?id=0000197448&page=1 ** http://bdh-rd.bne.es/viewer.vm?id=0000197448&page=105 **;http://bdh-rd.bne.es/text.vm?id=0000197448&first=1&last=104 ** http://bdh-rd.bne.es/text.vm?id=0000197448&first=105&last=186 **
bimo0000659257;Cervantes Saavedra, Miguel de , 1547-1616  // Cervantes Saavedra, Miguel de , 1547-1616  //;;[La española inglesa] //;"La española inglesa ; El celoso extremeño";El celoso extremeño;novelas de Miguel de Cervantes Saavedra;;Murcia y Martí;;Madrid;1877;123 p., [1] h. de lám. , 16 cm ,;Biblioteca madrileña //;;;;;;;;;;;;;;;;;;"821.134.2-32""15""  //";;;;;;;;;;;;;;;sp;spa;;;Libro;;T/38693 //;http://bdh-rd.bne.es/viewer.vm?id=0000198672&page=1 **;http://bdh-rd.bne.es/text.vm?id=0000198672&first=1&last=129 **
bimo0000659356;Cervantes Saavedra, Miguel de , 1547-1616  // Cervantes Saavedra, Miguel de , 1547-1616  //;;;Novelas ejemplares. Tomo 1;La gitanilla;por Miguel de Cervantes Saavedra;1ª ed., ed. económica;[s.n.]  Estab. Tip. de R.A. Llauradó;;[S.l.] , Madrid;1892;101 p. , 16 cm ,;;La Gitanilla//;"""Edición-Mena""--Cubierta  //";;;;;;;;;;;;;;;;"821.134.2-32""15""  //";;;;;;;;;;;;;;;sp;spa;;;Libro;;CERV.SEDÓ/4445 //;http://bdh-rd.bne.es/viewer.vm?id=0000192282&page=1 **;http://bdh-rd.bne.es/text.vm?id=0000192282&first=1&last=119 **
bimo0000659644;Cervantes Saavedra, Miguel de , 1547-1616  //;;;Historia en compendio de la vida y hechos del ingenioso hidalgo Don Quijote de la Mancha;;;;[s.n.]  Imp. de Dámaso Santaren;;[S.l.] , Valladolid;1840;43 p. , 22 cm ,;;;Adaptación de: Don Quijote de la Mancha / Miguel de Cervantes Saavedra  //;;;;;;;;;;;;;;;;"821.134.2-32""18""  //";;;;;;;;;;;;;;;sp;spa;;;Libro;;CERV/552 //;http://bdh-rd.bne.es/viewer.vm?id=0000197414&page=1 **;http://bdh-rd.bne.es/text.vm?id=0000197414&first=1&last=55 **
bimo0000659675;Cervantes Saavedra, Miguel de , 1547-1616  // Clemencín, Diego , 1765-1834 -editor literario  // Pellicer y Saforcada, Juan Antonio , 1738-1806 -editor literario  //;;[Don Quijote de la Mancha] //;El ingenioso hidalgo don Quijote de La Mancha;;compuesto por Miguel de Cervantes Saavedra;Ed. ilustrada /,con las notas de Pellicer, Clemencin y otros repartidos por el contexto;"Libraría de San Martín ;  En el Plus Ultra";;MadridBarcelona;1859;"2 v. (423 p., [3] h. de lám.; 386 p., [4] h. de lám.) , 20 cm ,";;;;;;;;;;;;;;;;;;;"821.134.2-31""15""  //";;;;;;;;;;;;;;;sp;spa;;;Libro;;CERV/104 // CERV/105 //;http://bdh-rd.bne.es/viewer.vm?id=0000196025&page=1 ** http://bdh-rd.bne.es/viewer.vm?id=0000196025&page=436 **;http://bdh-rd.bne.es/text.vm?id=0000196025&first=1&last=435 ** http://bdh-rd.bne.es/text.vm?id=0000196025&first=436&last=836 **
bimo0000659693;Cervantes Saavedra, Miguel de , 1547-1616  //;;[Don Quijote de la Mancha] //;El ingenioso hidalgo don Quijote de La Mancha;;compuesto por Miguel de Cervantes Saavedra;;"Sociedad Editorial La Maravilla ;  Librería española";;BarcelonaMadrid;1863;693, III p., [19] h. de lám. , 27 cm ,;;;;;;;;;;;;;;;;;;;"821.134.2-31""15""  //";;;;;;;;;;;;;;;sp;spa;;;Libro;;CERV/266 //;http://bdh-rd.bne.es/viewer.vm?id=0000196585&page=1 **;http://bdh-rd.bne.es/text.vm?id=0000196585&first=1&last=745 **
bimo0000659728;Cervantes Saavedra, Miguel de , 1547-1616  //;;[Don Quijote de la Mancha] //;El ingenioso hidalgo don Quijote de La Mancha;;por Miguel de Cervantes Saavedra;Nueva ed., corr. y rev.;Librería de Chatto y Windus;;Londres;1874;XVI, 688 p. , 19 cm ,;;;;;;;;;;;;;;;;;;;"821.134.2-31""15""  //";;;;;;;;;;;;;;;xx;spa;;;Libro;;R/32750 //;http://bdh-rd.bne.es/viewer.vm?id=0000198608&page=1 **;http://bdh-rd.bne.es/text.vm?id=0000198608&first=1&last=711 **
bimo0000659754;Cervantes Saavedra, Miguel de , 1547-1616  //;Real Academia Española  //;[Don Quijote de la Mancha] //;El Ingenioso Hidalgo Don Quijote de la Mancha;;compuesto por Miguel de Cervantes Saavedra;Ed. conforme a la última /,corregida por la Academia Española con la vida del autor y notas para la buena inteligencia del texto;Librería de Garnier Hermanos  Imp. Pablo Dupont y Cª;;Paris , Clichy;1879;XLIV, 768 p. , 17 cm ,;;;;;;;;;;;;;;;;;;;"821.134.2-31""15""  //";;;;;;;;;;;;;;;fr;spa;;;Libro;;CERV/838 //;http://bdh-rd.bne.es/viewer.vm?id=0000191061&page=1 **;http://bdh-rd.bne.es/text.vm?id=0000191061&first=1&last=829 **
bimo0000659772;Cervantes Saavedra, Miguel de , 1547-1616  //;;[Don Quijote de la Mancha] //;El ingenioso hidalgo don Quijote de La Mancha;;compuesto por Miguel de Cervantes Saavedra;Nueva ed. /,con notas sobre el texto, del puño y letra del autor, en el ejemplar prueba de correccion de la 1ª edicion de 1605 Unico ejemplar conocido;"Administracion ;  Imp. y Librería de Peralta";;Palencia;1884;552 p. , 22 cm ,;;;;;;;;;;;;;;;;;;;"821.134.2-31""15""  //";;;;;;;;;;;;;;;sp;spa;;;Libro;;CERV/67 // R/32657 //;http://bdh-rd.bne.es/viewer.vm?id=0000197421&page=1 **;http://bdh-rd.bne.es/text.vm?id=0000197421&first=1&last=607 **
bimo0000659862;Cervantes Saavedra, Miguel de , 1547-1616  //;;[Don Quijote de la Mancha] //;El ingenioso hidalgo Don Quijote de La Mancha;;por Miguel de Cervantes Saavedra;Ed. a dos columnas con grabados;[s.n.]  Imp. de los Hijos de J. A. García;;[S.l.] , Madrid;1905;XIV, 738 p. , il. , 20 cm ,;;;;;;;;;;;;;;;;;;;"821.134.2-31""15""  //";;;;;;;;;;;;;;;sp;spa;;;Libro;;R/32191 //;http://bdh-rd.bne.es/viewer.vm?id=0000198505&page=1 **;http://bdh-rd.bne.es/text.vm?id=0000198505&first=1&last=761 **
bimo0000659892;Cervantes Saavedra, Miguel de , 1547-1616  //;;[Don Quijote de la Mancha] //;El ingenioso hidalgo Don Quijote de la Mancha;;compuesto por Miguel de Cervantes Saavedra;;Casa Editorial Sopena;;Barcelona;1910;464 p. , 24 cm ,;Biblioteca de grandes novelas //;;;;;;;;;;;;;;;;;;"821.134.2-31""15""  //";;;;;;;;;;;;;;;sp;spa;;;Libro;;CERV/1035 //;http://bdh-rd.bne.es/viewer.vm?id=0000196024&page=1 **;http://bdh-rd.bne.es/text.vm?id=0000196024&first=1&last=479 **
bimo0000660593;Cervantes Saavedra, Miguel de , 1547-1616  // Viardot, Louis , 1800-1883 -traductor -editor literario  //;;[Novelas ejemplares. Francés] //;Les nouvelles;;"de Miguel de Cervantes Saavedra ; traduites et annotées par Louis Viardot";Nouvelle ed.;Librairie Hachette et Cie;;Paris;1858;IV, 482 p. , 18 cm ,;;;Título original: Novelas ejemplares  //;;;;;;;;;;;;;;;;"821.134.2-32""15""  //";;;;;;;;;;;;;;;fr;fre;spa;fre //;Libro;;CERV.SEDÓ/4921 //;http://bdh-rd.bne.es/viewer.vm?id=0000192388&page=1 **;http://bdh-rd.bne.es/text.vm?id=0000192388&first=1&last=502 **
bimo0000660606;Cervantes Saavedra, Miguel de , 1547-1616  // Soldanelle, Jacques -traductor  // Conconi, Luigi -ilustrador  // Marold, Ludek , 1865-1898 -ilustrador  //;;[La gitanilla. Francés] //;La jitanilla;;"Cervantes ; traduction de Jacques Soldanelle ; illustrations de Conconi et Marold";;E. Dentu;;Paris;1892;144 p. , il. , 14 cm ,;Petite ListRecords Guillaume //;;Título original: La gitanilla  //;;;;;;;;;;;;;;;;"821.134.2-32""15""  //";;;;;;;;;;;;;;;fr;fre;spa;fre //;Libro;;CERV.SEDÓ/4798 //;http://bdh-rd.bne.es/viewer.vm?id=0000192271&page=1 **;http://bdh-rd.bne.es/text.vm?id=0000192271&first=1&last=177 **
bimo0000660801;Cervantes Saavedra, Miguel de , 1547-1616  // Guardia, Joseph-Michel -editor literario -traductor  //;;[Viaje del Parnaso. Francés] //;Le voyage au Parnasse;;"de Michel de Cervantes ; traduit en français pour la premiére fois, avec une notice biographique, une table des auteurs cités dans le poëme et le fac-simile d'un autographe inédit de Cervantes par J. M. Guardia";;Chez Jules Gay  Imp. Generale de Ch. Lahure;;Paris;1864;CLXXVI, 260 p. , 19 cm ,;;;Título original: Viaje del Parnaso  //;;;;;;;;;;;;;;;;"821.134.2-1""15""  //";;;;;;;;;;;;;;;fr;fre;spa;fre //;Libro;;CERV/127 //;http://bdh-rd.bne.es/viewer.vm?id=0000196534&page=1 **;http://bdh-rd.bne.es/text.vm?id=0000196534&first=1&last=465 **
bimo0000660819;Cervantes Saavedra, Miguel de , 1547-1616  // Gamba, Bartolomeo , 1766-1841 -traductor  // Ambrosoli, Francesco -editor literario  //;;[Don Quijote de la Mancha. Italiano] //;L'ingegnoso idalgo Don Chisciotte della Mancia;;"di Michele Cervantes di Saavedra ; tradotto da Bartolomeo Gamba e riveduto da Francesco Ambrosoli";;Luigi Chiurazzi;;Napoli;1860;"2 v. (VIII, [9]-492; 540 p.) , il. , 21 cm ,";;;Título original: Don Quijote de la Mancha  //;;;;;;;;;;;;;;;;"821.134.2-31""15""  //";;;;;;;;;;;;;;;it;ita;spa;ita //;Libro;;CERV/2870 // CERV/2871 //;http://bdh-rd.bne.es/viewer.vm?id=0000196571&page=1 ** http://bdh-rd.bne.es/viewer.vm?id=0000196571&page=538 **;http://bdh-rd.bne.es/text.vm?id=0000196571&first=1&last=537 ** http://bdh-rd.bne.es/text.vm?id=0000196571&first=538&last=1120 **
bimo0000660879;Cervantes Saavedra, Miguel de , 1547-1616  //;;[Don Quijote de la Mancha. Portugués] //;Historia de D. Quixote de la Mancha;;por Miguel Cervantes de Savedra;;[s.n.]  Typographia Universal;;[S.l.] , Lisboa;1853;579 p. , il. , 21 cm ,;;;Título original: Don Quijote de la Mancha  //;;;;;;;;;;;;;;;;"821.134.2-31""15""  //";;;;;;;;;;;;;;;po;por;spa;por //;Libro;;CERV/340 //;http://bdh-rd.bne.es/viewer.vm?id=0000197279&page=1 **;http://bdh-rd.bne.es/text.vm?id=0000197279&first=1&last=587 **
bimo0000660885;Cervantes Saavedra, Miguel de , 1547-1616 -aut  //;;[Don Quijote de la Mancha. Portugués] //;Dom Quichote de la Mancha;;por Miguel de Cervantes Saavedra;;Ferreira & Oliveira;;Lisboa;1905;3 v. , 1 retr. , 19 cm ,;Obras primas //;;Título original: Don Quijote de la Mancha  //;;;;;;;;;;;;;;;;"821.134.2-31""15""  //";;;;;;;;;;;;;;;po;por;spa;por //;Libro;;;http://bdh-rd.bne.es/viewer.vm?id=0000196555&page=1 ** http://bdh-rd.bne.es/viewer.vm?id=0000196555&page=308 ** http://bdh-rd.bne.es/viewer.vm?id=0000196555&page=591 **;http://bdh-rd.bne.es/text.vm?id=0000196555&first=1&last=307 ** http://bdh-rd.bne.es/text.vm?id=0000196555&first=308&last=590 ** http://bdh-rd.bne.es/text.vm?id=0000196555&first=591&last=901 **
bimo0000660900;Cervantes Saavedra, Miguel de , 1547-1616  // Burke, Ulick Ralph -traductor -editor literario  //;;[Don Quijote de la Mancha. Inglés. Antología] //;Sancho Panza's proverbs and others which occur in Don Quixote;;with a literal translation, notes and introduction by Ulick Ralph Burke;;Bafil Montagu Pickering  Chiswick Press;;London;1872;XI, 44 p. , 18 cm ,;;;;;;;;;;;Cervantes Saavedra, Miguel de --  // Refranes y proverbios -- En la literatura --  //;;;;;;;;821.134.2 Cervantes Saavedra, Miguel de 7 Quijote.07  //  398.9(0:82)  //  821.134.2-3  //;;;;;;;;;;;;;;;xx;eng;;;Libro;;R/18760 //;http://bdh-rd.bne.es/viewer.vm?id=0000198104&page=1 **;http://bdh-rd.bne.es/text.vm?id=0000198104&first=1&last=63 **
bimo0000661156;Cervantes Saavedra, Miguel de , 1547-1616  // Gyll, Gordon Willoughby James , 1818-1878 -traductor  //;;[Obra selecta. Inglés] //;"The voyage to Parnassus ; Numantia, a tragedy ; The commerce of Algiers";Numantia  // The commerce of Algiers;"by Cervantes ; translated from the Spanish by Gordon Willoughby James Gyll";;Alex, Murray & Son;;London;1870;V, 288 p. , 17 cm ,;;;;;;;;;;;;;;;;;;;"821.134.2-82""15""  //  821.134.2-4/-9  //";;;;;;;;;;;;;;;xx;eng;spa;eng //;Libro;;CERV/139 //;http://bdh-rd.bne.es/viewer.vm?id=0000196535&page=1 **;http://bdh-rd.bne.es/text.vm?id=0000196535&first=1&last=303 **
bimo0000661161;Cervantes Saavedra, Miguel de , 1547-1616  // Thorer, Konrad -editor literario  //;;[Novelas ejemplares. Alemán] //;Die Novellen des Cervantes;;vollstandïge deutsche ausgaben in 2 bänden under benutzung älterer uber tragungen besorgt von konrad thorer;;[Breitkofit und Härtel];;Leipzig;1907;2 v. (453, 383 p.) , 18 cm ,;;;;;;;;;;;;;;;;;;;"821.134.2-32""15""  //";;;;;;;;;;;;;;;gw;ger;;;Libro;;2/76530_V.1 // 2/76531_V.2 //;http://bdh-rd.bne.es/viewer.vm?id=0000199213&page=1 ** http://bdh-rd.bne.es/viewer.vm?id=0000199213&page=484 **;http://bdh-rd.bne.es/text.vm?id=0000199213&first=1&last=483 ** http://bdh-rd.bne.es/text.vm?id=0000199213&first=484&last=878 **
bimo0000663483;Cabello, Juan Manuel  //;;;El amor de las viudas : comedia en un acto y en verso;;por Juan Manuel Cabello;;[s.n.]  Imp. de A. Álvarez;;[S.l.] , Sevilla;1849;48 p. , 15 cm ,;;;;;;;;;;;;;;;;;;;"821.134.2-22""18""  //";;;;;;;;;;;;;;;sp;spa;;;Libro;;T/12468 //;http://bdh-rd.bne.es/viewer.vm?id=0000181877&page=1 **;http://bdh-rd.bne.es/text.vm?id=0000181877&first=1&last=28 **
bimo0000664233;Cabrera, Ramón , 1754-1833  //;;;Diccionario de etimologías de la lengua castellana obra póstuma de don Ramón Cabrera ...;;publicada por Juan Pedro Ayegui;;[s.n.]  Imp. de Marcelino Calero;;[S.l.] , Madrid;1837;"2 v. (XVI, 314; 837 p.) , 1 retr. , 21 cm ,";Lingüística. Literatura // Literatura española //;;;;;;;;;;Lengua española -- Etimología -- Diccionarios --  //;;;;;;;;(038)=134.2'373.6  //  821.134.2  //;;;;;;;;;;;;;;;sp;spa;;;Libro;;R/23092 // R/23093 //;http://bdh-rd.bne.es/viewer.vm?id=0000042563&page=1 ** http://bdh-rd.bne.es/viewer.vm?id=0000042563&page=350 **;http://bdh-rd.bne.es/text.vm?id=0000042563&first=1&last=349 ** http://bdh-rd.bne.es/text.vm?id=0000042563&first=350&last=1198 **
bimo0000666103;Calatayud y Bonmati, Vicente , 1846-1908  //;;;La pobreza de Cervantes;;"discurso leído por Vicente Calatayud y Bonmatí en la velada literaria dedicada por el instituto de 2ª enseñanza de Valencia a solemnizar el tercer centenario de la aparición del ""Quijote""";;Biblioteca Españolista;;Valencia;1905;23 p., [1] h. de lám. , 20 cm ,;;;;;;;;;;;Cervantes Saavedra, Miguel de --  //;;;;;;;;929 Cervantes Saavedra, Miguel de  //  821.134.2  //;;;;;;;;;;;;;;;sp;spa;;;Libro;;CERVC/20/37 //;http://bdh-rd.bne.es/viewer.vm?id=0000197499&page=1 **;http://bdh-rd.bne.es/text.vm?id=0000197499&first=1&last=29 **
bimo0000666218;Calcaño, José Antonio , 1827-1894  //;;;La faja azul;;por José Antonio Calcaño;;[s.n.]  Tip. El Cojo;;[S.l.] , Caracas;1894;8 p. , 16 cm ,;;;;;;;;;;;;;;;;;;;"821.134.2-14""18""  //";;;;;;;;;;;;;;;ve;spa;;;Libro;;VC/24/23 //;http://bdh-rd.bne.es/viewer.vm?id=0000140295&page=1 **;http://bdh-rd.bne.es/text.vm?id=0000140295&first=1&last=12 **
bimo0000666473;Calderón, Juan , 1791-1854  //;;;Análisis lógica y gramatical de la lengua española;;por Don Juan Calderón;2ª ed. corr. y aum.,por Francisco Merino Ballesteros;[s.n.]  Imp. de A. Vicente;;[S.l.] , Madrid;1852;96 p. , 20 cm ,;Lingüística. Literatura // Lengua española // Tavera //;;;;;;;;;;Lengua española -- Análisis gramatical --  //;;;;;;;;811.134.2'36  //;;;;;;;;;;;;;;;sp;spa;;;Libro;;VC/602/2 //;http://bdh-rd.bne.es/viewer.vm?id=0000092148&page=1 **;http://bdh-rd.bne.es/text.vm?id=0000092148&first=1&last=92 **
bimo0000666812;Calderón de la Barca, Pedro , 1600-1681  //;;[Las armas de la hermosura] //;Comedia famosa, Las armas de la hermosura;;de don Pedro Calderon de la Barca;;[s.n.];;[S.l.];entre 1600 y 1699?;[44] p. , 4º ,;;;"Precede al título: ""Num. 242""  // Existen otras dos ediciones con la misma descripción de imprenta pero diferente composición tipográfica en las dos ediciones facticias de la novena parte de comedias de Calderón con signaturas R/11353 y T/8589  // Fecha aproximada de impresión deducida de la tipografía  // Sign.: A-E⁴, F²  // Texto a dos columnas  //";;;;;;;;;Teatro -- España -- S.XVI-XVII --  //;;;;;;;821.134.2-2  //;;;;;;;;;;;;;;;;spa;;;Libro;;T/18937 //;http://bdh-rd.bne.es/viewer.vm?id=0000173883&page=1 **;http://bdh-rd.bne.es/text.vm?id=0000173883&first=1&last=51 **
bimo0000667685;Calé y Torres de Quintero, Emilia , 1837-1908  //;;;Horas de inspiración : poesías;;por Emilia Café y Torres de Quintero;;Imp. de Soto Freire, ed.;;Lugo;1867;XIV, 199 p. , 24 cm ,;;;;;;;;;;;;;;;;;;;"821.134.2-14""18""  //";;;;;;;;;;;;;;;sp;spa;;;Libro;;1/21779 //;http://bdh-rd.bne.es/viewer.vm?id=0000047692&page=1 **;http://bdh-rd.bne.es/text.vm?id=0000047692&first=1&last=233 **
bimo0000667687;Calé y Torres de Quintero, Emilia , 1837-1908  //;;;Lazos rotos : drama en tres actos y en verso;;original de la señora Emilia Calé y Torres de Quintero;;[s.n.]  Imp. y Librería de Nicolás Moya;;[S.l.] , Madrid;1884;60 p. , 19 cm ,;;;"""Estrenado en La Coruña el 14 de octubre de 1883""  //";;;;;;;;;;;;;;;;"821.134.2-23""18""  //";;;;;;;;;;;;;;;sp;spa;;;Libro;;T/11311 //;http://bdh-rd.bne.es/viewer.vm?id=0000103887&page=1 **;http://bdh-rd.bne.es/text.vm?id=0000103887&first=1&last=71 **
bimo0000668629;Calvo Asensio, Pedro , 1821-1863  //;;;La cuna no da nobleza : drama, en cinco actos, y en verso;;por Pedro Calvo Asensio;;[s.n.]  Imp. de José Repullés;;[S.l.] , Madrid;1845;84 p. , 20 cm ,;;;;;;;;;;;;;;;;;;;"821.134.2-23""18""  //";;;;;;;;;;;;;;;sp;spa;;;Libro;;T/20403 //;http://bdh-rd.bne.es/viewer.vm?id=0000181870&page=1 **;http://bdh-rd.bne.es/text.vm?id=0000181870&first=1&last=46 **
bimo0000668632;Calvo Asensio, Pedro , 1821-1863  // Rosa González, Juan de la , 1820-1886  //;;[La Estudiantina] //;La Estudiantina o El diablo de Salamanca : comedia en tres actos y cuatro cuadros, original y en verso;El diablo de Salamanca  //;por Pedro Calvo Asensio y Juan de la Rosa González;;[s.n.]  Imp. de J. González y A. Vicente;;[S.l.] , Madrid;1847;69 p. , 19 cm ,;;;;;;;;;;;;;;;;;;;"821.134.2-22""18""  //";;;;;;;;;;;;;;;sp;spa;;;Libro;;T/4780 //;http://bdh-rd.bne.es/viewer.vm?id=0000168427&page=1 **;http://bdh-rd.bne.es/text.vm?id=0000168427&first=1&last=81 **
bimo0000677084;Cammarano, Salvatore , 1801-1852  //;;[Belisario. Español] //;Belisario : tragedia lírica en cuatro partes : que se ha de representar en el teatro de esta ciudad de Zaragoza;;;;[s.n.]  Imp. de la Calle del Coso núm. 116;;[S.l.] , Zaragoza;1836 - 1837;31 p. , 15 cm ,;;;"Autor: Salvatore Cammarano (Catálogo BNE)  // Título original: Belisario  // ""Madrid : Imprenta de I. Sancha, 1836""  //";;;;;;;;;;;;;;;;"821.131.1-21""18""  //";;;;;;;;;;;;;;;sp;spa;ita;spa //;Libro;;T/24771 //;http://bdh-rd.bne.es/viewer.vm?id=0000181894&page=1 **;http://bdh-rd.bne.es/text.vm?id=0000181894&first=1&last=19 **
bimo0000677093;Cammarano, Salvatore , 1801-1852  //;;[Lucia di Lammermoor. Español] //;Lucía de Lammermoor : drama trágico en dos partes;;;;[s.n.]  Imp. y Litogr. de Delmas e Hijo;;[S.l.] , Bilbao;1847;23 p. , 19 cm ,;;;Autor: Salvatore Cammarano (Catálogo BNE)  // Título original: Lucia di Lammermoor  //;;;;;;;;;;;;;;;;"821.131.1-21""18""  //";;;;;;;;;;;;;;;sp;spa;ita;spa //;Libro;;T/24973 //;http://bdh-rd.bne.es/viewer.vm?id=0000181907&page=1 **;http://bdh-rd.bne.es/text.vm?id=0000181907&first=1&last=13 **
bimo0000677106;Cammarano, Salvatore , 1801-1852  //;;[Maria di Rohan. Español-Italiano] //;Maria di Rohan : melodramma tragico in tre atti = Maria de Rohan : melodrama trágico en tres actos : que se ha de representar en el Teatro de la Cruz de esta corte;Maria de Rohan  //;;;Imp. y Librería de Ignacio Boix;;Madrid;1845;61 p. , 19 cm ,;;;Autor (p. [3]): Salvador Cammarano  // Título original: Maria di Rohan  //;;;;;;;;;;;;;;;;"821.131.1-31""18""  //";;;;;;;;;;;;;;;sp;spa;ita;spa // ita //;Libro;;T/11938 //;http://bdh-rd.bne.es/viewer.vm?id=0000131342&page=1 **;http://bdh-rd.bne.es/text.vm?id=0000131342&first=1&last=75 **
bimo0000678537;Campoamor, Ramón de , 1817-1901  //;;;Poética;;por Ramón de Campoamor;;Librería de Victorino Suárez;;Madrid;1883;142 p. , 18 cm ,;Lingüística. Literatura //;;;;;;;;;;Poética --  //;;;;;;;;808.1:82-1  //;;;;;;;;;;;;;;;sp;spa;;;Libro;;1/62397 // 1/62397 //;http://bdh-rd.bne.es/viewer.vm?id=0000098887&page=1 **;http://bdh-rd.bne.es/text.vm?id=0000098887&first=1&last=155 **
bimo0000679007;Camprodón, Francisco , 1816-1870  //;;;Emociones : colección de poesías;;de Francisco Camprodón;;[s.n.]  Imp. de Pons y Cª;;[S.l.] , Barcelona;1850;131 p. , 25 cm ,;;;;;;;;;;;;;;;;;;;"821.134.2-14""18""  //";;;;;;;;;;;;;;;sp;spa;;;Libro;;2/2800 //;http://bdh-rd.bne.es/viewer.vm?id=0000105273&page=1 **;http://bdh-rd.bne.es/text.vm?id=0000105273&first=1&last=159 **
bimo0000679014;Camprodón, Francisco , 1816-1870  // Álvarez, Emilio , 1833-1900  // Cervantes Saavedra, Miguel de , 1547-1616  //;;;Galatea : zarzuela en dos actos, en verso arreglada a la escena española;;"por Don Francisco Camprodón y Don Emilio Álvarez ; música del maestro Victor Massé";;[s.n.]  Imp. de José Rodríguez;;[S.l.] , Madrid;1868;45 p. , 20 cm ,;El teatro : colección de obras dramáticas y líricas //;;"""Representada por primera vez en el teatro de la Zarzuela el 7 de febrero de 1868""  // Adaptación de: La Galatea / Miguel de Cervantes  //";;;;;;;;;Zarzuelas (Literatura) --  //;;;;;;;"821.134.2-293""18""  //";;;;;;;;;;;;;;;sp;spa;;;Libro;;T/23760 //;http://bdh-rd.bne.es/viewer.vm?id=0000191644&page=1 **;http://bdh-rd.bne.es/text.vm?id=0000191644&first=1&last=52 **
bimo0000679592;Canalejas y Fustegueras, Leonor , 1869-1945  //;;;Ignacio : historia novelada;;Leonor Canalejas (Isidora Sevillano);;[s.n.]  Tip. Emporium;;[S.l.] , Barcelona;1930;214 p. , 18 cm ,;;;;;;;;;;;;;;;;;;;"821.134.2-31""18""  //";;;;;;;;;;;;;;;sp;spa;;;Libro;"Acceso y/o uso restringido. La presente obra presenta restricciones en cuanto a su reproducción, distribución, comunicación pública o transformación; no obstante y en virtud del artículo 37 del Texto refundido de la Ley de Propiedad Intelectual (TRLPI), la Biblioteca Nacional de España está autorizada a la reproducción y a la comunicación de obras, mediante red cerrada e interna, a efectos de investigación (artículo 37, RDL 1/1996, de 12 de abril, revisada el 5 noviembre de 2015); sin perjuicio de las copias que puedan obtenerse en la BNE para uso privado, para ejercer cualquier otro de los derechos de explotación previstos en la TRLPI, el usuario deberá contactar con el correspondiente titular o la entidad de gestión encargada de representar al titular.//";2/78757 //;http://bdh-rd.bne.es/viewer.vm?id=0000074168&page=1 **;http://bdh-rd.bne.es/text.vm?id=0000074168&first=1&last=227 **
bimo0000679593;Canalejas y Fustegueras, Leonor , 1869-1945  //;;;Lo que es y lo que parece;;Leonor Canalejas y Fustegueras (Isidora Sevillano);;"[s.n.]  Tip. ""Emporivm""";;[S.l.] , Barcelona;1933;179 p. , 19 cm ,;;;;;;;;;;;;;;;;;;;"821.134.2-31""18""  //";;;;;;;;;;;;;;;sp;spa;;;Libro;"Acceso y/o uso restringido. La presente obra presenta restricciones en cuanto a su reproducción, distribución, comunicación pública o transformación; no obstante y en virtud del artículo 37 del Texto refundido de la Ley de Propiedad Intelectual (TRLPI), la Biblioteca Nacional de España está autorizada a la reproducción y a la comunicación de obras, mediante red cerrada e interna, a efectos de investigación (artículo 37, RDL 1/1996, de 12 de abril, revisada el 5 noviembre de 2015); sin perjuicio de las copias que puedan obtenerse en la BNE para uso privado, para ejercer cualquier otro de los derechos de explotación previstos en la TRLPI, el usuario deberá contactar con el correspondiente titular o la entidad de gestión encargada de representar al titular.//";2/89710 //;http://bdh-rd.bne.es/viewer.vm?id=0000110729&page=1 **;http://bdh-rd.bne.es/text.vm?id=0000110729&first=1&last=191 **
bimo0000679594;Canalejas y Fustegueras, Leonor , 1869-1945  //;;;Una mujer decente;;Isidora Sevillano;;[s.n.]  Gráf. Villalta;;[S.l.] , Barcelona;1928;70 p. , 22 cm ,;;;;;;;;;;;;;;;;;;;"821.134.2-32""18""  //";;;;;;;;;;;;;;;sp;spa;;;Libro;"Acceso y/o uso restringido. La presente obra presenta restricciones en cuanto a su reproducción, distribución, comunicación pública o transformación; no obstante y en virtud del artículo 37 del Texto refundido de la Ley de Propiedad Intelectual (TRLPI), la Biblioteca Nacional de España está autorizada a la reproducción y a la comunicación de obras, mediante red cerrada e interna, a efectos de investigación (artículo 37, RDL 1/1996, de 12 de abril, revisada el 5 noviembre de 2015); sin perjuicio de las copias que puedan obtenerse en la BNE para uso privado, para ejercer cualquier otro de los derechos de explotación previstos en la TRLPI, el usuario deberá contactar con el correspondiente titular o la entidad de gestión encargada de representar al titular.//";VC/982/8 // DGMICRO/55385 //;http://bdh-rd.bne.es/viewer.vm?id=0000244576&page=1 **;http://bdh-rd.bne.es/text.vm?id=0000244576&first=1&last=79 **
bimo0000679595;Canalejas y Fustegueras, Leonor , 1869-1945  //;;;Los Per-Álvarez : novela de costumbres españolas;;Isidora Sevillano;1ª ed.;Antonio López, Librero;;Barcelona;1929;358 p. , 20 cm ,;;;;;;;;;;;;;;;;;;;"821.134.2-31""18""  //";;;;;;;;;;;;;;;sp;spa;;;Libro;"Acceso y/o uso restringido. La presente obra presenta restricciones en cuanto a su reproducción, distribución, comunicación pública o transformación; no obstante y en virtud del artículo 37 del Texto refundido de la Ley de Propiedad Intelectual (TRLPI), la Biblioteca Nacional de España está autorizada a la reproducción y a la comunicación de obras, mediante red cerrada e interna, a efectos de investigación (artículo 37, RDL 1/1996, de 12 de abril, revisada el 5 noviembre de 2015); sin perjuicio de las copias que puedan obtenerse en la BNE para uso privado, para ejercer cualquier otro de los derechos de explotación previstos en la TRLPI, el usuario deberá contactar con el correspondiente titular o la entidad de gestión encargada de representar al titular.//";1/239753 //;http://bdh-rd.bne.es/viewer.vm?id=0000114940&page=1 **;http://bdh-rd.bne.es/text.vm?id=0000114940&first=1&last=363 **
bimo0000679596;Canalejas y Fustegueras, Leonor , 1869-1945  //;;;Todo y nada;;"Leonor Canalejas y Fustegueras (Isidora Sevillano) ; con un prólogo de Lorenzo Riber";;[s.n.]  Tip. Emporium;;[S.l.] , Barcelona;1931;244 p. , 20 cm ,;;;;;;;;;;;;;;;;;;;"821.134.2-34""18""  //";;;;;;;;;;;;;;;sp;spa;;;Libro;"Acceso y/o uso restringido. La presente obra presenta restricciones en cuanto a su reproducción, distribución, comunicación pública o transformación; no obstante y en virtud del artículo 37 del Texto refundido de la Ley de Propiedad Intelectual (TRLPI), la Biblioteca Nacional de España está autorizada a la reproducción y a la comunicación de obras, mediante red cerrada e interna, a efectos de investigación (artículo 37, RDL 1/1996, de 12 de abril, revisada el 5 noviembre de 2015); sin perjuicio de las copias que puedan obtenerse en la BNE para uso privado, para ejercer cualquier otro de los derechos de explotación previstos en la TRLPI, el usuario deberá contactar con el correspondiente titular o la entidad de gestión encargada de representar al titular.//";2/86227 //;http://bdh-rd.bne.es/viewer.vm?id=0000048249&page=1 **;http://bdh-rd.bne.es/text.vm?id=0000048249&first=1&last=253 **
bimo0000679597;Canalejas y Fustegueras, Leonor , 1869-1945  //;;;La vida : (historia novelada);;"Leonor Canalejas y Fustegueras (Isidora Sevillano) ; con un prólogo de Alfredo Pallardó";;[s.n.]  Tip. Emporium;;[S.l.] , Barcelona;1935;200 p. , 20 cm ,;;;;;;;;;;;;;;;;;;;"821.134.2-31""19""  //";;;;;;;;;;;;;;;sp;spa;;;Libro;"Acceso y/o uso restringido. La presente obra presenta restricciones en cuanto a su reproducción, distribución, comunicación pública o transformación; no obstante y en virtud del artículo 37 del Texto refundido de la Ley de Propiedad Intelectual (TRLPI), la Biblioteca Nacional de España está autorizada a la reproducción y a la comunicación de obras, mediante red cerrada e interna, a efectos de investigación (artículo 37, RDL 1/1996, de 12 de abril, revisada el 5 noviembre de 2015); sin perjuicio de las copias que puedan obtenerse en la BNE para uso privado, para ejercer cualquier otro de los derechos de explotación previstos en la TRLPI, el usuario deberá contactar con el correspondiente titular o la entidad de gestión encargada de representar al titular.//";4/3806 //;http://bdh-rd.bne.es/viewer.vm?id=0000074761&page=1 **;http://bdh-rd.bne.es/text.vm?id=0000074761&first=1&last=215 **
bimo0000679940;;;;Canción patriótica demostrando la imperiosa necesidad de unirnos ante el trono constitucional todos los españoles comprometidos por la causa de nuestra inocente Reina y la Constitución de 1837, haciendo cuantos sacrificios nos sean posibles para terminar esa guerra desastrosa, y libertar a la patria del riesgo que la amenaza;;;;[s.n.]  Imp. de R. Calero;;[S.l.] , Madrid;1838;[2] p. , 21 cm ,;;;Título tomado de la cabecera  //;;;;;;;;;;;;;;;;"821.134.2-14""18""  //";;;;;;;;;;;;;;;sp;spa;;;Libro;;VE/1190 //;http://bdh-rd.bne.es/viewer.vm?id=0000131191&page=1 **;http://bdh-rd.bne.es/text.vm?id=0000131191&first=1&last=6 **
bimo0000679941;;;;Canción patriótica a la venida de Mina a España, y al valiente ejército de Isabel II;;;;[s.n.]  Imp. de F. Pascual;;[S.l.] , Madrid;1834;[1] h. , 21 cm ,;;;Título tomado de la cabecera  //;;;;;;;;Espoz y Mina, Francisco -- Poesías --  //;;;;;;;;"929 Espoz y Mina, Francisco  //  821.134.2-14""18""  //";;;;;;;;;;;;;;;sp;spa;;;Libro;;VE/1200/25 //;http://bdh-rd.bne.es/viewer.vm?id=0000131192&page=1 **;http://bdh-rd.bne.es/text.vm?id=0000131192&first=1&last=8 **
bimo0000681100;Cano, Leopoldo , 1844-1934  //;;;Los laureles de un poeta : drama en tres actos y en verso;;original de Leopoldo Cano y Masas;2ª ed.;[s.n.]  Imp. de J. Rodríguez;;[S.l.] , Madrid;1878;108 p. , 20 cm ,;;;"""Representado por primera vez en el Teatro Español el 13 de febrero de 1878""  // ""Administración lirico-dramática""--Cubierta  //";;;;;;;;;;;;;;;;"821.134.2-23""18""  //";;;;;;;;;;;;;;;sp;spa;;;Libro;;T/8841 //;http://bdh-rd.bne.es/viewer.vm?id=0000202915&page=1 **;http://bdh-rd.bne.es/text.vm?id=0000202915&first=1&last=123 **
bimo0000681101;Cano, Leopoldo , 1844-1934  //;;;La mariposa : comedia en tres actos y en verso;;original de Leopoldo Cano y Masas;;[s.n.]  Tip. de G. Estrada;;[S.l.] , Madrid;1879;91 p. , 20 cm ,;;;"""Administración lírico-dramática""--Cubierta  // ""Estrenada en el Teatro Español el 22 de octubre de 1879""  //";;;;;;;;;;;;;;;;"821.134.2-22""18""  //";;;;;;;;;;;;;;;sp;spa;;;Libro;;T/9559 //;http://bdh-rd.bne.es/viewer.vm?id=0000202904&page=1 **;http://bdh-rd.bne.es/text.vm?id=0000202904&first=1&last=103 **
bimo0000681110;Cano, Leopoldo , 1844-1934  //;;;La opinión pública : drama en tres actos y en verso;;original de Leopoldo Cano y Masas;;[s.n.]  Imp. de Pedro Abienzo;;[S.l.] , Madrid;1878;124 p. , 20 cm ,;;;"""Administración lírico-dramática""--Cubierta  // ""Representado por primera vez en Madrid, en el Teatro de Apolo, el día 17 de octubre de 1978""  //";;;;;;;;;;;;;;;;"821.134.2-23""18""  //";;;;;;;;;;;;;;;sp;spa;;;Libro;;T/7142 //;http://bdh-rd.bne.es/viewer.vm?id=0000202898&page=1 **;http://bdh-rd.bne.es/text.vm?id=0000202898&first=1&last=137 **
bimo0000681375;Vascano, Antonio , 1862-1933  //;;;Javier Malo;;novela original de Antonio Vascáno;;El Cosmos editorial  Imp. de A.P. Dubrull;;Madrid;1884;461 p. , 18 cm ,;;;;;;;;;;;;;;;;;;;"821.134.2-31""18""  //";;;;;;;;;;;;;;;sp;spa;;;Libro;;3/1886 //;http://bdh-rd.bne.es/viewer.vm?id=0000199560&page=1 **;http://bdh-rd.bne.es/text.vm?id=0000199560&first=1&last=475 **
bimo0000682033;Cantó, Gonzalo , 1859-1931  // Montesinos, Eduardo , 1868-1930  //;;;El cocinero de S.M. : zarzuela cómica en un acto dividido en tres cuadros, en prosa;;"original de Gonzalo Cantó y Eduardo Montesinos ; música de los maestros Valverde (padre é hijo)";;[s.n.]  R. Velasco, imp.;;[S.l.] , Madrid;1897;38 p. , 21 cm ,;;;"""Estrenada con extraordinario éxito en el Teatro Eldorado de Madrid, la noche del 21 de agosto de 1897""  // ""Administración lirico-dramática""--Cubierta  //";;;;;;;;;;;;;;;;"821.134.2-293""18""  //";;;;;;;;;;;;;;;sp;spa;;;Libro;;T/3446 //;http://bdh-rd.bne.es/viewer.vm?id=0000187776&page=1 **;http://bdh-rd.bne.es/text.vm?id=0000187776&first=1&last=56 **
bimo0000682038;Cantó, Gonzalo , 1859-1931  //;;;De pillo á pillo : juguete cómico-lírico en un acto y en prosa;;"original de Gonzalo Cantó ; música del maestro Cleto Zabala";;[s.n.]  R. Velasco, imp.;;[S.l.] , Madrid;1896;34p. , 21cm ,;;;"""Administración lírico-dramática""--Cubierta  //";;;;;;;;;;;;;;;;"821.134.2-22""18""  //";;;;;;;;;;;;;;;sp;spa;;;Libro;;T/8004 //;http://bdh-rd.bne.es/viewer.vm?id=0000192664&page=1 **;http://bdh-rd.bne.es/text.vm?id=0000192664&first=1&last=51 **
bimo0000682039;Cantó, Gonzalo , 1859-1931  // Téllez de Sotomayor, Joaquín  //;;;Los hijos de Aragón : juguete cómico en dos actos y en prosa;;original de Gonzalo Cantó y Joaquín Téllez de Sotomayor;;Sociedad de Autores Españoles  R. Velasco, imp.;;Madrid;1917;65 p. , 20 cm ,;;;"""Estrenado en el Teatro Infanta Isabel el 4 de enero de 1917""  //";;;;;;;;;;;;;;;;"821.134.2-22""18""  //";;;;;;;;;;;;;;;sp;spa;;;Libro;;T/23537 //;http://bdh-rd.bne.es/viewer.vm?id=0000187780&page=1 **;http://bdh-rd.bne.es/text.vm?id=0000187780&first=1&last=79 **
bimo0000682046;Cantó, Gonzalo , 1859-1931  // Arambilet, Santiago  //;;;El rompeolas : zarzuela cómica en un acto, dos cuadros y un intermedio;;"original y en prosa de Gonzalo Cantó y Santiago Arambilet ; música del maestro Santamaría";;[s.n.]  R. Velasco, imp.;;[S.l.] , Madrid;1896;38 p. , 20 cm ,;;;"""Estrenada con extraordinario éxito en el Teatro de la Zarzuela el 6 de febrero de 1896""  // ""Administración Lírico-Dramática""  //";;;;;;;;;;;;;;;;"821.134.2-293""18""  //";;;;;;;;;;;;;;;sp;spa;;;Libro;;T/10991 //;http://bdh-rd.bne.es/viewer.vm?id=0000187720&page=1 **;http://bdh-rd.bne.es/text.vm?id=0000187720&first=1&last=55 **
bimo0000682047;Cantó, Gonzalo , 1859-1931  // Santa Ana, Rafael de , 1868-1922  //;;;La serenata del pueblo : zarzuela dramática en un acto y tres cuadros;;"original de Gonzalo Cantó y Rafael de Santa Ana ; música de los maestros R. Sontullo y L. Andreu";;Sociedad de Autores Españoles  R. Velasco, imp.;;Madrid , Madrid;1909;41 p. , 20 cm ,;;;"""Estrenada en el Teatro de Novedades la noche del 15 de Septiembre de 1909""  //";;;;;;;;;;;;;;;;"821.134.2-293""18""  //";;;;;;;;;;;;;;;sp;spa;;;Libro;;T/17990 //;http://bdh-rd.bne.es/viewer.vm?id=0000187728&page=1 **;http://bdh-rd.bne.es/text.vm?id=0000187728&first=1&last=61 **
bimo0000682048;Cantó, Gonzalo , 1859-1931  //;;;La siega : zarzuela en un acto y en prosa;;"original de Gonzalo Cantó ; musica de los maestros Soutullo y Andreu";;Sociedad de Autores Españoles  R. Velasco, imp.;;Madrid;1909;34 p. , 20 cm ,;;;"""Estrenada en el Teatro de Novedades el día 11 de junio de 1909""  //";;;;;;;;;;;;;;;;"821.134.2-293""18""  //";;;;;;;;;;;;;;;sp;spa;;;Libro;;T/18010 //;http://bdh-rd.bne.es/viewer.vm?id=0000187730&page=1 **;http://bdh-rd.bne.es/text.vm?id=0000187730&first=1&last=51 **
bimo0000682049;Cantó, Gonzalo , 1859-1931  //;;;Sobresaltos y saltos : juguete cómico en un acto y en verso;;original de Gonzalo Cantó;;[s.n.]  R. Velasco, imp.;;[S.l.] , Madrid;1895;34 p. , 20 cm ,;;;"""Estrenado con extraordinario éxito en el Teatro Martin la noche del 9 de marzo de 1895""  // ""Administración lírico-dramática""  //";;;;;;;;;;;;;;;;"821.134.2-22""18""  //";;;;;;;;;;;;;;;sp;spa;;;Libro;;T/14017 //;http://bdh-rd.bne.es/viewer.vm?id=0000187716&page=1 **;http://bdh-rd.bne.es/text.vm?id=0000187716&first=1&last=26 **
bimo0000682053;Cantó, Gonzalo , 1859-1931  //;;;Los viejos compadres : zarzuela en un acto y en verso;;"original de Gonzalo Cantó ; música del maestro Barrachina";;Sociedad de Autores Españoles  R. Velasco, imp.;;Madrid;1912;42 p. , 21 cm ,;;;"""Estrenada en el Coliseo del Noviciado el 26 de marzo de 1912""  //";;;;;;;;;;;;;;;;"821.134.2-293""18""  //";;;;;;;;;;;;;;;sp;spa;;;Libro;;T/19036 //;http://bdh-rd.bne.es/viewer.vm?id=0000187757&page=1 **;http://bdh-rd.bne.es/text.vm?id=0000187757&first=1&last=59 **
bimo0000682496;Cañete, Manuel , 1822-1891  //;;;Discurso acerca del drama religioso español antes y después de Lope de Vega;;escrito por Manuel Cañete ... y leído en la junta pública celebrada ... el día 28 de setiembre de 1862;;[s.n.]  Imp. de Manuel Tello;;[S.l.] , Madrid;1862;41 p. , 28 cm ,;;;;;;;;;;;Teatro religioso español -- S.XVI-XVII -- Historia y crítica --  //;;;;;;;;"821.134.2-251.09""15/16""  //";;;;;;;;;;;;;;;sp;spa;;;Libro;;AHM/787156 //;http://bdh-rd.bne.es/viewer.vm?id=0000048048&page=1 **;http://bdh-rd.bne.es/text.vm?id=0000048048&first=1&last=48 **
bimo0000682499;Cañete, Manuel , 1822-1891  // Segovia, Antonio María , 1808-1874  //;;;Discursos leídos ante la Real Academia Española en la recepcion pública de don Manuel Cañete;;;;[s.n.]  Imp. y Estereotipia de M. Rivadeneyra;;[S.l.] , Madrid;1858;60 p. , 26 cm ,;;;Recoge los discursos de Manuel Cañete y Antonio María Segovia  //;;;;;;;;Poesía española -- S.XVI-XVII -- Historia y crítica --  //;;;;;;;;"821.134.2-14.09""15/16""  //";;;;;;;;;;;;;;;sp;spa;;;Libro;;2/42858 //;http://bdh-rd.bne.es/viewer.vm?id=0000074137&page=1 **;http://bdh-rd.bne.es/text.vm?id=0000074137&first=1&last=71 **
bimo0000682503;Cañete, Manuel , 1822-1891  //;;;La flor de Besalú : zarzuela en tres actos;;"letra de Manuel Cañete ; música de José Casares";;[s.n.]  Imp. y Fundición de M. Tello;;Madrid;1874;65 p. , 20 cm ,;;;;;;;;;;;;;;;;;;;"821.134.2-293""18""  //";;;;;;;;;;;;;;;sp;spa;;;Libro;;T/2935 //;http://bdh-rd.bne.es/viewer.vm?id=0000042995&page=1 **;http://bdh-rd.bne.es/text.vm?id=0000042995&first=1&last=79 **
bimo0000684551;Carbonell Sánchez, María , 1857-1926  //;;;Las mujeres del Quijote : discurso leído por María Carbonell profesora de la Escuela Normal de Maestros y de la Institución para la Enseñanza de la Mujer, en la velada que celebró este último centro de enseñanza el día 7 de mayo de 1905 para conmemorar el tercer centenario de la publicación de la inmortal obra de Cervantes El Ingenioso hidalgo D. Quijote de la Mancha;;;;[s.n.]  Imp. de Domenech y Taroncher;;[S.l.] , Valencia;1905;11 p. , 22 cm ,;;;;;;;;;;;Cervantes Saavedra, Miguel de --  // Cervantes Saavedra, Miguel de -- Personajes femeninos --  //;;;;;;;;821.134.2 Cervantes Saavedra, Miguel de 7 Quijote.07  //  821.134.2-3  //;;;;;;;;;;;;;;;sp;spa;;;Libro;;CERVC/12/9 //;http://bdh-rd.bne.es/viewer.vm?id=0000048089&page=1 **;http://bdh-rd.bne.es/text.vm?id=0000048089&first=1&last=16 **
bimo0000684765;;;;El carcelero de Modigliana ó El nacimiento de un rey contemporáneo;El nacimiento de un rey contemporáneo  //;traducido del francés por F. O.;;[s.n.]  Imp. de Miguel Puigrubi;;[S.l.] , Tarragona;1842;367 p. , 16 cm ,;Lingüística. Literatura // Literatura //;;;;;;;;;;;;;;;;;;"821.133.1-31""18""  //";;;;;;;;;;;;;;;sp;spa;fre;spa //;Libro;;U/962 //;http://bdh-rd.bne.es/viewer.vm?id=0000103772&page=1 **;http://bdh-rd.bne.es/text.vm?id=0000103772&first=1&last=399 **
bimo0000685557;;;;Al Príncipe de los Ingenios españoles D. Miguel de Cervantes Saavedra en el CCLXXVIII Aniversario de su fallecimiento;;;;La Careta;;Alcalá de Henares;1894;16 p., 5 h. de lám , 31 cm ,;;;Publicado en: La Careta: revista literaria ilustrada órgano de la Sociedad Lírico Dramática La Recreativa. Año 2, 1894  //;;;;;;;;Cervantes Saavedra, Miguel de -- Aniversarios y centenarios --  //;;;;;;;;821.134.2 Cervantes Saavedra, Miguel de 1.07(067.5)  //;;;;;;;;;;;;;;;sp;spa;;;Libro;;CERVC/2/43 //;http://bdh-rd.bne.es/viewer.vm?id=0000191027&page=1 **;http://bdh-rd.bne.es/text.vm?id=0000191027&first=1&last=34 **
bimo0000685629;;;;La caridad en la guerra : corona poética dedicada a la sub-comisión alcoyana de la Cruz Roja;;;;[s.n.]  Imp. de Francisco Company;;Alcoy;1874;34 p. , 20 cm ,;;;;;;;;;;;Cruz Roja Española -- Poesías--  // Poesías españolas -- S.XIX --  //;;;;;;;;"614.885(460)(0:82)  //  821.134.2-1""18""(082.2)  //";;;;;;;;;;;;;;;sp;spa;;;Libro;;VC/2831/41 //;http://bdh-rd.bne.es/viewer.vm?id=0000189093&page=1 **;http://bdh-rd.bne.es/text.vm?id=0000189093&first=1&last=38 **
bimo0000687191;;Instituto General y Técnico de Oviedo  //;;"Colección de algunos de los estudios llevados a cabo por los alumnos de la Sección de Letras con motivo del tercer centenario de la publicación de ""El Quijote"" : curso de 1904 a 1905";;;;"[s.n.]  Estab. Tip. ""La Cruz""";;[S.l.] , Oviedo;1905;94 p. , 21 cm ,;;;Precede al título: Instituto General y Técnico de Oviedo  //;;;;;;;;Cervantes Saavedra, Miguel de --  //;;;;;;;;821.134.2 Cervantes Saavedra, Miguel de 7 Quijote.07  //  821.134.2-3  //;;;;;;;;;;;;;;;sp;spa;;;Libro;;CERVC/12/8 //;http://bdh-rd.bne.es/viewer.vm?id=0000197440&page=1 **;http://bdh-rd.bne.es/text.vm?id=0000197440&first=1&last=99 **
bimo0000688695;Coloma, Luis , 1851-1915  //;;;Del natural : (copias varias);;por el P. Luis Coloma;3ª ed.;El Mensajero del Corazón de Jesús;;Bilbao;1891;194 p. , 18 cm ,;;;;;;;;;;;;;;;;;;;"821.134.2-32""18""  //";;;;;;;;;;;;;;;sp;spa;;;Libro;;7/105307 //;http://bdh-rd.bne.es/viewer.vm?id=0000251034&page=1 **;http://bdh-rd.bne.es/text.vm?id=0000251034&first=1&last=203 **
bimo0000688725;Coloma, Luis , 1851-1915  //;;;Nuevas lecturas;;por el P. Luis Coloma de la Compañía de Jesús;;[s.n.]  Imp. del Corazón de Jesús;;[S.l.] , Bilbao;1902;198 p. , 19 cm ,;;;;;;;;;;;;;;;;;;;"821.134.2-3  //  821.134.2-34""18""  //";;;;;;;;;;;;;;;sp;spa;;;Libro;;AHM/630545 //;http://bdh-rd.bne.es/viewer.vm?id=0000204790&page=1 **;http://bdh-rd.bne.es/text.vm?id=0000204790&first=1&last=211 **
bimo0000688757;Coloma, Luis , 1851-1915  //;;;¿Qué sería? : narración de un sucedido;;por el P. Luis Coloma;;El Mensajero del Corazón de Jesús;;Bilbao;1892;34 p. , 17 cm ,;;;;;;;;;;;;;;;;;;;"821.134.2-32""18""  //";;;;;;;;;;;;;;;sp;spa;;;Libro;;7/23382 //;http://bdh-rd.bne.es/viewer.vm?id=0000204810&page=1 **;http://bdh-rd.bne.es/text.vm?id=0000204810&first=1&last=47 **
bimo0000689414;Colorado, Vicente , 1850-1904  //;;;Glorias militares y literarias del reinado de Felipe II : poema histórico : premio primero, regalo de S.M. el Rey, en el Certamen Literario Verificado en Valladolid el 29 de setiembre de 1879;;Vicente Colorado;;Librería de Donato Guío  Imp... de Gavinia y Zapatero];;Madrid , Valladolid;1879;40 p. , 21 cm ,;;;;;;;;;;;;;;;;;;;"821.134.2-14""18""  //";;;;;;;;;;;;;;;sp;spa;;;Libro;;VE/1183/35 //;http://bdh-rd.bne.es/viewer.vm?id=0000150921&page=1 **;http://bdh-rd.bne.es/text.vm?id=0000150921&first=1&last=43 **
bimo0000689416;Colorado, Vicente , 1850-1904  // Cervantes Saavedra, Miguel de , 1547-1616  //;;;Rinconete y Cortadillo : comedia en tres actos y en verso, sacada de la novela ejemplar de Cervantes;;Vicente Colorado;;B. Rodríguez Serra;;Madrid;1901;128 p. , 18 cm ,;;;;;;;;;;;;;;;;;;;"821.134.2-22""18""  //";;;;;;;;;;;;;;;sp;spa;;;Libro;;CERV/2441 //;http://bdh-rd.bne.es/viewer.vm?id=0000048073&page=1 **;http://bdh-rd.bne.es/text.vm?id=0000048073&first=1&last=159 **
bimo0000689605;Coll, Gaspar Fernando , 1826-1855  //;;;A perro viejo, no hay tus tus : comedia en cinco actos;;arreglada al teatro español por G. Fernando Coll;;Boix, ed.;;Madrid;1841;46 p. , 19 cm ,;;;"""Representada por primera vez en el Teatro de la Cruz el día 24 de diciembre de 1841""  //";;;;;;;;;;;;;;;;"821.134.2-22""18""  //";;;;;;;;;;;;;;;sp;spa;;;Libro;;T/10197 //;http://bdh-rd.bne.es/viewer.vm?id=0000181863&page=1 **;http://bdh-rd.bne.es/text.vm?id=0000181863&first=1&last=28 **
bimo0000689607;Coll, Gaspar Fernando , 1826-1855  //;;;La conjuración de Fiesco : drama en cinco actos, y seis cuadros, imitación de Schiller;;por Gaspar Fernando Coll;;[s.n.]  Imp. de los Hijos de Catalina Piñuela;;[S.l.] , Madrid;1838;75 p. , 16 cm ,;;;;;;;;;;;;;;;;;;;"821.134.2-23""18""  //";;;;;;;;;;;;;;;sp;spa;;;Libro;;T/10517 //;http://bdh-rd.bne.es/viewer.vm?id=0000181902&page=1 **;http://bdh-rd.bne.es/text.vm?id=0000181902&first=1&last=42 **
bimo0000689608;Coll, Gaspar Fernando , 1826-1855  //;;;La degollación de los Santos Inocentes : drama bíblico en cinco actos;;traducido del francés por G.F. Coll y Y. Gil;;[s.n.]  Imp. de Yenes;;[S.l.] , Madrid;1840;62 p. , 19 cm ,;;;;;;;;;;;;;;;;;;;"821.134.2-23""18""  //";;;;;;;;;;;;;;;sp;spa;fre;spa //;Libro;;T/11919 //;http://bdh-rd.bne.es/viewer.vm?id=0000118497&page=1 **;http://bdh-rd.bne.es/text.vm?id=0000118497&first=1&last=73 **
