idBNE;Autor Personas;Autor Entidades;Título uniforme;Título;Otros Títulos;Información asociada al título;Edición;Editorial;Editor musical;Lugar de publicación;Fecha de publicación;Descripción física;Serie;Contenido;Descripción y notas;Citas o referencias;transcripciones de interés;Procedencia;Intérpretes;Resumen;Premios;Periodicidad;Tema;Género/Forma;Lugar relacionado;Forma de la composición sonora;Forma de la composición notada;tipo material cartográfico;Proyección del mapa;Escala del mapa;CDU;Otra clasificación;id registros relacionados;información asociada a registros relacionados;id otras ediciones;información asociada a otras ediciones;id título anterior;información asociada a título anterior;id título posterior;información asociada a título posterior;ISBN;ISSN;Depósito Legal;Otros Números Normalizados;Número Bibliografía Nacional;País de publicación;Lengua de publicación;Lengua original;otras lenguas;Tipo de documento;Condiciones de uso;signatura;version_digital;texto_OCR
bimo0001489785;Torres Caicedo, José María  //;;;Estudios sobre el gobierno inglés y sobre la influencia anglo-sajona. Primera serie;;por José M. Torres Caicedo;;Dramard-Baudry y Cia., Sucesores;;París;1868;"2 v. (VIII, 412; 392 p.) , 1 retr. , 22 cm ,";Geografía. Biografías. Historia // Historia de distintos países //;;"Texto en español; prólogo en francés  //";;;;;;;;Gran Bretaña -- Civilización --  //;;;;;;;;930.85(410)  //;;;;;;;;;;;;;;;fr;spa;;;Libro;;4/47367 // 4/47368 //;http://bdh-rd.bne.es/viewer.vm?id=0000012119&page=1 ** http://bdh-rd.bne.es/viewer.vm?id=0000012119&page=434 **;http://bdh-rd.bne.es/text.vm?id=0000012119&first=1&last=433 ** http://bdh-rd.bne.es/text.vm?id=0000012119&first=434&last=838 **
bimo0001489797;Torres Campos, Manuel , 1850-1918  //;;;Discurso leído en la solemne apertura del curso académico de 1907 a 1908 en la Universidad Literaria de Granada, por el Dr. D. Manuel Torres Campos, catedrático de la Facultad de Derecho;;;;Indalecio Ventura López;;Granada;1907;23 p. , 31 cm ,;;;;;;;;;;;Universidades -- Administración --  //;;;;;;;;378  //  378.1  //;;;;;;;;;;;;;;;sp;spa;;;Libro;;VC/397/22 //;http://bdh-rd.bne.es/viewer.vm?id=0000131005&page=1 **;http://bdh-rd.bne.es/text.vm?id=0000131005&first=1&last=28 **
bimo0001490222;Torres Pardo, Rafael  //;;;Discurso en defensa de los voluntarios de Cuba leído en la Junta General del Círculo Hispano-Ultramarino de Sevilla y su provincia celebrada el 14 de abril de 1872;;por  Rafael Torres Pardo;;[s.n.]  Imp. de Salvador Acuña y Compañía;;[S.l.] , Sevilla;1872;8 p. , 21 cm ,;Geografía. Biografías. Historia // Historia de América Latina //;;;;;;;;;;Cuerpo de Voluntarios Cubanos --  // Cuba -- Historia -- 1868-1878 (Guerra de los Diez Años) --  //;;;;;;;;"(729.1)  //  355.087.2(460:729.1)""18""  //  94(729.1)""1868/78""  //";;;;;;;;;;;;;;;sp;spa;;;Libro;;VC/1513/41 //;http://bdh-rd.bne.es/viewer.vm?id=0000043076&page=1 **;http://bdh-rd.bne.es/text.vm?id=0000043076&first=1&last=12 **
bimo0001494175;Torre, Luis María de la  //;;;Discurso inaugural pronunciado en la apertura anual de la Academia de Jurisprudencia teórico-práctica;;por Luis María de la Torre;;[s.n.]  Imp. del Águila;;[S.l.] , México;1838;20 p. , 21 cm ,;Hispanoamérica // Lingüística. Literatura // Literatura //;;;;;;;;;;;;;;;;;;"821.134.2(72)-531""18""  //";;;;;;;;;;;;;;;mx;spa;;;Libro;;HA/41383 //;http://bdh-rd.bne.es/viewer.vm?id=0000047106&page=1 **;http://bdh-rd.bne.es/text.vm?id=0000047106&first=1&last=24 **
bimo0001510536;Tremebundo  //;;;Quitada de las monjas y los frailes;;;;[s.n.]  impresa por Antonio Alcalde;;[S.l.] , México;1833;[2] p. , 32 cm ,;Geografía. Biografías. Historia // Historia de América Latina //;;Autor (p. [2]): Tremebundo  // Título tomado de la cabecera del texto  //;;;;;;;;Iglesia Católica -- México --  // México -- Historia -- 1821-1861 --  //;;;;;;;;"(72)  //  282(72)""18""  //  94(72)""1821/61""  //";;;;;;;;;;;;;;;mx;spa;;;Libro;;VE/1222/12 //;http://bdh-rd.bne.es/viewer.vm?id=0000079151&page=1 **;http://bdh-rd.bne.es/text.vm?id=0000079151&first=1&last=2 **
bimo0001512554;Trollope, William  //;;;"A Greek grammar to the New Testament and to the common or Hellenic diction of the later Greek writers arranged as a supplement to Dr. P. Buttmann's ""Intermediate or Larger Greek Grammar.""";;by the Rev. Wm. Trollope;;Whittaker & Cop.;;London;1842;XIV, 237 p. , 24 cm ,;Lingüística. Literatura // Lingüística y lenguas //;;Índice  //;;;;;;;;Lengua griega bíblica -- Gramática --  //;;;;;;;;811.14'03'36  //;;;;;;;;;;;;;;;xx;eng;;;Libro;;U/6533 //;http://bdh-rd.bne.es/viewer.vm?id=0000070808&page=1 **;http://bdh-rd.bne.es/text.vm?id=0000070808&first=1&last=259 **
bimo0001513046;Trueba, Antonio de , 1819-1889  //;;;Capítulos de un libro, sentidos y pensados viajando por las provincias vascongadas;;su autor, Antonio de Trueba;;Centro General de Administración;;Madrid;1864;353 p. , 19 cm ,;Geografía. Biografías. Historia // Historia de España //;;;;;;;;;;País Vasco -- Misceláneas --  //;;;;;;;;94(460.15)(089.3)  //;;;;;;;;;;;;;;;sp;spa;;;Libro;;1/28082 //;http://bdh-rd.bne.es/viewer.vm?id=0000093010&page=1 **;http://bdh-rd.bne.es/text.vm?id=0000093010&first=1&last=383 **
bimo0001515299;Tyndale, William , m. 1536  // Walter, Henry , 1785-1859  //;Parker Society (Gran Bretaña)  //;;Doctrinal treatises and introductions to different portions of the Holy Scriptures;;"by William Tyndale ; edited for the Parker Society by the rev. Henry Walter";;Printed at the University press;;Cambridge;1848;LXXVI, 532 p. , 23 cm ,;Religión. Teología // Teología //;;;;;;;;;;Church of England --  // Biblia -- Crítica e interpretación --  // Teología -- S.XVI --  //;;;;;;;;"22.06  //  23/24""15""  //  283.1(410.1)  //  21  //";;;;;;;;;;;;;;;xx;eng;;;Libro;;U/4762 //;http://bdh-rd.bne.es/viewer.vm?id=0000075849&page=1 **;http://bdh-rd.bne.es/text.vm?id=0000075849&first=1&last=621 **
bimo0001516030;Laurencín, Francisco Rafael de Uhagón, Marqués de , 1858-1927  //;Real Academia de la Historia (España)  //;;El doctor Thebussem : recuerdos e intimidades;;"por el Marqués de Laurencín ; publícalo la Real Academia de la Historia";;Academia de la Historia;;Madrid;1917;19 p. , 1 retr. , 26 cm ,;;;;;;;;;;;Thebussem, -- Doctor --  //;;;;;;;;929 Thebussem, Doctor  //;;;;;;;;;;;;;;;sp;spa;;;Libro;;VC/10197/12 //;http://bdh-rd.bne.es/viewer.vm?id=0000144636&page=1 **;http://bdh-rd.bne.es/text.vm?id=0000144636&first=1&last=26 **
bimo0001536524;;University College London Faculty of Arts and Laws  //;;University College, London session 1841-42, Faculty of Arts and Laws;;;;[s.n.]  Printed by Richard and John E. Taylor;;[S.l.] , London;1841;12 p. , 22 cm ,;Ciencias sociales // Educación. Enseñanza //;;Título tomado de la cabecera del texto  //;;;;;;;;University College London -- Programas de estudio--  //;;;;;;;;378.4(410.111 L.).096:35(073)  //;;;;;;;;;;;;;;;xx;eng;;;Libro;;U/11235 //;http://bdh-rd.bne.es/viewer.vm?id=0000052249&page=1 **;http://bdh-rd.bne.es/text.vm?id=0000052249&first=1&last=22 **
bimo0001537312;Ureña y Smenjaud, Rafael de , 1852-1930  //;;;Discurso leído en la solemne inauguración del curso académico de 1906 a 1907;;por Rafael De Ureña y Smenjaud;;[s.n.]  Imp. Colonial;;[S.l.] , Madrid;1906;156 p. , 27 cm ,;;;Precede al título: Universidad Central  //;;;;;;;;Derecho -- España -- Historiografía --  //;;;;;;;;34(460):930.1  //;;;;;;;;;;;;;;;sp;spa;;;Libro;;1/21708 //;http://bdh-rd.bne.es/viewer.vm?id=0000097607&page=1 **;http://bdh-rd.bne.es/text.vm?id=0000097607&first=1&last=173 **
bimo0001537810;;;;Urquiza, el juicio de la posteridad;;;;"Imp. y Casa Editora ""Coni""";;Buenos Aires;1921;XXXII, 721, XV p., p. [723]-1352 , il. , 26 cm ,;Geografía. Biografías. Historia // Biografías. Heráldica. Genealogía //;;Precede al título: Comisión Nacional del Homenaje  //;;;;;;;;Urquiza, Justo José de -- Homenajes --  //;;;;;;;;(82)  //  929 Urquiza, Justo José de (067.5)  //;;;;;;;;;;;;;;;ag;spa;;;Libro;;HA/3579 // HA/3580 //;http://bdh-rd.bne.es/viewer.vm?id=0000013580&page=1 ** http://bdh-rd.bne.es/viewer.vm?id=0000013580&page=784 **;http://bdh-rd.bne.es/text.vm?id=0000013580&first=1&last=783 ** http://bdh-rd.bne.es/text.vm?id=0000013580&first=784&last=1442 **
bimo0001538947;Vaca y Mesa, Domingo  //;;;Discurso leído en la Universidad Central por el licenciado D. Domingo Vaca y Mesa en el solemne acto de recibir la investidura de doctor en Medicina y Cirujía [sic];De los deberes del médico en sus relaciones profesionales con la mujer  //;;;[s.n.]  Imp. de Julián Peña;;[S.l.] , Madrid;1853;16 p. , 26 cm ,;Medicina. Farmacia //;;;;;;;;;;Médicos -- Moral profesional --  // Mujeres -- Asistencia sanitaria --  //;;;;;;;;61  //;;;;;;;;;;;;;;;sp;spa;;;Libro;;VC/2803/56 //;http://bdh-rd.bne.es/viewer.vm?id=0000097325&page=1 **;http://bdh-rd.bne.es/text.vm?id=0000097325&first=1&last=19 **
bimo0001539309;Val, Luis de , 1867-1930  //;;;El amor de las madres;;"su autor Luis de Val ; ilustrada con preciosos cromos de reputados artistas";;Juan Pérez y Cª, ed.  Imp. de Domingo Clarasó;;Barcelona;1906;2 v. (1373, 1070 p.) , il. col. , 22 cm ,;;;;;;;;;;;;;;;;;;;"821.134.2-31""18""  //";;;;;;;;;;;;;;;sp;spa;;;Libro;;1/58543_V.1 // 1/58544_V.2 //;http://bdh-rd.bne.es/viewer.vm?id=0000133036&page=1 ** http://bdh-rd.bne.es/viewer.vm?id=0000133036&page=703 **;http://bdh-rd.bne.es/text.vm?id=0000133036&first=1&last=702 ** http://bdh-rd.bne.es/text.vm?id=0000133036&first=703&last=1249 **
bimo0001539777;Valdemoros, Antonio  //;;;A la colocación de las corbatas de la Orden Militar de San Fernando, en las banderas del Regimiento de Ingenieros ...;;por Antonio Valdemoros;;[s.n.]  Imp. de José María Alonso;;[S.l.] , Madrid;1850;7 p. , 24 cm ,;Ciencias aplicadas. Tecnología // Ingeniería. Minería // Lingüística. Literatura // Literatura española //;;;;;;;;;;;;;;;;;;"821.134.2-14""18""  //  62  //";;;;;;;;;;;;;;;sp;spa;;;Libro;;VC/3325/59 //;http://bdh-rd.bne.es/viewer.vm?id=0000069772&page=1 **;http://bdh-rd.bne.es/text.vm?id=0000069772&first=1&last=12 **
bimo0001540332;Valdovinos, Mucio  //;;;La verdad para todos;;;;[s.n.]  Imp. de Andrade y Escalante;;[S.l.] , México;1858;26 p. , 19 cm ,;Hispanoamérica // Geografía. Biografías. Historia // Historia de América Latina //;;Autor (p. 26): Mucio Valdovinos  //;;;;;;;;México -- Historia -- 1821-1861 --  //;;;;;;;;"(72)  //  94(72)""1821/61""  //";;;;;;;;;;;;;;;mx;spa;;;Libro;;HA/32126 //;http://bdh-rd.bne.es/viewer.vm?id=0000091467&page=1 **;http://bdh-rd.bne.es/text.vm?id=0000091467&first=1&last=28 **
bimo0001540672;Valentí y Vivó, Ignacio  //;;;Plan de reforma de la enseñanza oficial y libre de las ciencias biológicas memoria presentada al Excmo. Sr. D. Víctor Balaguer;;por el catedrático Ignacio Valentí y Vivó;;[s.n.]  Estb.Tip. de los Sucesores de N. Ramírez y Cª;;[S.l.] , Barcelona;1885;32 p. , 30 cm ,;Biología //;;;;;;;;;;Medicina -- Enseñanza --  // Farmacia -- Enseñanza --  // Biología -- Enseñanza --  //;;;;;;;;57  //;;;;;;;;;;;;;;;sp;spa;;;Libro;;VC/300/32 //;http://bdh-rd.bne.es/viewer.vm?id=0000078222&page=1 **;http://bdh-rd.bne.es/text.vm?id=0000078222&first=1&last=34 **
bimo0001540974;Valera, Juan , 1824-1905  // Hernández, Ángel (fotógrafo)  //;;;Garuda o la cigüeña blanca y la padmini;;"por Juan Valera ; ilustraciones de Ángel Hernández";;[s.n.]  Estab. Tip. de la Viuda e Hijos de Tello;;[S.l.] , Madrid;1902;149 p. , il. , 17 cm ,;Lingüística. Literatura // Literatura española //;;;;;;;;;;;;;;;;;;"821.134.2-32""18""  //";;;;;;;;;;;;;;;sp;spa;;;Libro;;7/23634 //;http://bdh-rd.bne.es/viewer.vm?id=0000094296&page=1 **;http://bdh-rd.bne.es/text.vm?id=0000094296&first=1&last=173 **
bimo0001541117;Valerio, Juan Francisco , ca. 1829-1878  //;;;Perro huevero aunque le quemen el hocico cuadro de costumbres cubanas en un acto y en prosa;;por Juan Francisco Valerio (Narciso Valor y Fé);;"[s.n.]  Imp. ""La Intrépida""";;[S.l.] , Habana;1868;17 p. , 22 cm ,;Lingüística. Literatura // Literatura hispanoamericana //;;;;;;;;;;;;;;;;;;"821.134.2(729.1)-23""18""  //";;;;;;;;;;;;;;;cu;spa;;;Libro;;T/23721 //;http://bdh-rd.bne.es/viewer.vm?id=0000095775&page=1 **;http://bdh-rd.bne.es/text.vm?id=0000095775&first=1&last=18 **
bimo0001541795;Valverde y Álvarez, Emilio , 1848-1894  //;;;Plano y guía del viajero en los Sitios Reales del Escorial, Aranjuez, El Pardo y La Granja;;Emilio Valverde y Álvarez;;[s.n.]  Imp. de Fernando Cao y Domingo de Val;;[S.l.] , Madrid;1885;47 p., [1] h. pleg., 4 [h]. de lam. , il. , 15 cm ,;Geografía. Biografías. Historia // Atlas // Exploraciones. Viajes // Guía práctico Valverde //;Mapas y planos incluidos: [1. San Lorenzo de El Escorial (Madrid). Monasterio. Monumentos. Vistas. 1886. 2. Real Sitio de Aranjuez (Madrid). Monumentos. Vistas. 1886. 3. Madrid. Real Sitio de el Pardo. Monumentos. Vistas. 1886. 4. Madrid (Provincia). Palacio Real de La Granja de San Ildefonso. Vistas. 1886. 5. San Lorenzo de El Escorial (Madrid). Planos de población. 1886.]// 1. San Lorenzo de El Escorial (Madrid). Planos de población 1886//;;;;;;;;;San Lorenzo de El Escorial -- Guías turísticas --  // Aranjuez -- Guías turísticas --  // El Pardo (Madrid, Barrio) -- Guías turísticas --  // Real Sitio de San Ildefonso -- Guías turísticas --  //;;;;;;;;"913(460.188 San Ildefonso)""18""(036)  //  913(460.27 Aranjuez)""18""(036)  //  913(460.27 Pardo)""18""(036)  //  913(460.27 San Lorenzo)""18""(036)  //";;;;;;;;;;;;;;ArtedigXIXpatr;sp;spa;;;Libro;;GMm/738(1) // GMm/738(1) //;http://bdh-rd.bne.es/viewer.vm?id=0000000421 **
bimo0001549123;Varela, Luis V. , 1845-1911  //;;;Historia constitucional de la República Argentina;;por Luis V. Varela;Ed. particular del autor;[s.n.]  Tall. de Impresiones Oficiales;;[S.l.] , La Plata;1910;4 v. , il. , 24 cm ,;Geografía. Biografías. Historia // Historia de América Latina //;;Precede al título: 1810 - Un siglo de instituciones - 1910  //;;;;;;;;Argentina -- Historia constitucional --  // Argentina -- Historia --  //;;;;;;;;"(82)  //  342.4(82)""18/19""  //  94(82)""18/19""  //";;;;;;;;;;;;;;;ag;spa;;;Libro;;HA/2571 // HA/2572 // HA/2573 // HA/2574 //;http://bdh-rd.bne.es/viewer.vm?id=0000013593&page=1 ** http://bdh-rd.bne.es/viewer.vm?id=0000013593&page=520 ** http://bdh-rd.bne.es/viewer.vm?id=0000013593&page=1113 ** http://bdh-rd.bne.es/viewer.vm?id=0000013593&page=1730 **;http://bdh-rd.bne.es/text.vm?id=0000013593&first=1&last=519 ** http://bdh-rd.bne.es/text.vm?id=0000013593&first=520&last=1112 ** http://bdh-rd.bne.es/text.vm?id=0000013593&first=1113&last=1729 ** http://bdh-rd.bne.es/text.vm?id=0000013593&first=1730&last=2138 **
bimo0001550069;Vasconcelos, J. J.  //;;;Exmo. Sr. Presidente Constitucional de la República Mexicana, general de División D. Ignacio Comonfort;;;;[s.n.];;[S.l.];1857;[4] p. , 27 cm ,;Geografía. Biografías. Historia // Historia de América Latina //;;Autor (p. [4]): J.J. Bazconcelos  // Título tomado de la cabecera del texto  //;;;;;;;;Comonfort, Ignacio --  // México -- Historia -- 1821-1861 --  //;;;;;;;;"(72)  //  929 Comonfort, Ignacio  //  94(72)""1821/61""  //";;;;;;;;;;;;;;;mx;spa;;;Libro;;VE/1219/49 //;http://bdh-rd.bne.es/viewer.vm?id=0000079119&page=1 **;http://bdh-rd.bne.es/text.vm?id=0000079119&first=1&last=4 **
bimo0001553913;Velarde, José , 1848-1892  //;;;El capitán García (poema);;José Velarde;;"Librería de Fernando Fé ;  Francisco Álvarez y Compañía";;MadridSevilla;1884;49 p. , 18 cm ,;Lingüística. Literatura // Literatura española //;;;;;;;;;;;;;;;;;;"821.134.2-14""18""  //";;;;;;;;;;;;;;;sp;spa;;;Libro;;7/22721 //;http://bdh-rd.bne.es/viewer.vm?id=0000092284&page=1 **;http://bdh-rd.bne.es/text.vm?id=0000092284&first=1&last=59 **
bimo0001553923;Velarde, José , 1848-1892  //;;;Teodomiro o La cueva del Cristo leyenda;La cueva del Cristo  //;por J. Velarde;;"Librería de Fernando Fé ;  Librería de Hijos de Fe";;MadridSevilla;1879;165 p. , 16 cm ,;Lingüística. Literatura // Literatura española //;;Incluye (p. [135]-165): Poesías varias  //;;;;;;;;;;;;;;;;"821.134.2-14""18""  //";;;;;;;;;;;;;;;sp;spa;;;Libro;;4/2038 //;http://bdh-rd.bne.es/viewer.vm?id=0000092374&page=1 **;http://bdh-rd.bne.es/text.vm?id=0000092374&first=1&last=177 **
bimo0001554676;Vélez Fernández, Tiburcio  //;;;Proyecto de socavón general de investigación, desagüe y trasporte en las minas de oro de la Nava de Jadraque en la provincia de Guadalajara;;;;[s.n.]  Estab. Tip. de R. Labajos;;[S.l.] , Madrid;1877;20 p., [1] h. pleg. de plano , 22 cm ,;Ciencias aplicadas. Tecnología // Ingeniería. Minería. //;;Autor (p. 20): Tiburcio Vélez Fernández  //;;;;;;;;Minas de oro -- La Nava (Guadalajara) --  //;;;;;;;;622  //;;;;;;;;;;;;;;;sp;spa;;;Libro;;VC/940/32 //;http://bdh-rd.bne.es/viewer.vm?id=0000050113&page=1 **;http://bdh-rd.bne.es/text.vm?id=0000050113&first=1&last=26 **
bimo0001568636;Viana, Javier de , 1868-1926  //;;;Abrojos cuentos criollos;;Javier de Viana;;La Bolsa de los Libros  Claudio García;;Montevideo;1919;163 p. , 18 cm ,;Lingüística. Literatura // Literatura hispanoamericana //;;;;;;;;;;;;;;;;;;"(899)  //  821.134.2(899)-34""18""  //";;;;;;;;;;;;;;;uy;spa;;;Libro;;HA/5224 //;http://bdh-rd.bne.es/viewer.vm?id=0000122550&page=1 **;http://bdh-rd.bne.es/text.vm?id=0000122550&first=1&last=175 **
bimo0001569952;A.  //;;;Vida de S. Vicente de Paúl, fundador de la Congregación de la Misión y de las Hermanas de la Caridadl;Máximas y avisos espirituales de S. Vicente de Paúl;;;[s.n.]  Imp. de Mariano Arévalo;;[S.l.] , México [D.F.];1843;126 p. , 18 cm ,;Geografía. Biografías. Historia // Biografías. Heráldica. Genealogía //;;Incluye (p. [63]-126): Máximas y avisos espirituales de S. Vicente de Paúl  // Autor (p. [VI]): A.  //;;;;;;;;Vicente de Paúl, -- Santo --  // Vida espiritual -- Cristianismo -- Máximas y aforismos --  //;;;;;;;;248(089.3)  //  929 Vicente de Paúl, Santo  //;;;;;;;;;;;;;;;mx;spa;;;Libro;;2/5546 //;http://bdh-rd.bne.es/viewer.vm?id=0000121986&page=1 **;http://bdh-rd.bne.es/text.vm?id=0000121986&first=1&last=151 **
bimo0001571138;Vidart, Luis , 1833-1897  //;;;El descubrimiento de la India por Vasco de Gama, en, 1497 carta dirigida al Sr. D. Luciano Cordeiro por Luis Vidart;;;;[s.n.]  Imp. del Cuerpo de Artillería;;[S.l.] , Madrid;1896;16 p. , 22 cm ,;"Geografía. Biografías. Historia // Exploraciones. Viajes // Publicaciones de los ""Estudios militares"" //";;;;;;;;;;Gama, Vasco da --  // India -- Descubrimientos y exploraciones -- Portugueses --  //;;;;;;;;"910.4(540)""14""  //  929 Gama, Vasco da  //";;;;;;;;;;;;;;;sp;spa;;;Libro;;4/87919(1) //;http://bdh-rd.bne.es/viewer.vm?id=0000094379&page=1 **;http://bdh-rd.bne.es/text.vm?id=0000094379&first=1&last=20 **
bimo0001578368;Villaseñor y Ariño, Ricardo  //;España Ministerio de la Guerra Biblioteca  //;;Catálogo de las obras existentes en la Biblioteca del Ministerio de la Guerra;;;;[s.n.]  Imp. del Depósito de la Guerra;;[S.l.] , Madrid;1876;633 p. , 23 cm ,;Ciencia y cultura en general // Bibliografía. Catálogos. Obras de consulta //;;Índice  // Autor (p. 5): Ricardo Villaseñor  //;;;;;;;;España -- Catálogos--  //;;;;;;;;017.1(460.27 M.)  //;;;;;;;;;;;;;;;sp;spa;;;Libro;;1/3459 //;http://bdh-rd.bne.es/viewer.vm?id=0000086591&page=1 **;http://bdh-rd.bne.es/text.vm?id=0000086591&first=1&last=647 **
bimo0001580570;Vispalier, Pedro  //;Servitas  //;;Ceremonial romano servitano de las religiosas Servitas del Convento de Ntra. Sra. de los Dolores, de Madrid;;escrito por fray Pedro Vispalier;;Imprenta de la Compañía de Impresores y Libreros, á cargo de A. Avrial;;Madrid;1877;295 p. , mús. , 24 cm ,;Bellas artes // Música //;;Notación musical de los cantos del ceremonial intercalada en el texto  //;;;;;;;;Ceremonial -- España -- S.XIX --  //;;;;;;;;78  //;;;;;;;;;;;;;;;sp;spa;;;Libro;;M/3165 //;http://bdh-rd.bne.es/viewer.vm?id=0000081210&page=1 **;http://bdh-rd.bne.es/text.vm?id=0000081210&first=1&last=303 **
bimo0001582412;Volpe, Girolamo  //;;;Memoirs of an ex-Capuchin or scenes of modern monastic life;;by Girolamo Volpe;;Partridge & Oakey;;London;1853;406 p. , 18 cm ,;Geografía. Biografías. Historia // Biografías. Heráldica. Genealogía //;;;;;;;;;;Volpe, Girolamo --  // Capuchinos --  // Iglesia Católica -- Obras de controversia--  // Conversos anglicanos --  //;;;;;;;;271.36  //  282:239  //  283.1  //  929 Volpe, Girolamo  //;;;;;;;;;;;;;;;xx;eng;;;Libro;;U/8027 //;http://bdh-rd.bne.es/viewer.vm?id=0000089840&page=1 **;http://bdh-rd.bne.es/text.vm?id=0000089840&first=1&last=415 **
bimo0001590654;Zavala, Lorenzo de , 1788-1836  //;;;Ensayo histórico de las revoluciones de México, desde 1808 hasta 1830;;Lorenzo de Zavala;;[s.n.]  Imp. a cargo de Manuel N. de la Vega;;[S.l.] , México;1845;2 v. (332, 320 p.) , 22 cm ,;Geografía. Biografías. Historia // Historia de América Latina //;;;;;;;;;;México -- Historia -- 1810-1821 (Guerra de la Independencia) --  // México -- Historia -- 1821-1861 --  //;;;;;;;;"(72)  //  94(72)""1810/21""  //  94(72)""1821/61""  //";;;;;;;;;;;;;;;mx;spa;;;Libro;;HA/707_V.1 // HA/708_V.2 //;http://bdh-rd.bne.es/viewer.vm?id=0000013686&page=1 ** http://bdh-rd.bne.es/viewer.vm?id=0000013686&page=348 **;http://bdh-rd.bne.es/text.vm?id=0000013686&first=1&last=347 ** http://bdh-rd.bne.es/text.vm?id=0000013686&first=348&last=684 **
bimo0001591856;Zamora y Caballero, Eduardo , 1837-1899  //;;;Una comedia más imitación cómico-dramática, escrita expresamente para la señora doña Concepción Marín;;por Eduardo Zamora y Caballero;;[s.n.]  imp. de José Rodríguez;;[S.l.] , Madrid;1861;26 p. , 20 cm ,;Lingüística. Literatura // Literatura española //;;"""Representada por primera vez en Madrid, en el Teatro del Príncipe, la noche del 5 de noviembre de 1861""  //";;;;;;;;;;;;;;;;"821.134.2-22""18""  //";;;;;;;;;;;;;;;sp;spa;;;Libro;;T/329 //;http://bdh-rd.bne.es/viewer.vm?id=0000120642&page=1 **;http://bdh-rd.bne.es/text.vm?id=0000120642&first=1&last=39 **
bimo0001594796;Zorrilla de San Martín, Juan , 1855-1931  //;;;El libro de Ruth ensayos;;Juan Zorrilla de San Martín;;[s.n.]  Arduino Hermanos, imp.;;[S.l.] , Montevideo;1928;226 p. , 20 cm ,;;;;;;;;;;;;;;;;;;;"(899)  //  821.134.2(899)-4""18""  //";;;;;;;;;;;;;;;uy;spa;;;Libro;;HA/4504 //;http://bdh-rd.bne.es/viewer.vm?id=0000144346&page=1 **;http://bdh-rd.bne.es/text.vm?id=0000144346&first=1&last=241 **
bimo0001603677;Weitz, Max  //;;;La importancia del nitrato de sosa (salitre de Chile) en la horticultura y jardinería;;por Maximiliano Weitz;Ed. especial para España /,por Mariano Capdevila y Pujol;[s.n.]  Tip. La Académica;;[S.l.] , Barcelona;1897;15 p. , 21 cm ,;Ciencias aplicadas. Tecnología // Agricultura. Selvicultura. Ganaderia. Caza. Pesca //;;;;;;;;;;Nitrato de Chile --  //;;;;;;;;631.842  //;;;;;;;;;;;;;;;sp;spa;;;Libro;;VC/2878/82 //;http://bdh-rd.bne.es/viewer.vm?id=0000075337&page=1 **;http://bdh-rd.bne.es/text.vm?id=0000075337&first=1&last=16 **
bimo0001609772;Wordsworth, Christopher, Bisbop of Lincoln  //;;;"Babylon or the question examined, ""Is the Church of Rome the Babylon of the Apocalypse""";;by  Christopher Wordsworth;3rd ed.;Rivingtons;;London;1856;XVII, 122 p. , 18 cm ,;Religión. Teología // Biblia //;;;;;;;;;;Iglesia Católica -- Obras de controversia--  // Biblia. -- Crítica e interpretación --  // Babilonia (Ciudad desaparecida) -- Profecías --  //;;;;;;;;228.06  //  282:239  //;;;;;;;;;;;;;;;xx;eng;;;Libro;;U/8254 //;http://bdh-rd.bne.es/viewer.vm?id=0000089713&page=1 **;http://bdh-rd.bne.es/text.vm?id=0000089713&first=1&last=155 **
bimo0001625121;Ramis y Ramis, Antonio  //;;;Fortificaciones antiguas de Menorca;;por Antonio Ramis y Ramis;;[s.n.  Imp. de Pedro Antonio Serra;;[S.l.] , Mahón;1832;60 p. , 22 cm ,;Ciencias aplicadas. Tecnología // Ingeniería. Minería //;;;;;;;;;;Fortificaciones -- Menorca --  //;;;;;;;;623.1(460.32 Menorca)  //;;;;;;;;;;;;;;;sp;spa;;;Libro;;9/205034 //;http://bdh-rd.bne.es/viewer.vm?id=0000069623&page=1 **;http://bdh-rd.bne.es/text.vm?id=0000069623&first=1&last=69 **
bimo0001639851;;"Sociedad ""La Providencia""  //";;"Abono vegetal de la Sociedad ""La Providencia"" cartilla para el agricultor : cuadro analítico del abono vegetal y tabla de aplicación práctica para todos los cultivos, incluso para la jardinería";;;;[s.n.]  Imp. de Fortanet;;[S.l.] , Madrid;1887;29 p. , il. , 21 cm ,;Ciencias aplicadas. Tecnología // Agricultura. Selvicultura. Ganaderia. Caza. Pesca // Ciencias aplicadas. Tecnología // Agricultura //;;;;;;;;;;Fertilizantes orgánicos --  //;;;;;;;;631.86  //;;;;;;;;;;;;;;;sp;spa;;;Libro;;VC/2625/49 //;http://bdh-rd.bne.es/viewer.vm?id=0000075722&page=1 **;http://bdh-rd.bne.es/text.vm?id=0000075722&first=1&last=35 **
bimo0001639886;Abreu, Pedro de (O.F.M.) , fl. 1590-1613  //;;;Historia del saqueo de Cádiz por los ingleses en 1596;;"escrita por Fr. Pedro de Abreu ; publícase con otras relaciones contemporáneas y documentos ilustratorios por acuerdo del excmo. Ayuntamiento";;Ayuntamiento de Cádiz  Imp. de la Revista Médica;;Cádiz;1866;VI, 165 p., [7] h. de lám. pleg. , 24 cm ,;;;"Las láminas son litografías firmadas por: ""J. Corona Copº. y Litº""  //";;;;;;;;Cádiz -- Historia -- 1596 (Expedición inglesa) --  //;;Cádiz, España //;;;;;;"94(460.355 C.)""1596""  //";;;;;;;;;;;;;;;sp;spa;;;Libro;;2/12604 //;http://bdh-rd.bne.es/viewer.vm?id=0000147188&page=1 **;http://bdh-rd.bne.es/text.vm?id=0000147188&first=1&last=252 **
bimo0001639917;Faraudo y Condeminas, Gerónimo  // Carreras y Xuriach, José , 1832-1915  //;Real Academia de Medicina de Barcelona  //;;Acta de la sesión pública inaugural que en 3 de enero de 1860 celebró la Academia de Medicina y Cirugía de Barcelona;;;;Imp., y Librería Politécnica de Tomás Gorchs;;Barceona;1860;62 p., [1] h. , 25 cm ,;Medicina //;Apuntes acerca de la influencia que tiene el espíritu de la época sobre los sentimientos del individuo en su relaciones con la salud / Gerónimo Faraudo y Condeminas. Reseña histórica de los trabajos que han ocupado a la Academia de Medicina y Cirugía de Barcelona en el año 1859 / por el Dr. D. José Carreras y Xuriach// Apuntes acerca de la influencia que tiene el espíritu de la época sobre los sentimientos del individuo en su relaciones con la salud / Gerónimo Faraudo y Condeminas. Reseña histórica de los trabajos que han ocupado a la Academia de Medicina y Cirugía de Barcelona en el año 1859 / por el Dr. D. José Carreras y Xuriach//;;;;;;;;;Real Academia de Medicina de Barcelona --  // Medicina -- Filosofía --  //;;;;;;;;61  //;;;;;;;;;;;;;;;sp;spa;;;Libro;;VC/13293/22 //;http://bdh-rd.bne.es/viewer.vm?id=0000091127&page=1 **;http://bdh-rd.bne.es/text.vm?id=0000091127&first=1&last=65 **
bimo0001639970;;Academia de Jurisprudencia y Legislación de Barcelona  //;;Exposición que la Academia de Legislación y Jurisprudencia de Barcelona ha elevado a las Cortes sobre el proyecto de Ley de minas para que se elimine de ella todo lo relativo a aprovechamientos de aguas;;;;[s.n.]  Imp.de La Renaixensa;;[S.l.] , Barcelona;1880;20 p. , 26 cm ,;Ciencias aplicadas. Tecnología // Ingeniería. Minería. //;;Título tomado de la cubierta  //;;;;;;;;Minas -- Derecho -- España --  //;;;;;;;;622  //;;;;;;;;;;;;;;;sp;spa;;;Libro;;VC/2687/56 //;http://bdh-rd.bne.es/viewer.vm?id=0000049415&page=1 **;http://bdh-rd.bne.es/text.vm?id=0000049415&first=1&last=27 **
bimo0001640137;Acevedo Díaz, Eduardo , 1851-1921  //;;;Soledad (tradición del pago);;Eduardo Acevedo Díaz;;A. Barreiro y Ramos;;Montevideo;1894;178, 22 p. , 20 cm ,;Hispanoamérica // Lingüística. Literatura // Literatura hispanoamericana // Biblioteca de Autores Uruguayos //;;;;;;;;;;;;;;;;;;"(899)  //  821.134.2(899)-31""18""  //  821.134.28  //";;;;;;;;;;;;;;;uy;spa;;;Libro;;HA/5091 //;http://bdh-rd.bne.es/viewer.vm?id=0000123144&page=1 **;http://bdh-rd.bne.es/text.vm?id=0000123144&first=1&last=211 **
bimo0001640346;Bolangero, V. A.  //;;[Fernando IV de Castilla] //;Fernando IV de Castilla o Dos muertes a un tiempo : novela histórica del siglo XIV;Dos muertes a un tiempo  //;original de V. Africa Bolangero;;[s.n.]  Estab. Tip. de José G. Márquez;;[S.l.] , Madrid;1850;250 p., [9] h. de grab. , 22 cm ,;;;;;;;;;;;Fernando -- IV, -- Rey de Castilla -- Novelas --  //;;;;;;;;"929 Fernando (460.18) IV (0:82)  //  821.134.2-31""18""  //";;;;;;;;;;;;;;;sp;spa;;;Libro;;DL/1524380 //;http://bdh-rd.bne.es/viewer.vm?id=0000048332&page=1 **;http://bdh-rd.bne.es/text.vm?id=0000048332&first=1&last=279 **
bimo0001640713;;;;Ahora veremos quien gana, si Yucatán o Santa-Anna;;;;[s.n.]  Imp. de la calle de Regina n. 9;;[S.l.] , [México, D.F.?];entre 1840 y 1850?;[1] h. , 23 cm ,;Lingüística. Literatura // Literatura hispanoamericana //;;Título tomado de la cabecera del texto  //;;;;;;;;;;;;;;;;"(72)  //  821.134.2(72)-14""18""  //";;;;;;;;;;;;;;;mx;spa;;;Libro;;VE/662/254 //;http://bdh-rd.bne.es/viewer.vm?id=0000079651&page=1 **;http://bdh-rd.bne.es/text.vm?id=0000079651&first=1&last=2 **
bimo0001640917;Alarcón y Meléndez, Julio , 1843-1924  // Barrantes, Vicente , 1829-1898  //;;;Sentimientos;;"por Julio Alarcón y Melendez ; con un prólogo de Vicente Barrantes";;[s.n.]  Imp. de R. Labajos;;[S.l.] , Madrid;1865;111 p., [1] h. de lám. , 16 cm ,;Lingüística. Literatura // Literatura española //;;;;;;;;;;;;;;;;;;"821.134.2-14""18""  //";;;;;;;;;;;;;;;sp;spa;;;Libro;;1/20378 //;http://bdh-rd.bne.es/viewer.vm?id=0000086913&page=1 **;http://bdh-rd.bne.es/text.vm?id=0000086913&first=1&last=125 **
bimo0001640998;Alberany, José  //;;;Súlfidos de arsénico su naturaleza y composición;;por José Alerany;;[s.n.]  Imp. de F. Sánchez;;Madrid;1861;31 p. , 21 cm ,;Química //;;;;;;;;;;Arsénico -- Compuestos --  //;;;;;;;;54  //;;;;;;;;;;;;;;;sp;spa;;;Libro;;VE/838/1 //;http://bdh-rd.bne.es/viewer.vm?id=0000046667&page=1 **;http://bdh-rd.bne.es/text.vm?id=0000046667&first=1&last=31 **
bimo0001641103;;;;Álbum para sellos de correos y telégrafos de España y sus posesiones;;;1ª ed.arreglada a los principales catálogos nacionales y extranjeros;Francisco S. Cayuela;;Madrid;1899;80 h , 22 cm ,;Ciencias sociales // Economía // Ciencias aplicadas. Tecnología // Transportes. Correos. Telecomunicaciones //;;;;;;;;;;Álbumes de sellos de correos --  //;;;;;;;;(084)  //  33  //;;;;;;;;;;;;;;;sp;spa;;;Libro;;2/34806 //;http://bdh-rd.bne.es/viewer.vm?id=0000076330&page=1 **;http://bdh-rd.bne.es/text.vm?id=0000076330&first=1&last=171 **
bimo0001641491;Abella, Francisco  //;;;Proyecto de inmigración y colonización libre para fomentar la vida de Cuba;;presentado al Excmo. Sr. Ministro de Ultramar por Francisco Abellá;;[s.n.]  Imp. y Litografía de C. Verdaguer y Cª;;[S.l.] , Barcelona;1875;13 p. , 26 cm ,;Ciencias sociales // Demografía. Sociología. Estadística //;;;;;;;;;;Chinos -- Cuba --  // Cuba -- Inmigración -- S.XIX --  // China -- Emigración -- Historia --  //;;;;;;;;"(729.1)  //  308-054.72(=1.510:729.1)""18""  //  314.742(729.1)""18""  //  314.743(510)""18""  //";;;;;;;;;;;;;;;sp;spa;;;Libro;;BA/3679 //;http://bdh-rd.bne.es/viewer.vm?id=0000086529&page=1 **;http://bdh-rd.bne.es/text.vm?id=0000086529&first=1&last=24 **
bimo0001641655;;Alianza  //;;La Alianza compañía de seguros generales marítimos contra incendios y sobre la vida;;;;[s.n.]  Estab. Literario-tip. de P. Madoz y L. Sagasti;;Madrid;1845;28 p. , 22 cm ,;Ciencias sociales // Beneficencia. Seguros //;;Título tomado de la cubierta  //;;;;;;;;Seguros -- Tarifas -- España --  //;;;;;;;;368.025.1(460)  //;;;;;;;;;;;;;;;sp;spa;;;Libro;;VE/865/17 //;http://bdh-rd.bne.es/viewer.vm?id=0000094642&page=1 **;http://bdh-rd.bne.es/text.vm?id=0000094642&first=1&last=32 **
bimo0001641916;Alonso Martínez, Manuel , 1827-1891  //;;;Cuestión de los trigos : defensa del Excmo. Sr. D. Manuel Alonso Martínez y fallo del Consejo de Estado sobre el contrato de comisión conferido a la razón social Tapia, Bayo y Compañía para la compra de granos en el extranjero y su transporte a la península en 1856 y 1857;;;;[s.n.]  Estab. Tip. de T. Fortanet;;[S.l.] , Madrid;1868;66 p. , 24 cm ,;Ciencias sociales // Derecho. Administración pública //;;;;;;;;;;Tapia, Bayo y Compañía -- Procesos --  // Cereales -- España -- Importación --  // Contratos de comisión mercantil -- España --  // Casación contencioso administrativa -- España --  //;;;;;;;;"34.096 Tapia, Bayo y Compañía  //  633.1:339.562(460)  //  347.762(460)  //  351.941(460)""18""  //";;;;;;;;;;;;;;;sp;spa;;;Libro;;VE/815/50 //;http://bdh-rd.bne.es/viewer.vm?id=0000097679&page=1 **;http://bdh-rd.bne.es/text.vm?id=0000097679&first=1&last=72 **
bimo0001641989;Alonso Valdespino, Camilo  //;;;Abolición de la esclavitud o medios de extinguirla sin perjudicar a los dueños de esclavos, ni lastimar los intereses sociales con las perturbaciones que han ocurrido en otras naciones por las formas hasta el presente practicadas;;por Camilo Alonso Valdespino;;[s.n.]  Imp. y Enc. a cargo de E. Martín;;[S.l.] , Piedrahita;1869;48 p. , 22 cm ,;Ciencias sociales // Política //;;;;;;;;;;Esclavitud --  //;;;;;;;;326.8  //;;;;;;;;;;;;;;;sp;spa;;;Libro;;VC/2802/50 //;http://bdh-rd.bne.es/viewer.vm?id=0000079876&page=1 **;http://bdh-rd.bne.es/text.vm?id=0000079876&first=1&last=52 **
bimo0001642017;Altabás y Mestre, Constantino  //;;;Sistema métrico decimal lecciones explicadas a los caballeros cadetes del Colegio de Infantería;;por ... Constantino Altabás y Mestre;;[s.n.]  Imp. de Fando e Hijo;;[S.l.] , Toledo;1866;39 p. , 26 cm ,;Ciencias aplicadas. Tecnología //;;;;;;;;;;Sistema métrico --  //;;;;;;;;006  //;;;;;;;;;;;;;;;sp;spa;;;Libro;;VE/802/16 //;http://bdh-rd.bne.es/viewer.vm?id=0000092988&page=1 **;http://bdh-rd.bne.es/text.vm?id=0000092988&first=1&last=44 **
bimo0001642517;;;;La amazona republicana nueva habanera donde se manifiesta el ardor patriótico de una joven que sirve de modelo a todas las demás jóvenes españolas;Nuevo tango titulado, Poco pan y muchas ganas;;;[s.n.]  Los Dos Mundos, imp. a cargo de M. Martínez;;[S.l.] , [Madrid];entre 1867 y 1901?;[4] p. , 22 cm ,;Lingüística. Literatura // Literatura española //;Nuevo tango titulado, Poco pan y muchas ganas : el parto de la mujer de Juan Lanas (p. [3-4])// Nuevo tango titulado, Poco pan y muchas ganas : el parto de la mujer de Juan Lanas (p. [3-4])//;;;;;;;;;;;;;;;;;"821.134.2-192""18""  //";;;;;;;;;;;;;;;sp;spa;;;Libro;;VE/502/171 //;http://bdh-rd.bne.es/viewer.vm?id=0000079654&page=1 **;http://bdh-rd.bne.es/text.vm?id=0000079654&first=1&last=4 **
bimo0001642679;;Asociación Taquigráfica (Madrid)  //;;Anales de la Asociación Taquigráfica junio de 1886...;;;;[s.n.]  Imp. de Ulpiano Gómez Pérez;;[S.l.] , Madrid;1886;82 p. , 18 cm ,;Ciencias sociales // Economía // Ciencias aplicadas. Tecnología // Trabajo de oficina //;;;;;;;;;;Taquigrafía --  //;;;;;;;;651.93  //  33  //;;;;;;;;;;;;;;;sp;spa;;;Libro;;VTC/13/16 //;http://bdh-rd.bne.es/viewer.vm?id=0000051407&page=1 **;http://bdh-rd.bne.es/text.vm?id=0000051407&first=1&last=91 **
bimo0001642985;;;;Antecedentes para decidir cuál sea los títulos y posición que deba dárseles a los hijos de los Infantes, nietos y hermanos de reyes;;;;[s.n.]  Imp. de Dubisson y Cia.;;[S.l.] , París;1861;35 p. , 25 cm ,;Geografía. Biografías. Historia // Biografías. Heráldica. Genealogía //;;;;;;;;;;Títulos nobiliarios -- España --  // España -- Reyes y soberanos --  //;;;;;;;;929.731(460)  //;;;;;;;;;;;;;;;fr;spa;;;Libro;;VC/789/44 //;http://bdh-rd.bne.es/viewer.vm?id=0000078519&page=1 **;http://bdh-rd.bne.es/text.vm?id=0000078519&first=1&last=34 **
bimo0001643505;Arbolí y Faraúdo, Servando , 1840-1908  //;;;Discurso que en la velada religiosa artístico-literaria, celebrada el 8 de diciembre de 1879 en el Palacio Arzobispal de Sevilla, pronunció el Ilmo. Sr. Dr. D. Servando Arbolí ...;Discurso del Ilmo. Sr. Dr. D. Servando Arbolí  //;;;Imp. y Lib. de los Sres. Izquierdo y Sob.;;Sevilla;1880;28 p. , 16 cm ,;Religión. Teología // Teología //;;;;;;;;;;Inmaculada Concepción -- Iconografía --  // Inmaculada Concepción -- En la literatura --  //;;;;;;;;232.931(0:7)  //  232.931(0:82)  //  7.046.3:232.931  //  82.09  //;;;;;;;;;;;;;;;sp;spa;;;Libro;;VC/199/24 //;http://bdh-rd.bne.es/viewer.vm?id=0000047462&page=1 **;http://bdh-rd.bne.es/text.vm?id=0000047462&first=1&last=32 **
bimo0001643760;Arias y Arimón, María de la Concepción  // Echegaray, José , 1832-1916  //;;;Memorias sobre los prejuicios que causa la excesiva cantidad de trigo y cebada que nuestros labradores arrojan generalmente a la tierra en la sementera ...;;;;[s.n.]  Imp. de Miguel de Burgos;;[S.l.] , Madrid;1837;44 p. , 22 cm ,;Ciencias aplicadas. Tecnología // Agricultura. Selvicultura. Ganaderia. Caza. Pesca // Ciencias aplicadas. Tecnología // Agricultura //;;Autores (p. [5], [29]): Maria de la Concepción Arias y Arimón y José Echegaray  //;;;;;;;;Cereales -- Cultivo --  //;;;;;;;;633.1  //;;;;;;;;;;;;;;;sp;spa;;;Libro;;VC/799/37 //;http://bdh-rd.bne.es/viewer.vm?id=0000078005&page=1 **;http://bdh-rd.bne.es/text.vm?id=0000078005&first=1&last=48 **
bimo0001643778;Arias y Robles, Andrés  //;;;Necesidad y utilidad de las revoluciones científicas discurso leído en la Universidad de Madrid por D. Andrés Arias y Robles, en el acto de recibir la investidura de doctor en medicina y cirujía;;;;[s.n.]  Imp. que fué de Operarios a cargo de A. Cubas;;[S.l.];1850;16 p. , 18 cm ,;Ciencia General //;;;;;;;;;;Ciencias -- Historia --  //;;;;;;;;0  //;;;;;;;;;;;;;;;sp;spa;;;Libro;;VC/581/44 //;http://bdh-rd.bne.es/viewer.vm?id=0000090083&page=1 **;http://bdh-rd.bne.es/text.vm?id=0000090083&first=1&last=16 **
bimo0001643815;Arístides, Tácito  //;;;Al fausto y muy anhelado natalicio de Su Alteza Real, la Serma. Sra. Doña María Isabel, Princesa de Asturias oda;;por Tácito Arístides;;[s.n.]  Imp. de Alejandro Gómez Fuentenebro;;[S.l.] , Madrid;1852;23 p. , 24 cm ,;Lingüística. Literatura // Literatura española //;;;;;;;;;;Borbón y Borbón, Isabel de, -- Infanta de España -- Poesías --  //;;;;;;;;"821.134.2-14""18""  //  929 Borbón y Borbón, Isabel de, Infanta de España (0:82)  //";;;;;;;;;;;;;;;sp;spa;;;Libro;;VC/2593/19 //;http://bdh-rd.bne.es/viewer.vm?id=0000129999&page=1 **;http://bdh-rd.bne.es/text.vm?id=0000129999&first=1&last=28 **
bimo0001644205;Arriaga, Ponciano , 1811-1865  //;;;Oración fúnebre pronunciada en la alameda de Méjico el 30 de setiembre de 1851;;por el ciudadano Lic. Ponciano Arriaga;;[s.n.]  Imp. por Basilio Pérez Gallardo;;[S.l.] , Méjico;1851;15 p. , 22 cm ,;Independencia Americana // Geografía. Biografías. Historia // Historia de América Latina //;;;;;;;;;;México -- Historia -- 1810-1821 (Guerra de la Independencia) --  //;;;;;;;;"(72)  //  94(72)""1810/21""  //";;;;;;;;;;;;;;;mx;spa;;;Libro;;VC/789/24 //;http://bdh-rd.bne.es/viewer.vm?id=0000119321&page=1 **;http://bdh-rd.bne.es/text.vm?id=0000119321&first=1&last=20 **
bimo0001644367;Azcárate, Casildo , 1835-1896  //;;;Instrucciones para conocer y combatir la serpeta (parásito del naranjo);La serpeta  //;formuladas por Casildo de Ascárate;;Dirección General de Agricultura, Industria y Comercio  Tipolitogr. de L. Péant e Hijos;;Madrid;1895;32 p., [8] h. de lám. (2 pleg.) , il. , 22 cm ,;Ciencias aplicadas. Tecnología // Agricultura. Selvicultura. Ganaderia. Caza. Pesca // Ciencias aplicadas. Tecnología // Agricultura //;;;;;;;;;;Naranjo -- Plagas y enfermedades --  // Cochinillas --  //;;;;;;;;634.31-275.2  //;;;;;;;;;;;;;;;sp;spa;;;Libro;;VC/2654 //;http://bdh-rd.bne.es/viewer.vm?id=0000075723&page=1 **;http://bdh-rd.bne.es/text.vm?id=0000075723&first=1&last=51 **
bimo0001644406;Asensio de Alcántara, Joaquín , 1832-1879  // Mena, Teodoro de  //;;;Calabazas y cabezas retratos al pastel;;embadurnados por Joaquín Asensio de Alcántara y Teodoro de Mena;;Librería de I. López Bernagosi;;Barcelona;1865;80 p. , 21 cm ,;Lingüística. Literatura // Literatura española //;;;;;;;;;;;;;;;;;;"821.134.2-17""18""  //";;;;;;;;;;;;;;;sp;spa;;;Libro;;7/107931 //;http://bdh-rd.bne.es/viewer.vm?id=0000121553&page=1 **;http://bdh-rd.bne.es/text.vm?id=0000121553&first=1&last=87 **
bimo0001644597;Asquerino, Eduardo , 1826-1881  //;;;Ensayos poéticos;;de Eduardo Asquerino;;[s.n.]  Imp. de la Viuda de R. J. Domínguez;;[S.l.] , Madrid;1849;193 p. , 22 cm ,;Lingüística. Literatura // Literatura española //;;;;;;;;;;;;;;;;;;"821.134.2-14""18""  //";;;;;;;;;;;;;;;sp;spa;;;Libro;;1/50368 //;http://bdh-rd.bne.es/viewer.vm?id=0000086662&page=1 **;http://bdh-rd.bne.es/text.vm?id=0000086662&first=1&last=215 **
bimo0001644701;Ateneo de Náucratis  // Yonge, C. D.  //;;[El banquete de los sofistas. Inglés] //;The deipnosophists or Banquet of the learned of Athenaeus with an appendix of poetical fragments rendered into English verse by various authors and a general index;Banquet of the learned  //;literally translated by C. D. Yonge;;Henry G. Bohn  R. Clay, Printer;;London;1854;3 v. (VI, 1252 p.) , 18 cm ,;Lingüística. Literatura // Literatura //;;Índice  //;;;;;;;;;;;;;;;;"821.14'02-83""02""  //";;;;;;;;;;;;;;;xx;eng;grc;eng //;Libro;;U/7175 // U/7176 // U/7177 //;http://bdh-rd.bne.es/viewer.vm?id=0000047074&page=1 ** http://bdh-rd.bne.es/viewer.vm?id=0000047074&page=480 ** http://bdh-rd.bne.es/viewer.vm?id=0000047074&page=875 **;http://bdh-rd.bne.es/text.vm?id=0000047074&first=1&last=479 ** http://bdh-rd.bne.es/text.vm?id=0000047074&first=480&last=874 ** http://bdh-rd.bne.es/text.vm?id=0000047074&first=875&last=1319 **
bimo0001644733;;;;Atrocidades cometidas por el malvado gobierno de Ayutla y su satélite Benito Quintana y otros, en la persona del Sr. administrador general de caminos D. Francisco Carbajal Espinosa;;;;[s.n.];;México;1858;IV, 60 p. , 22 cm ,;Geografía. Biografías. Historia // Biografías. Heráldica. Genealogía //;;;;;;;;;;Carbajal Espinosa, Francisco --  // Quintana, Benito --  // Plan de Ayutla --  // Abuso de poder (Derecho administrativo) -- México --  //;;;;;;;;"(72)  //  35(72).072.22""18""  //  929 Carbajal Espinosa, Francisco  //  929 Quintana, Benito  //  35.072.22(72)""18""  //";;;;;;;;;;;;;;;mx;spa;;;Libro;;VE/1214/8 //;http://bdh-rd.bne.es/viewer.vm?id=0000049187&page=1 **;http://bdh-rd.bne.es/text.vm?id=0000049187&first=1&last=64 **
bimo0001644830;Aulés, Eduardo , 1839-1913  //;;;Cólera vostras : monólech en un acte y en vers;;original de Eduardo Aulés;;"[s.n.]  Estab. Tip. ""Al Timbre Imperial""";;[S.l.];1884;23 p. , 21 cm ,;;;"""Estrenada en lo Teatro Romea la nit del 30 de setembre de 1884""  //";;;;;;;;;;;;;;;;"821.134.1-2  //  821.134.1-27""18""  //";;;;;;;;;;;;;;;sp;cat;;;Libro;;T/9264 //;http://bdh-rd.bne.es/viewer.vm?id=0000130735&page=1 **;http://bdh-rd.bne.es/text.vm?id=0000130735&first=1&last=39 **
bimo0001646369;Navarro, Calixto , 1847-1900  // Morano Serrano, Marcial , 1853-1905  //;;;El 93 jugete cómico-lírico en un acto y en verso;;"original de ...Calixto Navarro y Mediano, y Marcial Morano y Serrano ; música del mtro. Breton ...";;[s.n.]  Imp. de G. Alhambra;;[S.l.] , Madrid;1875;26 p. , 20 cm ,;Lingüística. Literatura // Literatura española // Biblioteca dramática //;;;;;;;;;;;;;;;;;;"821.134.2-22""18""  //";;;;;;;;;;;;;;;sp;spa;;;Libro;;T/7429(7) //;http://bdh-rd.bne.es/viewer.vm?id=0000091130&page=1 **;http://bdh-rd.bne.es/text.vm?id=0000091130&first=1&last=26 **
bimo0001646737;Azcárate, Gumersindo de , 1840-1917  //;;;El poder del Jefe del Estado en Francia, Inglaterra y los Estados Unidos sexta conferencia (20 de enero de 1878);;por Gumersindo de Azcárate;;[s.n.]  Estab. Tip. de J.C. Conde y Compañía;;[S.l.] , Madrid;1877;P. [89]-101 , 23 cm ,;Ciencias sociales // Derecho. Administración pública //;;En la cubierta: Institución Libre de Enseñanza  // Separata de: Revista de España  //;;;;;;;;Jefes de Estado -- Francia --  // Jefes de Estado -- Gran Bretaña --  // Jefes de Estado -- Estados Unidos --  //;;;;;;;;342.511(44)  //  342.511(41)  //  342.511(73)  //;;;;;;;;;;;;;;;sp;spa;;;Libro;;VC/801/36 //;http://bdh-rd.bne.es/viewer.vm?id=0000097670&page=1 **;http://bdh-rd.bne.es/text.vm?id=0000097670&first=1&last=20 **
bimo0001648327;Balaguer, Víctor , 1824-1901  // Núñez de Arce, Gaspar , 1834-1903  //;;[L'ombra de Cèsar. Español] //;La sombra de César;;traducción de la que en verso catalán escribió Víctor Balaguer por Gaspar Núñez de Arce;;[s.n.]  Imp. de P. Domínguez Martínez;;[S.l.] , Madrid;1877;14 p. , 19 cm ,;Lingüística. Literatura // Literatura española //;;Título original: L'ombra de Cèsar  //;;;;;;;;;;;;;;;;"821.134.1-27""18""  //";;;;;;;;;;;;;;;sp;spa;cat;spa //;Libro;;T/26259 //;http://bdh-rd.bne.es/viewer.vm?id=0000094665&page=1 **;http://bdh-rd.bne.es/text.vm?id=0000094665&first=1&last=16 **
bimo0001648366;Balari y Jovany, José , 1844-1904  //;;;Historia de la taquigrafía de los griegos y romanos publicada en la Revista histórica latina;;por José Balari y Jovany;2ª ed.;[s.n.]  Estab.Tip. de la  Revista histórica latina;;[S.l.];1875;32, [7] p. , 25 cm ,;Ciencias sociales // Economía // Ciencias aplicadas. Tecnología // Trabajo de oficina //;;;;;;;;;;Taquigrafía griega --  // Taquigrafía latina --  //;;;;;;;;651.93(091)  //  33  //;;;;;;;;;;;;;;;sp;spa;;;Libro;;VTC3/17 //;http://bdh-rd.bne.es/viewer.vm?id=0000051419&page=1 **;http://bdh-rd.bne.es/text.vm?id=0000051419&first=1&last=57 **
bimo0001649063;Baz, Gustavo Adolfo , 1852-1904  //;;;Algunas ideas sobre la creación de un Instituto Tipográfico;;Gustavo Adolfo Baz;;[s.n.]  Estab. Tip. de los Sucesores de Rivadeneyra;;[S.l.] , Madrid;1882;47 p. , 21 cm ,;Ciencias sociales // Economía // Ciencias aplicadas. Tecnología // Imprenta. Comercio del libro //;;;;;;;;;;Trabajadores de las artes gráficas -- Formación profesional --  //;;;;;;;;655  //  33  //;;;;;;;;;;;;;;;sp;spa;;;Libro;;VC/551/7 //;http://bdh-rd.bne.es/viewer.vm?id=0000051422&page=1 **;http://bdh-rd.bne.es/text.vm?id=0000051422&first=1&last=53 **
bimo0001649257;Baró, Teodoro , 1842-1916  //;;;La aldea de San Lorenzo novela basada en el drama del mismo título;;por Teodoro Baró;;Juan Pérez, ed.;;Barcelona;1893;2 v. (719, 859 p.) , il. col. , 24 cm ,;Lingüística. Literatura // Literatura española //;;;;;;;;;;;;;;;;;;"821.134.2-31""18""  //";;;;;;;;;;;;;;;sp;spa;;;Libro;;2/31233_V.1 // 2/31234_V.2 //;http://bdh-rd.bne.es/viewer.vm?id=0000013680&page=1 ** http://bdh-rd.bne.es/viewer.vm?id=0000013680&page=744 **;http://bdh-rd.bne.es/text.vm?id=0000013680&first=1&last=743 ** http://bdh-rd.bne.es/text.vm?id=0000013680&first=744&last=1632 **
bimo0001649346;Barra, Eduardo de la , 1839-1900  //;;;Tratado de ortografía reformada;;por Eduardo de la Barra;;[s.n.]  Imp. i encuadernación Barcelona;;[S.l.] , Santiago de Chile;1897;146 p. , 18 cm ,;Lingüística. Literatura // Lengua española // Tavera // Hispanoamérica //;;;;;;;;;;Lengua española -- Ortografía --  //;;;;;;;;811.134.2'35  //;;;;;;;;;;;;;;;cl;spa;;;Libro;;HA/10406 //;http://bdh-rd.bne.es/viewer.vm?id=0000093091&page=1 **;http://bdh-rd.bne.es/text.vm?id=0000093091&first=1&last=140 **
bimo0001649395;Barranco y Caro, Mariano , n. 1850  //;;;La Valverde : apropósito cómico en un acto y en prosa : escrito expresamente para la distinguida actriz doña Balbina Valverde;;por Mariano Barranco;;[s.n.]  Estab. Tip. de M.P. Montoya y Compañía;;[S.l.] , Madrid;1887;24 p. , 21 cm ,;Administración lírico-dramática //;;"""Representado con gran éxito en el Teatro Lara, la noche del 15 de febrero de 1887""  //";;;;;;;;;;;;;;;;"821.134.2-2  //  821.134.2-22""18""  //";;;;;;;;;;;;;;;sp;spa;;;Libro;;T/45590 //;http://bdh-rd.bne.es/viewer.vm?id=0000130872&page=1 **;http://bdh-rd.bne.es/text.vm?id=0000130872&first=1&last=26 **
bimo0001649868;;Banco de Fomento y Empresa de Caminos y Canales  //;;Estatutos y reglamento del Banco de Fomento y Empresa de Caminos y Canales;;;;[s.n.]  Imp. de S. Omaña;;[S.l.] , Madrid;1846;12 p. , 22 cm ,;;;;;;;;;;;Banco de Fomento y Empresa de Caminos y Canales -- Estatutos--  //;;;;;;;;336.71(460.27 M.)(060.13)  //;;;;;;;;;;;;;;;sp;spa;;;Libro;;VE/891/34 //;http://bdh-rd.bne.es/viewer.vm?id=0000133055&page=1 **;http://bdh-rd.bne.es/text.vm?id=0000133055&first=1&last=16 **
bimo0001649869;;Banco de Fomento y de Ultramar  //;;Estatutos y reglamento del Banco de Fomento y de Ultramar;;;;[s.n.]  Estab. Tip. de D. Saavedra y Compañía;;[S.l.] , Madrid;1849;24 p. , 22 cm ,;Ciencias sociales // Economía //;;;;;;;;;;Banco de Fomento y de Ultramar -- Estatutos--  //;;;;;;;;336.71(460.27 M.)(060.13)  //;;;;;;;;;;;;;;;sp;spa;;;Libro;;VE/909/20 //;http://bdh-rd.bne.es/viewer.vm?id=0000048909&page=1 **;http://bdh-rd.bne.es/text.vm?id=0000048909&first=1&last=32 **
bimo0001649972;Bernad, Roque  //;;;Instrucción dirigida a los Secretarios de Ayuntamiento para saber la exacta equivalencia de las medidas usuales de Aragón con las del nuevo sistema métrico decimal ...;;por Roque Bernad;;[s.n.]  Imp. de Cristobal Juste y Olona;;[S.l.] , Zaragoza;1857;41 p., [1] h. pleg. , 22 cm ,;Ciencias aplicadas. Tecnología //;;;;;;;;;;Sistema métrico -- Tablas de conversión --  // Pesos y medidas -- Aragón --  //;;;;;;;;006  //;;;;;;;;;;;;;;;sp;spa;;;Libro;;VE/823/26 //;http://bdh-rd.bne.es/viewer.vm?id=0000092990&page=1 **;http://bdh-rd.bne.es/text.vm?id=0000092990&first=1&last=50 **
bimo0001650017;Botija y Fajardo, Antonio  //;;;Programa para un curso de agricultura elemental según se ha explicado en el curso de 1877 a 1878, en el Instituto de San Isidro y arreglado al libro de texto;;publicado por Antonio Botija y Fajardo;;[s.n.]  Imp. Central a cargo de V. Saiz;;[S.l.] , Madrid;1878;8 p. , 20 cm ,;Ciencias aplicadas. Tecnología // Agricultura. Selvicultura. Ganaderia. Caza. Pesca // Ciencias aplicadas. Tecnología // Agricultura //;;;;;;;;;;Agricultura -- Programas de estudio --  //;;;;;;;;631(073)  //;;;;;;;;;;;;;;;sp;spa;;;Libro;;VE/889/2 //;http://bdh-rd.bne.es/viewer.vm?id=0000077980&page=1 **;http://bdh-rd.bne.es/text.vm?id=0000077980&first=1&last=11 **
bimo0001650133;Benete, José  //;;;Observaciones sobre las enfermedades de la boca y medio de evitar la destrucción de la dentadura;;por el profesor dentista José Benete;;[s.n.]  Imp. de A. Vicente;;[S.l.] , Madrid;1860;16 p. , 16 cm ,;Medicina //;;;;;;;;;;Boca -- Enfermedades --  // Dientes -- Cuidado e higiene --  //;;;;;;;;61  //;;;;;;;;;;;;;;;sp;spa;;;Libro;;VC/769/5 //;http://bdh-rd.bne.es/viewer.vm?id=0000088360&page=1 **;http://bdh-rd.bne.es/text.vm?id=0000088360&first=1&last=18 **
bimo0001650170;Benavides, Antonio , 1808-1884  // Molíns, Mariano Roca de Togores, Marqués de , 1812-1889  //;;;Discursos leídos ante la Real Academia Española en la recepción pública del Excmo. Sr. D. Antonio Benavides, el día 24 de noviembre de 1872;;;;[s.n.]  Imp. y Estereotipia de M. Rivadeneyra;;[S.l.] , Madrid;1872;60 p. , 26 cm ,;;;Recoge los discursos de Antonio Benavides y la contestación de Mariano Roca de Togores y Carrasco, Marqués de Molins  //;;;;;;;;Oratoria política -- España -- Historia --  //;;;;;;;;"808.51:32(460)""18""  //";;;;;;;;;;;;;;;sp;spa;;;Libro;;VC/2883/21 //;http://bdh-rd.bne.es/viewer.vm?id=0000133082&page=1 **;http://bdh-rd.bne.es/text.vm?id=0000133082&first=1&last=66 **
bimo0001650204;;Brasil Tesouro Nacional  //;;Balanço provisorio da receita e despeza da Republica dos Estados Unidos do Brasil no exercicio de 1898;;;;[s.n.]  Imprensa Nacional;;[S.l.] , Rio de Janeiro;1900;18 p., [1] h. pleg. , 33 cm ,;Ciencias sociales // Economía //;;Presentado por la Directoria da Contabilidade do Thesouro Federal  //;;;;;;;;Hacienda pública -- Contabilidad -- Brasil --  //;;;;;;;;336.146(81)  //;;;;;;;;;;;;;;;bl;por;;;Libro;;VE/1224/13 //;http://bdh-rd.bne.es/viewer.vm?id=0000079576&page=1 **;http://bdh-rd.bne.es/text.vm?id=0000079576&first=1&last=22 **
bimo0001650240;Baeza González, Tomás , 1816-1891  //;;;Sermón que el día 23 de marzo de 1831, Dominica 3ª de Cuaresma, pronunció en la Real Capilla a presencia de S.M. El Rey y S.A.R. el Sermo. Sr. Infante D. Francisco de Paula Antonio;;el Dr. D. Tomás Baeza González;;[s.n.]  Imp. de Eduardo Baeza;;[S.l.] , Segovia;1851;16 p. , 26 cm ,;Religión. Teología // Cristianismo. Historia eclesiástica //;;;;;;;;;;Iglesia Católica --  // Iglesia y mundo --  //;;;;;;;;261.6  //  282  //;;;;;;;;;;;;;;;sp;spa;;;Libro;;VE/917/49 //;http://bdh-rd.bne.es/viewer.vm?id=0000095285&page=1 **;http://bdh-rd.bne.es/text.vm?id=0000095285&first=1&last=16 **
bimo0001650259;;;;Bonito pasa-calles de la zarzuela titulada de Getafe al paraíso : los adelantos del día y el hambre del pueblo;Nueva y divertida polka de las bonitas canciones tituladas Líos y trapisondas;;;[s.n.]  Imp. de Francisco Hernández;;[S.l.] , Madrid;entre 1891 y 1890?;[4] p. , 23 cm ,;;;Incluye (p. [4]): Nueva y divertida polka de las bonitas canciones tituladas Líos y trapisondas  // Título tomado de la cabecera del texto  //;;;;;;;;;;;;;;;;"821.134.2-1  //  821.134.2-14""18""  //";;;;;;;;;;;;;;;sp;spa;;;Libro;;VE/651/63 //;http://bdh-rd.bne.es/viewer.vm?id=0000130895&page=1 **;http://bdh-rd.bne.es/text.vm?id=0000130895&first=1&last=4 **
bimo0001650309;;Sociedad Minera de la Buena Estrella  //;;Reglamento de la Sociedad Minera La Buena Estrella para la esplotación [sic] y beneficio de la mina de oro y terrenos auríferos, La Predestinada, sita en las inmediaciones de Granada;;;;[s.n.]  Imp. de J. de M. González;;[S.l.] , Madrid;1852;16 p. , 22 cm ,;Ciencias aplicadas. Tecnología // Ingeniería. Minería. //;;;;;;;;;;Sociedad Minera de la Buena Estrella -- Reglamentos--  //;;;;;;;;622  //;;;;;;;;;;;;;;;sp;spa;;;Libro;;VE/820/22 //;http://bdh-rd.bne.es/viewer.vm?id=0000050110&page=1 **;http://bdh-rd.bne.es/text.vm?id=0000050110&first=1&last=18 **
bimo0001650402;Belere, M. G.  //;;;Guía de las familias manual de economía doméstica;;"M.G. Belere ; traducción de M.G. y M.";;"[s.n.]  Imp. de ""La Correspondencia de España""";;[S.l.] , Madrid;1876;196 p. , 20 cm ,;Ciencias aplicadas. Gastronomía // Gastronomía //;;;;;;;;;;Economía doméstica --  //;;;;;;;;641/642  //;;;;;;;;;;;;;;;sp;spa;;;Libro;;1/79030(1) //;http://bdh-rd.bne.es/viewer.vm?id=0000124610&page=1 **;http://bdh-rd.bne.es/text.vm?id=0000124610&first=1&last=202 **
bimo0001650896;Belmar, Francisco , n. 1859  //;;;Ligero estudio sobre la lengua mazateca;;por el licenciado Francisco Belmar;;[s.n.]  Imp. del Comercio;;[S.l.] , Oaxaca;1892;135 p. , 23 cm ,;Hispanoamérica // Lingüística. Literatura // Lingüística y lenguas //;;;;;;;;;;Lengua mazateca -- Gramática --  //;;;;;;;;(72)  //  811.823.61'36  //;;;;;;;;;;;;;;;mx;spa;;;Libro;;HA/12091 //;http://bdh-rd.bne.es/viewer.vm?id=0000090453&page=1 **;http://bdh-rd.bne.es/text.vm?id=0000090453&first=1&last=153 **
bimo0001651001;Borgo, Carlos  //;;;Novena qñg casantusantusan a pusu nang Jesús a picatsana ning P. Carlos Borgo qng Compania nang Jesus bildugne qñg amanung capampañgan ning cataung taung maquilub qñg Dios, lininisde, t, pemutian layun pepalimbag ding PP. Agustinos Calzados qñg mesabinang provincia;;;;[s.n.]  Imp. de M. Pérez;;[S.l.] , Binondo;1876;159 p. , 14 cm ,;Religión. Teología // Teología //;;;;;;;;;;Sagrado Corazón de Jesús -- Novenas --  // Lengua pampanga -- Textos --  //;;;;;;;;(599)  //  243  //  811.621.215.37:801.82  //;;;;;;;;;;;;;;;ph;tgl;;;Libro;;R/33035 //;http://bdh-rd.bne.es/viewer.vm?id=0000090140&page=1 **;http://bdh-rd.bne.es/text.vm?id=0000090140&first=1&last=175 **
bimo0001651030;Blanco Solana, Juan  //;;;España y la República de Mégico;España y la República de México  //;por Juan Blanco Solana;;[s.n.]  Imp. de Bernabé Fernández;;[S.l.] , Madrid;1861;43 p. , 23 cm ,;Hispanoamérica // Ciencias sociales // Política //;;;;;;;;;;España -- Relaciones -- México --  // México -- Relaciones -- España --  //;;;;;;;;327(72:460)  //  327(460:72)  //  (72)  //;;;;;;;;;;;;;;;sp;spa;;;Libro;;VC/742/35 //;http://bdh-rd.bne.es/viewer.vm?id=0000085693&page=1 **;http://bdh-rd.bne.es/text.vm?id=0000085693&first=1&last=52 **
bimo0001651988;Bosch y Miralles, Antonio , 1859-1934  //;;;Concepto higiénico de los mataderos conferencia dada en el Colegio Médico Farmacéutico de Palma de Mallorca el día 18 de mayo de 1900;;por Antonio Bosch y Miralles;;[s.n.]  Tip. de las Hijas de Juan Colomar;;[S.l.] , Palma de Mallorca;1900;40, III p. , 29 cm ,;Ganadería. Veterinaria // Ciencias aplicadas. Tecnología //;;;;;;;;;;Mataderos -- Salubridad --  //;;;;;;;;636  //;;;;;;;;;;;;;;;sp;spa;;;Libro;;VC/2641/19 //;http://bdh-rd.bne.es/viewer.vm?id=0000047341&page=1 **;http://bdh-rd.bne.es/text.vm?id=0000047341&first=1&last=47 **
bimo0001652103;Boutelou, Esteban , 1823-1883  //;;;Apuntes para la historia agrícola española conferencia dada en el Conservatorio de Artes, el domingo 19 de mayo de 1878;;por Esteban Boutelou;;[s.n.]  Imp. de Manuel G. Hernández;;[S.l.] , Madrid;1878;15 p. , 24 cm ,;Ciencias aplicadas. Tecnología // Agricultura. Selvicultura. Ganaderia. Caza. Pesca //;;;;;;;;;;Agricultura -- España -- Historia --  //;;;;;;;;63(460)(091)  //;;;;;;;;;;;;;;;sp;spa;;;Libro;;VC/3495/4 //;http://bdh-rd.bne.es/viewer.vm?id=0000075465&page=1 **;http://bdh-rd.bne.es/text.vm?id=0000075465&first=1&last=17 **
bimo0001652157;Bonilla y Mora, Lauro  //;;;Discurso que en el gran Teatro Nacional y por encargo de la Junta Patriótica pronunció la noche del 15 de septiembre de 1858 Lauro Bonilla y Mora;;;;[s.n.]  Imp. de Andrade y Escalante;;[S.l.] , México;1858;"13 p. , ; 22 cm ,";Hispanoamérica // Filosofía. Psicología // Ética //;;;;;;;;;;Patriotismo -- México --  //;;;;;;;;172.15(72)  //;;;;;;;;;;;;;;;mx;spa;;;Libro;;HA/32458 //;http://bdh-rd.bne.es/viewer.vm?id=0000045890&page=1 **;http://bdh-rd.bne.es/text.vm?id=0000045890&first=1&last=16 **
bimo0001652248;Bosch, Pedro José  //;;;La vida de una muger o Consecuencia del orgullo drama sentimental en cinco actos;La vida de una mujer  // Consecuencia del orgullo  //;de Pedro José Bosch;;[s.n.];;[S.l.] , LimafTip. de Aurelio Alfaro;1859;45 p. , 22 cm ,;Lingüística. Literatura // Literatura hispanoamericana //;;;;;;;;;;;;;;;;;;"(85)  //  821.134.2(85)-2""18""  //";;;;;;;;;;;;;;;pe;spa;;;Libro;;T/3369 //;http://bdh-rd.bne.es/viewer.vm?id=0000095765&page=1 **;http://bdh-rd.bne.es/text.vm?id=0000095765&first=1&last=69 **
bimo0001652354;Bobadilla, Emilio , 1868-1921  //;;;Triquitraques;;críticas por Fray Candil (Emilio Bobadilla);;Librería de Fernando Fé;;Madrid;1892;VII, 240 p. , 19 cm ,;;;;;;;;;;;Literatura -- S.XIX -- Historia y crítica --  //;;;;;;;;"82.09""18""  //  821.134.2-32""18""  //";;;;;;;;;;;;;;;sp;spa;;;Libro;;2/31048 //;http://bdh-rd.bne.es/viewer.vm?id=0000147911&page=1 **;http://bdh-rd.bne.es/text.vm?id=0000147911&first=1&last=267 **
bimo0001665919;Un Español Americano  //;;;Alerta a los cubanos;;por Un Español Americano;;"[s.n.]  Imp. de ""La Patria""";;[S.l.] , Nueva Orleans;1850;20 p. , 24 cm ,;Geografía. Biografías. Historia // Historia de América Latina //;;;;;;;;;;Cuba -- Historia -- 1849-1851 (Insurrección) --  // Cuba -- Relaciones -- Estados Unidos --  // Estados Unidos -- Relaciones -- Cuba --  //;;;;;;;;"(729.1)  //  327(729.1:73)""18""  //  327(73:729.1)""18""  //  94(729.1)""1849/51""  //";;;;;;;;;;;;;;;xx;spa;;;Libro;;R/63624 //;http://bdh-rd.bne.es/viewer.vm?id=0000083632&page=1 **;http://bdh-rd.bne.es/text.vm?id=0000083632&first=1&last=39 **
bimo0001668827;Sardá y Salvany, Félix , 1844-1916  //;;;La más justificada justicia;;[F.S. y S.];;[s.n.]  Tip. Católica;;[S.l.] , Barcelona;1899;16 p. , 12 cm ,;Biblioteca ligera, para uso de todo el mundo / por F.S. y S., 93 //;;;;;;;;;;Dios -- Justicia --  //;;;;;;;;23  //  231.13  //;;;;;;;;;;;;;;;sp;spa;;;Libro;;12/65556 //;http://bdh-rd.bne.es/viewer.vm?id=0000133651&page=1 **;http://bdh-rd.bne.es/text.vm?id=0000133651&first=1&last=20 **
bimo0001668841;Sardá y Salvany, Félix , 1844-1916  //;;;Principio y fundamento;;;;[s.n.]  Tip. Católica;;[S.l.] , Barcelona;1899;16 p. , 12 cm ,;Biblioteca ligera para uso de todo el mundo / por F.S. y S., 43 //;;;;;;;;;;Dios -- Adoración y amor --  //;;;;;;;;24  //  241.611  //;;;;;;;;;;;;;;;sp;spa;;;Libro;;12/65527 //;http://bdh-rd.bne.es/viewer.vm?id=0000133623&page=1 **;http://bdh-rd.bne.es/text.vm?id=0000133623&first=1&last=20 **
bimo0001702872;Milá y Fontanals, Manuel , 1818-1884  //;;;Compendio del arte poética;;por el licenciado M. Milá y Fontanals;;[s.n]  Imp. de J.M. de Grau;;[S.l.] , Barcelona;1844;137 p. , 18 cm ,;Lingüística. Literatura // Literatura //;;;;;;;;;;Poética --  //;;;;;;;;808.1:82-1  //;;;;;;;;;;;;;;;sp;spa;;;Libro;;9/214302 //;http://bdh-rd.bne.es/viewer.vm?id=0000092294&page=1 **;http://bdh-rd.bne.es/text.vm?id=0000092294&first=1&last=173 **
bimo0001709620;Ablanedo, Juan B.  //;;;La cuestión de Cuba;;por Juan B. Ablanedo;;[s.n.]  Estab. Tip. de La Andalucía;;[S.l.] , Sevilla;1897;65 p. , 22 cm ,;Hispanoamérica // Geografía. Biografías. Historia // Historia de América Latina //;;;;;;;;;;Cuba -- Historia -- 1895-1898 (Guerra de la Independencia) --  //;;;;;;;;"(729.1)  //  94(729.1)""1895/98""  //";;;;;;;;;;;;;;;sp;spa;;;Libro;;HA/32331 //;http://bdh-rd.bne.es/viewer.vm?id=0000091759&page=1 **;http://bdh-rd.bne.es/text.vm?id=0000091759&first=1&last=74 **
bimo0001710912;Amieva, José  //;;;Una deuda de gratitud drama en dos actos y en verso;;por José Amieva;;El Iris;;Habana;1867;61 p. , 21 cm ,;Hispanoamérica // Lingüística. Literatura // Literatura hispanoamericana //;;;;;;;;;;;;;;;;;;"821.134.2(729.1)-23""18""  //  821.134.28  //";;;;;;;;;;;;;;;cu;spa;;;Libro;;HA/10692 //;http://bdh-rd.bne.es/viewer.vm?id=0000075024&page=1 **;http://bdh-rd.bne.es/text.vm?id=0000075024&first=1&last=73 **
bimo0001711421;Araújo, Orestes , 1850-1915  //;;;Geográfia económica del Uruguay;;Orestes Araujo;;A. Monteverde y Cía.;;Montevideo;1910;XI, 216 p. , 21 cm ,;Ciencias sociales // Economía //;;;;;;;;;;Uruguay -- Geografía económica --  //;;;;;;;;(899)  //  913(899):338  //;;;;;;;;;;;;;;;uy;spa;;;Libro;;HA/2667 //;http://bdh-rd.bne.es/viewer.vm?id=0000121501&page=1 **;http://bdh-rd.bne.es/text.vm?id=0000121501&first=1&last=243 **
bimo0001711425;Araújo, Orestes , 1850-1915  // Figueira, José H.  //;;;Perfiles biográficos trazados para la niñez;;"por Orestes Araújo ; con un preámbulo de José H. Figueira ; y un juicio crítico del Prof. José A. Fortela";4ª ed.;Dornaleche y Reyes;;Montevideo;1908;270 p. , il. , 18 cm ,;Geografía. Biografías. Historia // Biografías. Heráldica. Genealogía //;;;;;;;;;;Uruguayos -- Biografías -- Libros escolares --  //;;;;;;;;"(899)  //  929(899)""15/18""(07)  //";;;;;;;;;;;;;;;uy;spa;;;Libro;;HA/6278 //;http://bdh-rd.bne.es/viewer.vm?id=0000122513&page=1 **;http://bdh-rd.bne.es/text.vm?id=0000122513&first=1&last=279 **
bimo0001712379;Barón Fortacín, M.  //;;;La abolición de la esclavitud;;por M. Barón Fortacín;;[s.n.]  Imp. de J. M. Pérez;;[S.l.] , Madrid;1879;52 p. , 21 cm ,;Hispanoamérica // Ciencias sociales // Política //;;Precede al título: Cuestión de Cuba  //;;;;;;;;Esclavitud -- Cuba --  //;;;;;;;;326.8(729.1)  //;;;;;;;;;;;;;;;sp;spa;;;Libro;;HA/26511 //;http://bdh-rd.bne.es/viewer.vm?id=0000076936&page=1 **;http://bdh-rd.bne.es/text.vm?id=0000076936&first=1&last=60 **
bimo0001712695;Barros, Felipe Neri de  //;;;Sermón predicado por el Dr.D. Felipe Neri de Barros, presbítero del oratorio de San Felipe Neri, el 19 de diciembre de 1852 en la solemne función que el muy ilustre Colegio de Abogados hace anualmente a su patrona María Santísima de Guadalupe en la Iglesia de San Francisco de México;;;;[s.n.]  Imp. de La Voz de la Religión, de Francisco Pomar y Compañía;;[S.l.] , México;1853;19 p. , 27 cm ,;Hispanoamérica // Religión. Teología // Teología //;;;;;;;;;;Virgen de Guadalupe -- Sermones --  //;;;;;;;;(72)  //  27-312.47 Virgen de Guadalupe  //  27-312.47-287  //  248.159:252  //  21  //;;;;;;;;;;;;;;;mx;spa;;;Libro;;HA/26793 //;http://bdh-rd.bne.es/viewer.vm?id=0000074570&page=1 **;http://bdh-rd.bne.es/text.vm?id=0000074570&first=1&last=20 **
bimo0001728181;;Exposición Internacional de Chile , 1875  //;;La República Oriental del Uruguay en la Exposición de Chile, año de 1875;;;;"[s.n.]  Imp. de ""La Estrella de Chile""";;[S.l.] , Santiado de Chile;1876;66 p. , 22 cm ,;Hispanoamérica // Geografía. Biografías. Historia // Geografía // Ciencia y cultura en general // Instituciones científicas. Exposiciones. Museos //;;;;;;;;;;Exposición Internacional de Chile --  // Uruguay -- Descripción --  //;;;;;;;;"908(899)  //  061.41(835.41 S.)""1875""  //";;;;;;;;;;;;;;;cl;spa;;;Libro;;HA/26471 //;http://bdh-rd.bne.es/viewer.vm?id=0000076935&page=1 **;http://bdh-rd.bne.es/text.vm?id=0000076935&first=1&last=72 **
bimo0001728353;Bigotte, Félix E.  //;;;Colón y su descubrimiento: el Nuevo Mundo o la Gran Colombia obra escrita para el certamen literario que tuvo lugar en Madrid el año 1892, para celebrar el 4º centenario de Colón;;por Félix E. Bigotte (Akâra);;[s.n.]  Tip. J. M. Herrera Irigoyen & Cª;;[S.l.] , Caracas;1904 - 1905;3 v. , il. col. y n. , 28 cm ,;Geografía. Biografías. Historia // Exploraciones. Viajes //;;;;;;;;;;Colón, Cristóbal --  // América -- Descubrimientos y exploraciones -- Españoles --  //;;;;;;;;"910.4(7/8)""14""  //  929 Colón, Cristóbal  //";;;;;;;;;;;;;;;ve;spa;;;Libro;;HA/1985 // HA/1986 // HA/1987 //;http://bdh-rd.bne.es/viewer.vm?id=0000008255&page=1 ** http://bdh-rd.bne.es/viewer.vm?id=0000008255&page=280 ** http://bdh-rd.bne.es/viewer.vm?id=0000008255&page=569 **;http://bdh-rd.bne.es/text.vm?id=0000008255&first=1&last=279 ** http://bdh-rd.bne.es/text.vm?id=0000008255&first=280&last=568 ** http://bdh-rd.bne.es/text.vm?id=0000008255&first=569&last=891 **
bimo0001729742;Cabrera, Raimundo , 1852-1923  // Carnegie, Andrew , 1835-1919  //;;;Los Estados Unidos;;"reducción de la obra ""Triumphant Democracy"" de Mr. Andrew Carnegie con notas, aplicaciones y comentarios";3ª ed.;Ricardo Veloso;;Habana;1922;249 p. , 19 cm ,;Geografía. Biografías. Historia // Historia de distintos países // Obras completas del Dr. Raimundo Cabrera, v. 2 //;;;;;;;;;;Estados Unidos -- Historia -- S.XIX --  //;;;;;;;;"94(73)""18""  //";;;;;;;;;;;;;;;cu;spa;;;Libro;;HA/76757 //;http://bdh-rd.bne.es/viewer.vm?id=0000096068&page=1 **;http://bdh-rd.bne.es/text.vm?id=0000096068&first=1&last=265 **
bimo0001729746;Cabrera, Raimundo , 1852-1923  //;;;Sacando hilas;;Raimundo Cabrera;;Librería Cervantes de Ricardo Veloso;;Habana;1922;228 p. , 19 cm ,;Lingüística. Literatura // Literatura hispanoamericana // Obras completas de Raimundo Cabrera, v 4 //;;Obra inédita  //;;;;;;;;;;;;;;;;"(729.1)  //  821.134.2(729.1)-36""18""  //";;;;;;;;;;;;;;;cu;spa;;;Libro;;HA/76759 //;http://bdh-rd.bne.es/viewer.vm?id=0000095975&page=1 **;http://bdh-rd.bne.es/text.vm?id=0000095975&first=1&last=243 **
bimo0001730571;Caravia, Antonio T. , 1809-1873  //;;;El ingerto y la poda cuarta parte del curso de agricultura, precedido de unas breves nociones sobre la estructura de los árboles con láminas;El injerto y la poda  //;por Antonio T. Caravia;2ª ed. aum.;[s.n.]  Imp. de la Casa Central de Comisiones;;[S.l.] , Montevideo;1865;90 p., [2] h. pleg. de lám. , 18 cm ,;Ciencias aplicadas. Tecnología // Agricultura //;;;;;;;;;;Injertos --  // Poda --  //;;;;;;;;631.541  //  631.542  //;;;;;;;;;;;;;;;uy;spa;;;Libro;;HA/454 //;http://bdh-rd.bne.es/viewer.vm?id=0000047030&page=1 **;http://bdh-rd.bne.es/text.vm?id=0000047030&first=1&last=123 **
bimo0001731308;Casas, Bartolomé de las , 1474-1566  //;;;Derecho público;;escrito por Bartolomé de las Casas, con el retrato del autor y epítome de su vida;;[s.n.]  Imp. de Ramón Verges;;[S.l.] , Madrid;1843;XVII , 104 p. , 16 cm ,;Hispanoamérica // Ciencias sociales // Derecho. Administración pública //;;;;;;;;;;Derecho público -- Obras anteriores a 1800 --  //;;;;;;;;"342""15""  //";;;;;;;;;;;;;;;sp;spa;;;Libro;;HA/9062_ //;http://bdh-rd.bne.es/viewer.vm?id=0000085584&page=1 **;http://bdh-rd.bne.es/text.vm?id=0000085584&first=1&last=135 **
bimo0001731721;Castro, Manuel Antonio  //;;;Prontuario de práctica forense;;por el doctor D. Manuel Antonio Castro ...;;[s.n.]  Imp. de la Independencia;;[S.l.] , Buenos Aires;1834;[5], 264 p. , 22 cm ,;Hispanoamérica // Ciencias sociales // Derecho. Administración pública //;;;;;;;;;;Derecho procesal -- Argentina --  //;;;;;;;;347.9(82)  //;;;;;;;;;;;;;;;ag;spa;;;Libro;;HA/709 //;http://bdh-rd.bne.es/viewer.vm?id=0000049060&page=1 **;http://bdh-rd.bne.es/text.vm?id=0000049060&first=1&last=289 **
bimo0001732223;;;;[Circulares de la Sub-Inspección de Infantería, Caballería, Guardia Civil y Carabineros del Ejército de Filipinas];;;;[s.n.];;[Manila];1877;152, 7, 9 p. , 22 cm ,;Hispanoamérica // Ciencias sociales // Derecho. Administración pública //;;;;;;;;;;España -- Historia-- Fuentes--  // Filipinas -- Historia militar -- Fuentes --  //;;;;;;;;"355.311.8(599)""18""(093)  //  355.48(599)""18""(093)  //  34  //";;;;;;;;;;;;;;;ph;spa;;;Libro;;HA/8209 //;http://bdh-rd.bne.es/viewer.vm?id=0000126062&page=1 **;http://bdh-rd.bne.es/text.vm?id=0000126062&first=1&last=175 **
bimo0001732240;Cisneros, Luis Benjamín , 1837-1904  //;;;De libres alas poesías completas;;Luis Benjamín Cisneros;1ª y póstuma ed.;E. Rosay;;Lima;1912;214 p. , 1 retr. , 20 cm ,;Lingüística. Literatura // Literatura hispanoamericana //;;;;;;;;;;;;;;;;;;"(85)  //  821.134.2(85)-14""18""  //";;;;;;;;;;;;;;;pe;spa;;;Libro;;HA/19109 //;http://bdh-rd.bne.es/viewer.vm?id=0000052284&page=1 **;http://bdh-rd.bne.es/text.vm?id=0000052284&first=1&last=225 **
bimo0001732407;;México  //;[Constitución, 1847] //;Código fundamental de los Estados-Unidos Mexicanos;;;;[s.n.]  Imp. de Torres;;[S.l.] , México;1847;92 p., [3] h. , 19 cm ,;Hispanoamérica // Ciencias sociales // Derecho. Administración pública //;;;;;;;;;;;;;;;;;;"342.4(72)""1847""(094.5)  //";;;;;;;;;;;;;;;mx;spa;;;Libro;;HA/32536 //;http://bdh-rd.bne.es/viewer.vm?id=0000124695&page=1 **;http://bdh-rd.bne.es/text.vm?id=0000124695&first=1&last=96 **
bimo0001732796;Coll y Toste, Cayetano , 1850-1930  //;;;Historia de la instrucción pública en Puerto Rico hasta el año 1898;;por Cayetano Coll y Toste;;[s.n.]  Imp. Boletín Mercantil;;[S.l.] , San Juan, Puerto Rico;1910;206 p. , 1 retr. , 24 cm ,;Ciencias sociales // Educación. Enseñanza //;;;;;;;;;;Enseñanza -- Puerto Rico -- Historia --  //;;;;;;;;(729.5)  //  37(729.5)(091)  //;;;;;;;;;;;;;;;pr;spa;;;Libro;;HA/4204 //;http://bdh-rd.bne.es/viewer.vm?id=0000122945&page=1 **;http://bdh-rd.bne.es/text.vm?id=0000122945&first=1&last=221 **
bimo0001733163;;Congreso Internacional de Americanistas 5º , 1883 Copenhague  //;;Congres International des Américanistes compte-rendu dela cinquième session, Copenhague 1883;;;;[s.n.]  Impr. de Thiele;;[S.l.] , Copenhague;1884;VII, 436 p., V h. de lám. (algunas pleg.) , 24 cm ,;Hispanoamérica // Geografía. Biografías. Historia // Historia de América Latina //;;;;;;;;;;Indios de América -- Congresos y asambleas --  // América -- Civilización -- Congresos y asambleas --  //;;;;;;;;930.85(7/8)(063)  //  930.85(=81/=87)(063)  //;;;;;;;;;;;;;;;dk;fre;;fre // eng // ger // spa //;Libro;;HA/15370 //;http://bdh-rd.bne.es/viewer.vm?id=0000091628&page=1 **;http://bdh-rd.bne.es/text.vm?id=0000091628&first=1&last=471 **
bimo0001733370;;Buenos Aires (Provincia)  //;[Constitución, 1873] //;Constitución de la provincia de Buenos Aires;;;Ed. oficial;[s.n.]  Imp. Americana;;[S.l.] , Buenos Aires;1873;84 p. , 26 cm ,;Hispanoamérica // Ciencias sociales // Derecho. Administración pública //;;;;;;;;;;;;;;;;;;"342.4(821.2)""1873""(094.5)  //  (82)  //";;;;;;;;;;;;;;;ag;spa;;;Libro;;HA/8765 //;http://bdh-rd.bne.es/viewer.vm?id=0000085235&page=1 **;http://bdh-rd.bne.es/text.vm?id=0000085235&first=1&last=97 **
bimo0001733707;Corral, J. J. del  //;;;Esposición acerca de los perjuicios que ha causado al erario de la República y a su administración el agiotaje sobre sus fondos, y los medios de remediar aquellos males;Exposición acerca de los perjuicios que ha causado al erario de la República y a su administración el agiotaje sobre sus fondos, y los medios de remediar aquellos males  //;dedícalas al público el c. Juan José del Corral;;[s.n.]  Imp. del Águila;;[S.l.] , México;1834;44 p. , 21 cm ,;Hispanoamérica // Ciencias sociales // Derecho. Administración pública //;;;;;;;;;;Malversación de fondos públicos -- México --  //;;;;;;;;343.351(72)  //;;;;;;;;;;;;;;;mx;spa;;;Libro;;HA/32543 //;http://bdh-rd.bne.es/viewer.vm?id=0000045886&page=1 **;http://bdh-rd.bne.es/text.vm?id=0000045886&first=1&last=50 **
bimo0001734892;;;;Chile;;;;"[s.n.]  Empresa ""Zig-Zag""";;[S.l.] , Santiago de Chile;1915;302 p. , il. , 26 cm ,;Geografía. Biografías. Historia // Geografía //;;Índice  //;;;;;;;;Chile -- Descripción --  //;;;;;;;;(83)  //  908(83)  //;;;;;;;;;;;;;;;cl;spa;;;Libro;;HA/30852 //;http://bdh-rd.bne.es/viewer.vm?id=0000119592&page=1 **;http://bdh-rd.bne.es/text.vm?id=0000119592&first=1&last=310 **
bimo0001734894;Orrego Cortés, Augusto  //;;;Chile descripción física, política, social, industrial y comercial de la República de Chile, ilustrada con numerosos grabados y mapas;;colaboración de los señores Augusto Orrego Cortés, Luís Orrego Ruco, Carlos Silva Vildósola, Ricardo Montaner Bello y Juan Tornero;;Carlos Tornero;;Santiago de Chile;1903;312 p., [6] h. pleg de mapa , il. , 37 cm. ,;Geografía. Biografías. Historia // Geografía //;;;;;;;;;;Chile -- Descripción --  //;;;;;;;;(83)  //  908(83)  //;;;;;;;;;;;;;;;cl;spa;;;Libro;;HA/22991 //;http://bdh-rd.bne.es/viewer.vm?id=0000052442&page=1 **;http://bdh-rd.bne.es/text.vm?id=0000052442&first=1&last=337 **
bimo0001735628;;;;Diálogo entre Martín y Juan Diego;;;;[s.n.]  Tip. de V. Segura Argüelles;;[S.l.] , México;1855;13 p. , 19 cm ,;Hispanoamérica // Geografía. Biografías. Historia // Historia de distintos países //;;;;;;;;;;México -- Historia -- 1821-1861 --  //;;;;;;;;"94(72)""18""  //";;;;;;;;;;;;;;;mx;spa;;;Libro;;HA/32549 //;http://bdh-rd.bne.es/viewer.vm?id=0000045888&page=1 **;http://bdh-rd.bne.es/text.vm?id=0000045888&first=1&last=16 **
bimo0001735892;Díaz Covarrubias, Juan  //;;;Impresiones y sentimientos escenas y costumbres mexicanas;;miscelánea alfabética por Juan Díaz Covarrubias;;[s.n.]  Imp. de Vicente García Torres;;[S.l.] , México;1857;378 p. , 18 cm ,;Hispanoamérica // Ciencias sociales // Etnología. Folclore //;;;;;;;;;;México -- Usos y costumbres --  //;;;;;;;;"(72)  //  39(72)""18""  //";;;;;;;;;;;;;;;mx;spa;;;Libro;;HA/461 //;http://bdh-rd.bne.es/viewer.vm?id=0000047024&page=1 **;http://bdh-rd.bne.es/text.vm?id=0000047024&first=1&last=387 **
bimo0001736726;Duarte Level, Lino  //;;;Historia patria;;L. Duarte Level;;[s.n.]  Tip. Americana;;[S.l.] , Caracas;1911;478 p. , 23 cm ,;Geografía. Biografías. Historia // Historia de América Latina //;;;;;;;;;;Venezuela -- Historia --  //;;;;;;;;(87)  //  94(87)  //;;;;;;;;;;;;;;;ve;spa;;;Libro;;HA/69923 //;http://bdh-rd.bne.es/viewer.vm?id=0000083809&page=1 **;http://bdh-rd.bne.es/text.vm?id=0000083809&first=1&last=491 **
bimo0001738883;Erserguer, Enrique V.  //;;;El Mesías (del amor desventurado) : novela;;Enrique V. Erserguer;;Maximino García;;Montevideo;1918;159 p. , 20 cm ,;Lingüística. Literatura // Literatura hispanoamericana //;;;;;;;;;;;;;;;;;;"(899)  //  821.134.2(899)-31""19""  //";;;;;;;;;;;;;;;uy;spa;;;Libro;;HA/6148 //;http://bdh-rd.bne.es/viewer.vm?id=0000083412&page=1 **;http://bdh-rd.bne.es/text.vm?id=0000083412&first=1&last=171 **
bimo0001740176;Fernández Corredor, F.  //;;;Apuntes para la historia del buchu de Embil, o sea l'elexir della richezza;;;;"Imp. y Librería ""El Iris""";;Habana;1866;28 p. , 23 cm ,;Hispanoamérica // Ciencias sociales // Economía //;;;;;;;;;;Cuba -- Situación económica -- S.XIX --  //;;;;;;;;"(729.1)  //  338.1(729.1)""18""  //";;;;;;;;;;;;;;;cu;spa;;;Libro;;HA/35166 //;http://bdh-rd.bne.es/viewer.vm?id=0000046075&page=1 **;http://bdh-rd.bne.es/text.vm?id=0000046075&first=1&last=28 **
bimo0001740354;Ferraro, Diego José  //;;;"Extracto de las principales materias de que trata la memoria inédita intitulada ""Las fuerzas en la naturaleza"" o Leyes del equilibrio y movimiento universal";Leys del equilibrio o movimiento universal  //;;;[s.n.];;[México?];1889;28 p. , 23 cm ,;Hispanoamérica // Ciencias puras. Ciencias naturales //;;Autor (p. 28): Diego José Ferraro  //;;;;;;;;Pseudociencia --  //;;;;;;;;001.98  //  5  //;;;;;;;;;;;;;;;mx;spa;;;Libro;;HA/9583 //;http://bdh-rd.bne.es/viewer.vm?id=0000126060&page=1 **;http://bdh-rd.bne.es/text.vm?id=0000126060&first=1&last=35 **
