idBNE;Autor Personas;Autor Entidades;Título uniforme;Título;Otros Títulos;Información asociada al título;Edición;Editorial;Editor musical;Lugar de publicación;Fecha de publicación;Descripción física;Serie;Contenido;Descripción y notas;Citas o referencias;transcripciones de interés;Procedencia;Intérpretes;Resumen;Premios;Periodicidad;Tema;Género/Forma;Lugar relacionado;Forma de la composición sonora;Forma de la composición notada;tipo material cartográfico;Proyección del mapa;Escala del mapa;CDU;Otra clasificación;id registros relacionados;información asociada a registros relacionados;id otras ediciones;información asociada a otras ediciones;id título anterior;información asociada a título anterior;id título posterior;información asociada a título posterior;ISBN;ISSN;Depósito Legal;Otros Números Normalizados;Número Bibliografía Nacional;País de publicación;Lengua de publicación;Lengua original;otras lenguas;Tipo de documento;Condiciones de uso;signatura;version_digital;texto_OCR
a5062773;Plomer, Jaime  // Gomila, Antoni (C.O.) , s.XVIII  // Cánaves, Mateo  // Guasp, Viuda de -imp.  // Capò, Pedro Antonio -imp.  //;;;Lucidissima funeral pompa, en que con devota emulacion competieron en funebres expressiones el ... Ayuntamiento de la ciudad de Palma ..., el ... Monasterio de las Madres Augustinas de la Purissima Concepcion, y el ... Convento de Na. Señora del Socorro de Padres Augustinos ... en los dias 20, 21, y 23 de febrero de 1736, en que se renovó la memoria de la ... sor Catharina de Santo Thomás de Villanueva ...;Sermon funebre historico, en las honras ... a la V.M. sor Catharina de Santo Thomas de Villanueva  // Holocausto de la mystica hija de Jephte soror Catharina de S. Thomas de Villa-Nueva  // Oracion funebre panegyrica historica, el remedio espiritual de la esposa de Salomon, la Ven. madre sor Cathalina de S. Thomas de Villa-Nueva;;;en casa de la Viuda Guasp ...;;Impresso en Mallorca;1737;XXVIII, 60, 8, 64, 12, [2], 90 [i.e. 88] p. , 4º ,;;Sermon funebre historico, en las honras ... a la V.M. sor Catharina de Santo Thomas de Villanueva ... / Fr. Iayme Plomer ... (p. XV-XXVIII). Holocausto de la mystica hija de Jephte soror Catharina de S. Thomas de Villa-Nueva / predicado por el R.P. Antonio Gomila ... (8, 64 p.). Oracion funebre panegyrica historica, el remedio espiritual de la esposa de Salomon, la Ven. madre sor Cathalina de S. Thomas de Villa-Nueva ... / dixola ... Fr. Matheo Canevas ... (p. 12, [2], 90 [i.e 88])// Sermon funebre historico, en las honras ... a la V.M. sor Catharina de Santo Thomas de Villanueva ... / Fr. Iayme Plomer ... (p. XV-XXVIII). Holocausto de la mystica hija de Jephte soror Catharina de S. Thomas de Villa-Nueva / predicado por el R.P. Antonio Gomila ... (8, 64 p.). Oracion funebre panegyrica historica, el remedio espiritual de la esposa de Salomon, la Ven. madre sor Cathalina de S. Thomas de Villa-Nueva ... / dixola ... Fr. Matheo Canevas ... (p. 12, [2], 90 [i.e 88])//;Pie de imprenta de los sermones de Gomila y Canaves: En Palma : por Pedro Anton. Capò, impressor, 1737  // Los sermones con portada propia  // Sign.: [ ]⁴, *⁴, **², ***⁴, A-G⁴, H², [ ]⁴, A-H⁴, [¶]-¶¶², ¶¶¶²⁺¹, A-L⁴  // Portadas con orla tipográfica  // Error de paginación en la última secuencia: pasa de p. 80 a p.83  // Texto con apostillas marginales  // Iniciales grabadas  // Grabado xilográfico en el verso de portada, escudo heráldico de la ciudad de Palma de Mallorca  //;Aguilar Piñal. Bib. S.XVIII v. 4, 1748 (Gomila, Antonio)  // Palau 143430  //;;;;;;;Catalina de Santo Tomás de Villanueva -- (O.S.A) --  //;Sermones fúnebres --  //;Palma de Mallorca, España //;;;;;;24  //;;;;;;;;;;;;;;;sp;spa;;;Libro;;3/65474 //;http://bdh-rd.bne.es/viewer.vm?id=0000101410&page=1 **;http://bdh-rd.bne.es/text.vm?id=0000101410&first=1&last=137 **
bimo0001011144;;;;Ideas generales sobre el cultivo de la caña de azúcar en el Estado de Morelos de los Estados Unidos Mexicanos;;;;[s.n.]  Oficina Tip. de la Secretaría de Fomento;;[S.l.] , México;1885;34 p., [2] h. pleg. , il. , 23 cm ,;Hispanoamérica // Ciencias aplicadas. Tecnología // Agricultura //;;;;;;;;;;Caña de azúcar -- Cultivo --  //;;;;;;;;633.61  //  (72)  //  633.61(724.9)  //  631  //;;;;;;;;;;;;;;;mx;spa;;;Libro;;HA/14092 //;http://bdh-rd.bne.es/viewer.vm?id=0000124032&page=1 **;http://bdh-rd.bne.es/text.vm?id=0000124032&first=1&last=52 **
bimo0001293429;Pérez, Ezequiel  // Garibay, Francisco  //;;;"Contestación al opúsculo que publicó el Sr. Rafael Mallén, con motivo de la crítica a sus ""Elementos de topografía, drenaje y riegos""";;por Ezequiel Pérez y Francisco Garibay;;[s.n.]  Oficina Tip. de la Secretaría de Fomento;;[S.l.] , México;1891;35 p. , 23 cm ,;Ciencias puras. Ciencias naturales // Astronomía. Astrofísica. Geodesia //;;;;;;;;;;Topografía --  //;;;;;;;;528.4  //;;;;;;;;;;;;;;;mx;spa;;;Libro;;HA/14114 //;http://bdh-rd.bne.es/viewer.vm?id=0000101850&page=1 **;http://bdh-rd.bne.es/text.vm?id=0000101850&first=1&last=40 **
bimo0001710538;Almirall, Valentí , 1841-1904  // C. G.  //;;[L'Espagne telle qu'elle est. Español] //;España tal cual es;;"por Valentín Almirall ; traducida del francés por C.G.";;"[s.n.]  Imp. ""El Retiro""";;[S.l.] , Habana;1889;69 p. , 23 cm ,;;;Título original: L'Espagne telle qu'elle est  //;;;;;;;;España -- Descripción --  // España -- Historia -- 1874-1885 (Alfonso XII) --  //;;;;;;;;"91(460)  //  913(460)""18""  //  94(460)""1874/85""  //";;;;;;;;;;;;;;;cu;spa;fre;spa //;Libro;;HA/14253 //;http://bdh-rd.bne.es/viewer.vm?id=0000048112&page=1 **;http://bdh-rd.bne.es/text.vm?id=0000048112&first=1&last=73 **
bimo0001733328;Un accionista  //;;;"Consideraciones sobre el proyecto de una sociedad anónima con el título ""Fomento Pecuario de Sancti Spiritus""";;por Un Accionista;;"[s.n.]  Imp. del ""Avisador Comercial""";;[S.l.] , Habana;1881;16 p. , 23 cm ,;Hispanoamérica // Ciencias aplicadas. Tecnología // Ganaderia. Veterinaria //;;;;;;;;;;Fomento Pecuario de Sancti Spiritus --  //;;;;;;;;636:061.5(729.1 Sancti Spiritus)  //  (729.1)  //;;;;;;;;;;;;;;;cu;spa;;;Libro;;HA/14139 //;http://bdh-rd.bne.es/viewer.vm?id=0000123767&page=1 **;http://bdh-rd.bne.es/text.vm?id=0000123767&first=1&last=20 **
bimo0001736406;;;;Documentos oficiales relativos a la celebración del tratado de paz de 9 de marzo de 1853 entre el Gobierno de la provincia de Buenos Aires y el Director provisorio de las trece provincias reunidas en congreso en Santa Fe;;;;[s.n.]  Imp. del Estado;;[S.l.] , Buenos Aires;1853;22 p. , 22 cm ,;Hispanoamérica // Geografía. Biografías. Historia // Historia de distintos países //;;;;;;;;;;Argentina -- Historia -- 1817-1860 -- Fuentes --  // Buenos Aires (Argentina, Provincia) -- Historia -- Fuentes --  //;;;;;;;;"94(821.2)(093)  //  94(82)""1817-1860""(093)  //";;;;;;;;;;;;;;;ag;spa;;;Libro;;HA/14646 //;http://bdh-rd.bne.es/viewer.vm?id=0000115022&page=1 **;http://bdh-rd.bne.es/text.vm?id=0000115022&first=1&last=28 **
bimo0001264909;Ortiz Urruela, José Antonio , 1822-1877  //;;;Esposicion dirigida al presidente del Cuerpo Legislativo de la República de Guatemala, para demostrar la nulidad de la elección de diputado hecha en el Departamento de Totonicapam por haber recaido en el subdito español Lcd. D. José Antonio Ortiz Urruela;Exposición dirigida al presidente del Cuerpo Legislativo de la República de Guatemala, para demostrar la nulidad de la elección de diputado hecha en el Departamento de Totonicapam por haber recaído en el súbdito español Lcd. D. José Antonio Ortiz Urruela  //;;;[s.n.]  Imp. de la Revista Médica;;[S.l.] , Cádiz;1857;15 p. , 20 cm ,;Hispanoamérica // Ciencias sociales // Derecho. Administración pública //;;;;;;;;;;Parlamentarios -- Guatemala --  // Nacionalidad -- Guatemala --  //;;;;;;;;342.534(728.1)  //;;;;;;;;;;;;;;;sp;spa;;;Libro;;HA/14500 //;http://bdh-rd.bne.es/viewer.vm?id=0000114983&page=1 **;http://bdh-rd.bne.es/text.vm?id=0000114983&first=1&last=16 **
bimo0001279489;Frías, Francisco de, Conde de Pozos-Dulces , 1809-1877  //;;;La cuestión del trabajo agrícola y de la población en la isla de Cuba;;ténica y practicamente examinada por el Conde de Pozos-Dulces;;[s.n.]  Imp. Tip. de Jorge Kugelmann;;[S.l.] , París;1860;VI, 72 p. , 23 cm ,;Ciencias aplicadas. Tecnología // Agricultura. Silvicultura. Ganadería. Caza. Pesca // Tavera // Hispanoamérica //;;;;;;;;;;Trabajadores agrícolas -- Cuba --  // Cuba -- Inmigración --  //;;;;;;;;63:331(729.1)  //  314.742(729.1)  //  63(729.1)  //;;;;;;;;;;;;;;;fr;spa;;;Libro;;HA/14471 //;http://bdh-rd.bne.es/viewer.vm?id=0000093096&page=1 **;http://bdh-rd.bne.es/text.vm?id=0000093096&first=1&last=79 **
bimo0001470744;Suzarte, José Quintín  //;;;Estudios sobre la cuestión económica de la isla de Cuba;;por José Quintín Suzarte;;Miguel de Villa;;Habana;1881;68 p. , 22 cm ,;Hispanoamérica // Ciencias sociales // Economía //;;;;;;;;;;Industria azucarera -- Cuba --  // Cuba -- Comercio exterior --  //;;;;;;;;338.45(729.1)):664.1  //  339.5(729.1)  //;;;;;;;;;;;;;;;cu;spa;;;Libro;;HA/14571 //;http://bdh-rd.bne.es/viewer.vm?id=0000114939&page=1 **;http://bdh-rd.bne.es/text.vm?id=0000114939&first=1&last=72 **
bimo0001580332;Virtet d'Aoust, M.  //;;;Observations sur le systéme des montagnes d'Anahuac ou de l'Amerique centrale, sur la grande chaine volcanique guatémalienne, sur le volcans de l'Amérique du Nord, sur l'origene des volcans;;par M. Virtet d'Aoust;;Société de Géographie;;Paris;1877;36 p. , 23 cm ,;Hispanoamérica // Geografía. Biografías. Historia // Geografía //;;Separata de: Bulletin de la Sociéte de Géographie, mars 1877  //;;;;;;;;Montañas -- América central --  //;;;;;;;;(728)  //  913(237.17)  //;;;;;;;;;;;;;;;fr;fre;;;Libro;;HA/14392 //;http://bdh-rd.bne.es/viewer.vm?id=0000102275&page=1 **;http://bdh-rd.bne.es/text.vm?id=0000102275&first=1&last=40 **
bimo0001712226;Avezac, Armand d' , 1800-1875  //;;;Sur un globe terrestre trouvé a Laon, antérieur a la découverte de L'Amérique note lue à la Societé de Géographie dans la séance publique du 21 décembre 1860;;par M. Armand d'Avezac;;Imp. de L. Martinet;;París;1861;29 p., [1] h. pleg. de mapa , 23 cm ,;Hispanoamérica // Geografía. Biografías. Historia // Geografía //;;;;;;;;;;Globos terráqueos --  // Geografía medieval --  //;;;;;;;;"912.643  //  913(100)""04/14""  //";;;;;;;;;;;;;;;fr;fre;;;Libro;;HA/14003 //;http://bdh-rd.bne.es/viewer.vm?id=0000091671&page=1 **;http://bdh-rd.bne.es/text.vm?id=0000091671&first=1&last=38 **
bimo0001733356;;Gran Oriente del Uruguay  //;;Constitución masónica para las oficinas del Círculo del Gran Oriente de la República Oriental del Uruguay;;;;[s.n.]  Tip. de H. F. Fabreguettes, La Minerva;;Montevideo;1882;43 p. , 22 cm ,;Hispanoamérica // Ciencia y cultura en general // Instituciones científicas. Exposiciones. Museos //;;;;;;;;;;Masonería -- Uruguay --  //;;;;;;;;061.236.6(899)  //;;;;;;;;;;;;;;;uy;spa;;;Libro;;HA/14353 //;http://bdh-rd.bne.es/viewer.vm?id=0000114898&page=1 **;http://bdh-rd.bne.es/text.vm?id=0000114898&first=1&last=48 **
bimo0001734717;Charencey, Hyacinthe de , 1832-1916  //;;;Recherches sur la famille de langues américaines pirinda-othomi;;;;[s.n.]  Imp. Beau jeune;;[S.l.] , Versailles;1867;10 p. , 22 cm ,;Hispanoamérica // Lingüística. Literatura // Lingüística y lenguas //;;Título tomado de la cabecera  // Autor (p. 10): H. de Charencey  //;;;;;;;;Lenguas otomíes --  //;;;;;;;;811.823.5  //;;;;;;;;;;;;;;;fr;fre;;;Libro;;HA/14525 //;http://bdh-rd.bne.es/viewer.vm?id=0000101937&page=1 **;http://bdh-rd.bne.es/text.vm?id=0000101937&first=1&last=16 **
bimo0001197946;Montalvo, Juan , 1832-1890  //;;;Catilinarias undécima;;por Juan Montalvo;;[s.n.];;Panamá;1881;32, 2 p. , 22 cm ,;Hispanoamérica // Lingüística. Literatura // Literatura hispanoamericana //;;;;;;;;;;;;;;;;;;"(866)  //  821.134.2(866)-92""18""  //  821.134.28  //";;;;;;;;;;;;;;;pn;spa;;;Libro;;HA/14535 //;http://bdh-rd.bne.es/viewer.vm?id=0000114943&page=1 **;http://bdh-rd.bne.es/text.vm?id=0000114943&first=1&last=40 **
bimo0001732107;Cia, Policarpo  //;;;Observaciones geológicas de una gran parte de la isla de Cuba;;por el ingeniero de minas Don Policarpo Cia;;[s.n.]  Imp. de la Viuda de Antonio Yenes;;[S.l.] , Madrid;1854;47 p. , 23 cm ,;Geología //;;;;;;;;;;Geología -- Cuba --  //;;;;;;;;55(729.1)  //;;;;;;;;;;;;;;;sp;spa;;;Libro;;HA/14358 //;http://bdh-rd.bne.es/viewer.vm?id=0000054546&page=1 **;http://bdh-rd.bne.es/text.vm?id=0000054546&first=1&last=47 **
bimo0001739352;;Banco de Depósitos y Descuentos de Valparaíso  //;;Estatutos del Banco de Depósitos y Descuentos de Valparaíso;Estatutos del Banco de Valparaíso  //;aprobados por el Supremo Gobierno y con los privilejios concedidos por la Lei de 25 de junio de 1855;;Imp. y Librería del Mercurio, de Santos Tornero y Comapñía [i.e. Compañía];;Valparaíso;1856;34 p. , 22 cm ,;Ciencias sociales // Economía //;;;;;;;;;;Banco de Depósitos y Descuentos de Valparaíso -- Estatutos--  //;;;;;;;;336.71(835.22 V.)(060.13)  //  (835)  //;;;;;;;;;;;;;;;mx;spa;;;Libro;;HA/14506 //;http://bdh-rd.bne.es/viewer.vm?id=0000102812&page=1 **;http://bdh-rd.bne.es/text.vm?id=0000102812&first=1&last=36 **
bimo0001119480;Lucero Cabrera, Matías  //;;;Breve historia de la vida del glorioso defensor de la iglesia San Sebastián Mártir, patrón de la parroquia de Borbón del distrito de Cebú y novena del mismo Santo en lengua visaya;;por el presbítero Matías Lucero Cabrera;;[s.n.]  Imp. del Colegio de Sto. Tomás;;[S.l.] , Manila;1893;47 p. , 16 cm ,;Religión. Teología // Teología //;;;;;;;;;;Sebastián, -- Santo --  // Sebastián, -- Santo -- Novenas --  // Matías, -- Santo -- Novenas --  // Lengua cebuana -- Textos --  //;;;;;;;;(599)  //  243  //  811.621.215.352.1:801.82  //  929 Sebastián, Santo  //;;;;;;;;;;;;;;;ph;phi;;;Libro;;R/33234/7 //;http://bdh-rd.bne.es/viewer.vm?id=0000074216&page=1 **;http://bdh-rd.bne.es/text.vm?id=0000074216&first=1&last=52 **
bimo0001646202;Franck, Adolphe , 1809-1893  // Gil Maestre, Manuel , 1845-1912  //;;[Philosophie du droit pénal. Español] //;Filosofía del derecho penal;;"por Ad. Franck ... ; traducción, discurso preliminar y notas de Manuel Gil Maestre";;Imp. de Sebastián Cerezo, ed.;;Salamanca;1878;CXVI, 332 p. , 19 cm ,;Biblioteca salmantina : filosofía, historia, ciencias físicas y sociales, literatura, 6 //;;Título original: Philosophie du droit pénal  //;;;;;;;;Derecho penal -- Filosofía --  //;;;;;;;;343.2.01  //;;;;;;;;;;;;;;;sp;spa;fre;spa //;Libro;;12/831189_ //;http://bdh-rd.bne.es/viewer.vm?id=0000147385&page=1 **;http://bdh-rd.bne.es/text.vm?id=0000147385&first=1&last=473 **
bima0000057622;José de San Juan  // Sanz, Francisco , fl. 1671-1710 -imp.  //;;;Vida prodigiosa, y milagros estupendos de S. Augustin Gazotho de Dalmacia, Obispo de Zagrabia, y Luzeria ...;;compuesta por el P. Fray Joseph de San Joan, maestro de novicios del convento de Santo Thomàs de Madrid;;por Francisco Sanz, impressor ...;;En Madrid;1704;[17], 177 [i.e. 179] h. , 4º ,;;;Sign.: ¶¶⁸, ¶¶¶⁴, A-I⁸, J⁸, K-Y⁸  // Error de foliación: repite las h. 135 y 138  // Texto con apostillas marginales  // Portada con orla tipográfica  //;;;;;;;;Agustín Gazotti, -- Beato -- Biografías --  //;;Madrid, España //;;;;;;929  //;;;;;;;;;;;;;;;sp;spa;;;Libro;;R/37390 //;http://bdh-rd.bne.es/viewer.vm?id=0000098542&page=1 **;http://bdh-rd.bne.es/text.vm?id=0000098542&first=1&last=399 **
bimo0001037667;Isern y Sacristán, Agustín  //;;;Discurso leído por el Iltmo. Sr. presidente de sala e interino de la Real Audiencia de Cebú, D. Agustín Isern y Sacristán, en el acto solemne de apertura de tribunales verificada el 2 de Enero de 1889;;;;[s.n.]  Estab. Tip. El Boletín de Cebú;;[S.l.] , Cebú;1889;20 p., [1] h. pleg. , 21 cm ,;Hispanoamérica // Ciencias sociales // Derecho. Administración pública //;;;;;;;;;;;;;;;;;;347.97/.99(599)  //;;;;;;;;;;;;;;;ph;spa;;;Libro;;HA/14601 //;http://bdh-rd.bne.es/viewer.vm?id=0000114958&page=1 **;http://bdh-rd.bne.es/text.vm?id=0000114958&first=1&last=27 **
bimo0001172619;;Compañía de Tranvías de Filipinas  //;;Memoria y estatutos;;Compañia de los Tranvias de Filipinas;;[s.n.]  Imp. Fortanet;;[S.l.] , Madrid;1885;54 p. , 22 cm ,;Hispanoamérica // Ciencias aplicadas. Tecnología // Transportes. Correos. Telecomunicaciones //;;;;;;;;;;Compañía de Tranvías de Filipinas -- Memorias--  // Compañía de Tranvías de Filipinas -- Estatutos--  //;;;;;;;;656.34:061.5(460.27 M.).055.5  //  656.34:061.5(460.27 M)(060.13)  //  (599)  //  654  //;;;;;;;;;;;;;;;sp;spa;;;Libro;;HA/14491 //;http://bdh-rd.bne.es/viewer.vm?id=0000120346&page=1 **;http://bdh-rd.bne.es/text.vm?id=0000120346&first=1&last=62 **
bimo0001735738;;;;Derrotero de las Islas Marianas formado según la exploración verificada por el comandante de las corbetas francesas l'Uranie y la Physigienne en 1819, y otras noticias inéditas;;;;Dirección de Hidrografía;;Madrid;1863;27 p. , 22 cm ,;Hispanoamérica // Geografía. Biografías. Historia // Exploraciones. Viajes //;;;;;;;;;;Derroteros -- Marianas (Islas) --  //;;;;;;;;912(966.3):656.618  //;;;;;;;;;;;;;;;sp;spa;;;Libro;;HA/14487 //;http://bdh-rd.bne.es/viewer.vm?id=0000114971&page=1 **;http://bdh-rd.bne.es/text.vm?id=0000114971&first=1&last=31 **
bima0000013271;Marcoleta, Domingo de  //;Imprenta del Mercurio -imp.  //;;Representacion que hace al Rey nuesro Señor ... D. Domingo de Marcoleta ... Apoderado de la ciudad de Buenos-Ayres, en que expone en nombre de la misma Ciudad y su Comun los graves perjuicios que ocasiona à la Real Hacienda, y à aquellas Provincias, el comercio ilicito, que practìcan en ellas los estrangeros y propone todo lo que puede ser conducente à sugerir materia que dè idèa para un nuevo systèma ...;;;;en la Imprenta del Mercurio, calle de las Infantas;;En Madrid;1750;14 h. , Fol. ,;;;Precede al título: Cristus  // Sign.: A-G²  // Portada con orla tipográfica  // Inicial grabada  //;Aguilar Piñal. Bib. S.XVIII v. 5, n. 2708  //;;;;;;;Comercio -- Buenos Aires (Argentina) -- Historia --  //;;Madrid, España //;;;;;;339  //;;;;;;;;;;;;;;;sp;spa;;;Libro;;VE/1398/26 //;http://bdh-rd.bne.es/viewer.vm?id=0000059388&page=1 **;http://bdh-rd.bne.es/text.vm?id=0000059388&first=1&last=38 **
bimo0001043837;Ibáñez, Adolfo  //;;;La diplomacia chileno-arjentina una contestación;La diplomacia chileno-argentina  //;por Adolfo Ybáñez;;"[s.n.]  Imp. de ""Los Tiempos""";;[S.l.] , Santiago;1879;54 p. , 23 cm ,;Hispanoamérica // Ciencias sociales // Política //;;;;;;;;;;Chile -- Relaciones -- Argentina --  // Argentina -- Relaciones -- Chile --  //;;;;;;;;327(82:83)  //  327(83:82)  //  (82)  //  (83)  //;;;;;;;;;;;;;;;cl;spa;;;Libro;;HA/14080 //;http://bdh-rd.bne.es/viewer.vm?id=0000120199&page=1 **;http://bdh-rd.bne.es/text.vm?id=0000120199&first=1&last=58 **
bimo0001174588;Méndez Casariego, Alberto  //;;;La criminalidad de la ciudad de Buenos Aires en 1887 contravenciones, suicidios y accidentes;;por Alberto Méndez Casariego;;[s.n.]  Imp. Departamento a Policia de la Capital;;[S.l.] , Buenos Aires;1888;66 p., 2 h. , 24 cm ,;Ciencias sociales // Derecho. Administración pública //;;Precede al título: Anexo I. Memoria del Departametno de Policia de la capital  //;;;;;;;;Delincuencia -- Buenos Aires (Argentina) --  //;;;;;;;;343.9(821.1 B.A.)  //  (82)  //;;;;;;;;;;;;;;;ag;spa;;;Libro;;VC/2691/56 //;http://bdh-rd.bne.es/viewer.vm?id=0000117738&page=1 **;http://bdh-rd.bne.es/text.vm?id=0000117738&first=1&last=76 **
bimo0001354552;;;;Contribución directa rejistro de los contribuyentes de la ciudad de Buenos Aires, año 1870;;;Publ. oficial;[s.n.]  Imp. Argentina de El Nacional;;[S.l.] , Buenos Aires;1870;321 p. , 25 cm ,;Hispanoamérica // Ciencias sociales // Economía //;;;;;;;;;;Impuestos directos -- Buenos Aires (Argentina) --  //;;;;;;;;336.146(821.1 B.A.)  //  (82)  //;;;;;;;;;;;;;;;ag;spa;;;Libro;;HA/646 //;http://bdh-rd.bne.es/viewer.vm?id=0000111469&page=1 **;http://bdh-rd.bne.es/text.vm?id=0000111469&first=1&last=333 **
bimo0001645572;;Buenos Aires Municipalidad  //;;Actas de las sesiones de la Municipalidad de la ciudad de Buenos Aires en 1877;;;;[s.n.]  Imp. de El Nacional;;[S.l.] , Buenos Aires;1878;255 p. , 24 cm ,;Hispanoamérica // Ciencias sociales // Derecho. Administración pública //;;;;;;;;;;Buenos Aires (Argentina) -- Política y gobierno --  //;;;;;;;;32(821.1)  //  352(821.1 B.A.)  //  34  //;;;;;;;;;;;;;;;ag;spa;;;Libro;;HA/9878 //;http://bdh-rd.bne.es/viewer.vm?id=0000126053&page=1 **;http://bdh-rd.bne.es/text.vm?id=0000126053&first=1&last=267 **
bimo0001736491;;;;Documents officiels relatifs a la mediation pacifique de la Republique du Paraguay dans le différend existant entre les Gouvernements de la Confédération Argentine et de Buenos Ayres;;;;[s.n.]  Imp. Simon Raçon et Cº;;[S.l.] , Paris;1860;259 p. , 22 cm ,;Hispanoamérica // Geografía. Biografías. Historia // Historia de América Latina //;;;;;;;;;;Paraguay -- Relaciones -- Argentina -- Fuentes --  // Argentina -- Relaciones -- Paraguay -- Fuentes --  // Argentina -- Historia -- 1817-1860 -- Fuentes --  // Buenos Aires (Argentina) -- Historia -- Fuentes --  //;;;;;;;;"(82)  //  (892)  //  327(82:892)""18""(093)  //  327(892:82)""18""(093)  //  94(82)""1817/60""(063)  //  94(821.1 B.A.)""18""(093)  //";;;;;;;;;;;;;;;fr;fre;;;Libro;;HA/702 //;http://bdh-rd.bne.es/viewer.vm?id=0000043249&page=1 **;http://bdh-rd.bne.es/text.vm?id=0000043249&first=1&last=271 **
bimo0000885895;Fregeiro, Clemente L. , 1853-1933  //;;;"La historia documental y crítica examen de la ""Historia del puerto de Buenos Aires"", por D. Eduardo Madero";;por C.L. Fregeiro...;;Publicaciones del Museo;;La Plata;1893;92 p., [7] h. pleg. de mapa , 27 cm ,;Geografía. Biografías. Historia // Historia de América Latina //;;;;;;;;;;Madero, Eduardo --  // Argentina -- Historia -- 1516-1591 (Descubrimiento y conquista) --  // Buenos Aires (Argentina) -- Historia -- S.XVI --  //;;;;;;;;"(82)  //  930 Madero, Eduardo  //  94(82)""1516/91""  //  94(821.1 B.A.)""15""  //";;;;;;;;;;;;;;;ag;spa;;;Libro;;1/88618 //;http://bdh-rd.bne.es/viewer.vm?id=0000088399&page=1 **;http://bdh-rd.bne.es/text.vm?id=0000088399&first=1&last=121 **
bimo0001651025;Blanch, Celestino  //;;;El cabotaje y la Cámara de Comercio de la Habana;;Celestino Blanch;;[s.n.];;[S.l.] , HabanafImp. calle de O. Reilly nº 9;1889;16 p. , 23 cm ,;Hispanoamérica // Ciencias sociales // Economía //;;;;;;;;;;Cámara Oficial de Comercio, Industria y Navegación de La Habana --  // Aranceles de aduanas -- Estados Unidos --  // Aranceles de aduanas -- Cuba --  // Cuba -- Comercio exterior -- Estados Unidos --  // Estados Unidos -- Comercio exterior -- Cuba --  //;;;;;;;;339.543.3(73)  //  339.543.3(729.1)  //;;;;;;;;;;;;;;;cu;spa;;;Libro;;HA/14008 //;http://bdh-rd.bne.es/viewer.vm?id=0000120879&page=1 **;http://bdh-rd.bne.es/text.vm?id=0000120879&first=1&last=20 **
bimo0001731834;Jofré, Tomás  //;;;Causas instruidas en Buenos Aires durante los siglos XVII y XVIII;;con introducción del Dr. Tomás Jofré;;Facultad de Derecho y Ciencias Sociales;;Buenos Aires;1913;LIX, 375 p. , 25 cm ,;Ciencias sociales // Derecho. Administración pública // Estudios editados por la Facultad de Derecho y Ciencias Sociales de la Universidad de Buenos Aires, 2 //;;;;;;;;;;Administración de justicia penal -- Buenos Aires (Argentina) -- Historia -- Fuentes --  //;;;;;;;;"343.17(821.1 B.A.)""16/17""(094.8)  //  (82)  //";;;;;;;;;;;;;;;ag;spa;;;Libro;;HA/76600 //;http://bdh-rd.bne.es/viewer.vm?id=0000083571&page=1 **;http://bdh-rd.bne.es/text.vm?id=0000083571&first=1&last=449 **
bimo0001743700;García, Juan Agustín , 1862-1923  //;;;La ciudad indiana (Buenos Aires desde 1600 hasta mediados del siglo XVIII);;Juan Agustín García, hijo;;Angel Estrada y Cía;;Buenos Aires;1900;375 p. , 22 cm ,;Hispanoamérica // Geografía. Biografías. Historia // Historia de América Latina //;;;;;;;;;;Buenos Aires (Argentina) -- Historia -- S.XVII --  // Buenos Aires (Argentina) -- Historia -- S.XVIII --  // Argentina -- Historia -- 1591-1810 (Época colonial) --  //;;;;;;;;"(82)  //  94(82)""1591/1810""  //  94(821.1 B.A.)""16/17""  //";;;;;;;;;;;;;;;ag;spa;;;Libro;;HA/6611 //;http://bdh-rd.bne.es/viewer.vm?id=0000097428&page=1 **;http://bdh-rd.bne.es/text.vm?id=0000097428&first=1&last=387 **
bima0000042255;Ferau de Cassañas, Esteban  // Balbás, Alonso -imp.  //;;;Defensorio historico, canonico-legal que juridicamente hace notorio pertenecer a los Reyes de España el cuidado, defensa, coleccion, y administracion de los espolios, y rentas vacantes de las prelacìas, difuntos los prelados, y la succession à las iglesias, y à los nuevamente electos, con la obligacion de expenderlos entre los pobres, segun disposiciones canonicas, y dictamen de los Santos Padres ...;;su autor el Licenciado Don Estevan Ferau de Cassañas ...;;en la Imprenta de Alonso Balvàs  se hallarà en casa de Don Pedro Ortiz de Zarate, mercader de la Calle Mayor ...;;En Madrid;1737;[24], 255 p., [1] en bl. , 4º ,;;;Sign.: ¶-¶¶¶⁴, A-Z⁴, Aa-Ii⁴  // Escudo heráldico calcográfico de la dedicataria, en h. ¶₂  //;Aguilar Piñal. Bib. S.XVIII v. 3, n. 2435  //;;;;;;;Patronato eclesiástico -- España -- Historia --  // España -- Historia eclesiástica --  //;;Madrid, España //;;;;;;26  //;;;;;;;;;;;;;;;sp;spa;;;Libro;;2/25838 //;http://bdh-rd.bne.es/viewer.vm?id=0000115454&page=1 **;http://bdh-rd.bne.es/text.vm?id=0000115454&first=1&last=144 **
bimo0000656164;;;;"Censura teatral piezas principales del juicio seguido contra la Municipalidad de Buenos Aires, con motivo de la prohibición de la caricatura dramática titulada ""El sombrero de Don Adolfo""";;;;"[s.n.]  Imp. de ""La Nación""";;[S.l.] , Buenos Aires;1876;VI, 112 p. , 25 cm ,;Hispanoamérica // Ciencias sociales // Derecho. Administración pública //;;"""Anexo de la Memoria Municipal de 1875""  //";;;;;;;;Teatro -- Censura -- Buenos Aires (Argentina) -- Historia -- Fuentes --  //;;;;;;;;351.758.1(821.1 B.A.)(093)  //  (82)  //  34  //;;;;;;;;;;;;;;;ag;spa;;;Libro;;HA/18161 //;http://bdh-rd.bne.es/viewer.vm?id=0000101145&page=1 **;http://bdh-rd.bne.es/text.vm?id=0000101145&first=1&last=133 **
bimo0001356185;;Buenos Aires Municipalidad  //;;Reglamentos y ordenanzas del municipio de la ciudad de Buenos Aires publicación oficial año de 1872;;;;[s.n.]  Imp. del Siglo;;[S.l.] , Buenos Aires;1872;128 p. , 23 cm ,;Hispanoamérica // Ciencias sociales // Derecho. Administración pública //;;;;;;;;;;Ordenanzas municipales -- Buenos Aires (Argentina) --  //;;;;;;;;352(821.1 B.A.).077.6  //  (82)  //  34  //;;;;;;;;;;;;;;;ag;spa;;;Libro;;HA/663 //;http://bdh-rd.bne.es/viewer.vm?id=0000074710&page=1 **;http://bdh-rd.bne.es/text.vm?id=0000074710&first=1&last=143 **
bimo0002335978;Barahona de Soto, Luis , 1548-1595  //;;;Diálogos de la montería manuscrito inédito de la Real Academia de la Historia;;"por Luis Barahona de Soto ; publícalo la Sociedad de Bibliófilos Españoles";;Sociedad de Bibliófilos Españoles;;Madrid;1890;XII, 486 p. , 19 cm ,;Caza y Pesca //;;Autor: Barahona de Soto, Luis (Palau)  //;;;;;;;;Caza --  //;;;;;;;;799  //;;;;;;;;;;;;;;;sp;spa;;;Libro;;RI/215<32> //;http://bdh-rd.bne.es/viewer.vm?id=0000090589&page=1 **;http://bdh-rd.bne.es/text.vm?id=0000090589&first=1&last=513 **
bimo0001651615;Burmeister, Carlos  //;;;El Campo del Cielo (Territorio del Chaco) extracto de su informe presentado;;por el naturalista viajero  Carlos Burmeister;;[s.n.]  Imp., Lit. y Enc. de J. Peuser;;[S.l.] , Buenos Aires;1899;40 p., [21] h. de lám. , 26 cm ,;Geografía. Biografías. Historia // Geografía //;;Precede al título: Ministerio de Agricultura de la República Argentina. Dirección de Agricultura y Ganadería  //;;;;;;;;Chaco (Argentina) -- Descripción --  // Santiago del Estero (Argentina, Provincia) -- Descripción --  //;;;;;;;;(82)  //  908(821.8)  //  908(826.2)  //;;;;;;;;;;;;;;;ag;spa;;;Libro;;VC/8/1 //;http://bdh-rd.bne.es/viewer.vm?id=0000116442&page=1 **;http://bdh-rd.bne.es/text.vm?id=0000116442&first=1&last=92 **
bimo0001868752;Ripoll, Cayetano R.  //;;;La agricultura y la ganadería en la provincia de Entre-Ríos, según el censo levantado en Enero de 1890 por la Oficina General de Estadística de la Provincia;;obra publicada bajo la dirección de Cayetano R. Ripoll;;"[s.n.]  Tip. lit. y enc. ""La Opinión""";;[S.l.] , Paraná;1890;28, [220] p. , 28 cm ,;Hispanoamérica // Ciencias aplicadas. Tecnología // Agricultura. Selvicultura. Ganaderia. Caza. Pesca //;;;;;;;;;;Agricultura -- Entre Ríos (Argentina) --  //;;;;;;;;338.43(822.1):63  //  (82)  //;;;;;;;;;;;;;;;ag;spa;;;Libro;;HA/11684 //;http://bdh-rd.bne.es/viewer.vm?id=0000114074&page=1 **;http://bdh-rd.bne.es/text.vm?id=0000114074&first=1&last=249 **
a4720181;Bentham, Jeremy , 1748-1832  // Un español constitucional  //;;;Carta que el célebre jurisconsulto y hábil publicista Jeremías Bentham dirigió a los españoles en el año de 1822, sobre la reforma proyectada en nuestra Constitución para establecer una Cámara alta . Precedida de un artículo en que se demuestran sus graves inconvenientes;;por un Eepañol constitucional;;[s.n.]  imp. por Campe;;[S.l.] , Cádiz;1837;20 p. , 21 cm ,;;;;;;;;;;;Reforma constitucional -- España --  // Cámaras altas (Parlamentos) -- España --  //;;;;;;;;342.531(460)  //;;;;;;;;;;;;;;;sp;spa;eng;spa //;Libro;;VC/745/5 //;http://bdh-rd.bne.es/viewer.vm?id=0000117331&page=1 **;http://bdh-rd.bne.es/text.vm?id=0000117331&first=1&last=30 **
bima0000048846;Gómez, Vicente , m. 1638  // Blas y Quesada, Florencio José -imp.  //;;;Bien formados ecos de la mejor gloria de David, Acorde Cythara que le aviva á un superior las voces de su heroicidad: musico concierto de frelados, y virtuosa harmonia de arzobispos oracion funebre panegyrica, que se predicó en ... Iglesia de Sevilla dia 19 de Mayo de 1741, en las honras del excelentissimo Señor D. Luis de Salcedo y Azcona, su ... arzobispo;;"dixola el M.R.P. Fr. Vicente Gómez ... Orden de Predicadores ... ; danlo a la estampa los señores albaceas de dicho excelentissimo señor arzobispo";;en la imprenta de D. Florencio Joseph de Blas, y Quesada ...;;En Sevilla;1741;[20], 31 p., [1] en bl. , 4º ,;;;Fecha de la licencia: 1741  // Sign.: ¶-2¶⁴, 3¶², A-D⁴  // Portada con orla xilográfica  // Inicial grabada y adorno xilográfico  // Texto con apostillas marginales  //;Aguilar Piñal. Bib. S.XVIII v. 4, n. 1540  //;;;;;;;Salcedo y Azcona, Luis --  // Oración -- Obras anteriores a 1800 --  //;;Sevilla, España //;;;;;;26  //;;;;;;;;;;;;;;;sp;spa;;;Libro;;VC/764/29 //;http://bdh-rd.bne.es/viewer.vm?id=0000110821&page=1 **;http://bdh-rd.bne.es/text.vm?id=0000110821&first=1&last=56 **
bima0000049296;González de Frías, Juan Antonio  // Rodríguez de Escobar, José -imp.  //;Imprenta Real (Madrid)  //;;Oracion funebre, que el dia veinte y tres de junio de este presente año de 1728 ... en que la santa iglesia cathedral de Orense explicò su justo sentimiento por la llorada muerte de ... fray Juan Muñoz de la Cueba ...;;"dixo el M.R.P. Fr. Juan Antonio Gonzalez de Frias ... de la Santissima Trinidad ... ; sacala a luz don Juan Muñoz de Peralta ...";;en la Imprenta Real, por Joseph Rodriguez de Escobar ...;;En Madrid;1728;[8], 31 p., [1] en bl. , 4º ,;;;Precede al título: [cristus] Ave Maria  // Sign.: ¶⁴, A-D⁴  // Texto con apostillas marginales  // Portada con orla tipográfica  // Iniciales grabadas y adornos tipográficos  //;Aguilar Piñal. Bib. S.XVIII v. 4, 2167  //;;;;;;;Muñoz de la Cueva, Juan --  //;Sermones fúnebres --  //;Madrid, España //;;;;;;25  //;;;;;;;;;;;;;;;sp;spa;;;Libro;;VC/764/17 //;http://bdh-rd.bne.es/viewer.vm?id=0000069814&page=1 **;http://bdh-rd.bne.es/text.vm?id=0000069814&first=1&last=23 **
bima0000051956;Haro, Juan Antonio de  // García, Eugenio Antonio , fl. 1689-1716 -imp.  //;;;Declamacion funebre en las solemnes exequias, que la ... Universidad de Salamanca celebró á la memoria inmortal del Rmo. P.M. Fr. Sebastian Pinto ...;;"fue el orador el Rmo. P.M. Fr. Juan Antonio de Haro ... ; dala a su merecida luz Don Manuel Garcia Perez ...";;por Eugenio Antonio Garcia ...;;En Salamanca;1712;[12], 16 p. , 4º ,;;;Sign.: ¶², ¶¶⁴, A-B⁴  // Portada con orla tipográfica  // Apostillas marginales  //;Aguilar Piñal. Bib. S.XVIII v. 4, n. 2888  //;;;;;;;Exequias --  //;;Salamanca, España //;;;;;;82-5  //;;;;;;;;;;;;;;;sp;spa;;;Libro;;VC/851/16 //;http://bdh-rd.bne.es/viewer.vm?id=0000069813&page=1 **;http://bdh-rd.bne.es/text.vm?id=0000069813&first=1&last=19 **
bimo0000921757;Godínez de Paz, Carlos , n. 1817  //;;;Consideraciones sobre los proyectos de ferro-carriles de la provincia de Cáceres, dirigidas a los ayuntamientos constitucionales de la misma;;por el ex-diputado de las constituyentes Carlos Godínez de Paz;;[s.n.]  Imp. de Nicolás M. Jiménez;;[S.l.] , Cáceres;1861;25 p. , 21 cm ,;;;;;;;;;;;Ferrocarriles -- Extremadura --  //;;;;;;;;656.2(460.25)  //;;;;;;;;;;;;;;;sp;spa;;;Libro;;VC/748/7 //;http://bdh-rd.bne.es/viewer.vm?id=0000059320&page=1 **;http://bdh-rd.bne.es/text.vm?id=0000059320&first=1&last=32 **
bimo0001032002;;;;Instrucción provisional para la organización de las administraciones provinciales de H. P. creadas por Real decreto de 13 de enero de 1865 aprobada por la junta de jefes en 16 de junio, y por decreto del Excmo. Sr. Gobernador Superior Civil de estas islas en 19 del mismo mes;;;;[s.n.]  Estab. Tip. Amigos del País, a cargo de E. Plana Jorba;;[S.l.] , Manila;1865;22 p. , 23 cm ,;Hispanoamérica // Ciencias sociales // Economía // Derecho. Administración pública //;;;;;;;;;;Hacienda pública -- Filipinas -- Órdenes, reglamentos, etc. --  //;;;;;;;;351.72(599)  //  33  //  34  //;;;;;;;;;;;;;;;ph;spa;;;Libro;;HA/14017 //;http://bdh-rd.bne.es/viewer.vm?id=0000120848&page=1 **;http://bdh-rd.bne.es/text.vm?id=0000120848&first=1&last=28 **
bimo0001062071;Kerros, Ernest de  //;;;Quatrième centenaire de la découverte de l'Amérique, Comité du Finistère rapport à le Marquis de Croizier ... sur les travaux du Comité du Finistère;;par Ernest de Kerros;;[s.n.]  Imp. A. Dumont;;[S.l.] , Brest;1894;35 p. , 23 cm ,;Hispanoamérica // Geografía. Biografías. Historia // Exploraciones. Viajes //;;;;;;;;;;Colón, Cristóbal -- Aniversarios y centenarios --  // América -- Descubrimientos y exploraciones -- Españoles -- Aniversarios y centenarios --  //;;;;;;;;"910.4(7/8)""14""(067.5)  //  929 Colón, Cristóbal (067.5)  //";;;;;;;;;;;;;;;fr;fre;;;Libro;;HA/14202 //;http://bdh-rd.bne.es/viewer.vm?id=0000102262&page=1 **;http://bdh-rd.bne.es/text.vm?id=0000102262&first=1&last=44 **
bimo0001116637;Loriga y Taboada, Francisco  //;;;Discurso del... Sr. D. Francisco Loriga y Taboada, Presidente de la Real Audiencia territorial de La Habana, en el acto de Apertura de los Tribunales, el día 2 de enero de 1886;;;;[s.n.]  Imp. del Gobierno y Capitanía General;;[S.l] , Habana;1886;23 p. ,;Hispanoamérica // Ciencias sociales // Derecho. Administración pública //;;;;;;;;;;Administración de justicia -- Cuba --  //;;;;;;;;347.97/.99(729.1)  //;;;;;;;;;;;;;;;cu;spa;;;Libro;;HA/14247 //;http://bdh-rd.bne.es/viewer.vm?id=0000119507&page=1 **;http://bdh-rd.bne.es/text.vm?id=0000119507&first=1&last=28 **
bimo0001251415;Oliver-Copóns, Eduardo , 1855-1931  //;;;Colón;;por el capitán de Artillería D. Eduardo de Oliver-Copóns;;[s.n.]  Imp. del Cuerpo de Artillería;;[S.l.] , Madrid;1892;5 p. , il. , 23 cm ,;Hispanoamérica // Geografía. Biografías. Historia // Biografías. Heráldica. Genealogía //;;Precede al título: Memorial de artillería  //;;;;;;;;Colón, Cristóbal --  //;;;;;;;;929 Colón, Cristóbal  //;;;;;;;;;;;;;;;sp;spa;;;Libro;;HA/14112 //;http://bdh-rd.bne.es/viewer.vm?id=0000124046&page=1 **;http://bdh-rd.bne.es/text.vm?id=0000124046&first=1&last=12 **
bimo0001274193;Pardo de Tavera, T. H. , 1857-1925  //;;;Noticias sobre la imprenta y el grabado en Filipinas;;por T. H. Pardo de Tavera;;[s.n.]  Imp. Tip. de los Hijos de M. G. Hernández;;[S.l.] , Madrid;1893;48 p. , 24 cm ,;Hispanoamérica // Ciencias aplicadas. Tecnología // Imprenta. Comercio del libro //;;;;;;;;;;Imprenta -- Filipinas --  //;;;;;;;;655.1(599)  //;;;;;;;;;;;;;;;sp;spa;;;Libro;;HA/14065 //;http://bdh-rd.bne.es/viewer.vm?id=0000120192&page=1 **;http://bdh-rd.bne.es/text.vm?id=0000120192&first=1&last=50 **
bimo0001312779;Picó y Salviá, José  //;;;Sermón que en la iglesia parroquial de San Francisco de Asís de San Juan Bautista de Puerto Rico, predicó el Presbítero Don. José Picó y Salvia el 5 de diciembre de 1880 ...;;;;[s.n.]  Imp. de El Tranvía;;[S.l.] , Puerto Rico;1880;16 p. , 24 cm ,;Hispanoamérica // Religión. Teología // Teología //;;;;;;;;;;Inmaculada Concepción -- Sermones --  //;;;;;;;;232.931:252  //  21  //;;;;;;;;;;;;;;;pr;spa;;;Libro;;HA/14022 //;http://bdh-rd.bne.es/viewer.vm?id=0000102205&page=1 **;http://bdh-rd.bne.es/text.vm?id=0000102205&first=1&last=26 **
bimo0001379309;Robledo y González, Pedro  //;;;La lepra en Filipinas memoria;;por Pedro Robledo y González;;[s.n.]  Estab. Tipo-Litográfico;;[S.l.] , Madrid;1883;38 p. , 23 cm ,;Medicina. Farmacia //;;"""Obra publicada por La Correspondencia Médica""  //";;;;;;;;Lepra -- Filipinas --  //;;;;;;;;616-002.73(599)  //;;;;;;;;;;;;;;;sp;spa;;;Libro;;HA/14255 //;http://bdh-rd.bne.es/viewer.vm?id=0000116105&page=1 **;http://bdh-rd.bne.es/text.vm?id=0000116105&first=1&last=42 **
bimo0001380937;Reboreda, D.F. de P.  //;;;Cámara de Comercio de Manila memoria leída por el secretario D. F. de P. Rodoreda y aprobada por la Junta Directiva, en la sesión de 14 de marzo de 1889;;;;[s.n.]  Tip.-Litogr. de Chofré y Compª;;[S.l.] , Manila;1889;22 p., [1] h. , 23 cm ,;Hispanoamérica // Ciencias sociales // Economía //;;;;;;;;;;Cámara de Comercio de Manila -- Memorias--  //;;;;;;;;334.788(599.13 Manila)(060.55)  //;;;;;;;;;;;;;;;ph;spa;;;Libro;;HA/14031 //;http://bdh-rd.bne.es/viewer.vm?id=0000098174&page=1 **;http://bdh-rd.bne.es/text.vm?id=0000098174&first=1&last=28 **
bimo0001386143;Rodríguez San Pedro, Faustino , 1833-1925  //;;;Discursos pronunciados por el Sr. diputado a Cortes por la provincia de Pinar del Río Faustino Rodríguez San Pedro combatiendo el proyecto de ley presentado por el Ministerio de Hacienda para el arriendo de la renta del tabaco en la península e islas Baleares;;;;[s.n.]  Imp. de Miguel Vives;;[S.l.] , Pinar del Río;1887;IV, 59 p. , 23 cm ,;Hispanoamérica // Ciencias sociales // Economía // Ciencias aplicadas. Tecnología // Industria alimentaria //;;;;;;;;;;Estanco del tabaco -- España --  // Contratos administrativos -- España --  //;;;;;;;;336.132(460):663.97  //;;;;;;;;;;;;;;;cu;spa;;;Libro;;HA/14030 //;http://bdh-rd.bne.es/viewer.vm?id=0000124030&page=1 **;http://bdh-rd.bne.es/text.vm?id=0000124030&first=1&last=60 **
bimo0001592472;Zaragoza, Rafael  //;;;Cartilla agraria para el cultivo y beneficio del tabaco de Filipinas;;redactada por Don Rafael Zaragoza;3ª ed.;[s.n.]  Imp. del Colegio de Santo Tomás;;[S.l.] , Manila;1882;35 p. , 23 cm ,;Hispanoamérica // Ciencias aplicadas. Tecnología // Agricultura //;;;;;;;;;;Tabaco -- Cultivo --  //;;;;;;;;633.71  //  (599)  //  631  //;;;;;;;;;;;;;;;ph;spa;;;Libro;;HA/14477 //;http://bdh-rd.bne.es/viewer.vm?id=0000114977&page=1 **;http://bdh-rd.bne.es/text.vm?id=0000114977&first=1&last=39 **
bimo0001648433;Balbás, Casiano  //;;;"El Partido Incondicionalmente Español de Puerto-Rico serie de artículos editoriales que vieron la luz pública en el periódico político ""La Integridad Nacional""";;escritos por Casiano Balbás;;"[s.n.]  Tip. del ""Boletín Mercantil""";;[S.l.] , Puerto-Rico;1887;53 p. , 23 cm ,;Hispanoamérica // Ciencias sociales // Política //;;;;;;;;;;Partido Incondicionalmente Español (Puerto Rico) --  //;;;;;;;;329(729.5)  //;;;;;;;;;;;;;;;pr;spa;;;Libro;;HA/14011 //;http://bdh-rd.bne.es/viewer.vm?id=0000120881&page=1 **;http://bdh-rd.bne.es/text.vm?id=0000120881&first=1&last=58 **
bimo0001649612;;Barcelona Ayuntamiento  // Barcelona Ayuntamiento  //;;Bando general de buen gobiern, o de policía urbana para esta ciudad de Barcelona : publicado por su Escmo. Ayuntamiento Constitucional en mayo de 1839 y revisado y adicionado por el de 1842;;;;[s.n.]  Imp. del Constitucional;;[S.l.] , Barcelona;1843;60 p. , 15 cm ,;;;;;;;;;;;Ordenanzas municipales -- Barcelona --  //;;;;;;;;352(460.235 B.).077.6  //;;;;;;;;;;;;;;;sp;spa;;;Libro;;VC/772/5 //;http://bdh-rd.bne.es/viewer.vm?id=0000133016&page=1 **;http://bdh-rd.bne.es/text.vm?id=0000133016&first=1&last=68 **
bimo0001712036;;Asociación de Dependientes del Comercio de La Habana  //;;Memoria que comprende los trabajos que durante el año de 1890 a 1891 ha llevado a cabo la directiva y que presenta el secretario a la junta general ordinaria que tendrá lugar el día 2 de agosto de 1891 en cumplimiento del articulo 60, inciso 4º;;Asociación de Dependientes del Comercio de La Habana;;[s.n.]  Imp. del Avisador Comercial;;[S.l.] , Habana;1891;30 p., [3] h. pleg. , 23 cm ,;Hispanoamérica // Ciencias sociales // Economía //;;;;;;;;;;Asociación de Dependientes del Comercio de La Habana --  //;;;;;;;;339.37-051:061.232(729.1 H.)  //  (729.1)  //;;;;;;;;;;;;;;;cu;spa;;;Libro;;HA/14154 //;http://bdh-rd.bne.es/viewer.vm?id=0000120113&page=1 **;http://bdh-rd.bne.es/text.vm?id=0000120113&first=1&last=42 **
bimo0001712037;;Asociación Española de Socorros Mutuos (Salto Oriental)  //;;Cuentas generales de la Asociación Española de Socorros Mutuos del Salto Oriental, pertenecientes al año de 1881 número y nombres de los señores socios que la componen;;;;"[s.n.]  Estab. Tip. de ""El Progreso""";;[S.l.] , Salto Oriental;1882;32 p., [1] h. pleg. , 22 cm ,;Hispanoamérica // Ciencias sociales // Beneficencia. Seguros //;;Precede al título: Fraternidad Española  //;;;;;;;;Asociación Española de Socorros Mutuos (Salto Oriental) --  //;;;;;;;;368.032.2(899.23 S.)  //  (899)  //;;;;;;;;;;;;;;;uy;spa;;;Libro;;HA/14324 //;http://bdh-rd.bne.es/viewer.vm?id=0000114903&page=1 **;http://bdh-rd.bne.es/text.vm?id=0000114903&first=1&last=38 **
bimo0001733012;;Compañía de Aguardientes de Guatemala  //;;Estatutos de la Compañía de Aguardientes de Guatemala;;;;"[s.n.]  Imp. de ""La Paz""";;[S.l.] , Guatemala;1866;16 p. , 22 cm ,;Ciencias aplicadas. Tecnología // Industria alimentaria //;;;;;;;;;;Compañía de Aguardientes de Guatemala -- Estatutos--  //;;;;;;;;663.241:061.5(728.1 G.)(060.13)  //  (728.1)  //;;;;;;;;;;;;;;;gt;spa;;;Libro;;HA/14394 //;http://bdh-rd.bne.es/viewer.vm?id=0000110226&page=1 **;http://bdh-rd.bne.es/text.vm?id=0000110226&first=1&last=20 **
bimo0001740882;;Casino Español de La Habana  //;;"Fórmula o minuta de la escritura que habrá de otorgarse y bases bajo las cuales ha de constituirse la sociedad ""El Casino""";;;;[s.n.]  Imp. del Avisador Comercial;;[S.l.] , Habana;1872;14 p. , 22 cm ,;Hispanoamérica // Ciencia y cultura en general // Instituciones científicas. Exposiciones. Museos //;;;;;;;;;;Casino Español de La Habana -- Reglamentos--  //;;;;;;;;061.237(729.1 H.)(060.13)  //;;;;;;;;;;;;;;;cu;spa;;;Libro;;HA/14094 //;http://bdh-rd.bne.es/viewer.vm?id=0000124049&page=1 **;http://bdh-rd.bne.es/text.vm?id=0000124049&first=1&last=20 **
bimo0001799979;;Real Sociedad Riojana  //;;Breve noticia del origen de la Real Sociedad Riojana, objeto de su instituto y variaciones que ha tenido, con un estado de las obras que ejecutó y de las hechas por la Real Comisión;;;;[s.n.];;[S.l.];1833;15 p., [1] h. pleg. , 29 cm ,;;;;;;;;;;;Real Sociedad Riojana --  //;;;;;;;;061.22(460.353)(060.55)  //;;;;;;;;;;;;;;;sp;spa;;;Libro;;VC/1018/2 //;http://bdh-rd.bne.es/viewer.vm?id=0000133012&page=1 **;http://bdh-rd.bne.es/text.vm?id=0000133012&first=1&last=26 **
a4826225;Andreas, Joannes  // Joffre, Juan , fl. 1502-1530 -imp.  //;;;Sumario breue d'la pratica dela arithmetica de todo el curso de larte merc¯atiuol bien declarado, el qual se llama Maestro de cuento;;;;por Iuan Ioffre;;Fue imprimido en la noble ciudad de Valenca;1515;CXLIIII h. , 4º ,;;;"Precede al tit.. ""Conte vell baralla noua""  // Existen, al menos, dos emisiones: A) dedicada al Conde de Oliva, con marca del mismo en port. B) con esc. de armas del obispo de Barcelona, Martín García, en port.  // Pie de imprenta tomado de colofón  // Sign.: a-s8  // Portada y algunas h. a dos tintas, capitals ornamentadas  // Escudo xilográfico de Martín García en port.  // Marca tip. en v. de h. 143  //";Norton 1192B  // Martín Abad, Post-incunables Ibéricos, 48  //;;;;;;;;;Valencia, España //;;;;;;511/512  //;;;;;;;;;;;;;;;sp;spa;;;Libro;;R/9124 //;http://bdh-rd.bne.es/viewer.vm?id=0000056343&page=1 **;http://bdh-rd.bne.es/text.vm?id=0000056343&first=1&last=287 **
bima0000044156;Folch de Cardona, Antonio , 1657-1724  // Vega, Diego de la , fl. 1694-1708 -imp.  //;;;Carta que ... Fr. Antonio Folch de Cardona, arzobispo de Valencia, escrivio a algunos de los señores regentes del S.S. y R.C. de Aragon, en defensa de la iurisdicion de su dignidad arzobispal, contra la pretension del... Lugarteniente general de Montesa ...;;;;por Diego de Vega ...;;En Valencia;1701;42 p., [2] en bl. , Fol. ,;;;Sign.: A-L²  // Portada con orla tipográfica  //;Aguilar Piñal. Bib. S.XVIII v. 3, 4203  //;;;;;;;;;Valencia, España //;;;;;;27  //;;;;;;;;;;;;;;;sp;spa;;;Libro;;VC/1016/34 //;http://bdh-rd.bne.es/viewer.vm?id=0000133169&page=1 **;http://bdh-rd.bne.es/text.vm?id=0000133169&first=1&last=48 **
bima0000090536;Vildósola, Ladislao -imp.  //;Imprenta del Estado (México) -imp.  //;;Arancel a que deben arreglarse los Escribanos públicos, Alcaldes y demas funcionarios de los Tribunales de Justicia de este Estado;;;;Imprenta del Estado, en Palacio á cargo del c. Ladislao Vildosola;;San Luis Potosí;1827;2], 16 p. , 4º ,;Ciencias sociales // Economía // Hispanoamérica //;;Sign.: [ ]¹⁰⁻¹  // Portada con orla y adorno tipográfico  // Texto con apostillas marginales  //;;;;;;;;;;San Luis Potosí, Ecuador //;;;;;;33  //;;;;;;;;;;;;;;;mx;spa;;;Libro;;5/12914(3) //;http://bdh-rd.bne.es/viewer.vm?id=0000080179&page=1 **;http://bdh-rd.bne.es/text.vm?id=0000080179&first=1&last=18 **
bimo0000664554;Cacace, Antonino  //;;;Memoria per lo duca dell'infantado : nel Consiglio di Stato;;;;[s.n.]  Tip. de Fratelli Rusconi;;[S.l.] , Napoli;1832;31 p. , 29 cm ,;;;Autor (p. 31): Antonino Cacace  //;;;;;;;;Infantado, Pedro Alcántara de Toledo, -- Duque del -- Reclamaciones --  // Confiscación -- Nápoles (Reino) --  // Restitución in íntegrum -- Nápoles (Reino) --  //;;;;;;;;347.922.6(450.7/.8)  //;;;;;;;;;;;;;;;it;ita;;;Libro;;VC/1016/17 //;http://bdh-rd.bne.es/viewer.vm?id=0000091068&page=1 **;http://bdh-rd.bne.es/text.vm?id=0000091068&first=1&last=42 **
bimo0000666457;Calderón, Eulogio Maria  //;;;Explicación metódica de las acciones e interdictos del derecho civil;;en verso castellano por el Dr. Eulogio María Calderón;;[s.n.]  Imp. de J. de Cea;;[S.l.] , Toledo;1839;31 p. , 16 cm ,;;;;;;;;;;;Acción (Derecho) -- España --  // Interdictos -- España --  //;;;;;;;;347.922(460)  //  347.251.037(460)  //;;;;;;;;;;;;;;;sp;spa;;;Libro;;VC/576/26 //;http://bdh-rd.bne.es/viewer.vm?id=0000060650&page=1 **;http://bdh-rd.bne.es/text.vm?id=0000060650&first=1&last=40 **
bimo0001876616;;España Cortes , 1789  //;;Testimonio de las actas de Cortes de 1789 sobre la sucesión en la Corona de España, y de los dictámenes dados sobre esta materia, publicado por Real Decreto de S.M. la Reina Nuestra Señora;;;;[s.n.]  Imp. del Gobierno;;[S.l.] , Habana;1833;36 p., [2] h. pleg. , 29 cm ,;Geografía. Biografías. Historia // Historia de España //;;;;;;;;;;España -- Reyes y soberanos -- Sucesión --  // España -- Historia -- 1788-1808 (Carlos IV) -- Fuentes --  // España -- Historia -- 1833-1840 (Regencia de María Cristina de Borbón) -- Fuentes --  //;;;;;;;;"342.511.1(460)  //  94(460)""1788/1808""(093)  //  94(460)""1833/40""(093)  //";;;;;;;;;;;;;;;cu;spa;;;Libro;;HA/16628 //;http://bdh-rd.bne.es/viewer.vm?id=0000110251&page=1 **;http://bdh-rd.bne.es/text.vm?id=0000110251&first=1&last=48 **
bimo0001031944;;;;Instrucción para hacer efectivo en el presente año el impuesto del diez por ciento de las utilidades de la riqueza establecido por decreto de 28 de abril último, para extinguir los billetes que emitio el Banco Español de la Habana por cueta del Tesoro Público;;;;[s.n.]  Imp. del Gobierno y Capitanía General;;[S.l.] , Habana;1874;14 p., [4] h. pleg. , 23 cm ,;Hispanoamérica // Ciencias sociales // Economía //;;;;;;;;;;Impuestos -- Cuba --  //;;;;;;;;336.2(729.1)  //;;;;;;;;;;;;;;;cu;spa;;;Libro;;HA/14488 //;http://bdh-rd.bne.es/viewer.vm?id=0000114973&page=1 **;http://bdh-rd.bne.es/text.vm?id=0000114973&first=1&last=46 **
bimo0001727892;;;;El Ilmo. y Rmo. Sr. D. Fr. Miguel de Benavides;;;;[s.n.]  Imp. del Real Colegio de Sto. Tomás;;[S.l.] , Manila;1891;26 p. , 21 cm ,;Geografía. Biografías. Historia // Biografías. Heráldica. Genealogía //;;;;;;;;;;Benavides, Miguel de --  //;;;;;;;;(599)  //  929 Benavides, Miguel de  //;;;;;;;;;;;;;;;ph;spa;;;Libro;;HA/14505 //;http://bdh-rd.bne.es/viewer.vm?id=0000055106&page=1 **;http://bdh-rd.bne.es/text.vm?id=0000055106&first=1&last=36 **
bimo0002071734;Moore, Thomas , 1779-1852  // O. y O., P. A.  //;;[The Epicurean. Español] //;El epicúreo : novela;;"escrita en inglés por T. Moore ; traducida por P.A.O. y O.";;[s.n.]  Imp. de A. Bergnes y Comp.;;[S.l.] , Barcelona;1832;222, 253 p. , 12 cm ,;Biblioteca selecta, portátil y económica. 3ª serie, 7-8 //;;Título original: The Epicurean  //;;;;;;;;;;;;;;;;"821.111-31""18""  //";;;;;;;;;;;;;;;sp;spa;eng;spa //;Libro;;4/40007 //;http://bdh-rd.bne.es/viewer.vm?id=0000064865&page=1 **;http://bdh-rd.bne.es/text.vm?id=0000064865&first=1&last=242 **
bima0000011766;Vega, Lope de , 1562-1635  // Anvers, Lourenço de , fl. 1641-1647 -imp.  //;;[Soliloquios amorosos de un alma a Dios] //;Soliloquios amorosos de un alma a Dios;;"escritos en lengua latina por el M.R.P. Gravriel Padecopeo ; y en la castellana por Lope de Vega Carpio ...";;en la Emprenta de Lorenzo de Anveres y à su costa;;En Lisboa;1644;[20], 120 p. , 8º ,;Religión. Teología // Cristianismo. Historia eclesiástica //;;Gabriel Padecopeo es pseudónimo de Lope de Vega  // Según Palau, 356463, es edición falsa  // Sign.: A-H⁸, I⁶  //;;;;;;;;Oración -- Obras anteriores a 1800 --  //;;Lisboa, Portugal //;;;;;;26  //;;;;;;;;;;;;;;;po;spa;;;Libro;;U/6016 //;http://bdh-rd.bne.es/viewer.vm?id=0000086020&page=1 **;http://bdh-rd.bne.es/text.vm?id=0000086020&first=1&last=147 **
bima0000041579;Fanlo, Vicente de  // Lucas, José Tomás -imp.  //;;;Triunfos de la Virgen Madre en la Mistica Carroza de sus ceñidos Maria N. Sra. Reyna por su correa del Consuelo ... oracion panegyrico-historica;;"que dixo en su dia, y en su casa, y Real Convento de S. Agustin este año 1742 el R.P.Fr. Vicente de Fanlo ... ; sacanla a luz los dichosos ceñidos de Maria y apasionados del autor ...";;por Joseph Thomas Lucas ..., junto à la Plaza de S. Vult;;En Valencia;1742;34 p. , 4º ,;;;Sign.: A-D⁴, E²⁻¹  // Portada con orla tipográfica  // Texto enmarcado con doble filete y con apostillas marginales  //;Aguilar Piñal. Bib. S.XVIII v. 3, 1816  //;;;;;;;Virgen de la Correa --  //;;Valencia, España //;;;;;;24  //;;;;;;;;;;;;;;;sp;spa;;;Libro;;VC/851/24 //;http://bdh-rd.bne.es/viewer.vm?id=0000110809&page=1 **;http://bdh-rd.bne.es/text.vm?id=0000110809&first=1&last=20 **
bima0000046585;Voltaire , 1694-1778  // Aznar, Pantaleón -imp.  // García de la Huerta, Vicente , 1734-1787 -trad.  //;;[Zaire. Español] //;La Fé triunfante del amor y cetro tragedia, en que se ofrece a los aficionados la justa idea de una traducción poetica;;por Don Vicente Garcia de la Huerta ...;;en la Oficina de Pantaleon Aznar;;En Madrid;1784;118 p. , 16º ,;Lingüística. Literatura //;;Traduccion de la tragedia de Voltaire titulada Zaïre  // Sign.: A-G⁸, H²  //;;;;;;;;;;Madrid, España //;;;;;;8  //;;;;;;;;;;;;;;;sp;spa;;;Libro;;T/10526 // T/21186 //;http://bdh-rd.bne.es/viewer.vm?id=0000137739&page=1 **;http://bdh-rd.bne.es/text.vm?id=0000137739&first=1&last=64 **
bimo0000635492;Aza, Vital , 1851-1912  //;;;El afinador juguete cómico en dos actos y en prosa escrito sobre el pensamiento de una obra francesa;;por Vital Aza;;Sociedad de Autores Españoles;;Madrid;1901;76 p. , 20 cm ,;Lingüística. Literatura // Literatura española //;;;;;;;;;;;;;;;;;;"821.134.2-22""18""  //";;;;;;;;;;;;;;;sp;spa;;;Libro;;T/15420 //;http://bdh-rd.bne.es/viewer.vm?id=0000102507&page=1 **;http://bdh-rd.bne.es/text.vm?id=0000102507&first=1&last=107 **
bimo0000635495;Aza, Vital , 1851-1912  //;;;Calvo y compañía comedia de gracioso en dos actos y en prosa;;original de Vital Aza;6ª ed.;Sociedad de Autores Españoles;;Madrid;1923;50 p. , 20 cm ,;Lingüística. Literatura // Literatura española //;;;;;;;;;;;;;;;;;;"821.134.2-22""18""  //";;;;;;;;;;;;;;;sp;spa;;;Libro;;T/28705 //;http://bdh-rd.bne.es/viewer.vm?id=0000104086&page=1 **;http://bdh-rd.bne.es/text.vm?id=0000104086&first=1&last=65 **
bimo0000635502;Aza, Vital , 1851-1912  //;;;Chiquilladas juguete cómico en un acto y en prosa, escrito sobre unas escenas de Najac;;por Vital Aza;;Sociedad de Autores Españoles;;Madrid;1905;27 p. , 21 cm ,;Lingüística. Literatura // Literatura española //;;"""Estrenado en el Teatro Lara el 25 de abil de 1905 en el beneficio de la Srta. Domus""  //";;;;;;;;;;;;;;;;"821.134.2-22""18""  //";;;;;;;;;;;;;;;sp;spa;;;Libro;;T/33363 //;http://bdh-rd.bne.es/viewer.vm?id=0000104057&page=1 **;http://bdh-rd.bne.es/text.vm?id=0000104057&first=1&last=36 **
bimo0000999462;;;;Historia de las aventuras y conquistas de Hernán Cortés en Méjico;;;;[s.n.]  Imp. de José Mª Mares;;[S.l.] , Madrid;1854;24 p. , 22 cm ,;Geografía. Biografías. Historia // Historia de América Latina //;;;;;;;;;;Cortés, Hernán --  // México -- Historia -- 1517-1521 (Descubrimiento y conquista) --  //;;;;;;;;"(72)  //  929 Cortés, Hernán  //  94(72)""1517/21""  //";;;;;;;;;;;;;;;sp;spa;;;Libro;;HA/14576 //;http://bdh-rd.bne.es/viewer.vm?id=0000048619&page=1 **;http://bdh-rd.bne.es/text.vm?id=0000048619&first=1&last=28 **
bimo0001163594;Mateos y Montaút, Diego N.  //;;;Defensa del Contador de Navío de la Armada D. José Muñoz y Sánchez;;leida ... por Diego N. Mateos y Montaút;;"[s.n.]  Tip. de ""Los niños huérfanos""";;Habana;1890;43 p. , 22 cm ,;Hispanoamérica // Ciencias sociales // Derecho. Administración pública //;;;;;;;;;;Muñoz y Sánchez, José -- Procesos --  // Malversación de fondos públicos -- Cuba --  //;;;;;;;;34.096 Muñoz y Sánchez, José  //  343.351(729.1)  //;;;;;;;;;;;;;;;cu;spa;;;Libro;;HA/14534 //;http://bdh-rd.bne.es/viewer.vm?id=0000114941&page=1 **;http://bdh-rd.bne.es/text.vm?id=0000114941&first=1&last=48 **
bimo0001345026;Ramos Carrión, Miguel , 1848-1915  // Aza, Vital , 1851-1912  //;;;De tiros largos juguete cómico en un acto y en prosa;;arreglo del italiano por Ramos Carrión y Vital Aza;;[s.n.]  Imp. de José Rodríguez;;[S.l.] , Madrid;1880;24 p. , 20 cm ,;Lingüística. Literatura // Literatura española //;;"""Estrenado en el Teatro de la Alhambra por la compañía del de la Comedia el 9 de junio de 1880""  //";;;;;;;;;;;;;;;;"821.134.2-22""18""  //";;;;;;;;;;;;;;;sp;spa;;;Libro;;T/9482 //;http://bdh-rd.bne.es/viewer.vm?id=0000113201&page=1 **;http://bdh-rd.bne.es/text.vm?id=0000113201&first=1&last=35 **
bimo0001345048;Ramos Carrión, Miguel , 1848-1915  // Aza, Vital , 1851-1912  //;;;El hijo de la nieve novela cómico-dramática en tres actos, en verso y prosa;;original de Ramos Carrión y Vital Aza;;[s.n.]  Imp. de José Rodríguez;;[S.l.] , Madrid;1881;104 p. , 20 cm ,;Lingüística. Literatura // Literatura española //;;"""Estrenada en el Teatro de la Comedia el 21 de marzo de 1881""  //";;;;;;;;;;;;;;;;"821.134.2-22""18""  //";;;;;;;;;;;;;;;sp;spa;;;Libro;;T/2909 //;http://bdh-rd.bne.es/viewer.vm?id=0000055221&page=1 **;http://bdh-rd.bne.es/text.vm?id=0000055221&first=1&last=115 **
bimo0001345055;Ramos Carrión, Miguel , 1848-1915  // Aza, Vital , 1851-1912  //;;;Los lobos marinos zarzuela cómica, refundida en un acto y dos cuadros;;"original de Miguel Ramos Carrión y Vital Aza ; música del maestro Chapí";;Sociedad de Autores Españoles;;Madrid;1904;52 p. , 21 cm ,;Lingüística. Literatura // Literatura española //;;"""Estrenada en dos actos en el Teatro de Apolo la noche del 17 de mayo de 1887""  //";;;;;;;;;;;;;;;;"821.134.2-293""18""  //";;;;;;;;;;;;;;;sp;spa;;;Libro;;T/16446 //;http://bdh-rd.bne.es/viewer.vm?id=0000109691&page=1 **;http://bdh-rd.bne.es/text.vm?id=0000109691&first=1&last=81 **
bimo0001345116;Ramos Carrión, Miguel , 1848-1915  // Aza, Vital , 1851-1912  //;;;El señor gobernador comedia en dos actos y en prosa;;original de Miguel Ramos Carrión y Vital Aza;2ª ed.;[s.n.]  R. Velasco, Imp.;;Madrid , Madrid;1888;73 p. , 20 cm ,;Lingüística. Literatura // Literatura española //;;"""Estrenada en el Teatro Lara el 15 de noviembre de 1888""  // En la cubierta: Administración Lírico-Dramática  //";;;;;;;;;;;;;;;;"821.134.2-22""18""  //";;;;;;;;;;;;;;;sp;spa;;;Libro;;T/11760 //;http://bdh-rd.bne.es/viewer.vm?id=0000091921&page=1 **;http://bdh-rd.bne.es/text.vm?id=0000091921&first=1&last=93 **
bimo0001356000;;Sociedad de Fianzas Mútuas de Empleados (Manila)  //;;Reglamento de la Sociedad de Fianzas Mútuas entre los empleados de cargo de las diferentes ramas de Hacienda y Gobernación de estas islas;Reglamento de la Sociedad de Fianzas Mútuas de Empleados  //;;2ª ed., aum. con la Real Orden de 15 de setiembre de 1861 que dispone se hagan estensivos a los empleados de Gobernación los beneficios de este reglamento;[s.n.]  Imp. de Ramírez y Giraudier;;[S.l.] , Manila;1864;10 p. , 22 cm ,;Hispanoamérica // Ciencias sociales // Beneficencia. Seguros //;;;;;;;;;;Sociedad de Fianzas Mútuas de Empleados (Manila) -- Reglamentos--  //;;;;;;;;368.032.2(599.17 M.)(060.13)  //  (599)  //;;;;;;;;;;;;;;;ph;spa;;;Libro;;HA/14524 //;http://bdh-rd.bne.es/viewer.vm?id=0000119928&page=1 **;http://bdh-rd.bne.es/text.vm?id=0000119928&first=1&last=14 **
bimo0001646571;Aza, Vital , 1851-1912  //;;;Llovido del cielo comedia en dos actos y en verso;;original de Vital Aza;;[s.n.]  Imp. de José Rodríguez;;Madrid;1879;67 p. , 20 cm ,;Lingüística. Literatura // Literatura española //;;"""Estrenada en el Teatro de la Comedia la noche del 10 de mayo de 1879, en el beneficio del primer actor Sr. Mario""  // ""Administración Lírico-Dramática""--Cubierta  //";;;;;;;;;;;;;;;;"821.134.2-22""18""  //";;;;;;;;;;;;;;;sp;spa;;;Libro;;T/6559 //;http://bdh-rd.bne.es/viewer.vm?id=0000094728&page=1 **;http://bdh-rd.bne.es/text.vm?id=0000094728&first=1&last=79 **
bimo0001646627;Aza, Vital , 1851-1912  // Estremera, José , 1852-1895  //;;;Amor, parentesco y guerra o El medallón de topacios drama burlesco en un acto y en verso;El medallón de topacios  //;original de Vital Aza y José Estremera;;[s.n.]  Imp. de José Rodríguez;;Madrid;1880;23 p. , 20 cm ,;Lingüística. Literatura // Literatura española //;;"""Estrenado en el Teatro de la Comedia el 3 de enero de 1880, en la función de Inocentes, a beneficio de las señoras de la Compañía""  // ""Administración Lírico-Dramática""--Cubierta  //";;;;;;;;;;;;;;;;"821.134.2-22""18""  //";;;;;;;;;;;;;;;sp;spa;;;Libro;;T/7680 //;http://bdh-rd.bne.es/viewer.vm?id=0000094759&page=1 **;http://bdh-rd.bne.es/text.vm?id=0000094759&first=1&last=35 **
bimo0001646633;Aza, Vital , 1851-1912  //;;;¡Basta de matemáticas! juguete cómico en un acto y en prosa;;original de Vital Aza;;[s.n.]  Imp. de José Rodríguez;;[S.l.] , Madrid;1874;28 p. , 20 cm ,;Lingüística. Literatura // Literatura española //;;"""Estrenado con gran éxito en el Teatro de Variedades el día 7 de febrero de 1874""  //";;;;;;;;;;;;;;;;"821.134.2-22""18""  //";;;;;;;;;;;;;;;sp;spa;;;Libro;;T/8893 //;http://bdh-rd.bne.es/viewer.vm?id=0000094462&page=1 **;http://bdh-rd.bne.es/text.vm?id=0000094462&first=1&last=35 **
bimo0001646638;Aza, Vital , 1851-1912  //;;;Desde el balcón juguete cómico en un acto y en verso;;original de Vital Aza;;[s.n.]  Imp. de José Rodríguez;;[S.l.] , Madrid;1875;34 p. , 20 cm ,;Lingüística. Literatura // Literatura española //;;"""Estrenado en el Teatro de Variedades la noche del 17 de marzo de 1875""  //";;;;;;;;;;;;;;;;"821.134.2-22""18""  //";;;;;;;;;;;;;;;sp;spa;;;Libro;;T/9412 //;http://bdh-rd.bne.es/viewer.vm?id=0000094456&page=1 **;http://bdh-rd.bne.es/text.vm?id=0000094456&first=1&last=47 **
bimo0001646639;Aza, Vital , 1851-1912  //;;;Horas de consulta sainete en un acto y en verso;;original de Vital Aza;;[s.n.]  Imp. de José Rodríguez;;[S.l.] , Madrid;1876;42 p. , 21 cm ,;Lingüística. Literatura // Literatura española //;;"""Estrenado en el Teatro de la Comedia la noche del 1º de abril de 1876, en el beneficio del primer actor cómico D. Ricardo Zamacois""  // ""Administración lírico-dramática""--Cubierta  //";;;;;;;;;;;;;;;;"821.134.2-22""18""  //";;;;;;;;;;;;;;;sp;spa;;;Libro;;T/19628 //;http://bdh-rd.bne.es/viewer.vm?id=0000096161&page=1 **;http://bdh-rd.bne.es/text.vm?id=0000096161&first=1&last=48 **
bimo0001646641;Aza, Vital , 1851-1912  //;;;Juego de prendas juguete cómico en dos actos y en prosa;;original de Vital Aza;;[s.n.]  Imp. de Cosme Rodríguez;;[S.l.] , Madrid;1883;60 p. , 20 cm ,;Lingüística. Literatura // Literatura española //;;"""Estrenado en el Teatro de Lara en la noche del 4 de abril de 1883""  // ""Administración lírico-dramática""--Cubierta  //";;;;;;;;;;;;;;;;"821.134.2-22""18""  //";;;;;;;;;;;;;;;sp;spa;;;Libro;;T/10080 //;http://bdh-rd.bne.es/viewer.vm?id=0000108701&page=1 **;http://bdh-rd.bne.es/text.vm?id=0000108701&first=1&last=71 **
bimo0001646644;Aza, Vital , 1851-1912  //;;;La marquesita comedia en un acto y en prosa;;original de Vital Aza;;[s.n.]  R. Velasco, imp.;;[S.l.] , Madrid;1898;42 p. , 21 cm ,;Lingüística. Literatura // Literatura española //;;"""Estrenada en el Teatro Lara el 19 de febrero de 1898""  // ""Administración lírico-dramática""--Cubierta  //";;;;;;;;;;;;;;;;"821.134.4-23""19""  //";;;;;;;;;;;;;;;sp;spa;;;Libro;;T/8625 //;http://bdh-rd.bne.es/viewer.vm?id=0000096613&page=1 **;http://bdh-rd.bne.es/text.vm?id=0000096613&first=1&last=63 **
bimo0001646645;Aza, Vital , 1851-1912  //;;;El autor del crímen juguete cómico en un acto y en prosa;;original de Vital Aza;;[s.n.]  Imp. de José Rodríguez;;[S.l.] , Madrid;1875;28 p. , 20 cm ,;Lingüística. Literatura // Literatura española //;;"""Representado por primera vez en el Teatro de Variedades el día 12 de abril de 1875""  // ""Administración lírico-dramática""--Cubierta  //";;;;;;;;;;;;;;;;"821.134.2-22""18""  //";;;;;;;;;;;;;;;sp;spa;;;Libro;;T/5299 //;http://bdh-rd.bne.es/viewer.vm?id=0000096031&page=1 **;http://bdh-rd.bne.es/text.vm?id=0000096031&first=1&last=37 **
bimo0001646647;Aza, Vital , 1851-1912  // Estremera, José , 1852-1895  //;;;Noticia fresca juguete cómico en un acto y en verso, escrito sobre el pensamiento de una obra francesa;;por Vital Aza y José Estremera;;[s.n.]  Imp. de José Rodríguez;;Madrid;1876;31 p. , 20 cm ,;Lingüística. Literatura // Literatura española //;;"""Estrenado en el Teatro Español, la noche del 22 de noviembre de 1876""  // ""Administración Lírico-Dramática""--Cubierta  //";;;;;;;;;;;;;;;;"821.134.2-22""18""  //";;;;;;;;;;;;;;;sp;spa;;;Libro;;T/5266 //;http://bdh-rd.bne.es/viewer.vm?id=0000094563&page=1 **;http://bdh-rd.bne.es/text.vm?id=0000094563&first=1&last=43 **
bimo0001646651;Aza, Vital , 1851-1912  //;;;Villa-Tula (segunda parte de Militares y paisanos) : comedia en cuatro actos escrita sobre el pensamiento de la obra alemana Reif Von Reiflingen;;por Vital Aza;;[s.n.]  R. Velasco, imp.;;[S.l.] , Madrid;1893;121 p. , 21 cm ,;Lingüística. Literatura // Literatura española //;;"""Estrenada en el Teatro de la Comedia el día 21 de diciembre de 1893""  // ""Administración lírico-dramática""--Cubierta  //";;;;;;;;;;;;;;;;"821.134.2-22""18""  //";;;;;;;;;;;;;;;sp;spa;;;Libro;;T/13138 //;http://bdh-rd.bne.es/viewer.vm?id=0000110035&page=1 **;http://bdh-rd.bne.es/text.vm?id=0000110035&first=1&last=139 **
bimo0001646653;Aza, Vital , 1851-1912  //;;;Paciencia y barajar oomedia [i.e. comedia] en un acto y en prosa;;de Vital Aza;;[s.n.]  Imp. de José Rodríguez;;Madrid;1877;29 p. , 20 cm ,;Lingüística. Literatura // Literatura española //;;"""Estrenada en el Teatro de la Comedia el 15 de marzo de 1877, a beneficio de la Sra. Álvarez de Hernando""  // ""Administración Lírico-Dramática""--Cubierta  //";;;;;;;;;;;;;;;;"821.134.2-22""18""  //";;;;;;;;;;;;;;;sp;spa;;;Libro;;T/6513 //;http://bdh-rd.bne.es/viewer.vm?id=0000096092&page=1 **;http://bdh-rd.bne.es/text.vm?id=0000096092&first=1&last=41 **
bimo0001646655;Aza, Vital , 1851-1912  //;;;Parada y fonda juguete cómico en un acto y en prosa;;original de Vital Aza;;[s.n.]  Imp. de José Rodríguez;;[S.l.] , Madrid;1885;30 p. , 20 cm ,;Lingüística. Literatura // Literatura española //;;"""Estrenado en el Teatro de Lara la noche del 4 de febrero de 1885""  // ""Administración lírico-dramática""  //";;;;;;;;;;;;;;;;"821.134.2-22""18""  //";;;;;;;;;;;;;;;sp;spa;;;Libro;;T/6582 //;http://bdh-rd.bne.es/viewer.vm?id=0000094731&page=1 **;http://bdh-rd.bne.es/text.vm?id=0000094731&first=1&last=43 **
bimo0001646662;Aza, Vital , 1851-1912  //;;;El pariente de todos juguete cómico en un acto y en verso;;original de Vital Aza;;[s.n.]  Imp. de José Rodríguez;;[S.l.] , Madrid;1874;39 p. , 20 cm ,;Lingüística. Literatura // Literatura española //;;"""Estrenado en el Teatro de Variedades el 9 de diciembre de 1874""  //";;;;;;;;;;;;;;;;"821.134.2-22""18""  //";;;;;;;;;;;;;;;sp;spa;;;Libro;;T/2374 //;http://bdh-rd.bne.es/viewer.vm?id=0000109702&page=1 **;http://bdh-rd.bne.es/text.vm?id=0000109702&first=1&last=49 **
bimo0001646663;Aza, Vital , 1851-1912  //;;;Parientes lejanos juguete cómico en dos actos y en verso;;original de Vital Aza;;[s.n.]  Imp. de José Rodríguez;;Madrid;1881;66 p. , 20 cm ,;Lingüística. Literatura // Literatura española //;;"""Estrenado en el Teatro de Lara el día 21 de noviembre de 1881""  // ""Administración Lírico-Dramática""--Cubierta  //";;;;;;;;;;;;;;;;"821.134.2-22""18""  //";;;;;;;;;;;;;;;sp;spa;;;Libro;;T/2913 //;http://bdh-rd.bne.es/viewer.vm?id=0000094658&page=1 **;http://bdh-rd.bne.es/text.vm?id=0000094658&first=1&last=79 **
bimo0001646667;Aza, Vital , 1851-1912  //;;;Pérez y Quiñones comedia en un acto y en prosa;;original de Vital Aza;;[s.n.]  Imp. de José Rodríguez;;Madrid;1878;26 p. , 20 cm ,;Lingüística. Literatura // Literatura española //;;"""Estrenada en el Teatro de Variedades la noche del 6 de mayo de 1878""  // ""Administración Lírico-Dramática""--Cubierta  //";;;;;;;;;;;;;;;;"821.134.2-22""18""  //";;;;;;;;;;;;;;;sp;spa;;;Libro;;T/9560 //;http://bdh-rd.bne.es/viewer.vm?id=0000094449&page=1 **;http://bdh-rd.bne.es/text.vm?id=0000094449&first=1&last=39 **
bimo0001646672;Aza, Vital , 1851-1912  //;;;San Sebastián, mártir comedia en tres actos y en prosa;;original de Vital Aza;;[s.n.]  Estab. Tip. de M.P. Montoya y Compañía;;[S.l.] , Madrid;1885;89 p. , 20 cm ,;Lingüística. Literatura // Literatura española //;;"""Estrenada en el Teatro de la Comedia la noche del 29 de enero de 1885""  // ""Administración lírico-dramática""--Cubierta  //";;;;;;;;;;;;;;;;"821.134.2-22""18""  //";;;;;;;;;;;;;;;sp;spa;;;Libro;;T/2316 //;http://bdh-rd.bne.es/viewer.vm?id=0000109727&page=1 **;http://bdh-rd.bne.es/text.vm?id=0000109727&first=1&last=103 **
bimo0001646683;Aza, Vital , 1851-1912  //;;;El sueño dorado comedia en un acto y en prosa;;original de Vital Aza;;[s.n.]  R. Velasco, imp.;;[S.l.] , Madrid;1890;42 p. , 20 cm ,;Lingüística. Literatura // Literatura española //;;"""Estrenada en el Teatro Lara el 11 de marzo de 1890""  // ""Administración lírico-dramática""--Cubierta  //";;;;;;;;;;;;;;;;"821.134.2-22""18""  //";;;;;;;;;;;;;;;sp;spa;;;Libro;;T/12870 //;http://bdh-rd.bne.es/viewer.vm?id=0000110037&page=1 **;http://bdh-rd.bne.es/text.vm?id=0000110037&first=1&last=57 **
bimo0001646687;Aza, Vital , 1851-1912  //;;;Tiquis miquis comedia en un acto y en prosa;;original de Vital Aza;;[s.n.]  Estab. Tip. de M.P. Montoya y Compañía;;Madrid;1883;32 p. , 20 cm ,;Lingüística. Literatura // Literatura española //;;"""Estrenada en el Teatro Lara la noche del 23 de noviembre de 1883""  // ""Administración Lírico-Dramática""--Cubierta  //";;;;;;;;;;;;;;;;"821.134.2-22""18""  //";;;;;;;;;;;;;;;sp;spa;;;Libro;;T/9461 //;http://bdh-rd.bne.es/viewer.vm?id=0000094444&page=1 **;http://bdh-rd.bne.es/text.vm?id=0000094444&first=1&last=47 **
bimo0001646689;Aza, Vital , 1851-1912  //;;;Los tocayos juguete cómico en un acto y en prosa;;original de Vital Aza;;[s.n.]  R. Velasco, imp.;;[S.l.] , Madrid;1886;38 p. , 20 cm ,;Lingüística. Literatura // Literatura española //;;Consta que fue estrenado en el Teatro Lara, el 4 de diciembre de 1886  //;;;;;;;;;;;;;;;;"821.134.2-22""18""  //";;;;;;;;;;;;;;;sp;spa;;;Libro;;T/13800 //;http://bdh-rd.bne.es/viewer.vm?id=0000110029&page=1 **;http://bdh-rd.bne.es/text.vm?id=0000110029&first=1&last=55 **
bimo0001646694;Aza, Vital , 1851-1912  //;;;Venta de Baños sainete en un acto y en prosa;;original de Vital Aza;;[s.n.]  R. Velasco imp.;;[S.l.] , Madrid;1897;42 p. , 20 cm ,;Lingüística. Literatura // Literatura española //;;"""Administración Lírico-Dramática""--Cubierta  //";;;;;;;;;;;;;;;;"821.134.2-22""18""  //";;;;;;;;;;;;;;;sp;spa;;;Libro;;T/14036 //;http://bdh-rd.bne.es/viewer.vm?id=0000110030&page=1 **;http://bdh-rd.bne.es/text.vm?id=0000110030&first=1&last=63 **
bimo0001712383;Barañano y Gutiérrez, Policarpo  // Gómez, Máximo , 1836-1905  //;;;"El Convenio del Zanjón por Máximo Gómez recopilación de los artículos publicados en ""El Imparcial"" de Trinidad, estractando y comentando el folleto dado a luz en Jamaica ...";;;;"[s.n.]  Imp. de ""El Imparcial""";;[S.l.] , Trinidad, [Cuba];1884;24 p. , 22 cm ,;Hispanoamérica // Geografía. Biografías. Historia // Historia de América Latina //;;Autor: Policarpo Barañano y Gutiérrez (Bibliografía de la revolución de Yara. Habana, 1908)  //;;;;;;;;Gómez, Máximo --  // Cuba -- Historia -- 1868-1878 (Guerra de los Diez Años) --  //;;;;;;;;"(729.1)  //  929 Gómez, Máximo  //  94(729.1)""1868/78""  //";;;;;;;;;;;;;;;cu;spa;;;Libro;;HA/14624 //;http://bdh-rd.bne.es/viewer.vm?id=0000085373&page=1 **;http://bdh-rd.bne.es/text.vm?id=0000085373&first=1&last=28 **
bimo0002184119;Lesage, Alain-René , 1668-1747  // Poitevin, Prosper  //;;[Obra selecta] //;Oeuvres de Lesage;;;Nouvelle éd. précédée d'une notice biographique et littéraire /,par Prosper Poitevin;Auguste Desrez;;Paris;1838;VIII, 748 p., [5] h. de lám. , 27 cm ,;Panthéon littéraire. Littérature française //;"Le Diable boiteux ; Gil Blas ; Le Bachelier de Salamanque ; Guzman d'Alfarache ; Théâtre// Le Diable boiteux ; Gil Blas ; Le Bachelier de Salamanque ; Guzman d'Alfarache ; Théâtre//";;;;;;;;;;;;;;;;;"821.133.1-82""17""  //";;;;;;;;;;;;;;;fr;fre;;;Libro;;6/9024<38> //;http://bdh-rd.bne.es/viewer.vm?id=0000134182&page=1 ** http://bdh-rd.bne.es/viewer.vm?id=0000134182&page=219 ** http://bdh-rd.bne.es/viewer.vm?id=0000134182&page=412 **;http://bdh-rd.bne.es/text.vm?id=0000134182&first=1&last=218 ** http://bdh-rd.bne.es/text.vm?id=0000134182&first=219&last=411 ** http://bdh-rd.bne.es/text.vm?id=0000134182&first=412&last=425 **
bimo0001398144;Rubio y Galí, Federico , 1827-1902  //;;;Discurso pronunciado por D. Federico Rubio G., ante la municipalidad de Guatemala y acompañamiento oficial, el día 15 de setiembre de 1885, con motivo de la celebración del LXIV aniversario de la Independencia de Centro América;Discurso pronunciado en la ciudad de Guatemala con motivo del LXIV aniversario de la Independencia en Centro-América  //;;;[s.n.]  [Tip. de Arenales];;[S.l.] , [Guatemala];1885;8 p. , 21 cm ,;Independencia Americana // Geografía. Biografías. Historia // Historia de América Latina //;;;;;;;;;;Guatemala -- Historia -- 1821-1839 (Guerra de la Independencia) --  //;;;;;;;;"(728.1)  //  94(728.1)""1821/39""  //";;;;;;;;;;;;;;;gt;spa;;;Libro;;HA/18546 //;http://bdh-rd.bne.es/viewer.vm?id=0000125177&page=1 **;http://bdh-rd.bne.es/text.vm?id=0000125177&first=1&last=16 **
bimo0002390352;Price, Jorge W. , n. 1853  //;;;Memoria histórica del fundador y director de la Academia Nacional de Música desde su fundación hasta diciembre de 1887;;[Jorge W. Price];Edición oficial;"Imp. de ""La luz""";;Bogota;1888;[1] h., 97 p. , 24 cm ,;;;"Autor tomado de la página preliminar  // En la portada: ""Imp. de ""La luz""; director, Marco A. Gómez""  //";;;;;;;;Academia Nacional de Música de Bogotá -- Memorias--  //;;;;;;;;78  //;;;;;;;;;;;;;;;ck;spa;;;Libro;;M.FOLL/100/22 //;http://bdh-rd.bne.es/viewer.vm?id=0000090907&page=1 **;http://bdh-rd.bne.es/text.vm?id=0000090907&first=1&last=106 **
bimo0001584030;Walker, John , 1732-1807  // Davenport, R. A.  //;;;"Walker's pronouncing dictionary, and expositor of the English language : in which the meaning of every word is clearly explained and the sound of every syllable distinctly shown; exhibiting the principles of a pure and correct pronunciation ...";;;A new edition,carefully revised and corrected, by R. A. Davenport;Printed for T. Tegg & Son;;London;1837;XX, 591 p. , 16 cm ,;Lingüística. Literatura // Lingüística y lenguas //;;;;;;;;;;Lengua inglesa -- Diccionarios --  //;;;;;;;;(038)=111  //  81  //;;;;;;;;;;;;;;;xx;eng;;;Libro;;U/8868 //;http://bdh-rd.bne.es/viewer.vm?id=0000083682&page=1 **;http://bdh-rd.bne.es/text.vm?id=0000083682&first=1&last=619 **
bimo0001739087;;España Ministerio de Ultramar  // Consejo de Filipinas y de las Posesiones del Golfo de Guinea (España)  //;;Organización y reglamento del Consejo de Filipinas y de las posesiones del Golfo de Guinea;;;;[s.n.]  Lucas Polo, imp.;;[S.l.] , Madrid;1890;19 p. , 23 cm ,;Ciencias sociales // Derecho. Administración pública //;;;;;;;;;;Consejo de Filipinas y de las Posesiones del Golfo de Guinea (España) -- Legislación--  // Consejo de Filipinas y de las Posesiones del Golfo de Guinea (España) -- Reglamentos--  //;;;;;;;;"354.12(460).075.7""1890""(094.5)  //  (599)  //";;;;;;;;;;;;;;;sp;spa;;;Libro;;HA/32415 //;http://bdh-rd.bne.es/viewer.vm?id=0000120066&page=1 **;http://bdh-rd.bne.es/text.vm?id=0000120066&first=1&last=23 **
bima0000001186;Álvarez Borjes, Juan  // Reina, Francisco de la , ca. 1506-ca. 1562  // Vinuesa, Juan de  // Álvarez Borjes, Juan -ed.  // García Infanzón, Juan , fl. 1676-1707 -imp.  //;;;Practica y obseruaciones pertenecientes al arte de albeyteria ...;;compuestas por Iuan Aluarez Borjes;Y añadido aora nueuamente el Arte de herrar,que escrivieron ... Francisco de la Reyna y Juan de Vinuesa ...;por Iuan Garcia Infançon  hallarase en casa del autor;;En Madrid;1680;"[16], 200, [4]; 47 p. , 4º ,";Ciencias aplicadas. Tecnología // Ganadería. Veterinaria //;;Sign.: ¶-2¶±4÷, A-Z±4÷, 2A-2B±4÷, 2C±2÷, A-F±4÷  // Port. con orla tip.  // Esc. xil. en ¶÷2±  // Grab. xil. en p. 160  // En ¶÷2± esc. xil.  //;;;;;;;;;;Madrid, España //;;;;;;636  //;;;;;;;;;;;;;;;sp;spa;;;Libro;;R/10937 //;http://bdh-rd.bne.es/viewer.vm?id=0000088676&page=1 **;http://bdh-rd.bne.es/text.vm?id=0000088676&first=1&last=271 **
bima0000057064;Perrault, Nicolas  // Tonge, Ezerel , 1621-1680 -trad.  // Starkey, John -imp.  //;;[La Morale des Jesuites. Inglés] //;The Jesuits Morals or The principal errors which the Jesuits have introduced into Christian morality faithfully extracted out of their own books, which are printed by the permission and approbation of the Superiours of their Society;The principal errors which the Jesuits have introduced into Christian morality  //;englished by Ezerel Tonge, D.D. who first discovered this horrid popish plot to His Majesty, and who was (if it took effect) to have been killed for publishing this book;;printed for John Starkey ...;;London;1679;[30], 180, 185-392, [4] p. , Fol. ,;Religión. Teología // Cristianismo. Historia eclesiástica //;;Un traducción de Ezerel Tonge, de la obra de Nicholas Perrault, Morale des jêsuites  // Sign.: [ ]², A⁴, a-b⁴, c¹, A-Y⁴, Z², 2A-2Z⁴, 3A-3B⁴, 3C⁶  // Texto con apostillas marginales  //;;;;;;;;Jesuitas -- Obras de controversia--  // Complot papista, 1678 --  //;;Londres, Reino Unido //;;;;;;26  //;;;;;;;;;;;;;;;xx;eng;;;Libro;;U/6904 //;http://bdh-rd.bne.es/viewer.vm?id=0000005166&page=1 ** http://bdh-rd.bne.es/viewer.vm?id=0000005166&page=217 **;http://bdh-rd.bne.es/text.vm?id=0000005166&first=1&last=216 ** http://bdh-rd.bne.es/text.vm?id=0000005166&first=217&last=433 **
bimo0001013158;;;;El impuesto de cédulas personales;;;;[s.n.]  Imp. de J. Atayde y Compañía, a cargo de I. Regalado;;[S.l.] , Manila;1894;55 p. , 22 cm ,;Hispanoamérica // Ciencias sociales // Economía //;;Índice  //;;;;;;;;Impuesto de cédulas personales -- Filipinas --  //;;;;;;;;336.226.11(599)  //;;;;;;;;;;;;;;;ph;spa;;;Libro;;HA/14531 //;http://bdh-rd.bne.es/viewer.vm?id=0000114926&page=1 **;http://bdh-rd.bne.es/text.vm?id=0000114926&first=1&last=61 **
bimo0001732218;;;;Circular para la liquidación definitiva y formalización de los ingresos y pagos del presupuesto de 1864 y 65 y anteriores que con él están enlazados;Islas Filipinas: hacienda y contabilidad  //;;;[s.n.]  Estab. Tip. Amigos del País, a cargo de E. Plana Jorba;;[S.l.] , Manila;1865;19 p. , 22 cm ,;Hispanoamérica // Ciencias sociales // Economía //;;;;;;;;;;Presupuestos -- Filipinas --  // Hacienda pública -- Contabilidad -- Filipinas --  //;;;;;;;;336.146(599)  //;;;;;;;;;;;;;;;ph;spa;;;Libro;;HA/14644 //;http://bdh-rd.bne.es/viewer.vm?id=0000115020&page=1 **;http://bdh-rd.bne.es/text.vm?id=0000115020&first=1&last=24 **
bima0000012209;Ezcaray, Antonio de (O.F.M.)  // López de Haro, Tomás , fl. 1678-1693 -impresor  //;;;Vozes del dolor : nacidas de la multitud de pecados que se cometen por los trages profanos, afeytes, escotados ... que ... ha introducido el infernal Dragon ...;;dabalas Fr. Antonio de Ezcaray ...;;por Thomas Lopez de Haro  a expensas de vnos amigos y hermanos espirituales del autor;;En Sevilla;1691;[36], 354, [10] p. , 4º ,;Religión. Teología //;;El dato de editor precede al pie de imprenta  // Sign.: *-****², *****², A-Z⁴, Aa-Yy⁴, Zz²  //;;;;;;;;España -- Usos y costumbres --  //;;Sevilla, España //;;;;;;"241(02)""16""  //";;;;;;;;;;;;;;;sp;spa;;;Libro;;R/9112 //;http://bdh-rd.bne.es/viewer.vm?id=0000088656&page=1 **;http://bdh-rd.bne.es/text.vm?id=0000088656&first=1&last=399 **
bimo0001355644;;Museo-Biblioteca de Ultramar (Madrid)  //;;Reglamento orgánico del Museo Biblioteca de Ultramar en Madrid;;;Ed. oficial;[s.n.]  M. Minuesa de los Ríos, impresor;;[S.l.] , Madrid;1888;13 p. , 21 cm ,;Hispanoamérica // Ciencia y cultura en general // Instituciones científicas. Exposiciones. Museos //;;;;;;;;;;Museo-Biblioteca de Ultramar (Madrid) -- Reglamentos--  //;;;;;;;;39(460-46):069(460.27 M.)(060.13)  //;;;;;;;;;;;;;;;sp;spa;;;Libro;;VC/2290/31 //;http://bdh-rd.bne.es/viewer.vm?id=0000114122&page=1 **;http://bdh-rd.bne.es/text.vm?id=0000114122&first=1&last=20 **
bimo0000720530;Coxe, William , 1747-1828  //;;;Memoirs of the Duke of Marlborough, with his original correspondence collected from the family records at Blenheim, and other authentic sources;;by William Coxe;A new ed.,revised by John Wade;Henry G. Bohn;;London;1847 - 1848;3 v. , il. , 19 cm ,;Geografía. Biografías. Historia // Biografías. Heráldica. Genealogía //;;;;;;;;;;Marlborough, John Churchill, -- Duke of --  // Gran Bretaña -- Historia -- 1702-1714 (Ana) --  //;;;;;;;;"929 Marlborough, John Churchill, Duke of  //  94(410)""1702/14""  //";;;;;;;;;;;;;;;xx;eng;;;Libro;;U/7158 // U/7159 // U/7160 //;http://bdh-rd.bne.es/viewer.vm?id=0000046952&page=1 ** http://bdh-rd.bne.es/viewer.vm?id=0000046952&page=582 ** http://bdh-rd.bne.es/viewer.vm?id=0000046952&page=1137 **;http://bdh-rd.bne.es/text.vm?id=0000046952&first=1&last=581 ** http://bdh-rd.bne.es/text.vm?id=0000046952&first=582&last=1136 ** http://bdh-rd.bne.es/text.vm?id=0000046952&first=1137&last=1639 **
bimo0001032308;;;;Instrucciones para el régimen del servicio a bordo de los vapores-correos de Filipinas propiedad del Excmo. Sr. Marqués de Campo;;;;[s.n.]  Imp. de F. Maroto e hijos;;[S.l.] , Madrid;1880;59 p., [9] h. dobles , 26 cm ,;Hispanoamérica // Ciencias aplicadas. Tecnología // Transportes. Correos. Telecomunicaciones //;;;;;;;;;;Compañía Naviera del Marqués de Campo -- Reglamentos--  //;;;;;;;;656.6:061.5(599)(060.13)  //  654  //;;;;;;;;;;;;;;;sp;spa;;;Libro;;HA/10166 //;http://bdh-rd.bne.es/viewer.vm?id=0000041109&page=1 **;http://bdh-rd.bne.es/text.vm?id=0000041109&first=1&last=98 **
bimo0001460479;Soto y Corro, Carolina de , n. 1860-ca. 1925  //;;;Americanistas ilustres, Excmo. e Ilmo.Sr. Don Ramón Elices Montes apuntes biográficos;;C.de Soto y Corro;;[s.n.]  Imp. de José Perales;;[S.l.] , Madrid;1890;38 p. , 1 retr. , 15 cm ,;;;;;;;;;;;Elices Montes, Ramón --  //;;;;;;;;929 Elices Montes, Ramón  //;;;;;;;;;;;;;;;sp;spa;;;Libro;;VC/670/4 // VC/670/4 //;http://bdh-rd.bne.es/viewer.vm?id=0000108015&page=1 **;http://bdh-rd.bne.es/text.vm?id=0000108015&first=1&last=44 **
bimo0001210837;Moya y Jiménez, Francisco Javier de , 1849-ca. 1927  //;;;El ejército y la Marina en las Cortes de Cádiz. Tomo primero;;por Francisco J. de Moya y Jiménez y Celestino Rey Joly;;[s.n.]  Tip. Comercial;;[S.l.] , Cádiz;1912;984 p. , 24 cm ,;Ciencias sociales // Derecho. Administración pública //;;;;;;;;;;;;;;;;;;355.1(460)(091)  //  34  //;;;;;;;;;;;;;;;sp;spa;;;Libro;;AHI/21231 //;http://bdh-rd.bne.es/viewer.vm?id=0000114589&page=1 **;http://bdh-rd.bne.es/text.vm?id=0000114589&first=1&last=995 **
bimo0002158460;Moya y Jiménez, Francisco Javier de , 1849-ca. 1927  //;;;La plaza de Melilla;;por el comandante de artillería Francisco J. de Moya;;[s.n.]  Imp. del Cuerpo de Artillería;;[S.l.] , Madrid;1893;14 p., [1] h. pleg. de mapa , 22 cm ,;Ciencias sociales // Derecho. Administración pública //;;Título tomado de la cubierta  // Precede al título: Memorial de Artillería  //;;;;;;;;Guerra de Melilla, 1893 --  // Melilla -- Aspectos estratégicos --  //;;;;;;;;"355.48(460:647)""1893""  //  355.43(460.38)  //";;;;;;;;;;;;;;;sp;spa;;;Libro;;SG.FOLL/220 //;http://bdh-rd.bne.es/viewer.vm?id=0000143504&page=1 **;http://bdh-rd.bne.es/text.vm?id=0000143504&first=1&last=22 **
bimo0000658308;Ceres del Villar, Juan Nepomuceno , 1815-1877  //;;;Oración inaugural leída por el doctor don Juan Nepomuceno Ceres del Villar;Solemne apertura de la Universidad Literaria de Granada  //;;;Imp. y Librería de Manuel Sanz;;Granada;1847;29 p. , 28 cm ,;;;;;;;;;;;Educación -- Historia --  //;;;;;;;;37  //  37(091)  //;;;;;;;;;;;;;;;sp;spa;;;Libro;;VC/1509/24 //;http://bdh-rd.bne.es/viewer.vm?id=0000091072&page=1 **;http://bdh-rd.bne.es/text.vm?id=0000091072&first=1&last=32 **
bimo0000685041;Cárdenas, Francisco de , 1816-1898  //;;;La Iglesia anglicana y las leyes civiles y penales de Inglaterra : memorias, notas y apuntes tomados de varias revistas extranjeras;;leídos en la Academia de Ciencias Morales y Políticas por su individuo de número el Excmo. Sr. Francisco de Cárdenas;;[s.n.]  Imp. del Colegio Nacional de Sordo-Mudos y de Ciegos;;[S.l.] , Madrid;1869;43 p. , 22 cm ,;;;;;;;;;;;Church of England --  // Derecho -- Gran Bretaña --  //;;;;;;;;283/289  //  283.1(410.1)  //  34(410)  //;;;;;;;;;;;;;;;sp;spa;;;Libro;;VC/225/37 //;http://bdh-rd.bne.es/viewer.vm?id=0000092908&page=1 **;http://bdh-rd.bne.es/text.vm?id=0000092908&first=1&last=25 **
bimo0000687793;;Colegio Militar de San Telmo (Málaga)  //;;Exposición que hacen a las Cortes el Director : I Junta de Gobierno del Colegio Militar de San Telmo : en solicitud de la igualación de sueldos de la Marina con las demás clases del Estado;;;;[s.n.]  Oficina de Luis de Carreras;;[S.l.] , Málaga;1837;19 p., [1] h. de lám. , 19 cm ,;;;;;;;;;;;Marinos -- Salarios -- España --  //;;;;;;;;"359.1:355.64(460)""18""  //";;;;;;;;;;;;;;;sp;spa;;;Libro;;VC/1819/15 //;http://bdh-rd.bne.es/viewer.vm?id=0000118448&page=1 **;http://bdh-rd.bne.es/text.vm?id=0000118448&first=1&last=26 **
bimo0000862545;Fernández-Guerra y Orbe, Aureliano , 1816-1894  //;;;Cantabria;;por Aureliano Fernández-Guerra;;[s.n.]  Imp. de Fortanet;;[S.l.] , Madrid;1878;60 p., [2] h. pleg. col. y n. , 24 cm ,;;;"""Conferencia tenida en la Sociedad Geográfica de Madrid, la noche del martes 6 de marzo de 1877""--Verso de la portada  //";;;;;;;;Cantabria (Comunidad Autónoma) -- Geografía histórica --  // Cantabria (Comunidad Autónoma) -- Historia -- Hasta S.V --  //;;;;;;;;"94(460)  //  913(460.13)"".../04""  //  94(460.13)"".../04""  //";;;;;;;;;;;;;;;sp;spa;;;Libro;;VC/1828/12 //;http://bdh-rd.bne.es/viewer.vm?id=0000093247&page=1 **;http://bdh-rd.bne.es/text.vm?id=0000093247&first=1&last=39 **
bima0000048019;Gimbernat y Grassot, Carlos de , 1768-1834  // Torner, José -imp.  //;;;Descripcion y uso de un nuevo método para preservacion del contagio de enfermedades epidémicas;;compuesto por Don Carlos de Gimbernat y Grassot ...;;Por José Torner ...;;Barcelona;1821;18 p., un h. de lam. pleg. , 4º ,;Medicina. Farmacia //;;La lámina es un grabado xilográfico  //;;;;;;;;Medicina -- España -- S.XIX --  //;;Barcelona, España //;;;;;;61  //;;;;;;;;;;;;;;;sp;spa;;;Libro;;2/27727 //;http://bdh-rd.bne.es/viewer.vm?id=0000072457&page=1 **;http://bdh-rd.bne.es/text.vm?id=0000072457&first=1&last=33 **
bimo0001413565;Sanpere i Miquel, Salvador , 1840-1915  //;;;Historia del lujo su influencia en las costumbres públicas y privadas de los pueblos y en el desarrollo del Arte;;obra escrita en vista de las principales, así antiguas como modernas, como son las de Bancroft, Baudrillat ... por Salvador Sanpere Miquel;;Font y Torrens;;Barcelona;1886;"2 v. (CLXIII, 506; 843 p.) , il. , 34 cm ,";Ciencias sociales // Etnología. Folclore //;;;;;;;;;;Lujo -- Historia --  //;;;;;;;;391.7(091)  //  391.98(091)  //;;;;;;;;;;;;;;ArtedigXIXhist;sp;spa;;;Libro;;R/9237 // R/9238 //;http://bdh-rd.bne.es/viewer.vm?id=0000013102&page=1 ** http://bdh-rd.bne.es/viewer.vm?id=0000013102&page=700 ** http://bdh-rd.bne.es/viewer.vm?id=0000013102&page=964 ** http://bdh-rd.bne.es/viewer.vm?id=0000013102&page=1556 **;http://bdh-rd.bne.es/text.vm?id=0000013102&first=1&last=699 ** http://bdh-rd.bne.es/text.vm?id=0000013102&first=700&last=963 ** http://bdh-rd.bne.es/text.vm?id=0000013102&first=964&last=1555 ** http://bdh-rd.bne.es/text.vm?id=0000013102&first=1556&last=1566 **
