idBNE;Autor Personas;Autor Entidades;Título uniforme;Título;Otros Títulos;Información asociada al título;Edición;Editorial;Editor musical;Lugar de publicación;Fecha de publicación;Descripción física;Serie;Contenido;Descripción y notas;Citas o referencias;transcripciones de interés;Procedencia;Intérpretes;Resumen;Premios;Periodicidad;Tema;Género/Forma;Lugar relacionado;Forma de la composición sonora;Forma de la composición notada;tipo material cartográfico;Proyección del mapa;Escala del mapa;CDU;Otra clasificación;id registros relacionados;información asociada a registros relacionados;id otras ediciones;información asociada a otras ediciones;id título anterior;información asociada a título anterior;id título posterior;información asociada a título posterior;ISBN;ISSN;Depósito Legal;Otros Números Normalizados;Número Bibliografía Nacional;País de publicación;Lengua de publicación;Lengua original;otras lenguas;Tipo de documento;Condiciones de uso;signatura;version_digital;texto_OCR
bimo0001642616;Amor Meilán, Manuel , 1867-1933  //;;;Desde la honradez al crimen novela contemporánea original;;por Manuel Amor Meilán;;Hijos de Cruz Gómez;;Madrid;1884;239 p. , 18 cm ,;Lingüística. Literatura // Literatura española //;;;;;;;;;;;;;;;;;;"821.134.2-31""18""  //";;;;;;;;;;;;;;;sp;spa;;;Libro;;3/1896 //;http://bdh-rd.bne.es/viewer.vm?id=0000108597&page=1 **;http://bdh-rd.bne.es/text.vm?id=0000108597&first=1&last=251 **
bimo0001642650;Amunátegui Reyes, Miguel Luis , 1862-1949  //;;;Borrones gramaticales;;por Miguel Luis Amunátegui Reyes;;[s.n.]  Imp. Cervantes;;[S.l.] , Santiago de Chile;1894;312 p. , 19 cm ,;Hispanoamérica // Lingüística. Literatura // Lingüística y lenguas //;;;;;;;;;;Lengua española -- Chile --  // Lengua española -- Gramática --  // Lengua española -- Errores de uso --  //;;;;;;;;(83)  //  811.134.2'271.14  //  811.134.2'282(83)  //  811.134.2'36  //;;;;;;;;;;;;;;;cl;spa;;;Libro;"Acceso y/o uso restringido. La presente obra presenta restricciones en cuanto a su reproducción, distribución, comunicación pública o transformación; no obstante y en virtud del artículo 37 del Texto refundido de la Ley de Propiedad Intelectual (TRLPI), la Biblioteca Nacional de España está autorizada a la reproducción y a la comunicación de obras, mediante red cerrada e interna, a efectos de investigación (artículo 37, RDL 1/1996, de 12 de abril, revisada el 5 noviembre de 2015); sin perjuicio de las copias que puedan obtenerse en la BNE para uso privado, para ejercer cualquier otro de los derechos de explotación previstos en la TRLPI, el usuario deberá contactar con el correspondiente titular o la entidad de gestión encargada de representar al titular.//";HA/2926 //;http://bdh-rd.bne.es/viewer.vm?id=0000045572&page=1 **;http://bdh-rd.bne.es/text.vm?id=0000045572&first=1&last=325 **
bimo0001642657;Amunátegui Reyes, Miguel Luis , 1862-1949  //;;;Enrique Cood;;por Miguel Luis Amunátegui Reyes;;[s.n.]  Imp. Cervantes;;Santiago de Chile;1888;"152 p , ; 19 cm ,";;;;;;;;;;;;;;;;;;;;;;;;;;;;;;;;;;cl;spa;;;Libro;"Acceso y/o uso restringido. La presente obra presenta restricciones en cuanto a su reproducción, distribución, comunicación pública o transformación; no obstante y en virtud del artículo 37 del Texto refundido de la Ley de Propiedad Intelectual (TRLPI), la Biblioteca Nacional de España está autorizada a la reproducción y a la comunicación de obras, mediante red cerrada e interna, a efectos de investigación (artículo 37, RDL 1/1996, de 12 de abril, revisada el 5 noviembre de 2015); sin perjuicio de las copias que puedan obtenerse en la BNE para uso privado, para ejercer cualquier otro de los derechos de explotación previstos en la TRLPI, el usuario deberá contactar con el correspondiente titular o la entidad de gestión encargada de representar al titular.//";DGMICRO/67894 //;http://bdh-rd.bne.es/viewer.vm?id=0000051426&page=1 **;http://bdh-rd.bne.es/text.vm?id=0000051426&first=1&last=166 **
bimo0001642669;Anacreonte  // Simón, A.  // Vaamonde, Florencio , 1860-1925  //;;;Odas de Anacreonte;;versión gallega de Florencio Vaamonde;;[s.n.]  Emprenta e libreiria de Carré;;A Cruña;1897;"XVI, 152 p., [1] h. de lám. pleg. , ; 13 cm ,";;;"La h. de grab. calc.: ""A. Simón""  //";;;;;;;;;;;;;;;;;;;;;;;;;;;;;;;sp;glg;;glg // grc //;Libro;;DGMICRO/63332 //;http://bdh-rd.bne.es/viewer.vm?id=0000065821&page=1 **;http://bdh-rd.bne.es/text.vm?id=0000065821&first=1&last=187 **
bimo0001642702;Anchorena, Tomás Manuel de  //;;;Disertación sobre la inteligencia erronea que dan los jurisconsultos españoles a la Ley diez de Toro sostenida en la Universidad de Buenos Aires;;corregida después y publicada por el Dr. Tomás Manuel de Anchorena;;[s.n.]  Imp. Argentina;;[S.l.] , Buenos Aires;1837;42 p. , 21 cm ,;Ciencias sociales // Derecho. Administración pública //;;;;;;;;;;Castilla (Reino) --  // Hijos naturales -- España --  // Herencias y sucesiones -- España --  //;;;;;;;;347.632(460.18)  //  347.65(460.18)  //;;;;;;;;;;;;;;;ag;spa;;;Libro;;HA/787 //;http://bdh-rd.bne.es/viewer.vm?id=0000090395&page=1 **;http://bdh-rd.bne.es/text.vm?id=0000090395&first=1&last=49 **
bimo0001642912;Angulo, José R.  //;;;Nociones generales de la historia de España : desde los tiempos primitivos hasta el año de 1843 que fue declarada mayor de edad S. M. la reina Doña Isabel II;;redactados, para uso de los educadores, por José R. Angulo;;[s.n.]  Imp. de Rufino la Sota;;[S.l.] , adrid;1844;214 p., [2] h. de lám. , 23 cm ,;;;;;;;;;;;España -- Historia --  //;;;;;;;;94(460)  //;;;;;;;;;;;;;;;sp;spa;;;Libro;;DGMICRO/50107 //;http://bdh-rd.bne.es/viewer.vm?id=0000057763&page=1 **;http://bdh-rd.bne.es/text.vm?id=0000057763&first=1&last=230 **
bimo0001643039;Antoine de Saint Gervais, A.  // Rementería y Fica, Mariano de , 1786-1841  //;;[Les beautés de la nature. Español] //;Las bellezas de la naturaleza o descripción de los árboles, plantas, cataratas, fuentes ...;;"por Antoine ; traducido del francés por Mariano de Rementería y Fica";;[s.n.]  Imp. de E. Aguado;;[S.l.] , Madrid;1832;256 p. , 16 cm ,;;;Título original: Les beautés de la nature  //;;;;;;;;Naturaleza --  //;;;;;;;;502  //;;;;;;;;;;;;;;;sp;spa;fre;spa //;Libro;;1/40010 //;http://bdh-rd.bne.es/viewer.vm?id=0000105187&page=1 **;http://bdh-rd.bne.es/text.vm?id=0000105187&first=1&last=267 **
bimo0001643077;Antonio María Claret, Santo , 1807-1870  //;;;Apéndices a la carta pastoral dirigida por el Excmo. e Illmo. Señor D. Antonio María Clará, Arzobispo de Cuba al venerable clero de su diócesis;;;;[s.n.]  Imp. de Miguel A. Martínez;;[S.l.] , Santiago de Cuba;1853;70 p. , 19 cm ,;Religión. Teología // Cristianismo. Historia eclesiástica //;;;;;;;;;;Clero -- Cuba --  //;;;;;;;;(729.1)  //  262.14(729.1):253  //;;;;;;;;;;;;;;;cu;spa;;;Libro;;VC/601/3 //;http://bdh-rd.bne.es/viewer.vm?id=0000079965&page=1 **;http://bdh-rd.bne.es/text.vm?id=0000079965&first=1&last=74 **
bimo0001643191;;;;Sor Apolonia Andriveau, hija de la Caridad y el Escapulario de la Pasión;;;;[s.n.]  Imp. del Seminario de S. Carlos;;[S.l.] , Cebú;1900;374 p. , 17 cm ,;Religión. Teología // Teología //;;;;;;;;;;Andriveau, Apolline --  // Escapularios --  //;;;;;;;;248.158  //  929 Andriveau, Apolline  //;;;;;;;;;;;;;;;ph;spa;;;Libro;;1/2895 //;http://bdh-rd.bne.es/viewer.vm?id=0000097731&page=1 **;http://bdh-rd.bne.es/text.vm?id=0000097731&first=1&last=379 **
bimo0001643321;Byzantinus  // Ramírez, Carlos María , 1848-1898  //;;;"Bosquejos políticos polémica entre Byzantinus y el Director de ""la Razón"" Dr. Carlos M. Ramírez";;;;A. Barreiro y Ramos;;Montevideo;1896;VIII, 169 p. , 23 cm ,;Hispanoamérica // Geografía. Biografías. Historia // Historia de América Latina //;;;;;;;;;;Ramírez, Carlos María --  // Finanzas -- Uruguay -- Historia --  // Uruguay -- Historia -- 1830-1875 --  //;;;;;;;;"32(899)""18""  //";;;;;;;;;;;;;;;uy;spa;;;Libro;;HA/4842 //;http://bdh-rd.bne.es/viewer.vm?id=0000124755&page=1 **;http://bdh-rd.bne.es/text.vm?id=0000124755&first=1&last=187 **
bimo0001643508;Arbolí y Faraúdo, Servando , 1840-1908  //;;;Oración fúnebre que, en el tercer día de las solemnes exequias celebradas en la Santa Iglesia Metropolitana de Granada, en sufragio por el alma del Excmo. e Ilmo. Sr. D. Salvador José de Reyes, García de Lara, dignísimo arzobispo que fue de esta Diócesis, etc., pronunció el Dr. D. Servando Arbolí ...;;;;Imp. y Librería de D. Gerónimo Alonso;;Granada;1865;18 p. , 22 cm ,;Geografía. Biografías. Historia // Biografías. Heráldica. Genealogía //;;;;;;;;;;Reyes García de Lara, Salvador José de -- Exequias --  //;;;;;;;;929 Reyes García de Lara, Salvador José de  //;;;;;;;;;;;;;;;sp;spa;;;Libro;;VC/12584/15 //;http://bdh-rd.bne.es/viewer.vm?id=0000113209&page=1 **;http://bdh-rd.bne.es/text.vm?id=0000113209&first=1&last=24 **
bimo0001643512;Arbolí y Faraúdo, Servando , 1840-1908  //;;;Sermón predicado en la Iglesia del Monasterio de Religiosas de la Purísima Concepción de Granada, en la solemne función celebrada el 16 de diciembre de 1869 por la Real e Ilustre Hermandad de la Inmaculada Virgen, erigida canónica y civilmente en la expresada Iglesia ...;Corona poética a la Inmaculada Virgen María;por el doctor D. Servando Arbolí. Y Corona poética a la Inmaculada Virgen María;;Lib. de Paulino Ventura y Sabatel;;Granada;1870;40 p. , 22 cm ,;Religión. Teología // Teología //;;;;;;;;;;Inmaculada Concepción -- Sermones --  // Inmaculada Concepción -- Poesías --  // Poesías religiosas españolas -- S.XIX --  //;;;;;;;;"232.931:252  //  232.931(0:82)  //  821.134.2-14""18""(082.2)  //";;;;;;;;;;;;;;;sp;spa;;;Libro;;VC/935/29 //;http://bdh-rd.bne.es/viewer.vm?id=0000051762&page=1 **;http://bdh-rd.bne.es/text.vm?id=0000051762&first=1&last=54 **
bimo0001643524;Pagaza, Joaquín Arcadio , 1839-1918  // Peña, Rafael Ángel de la , 1837-1906  //;;;Murmurios de la selva ensayos poéticos;;"por Joaquín Arcadio Pagaza ; con prólogo por Rafael Ángel de la Peña";;[s.n.]  Imp. de Francisco Díaz de León;;[S.l.] , México [D.F.];1887;XXXIX, 215 p., [1] h. de lám. , 25 cm ,;Lingüística. Literatura // Literatura hispanoamericana //;;;;;;;;;;;;;;;;;;"(72)  //  821.134.2(72)-14""18""  //";;;;;;;;;;;;;;;mx;spa;;;Libro;;4/15685 //;http://bdh-rd.bne.es/viewer.vm?id=0000098329&page=1 **;http://bdh-rd.bne.es/text.vm?id=0000098329&first=1&last=265 **
bimo0001643632;Arco y Molinero, Ángel del , 1862-1925  // Arco y Molinero, Ángel del , 1862-1925  //;;[El juicio de Dios] //;Dos poesías;;Ángel del Arco y Molinero;;[s.n.]  Estab. Tip. de F. Arís e Hijo;;[S.l.] , Tarragona;1896;23 p. , 22 cm ,;Lingüística. Literatura // Literatura española //;"El juicio de Dios ; En el campo// El juicio de Dios ; En el campo//";"""Laureadas con el Premio de Honor y el Segundo Premio en los Juegos Florales celebrados por el Excmo. Ayuntamiento de Zaragoza el 17 de octubre del corriente año""  //";;;;;;;;;;;;;;;;"821.134.2-14""18""  //";;;;;;;;;;;;;;;sp;spa;;;Libro;;VC/206/22 //;http://bdh-rd.bne.es/viewer.vm?id=0000092328&page=1 **;http://bdh-rd.bne.es/text.vm?id=0000092328&first=1&last=28 **
bimo0001643900;Arlincourt, Charles-Victor Prévost d' , 1789-1856  //;;[L'Italie rouge. Español] //;La Italia roja : o historia de las revoluciones de Roma, Nápoles, Palermo, Mesina, Florencia, Parma, Módena, Turín, Milán y venecia, desde el advenimiento del Papa Pio IX ...;;"escrita en francés por el Vizconde de Arlincourt ; y traducida al castellano de la última edición en la redacción de La Paz";;[s.n.]  Imp. de La Paz;;[S.l.] , Sevilla;1851;XVIII, 186 p. , 22 cm ,;;;Título original: L'Italie rouge  //;;;;;;;;Pío -- IX, -- Papa, Beato --  // Italia -- Historia -- 1848 (Revolución) --  //;;;;;;;;"94(4)  //  929 Pío IX, Papa, Beato  //  94(450)""1848""  //";;;;;;;;;;;;;;;sp;spa;fre;spa //;Libro;;4/141280 //;http://bdh-rd.bne.es/viewer.vm?id=0000141106&page=1 **;http://bdh-rd.bne.es/text.vm?id=0000141106&first=1&last=215 **
bimo0001644132;Arolas, Juan , 1805-1849  //;;[Obra selecta] //;Poesías caballerescas y orientales;;de J. Arolas;3ª ed. aum.;[s.n.]  Imp. de Ferrer y Aisa;;[S.l.] , Valencia;1860;XII, 386 p. , 22 cm ,;Lingüística. Literatura // Literatura española //;;;;;;;;;;;;;;;;;;"821.134.2-14""18""  //";;;;;;;;;;;;;;;sp;spa;;;Libro;;1/72738 //;http://bdh-rd.bne.es/viewer.vm?id=0000045623&page=1 **;http://bdh-rd.bne.es/text.vm?id=0000045623&first=1&last=419 **
bimo0001644340;Artiñano y Zuricalday, Arístides de , 1840-1911  //;;;El señorío de Bizcaya, histórico y foral;;por Arístides de Artiñano y Zuricalday;;La Peninsular;;Barcelona;1885;XVI, 487 p. , 23 cm ,;Geografía. Biografías. Historia // Historia de España //;;;;;;;;;;Fueros -- Vizcaya --  // Vizcaya -- Historia --  //;;;;;;;;34(460.152)  //  94(460.152)  //;;;;;;;;;;;;;;;sp;spa;;;Libro;;4/22547 //;http://bdh-rd.bne.es/viewer.vm?id=0000079831&page=1 **;http://bdh-rd.bne.es/text.vm?id=0000079831&first=1&last=527 **
bimo0001644395;Asensi, Julia de , 1859-1921  //;;;Cocos y hadas : cuentos para niñas y niños;;"por Julia de Asensi ; ilustrados con dibujos de varios artistas";;Librería de Antonio J. Bastinos, ed.  Hijos de Jaime Jepús, imp.;;Barcelona;1899;84 p. , il. , 19 cm ,;Biblioteca Elvira //;;;;;;;;;;;;;;;;;;087.5:82  //;;;;;;;;;;;;;;;sp;spa;;;Libro;;1/75183 //;http://bdh-rd.bne.es/viewer.vm?id=0000098144&page=1 **;http://bdh-rd.bne.es/text.vm?id=0000098144&first=1&last=95 **
bimo0001644437;;;;El asesinato del obispo de Madrid-Alcalá;;;;[s.n.]  Imp. de Juan Iniesta;;[S.l.] , Madrid;1886;32 p. , 16 cm ,;Geografía. Biografías. Historia // Biografías. Heráldica. Genealogía //;;;;;;;;;;Martínez Izquierdo, Narciso -- Asesinato --  // Galeote, Cayetano -- Procesos --  //;;;;;;;;34.096 Galeote, Cayetano  //  929 Galeote, Cayetano  //  929 Martínez Izquierdo, Narciso  //;;;;;;;;;;;;;;;sp;spa;;;Libro;;VC/2708/44 //;http://bdh-rd.bne.es/viewer.vm?id=0000083989&page=1 **;http://bdh-rd.bne.es/text.vm?id=0000083989&first=1&last=36 **
bimo0001644596;Asquerino, Eduardo , 1826-1881  //;;;Ecos del alma colección de poesías escogidas, leyendas religiosas, tradiciones mexicanas, y obras dramáticas;;obras originales del poeta español Eduardo Asquerino;2ª ed. aum.;Estab. Tip. de Andrés Boix, Editor;;México;1856;XV, 409 p. , 23 cm ,;Lingüística. Literatura // Literatura española // Biblioteca del pueblo //;;;;;;;;;;;;;;;;;;"821.134.2-14""18""  //";;;;;;;;;;;;;;;mx;spa;;;Libro;;HA/78 //;http://bdh-rd.bne.es/viewer.vm?id=0000099009&page=1 **;http://bdh-rd.bne.es/text.vm?id=0000099009&first=1&last=439 **
bimo0001644661;Asuar y Llobregad, José  //;;;Método racional de lectura : o sea primer libro de los niños;;por José Asuar y Llobregad;;[s.n.]  Imp. de Ferrer de Orga;;[S.l.] , Valencia;1878;32 p. , 15 cm ,;;;;;;;;;;;Lectura -- Libros escolares --  //;;;;;;;;37  //  372.4(07)  //;;;;;;;;;;;;;;;sp;spa;;;Libro;;VC/2719/50 //;http://bdh-rd.bne.es/viewer.vm?id=0000041805&page=1 **;http://bdh-rd.bne.es/text.vm?id=0000041805&first=1&last=40 **
bimo0001644793;Audot, Louis-Eustache , 1783-1870  //;;;La cuisinnière de la campagne et de la ville ou Nouvelle cuisine economique...;;par L. E. Audot;44e ed. mise au courant du progrés annuel;Audot  Tip. de Henri Plon;;Paris;1865;"667, 12 p. , : il. , ; 20 cm ,";;;;;;;;;;;;;;;;;;;;;;;;;;;;;;;;;;fr;fre;;;Libro;;DGMICRO/49342 //;http://bdh-rd.bne.es/viewer.vm?id=0000045146&page=1 ** http://bdh-rd.bne.es/viewer.vm?id=0000045146&page=345 **;http://bdh-rd.bne.es/text.vm?id=0000045146&first=1&last=344 ** http://bdh-rd.bne.es/text.vm?id=0000045146&first=345&last=688 **
bimo0001644843;Pilares, Ramón Auñón y Villalón, Marqués de , 1844-1925  //;;;Discursos pronunciados en el Congreso en defensa de la Marina por el capitán de navío, diputado a Cortes Ramón Auñón y Villalón en los dias 7, 14, 22 y 23 de febrero, 4, 7 y 8 de mayo y 18 de junio de 1895;;;;Estab. Tip. Sucesores de Rivadeneyra;;Madrid;1895;120 p. , 1 retr. , 23 cm ,;Ciencias sociales // Derecho. Administración pública //;;;;;;;;;;España -- Política naval --  //;;;;;;;;"355.02(460):359""18""  //";;;;;;;;;;;;;;;sp;spa;;;Libro;;VC/459/20 //;http://bdh-rd.bne.es/viewer.vm?id=0000110925&page=1 **;http://bdh-rd.bne.es/text.vm?id=0000110925&first=1&last=130 **
bimo0001644844;Pilares, Ramón Auñón y Villalón, Marqués de , 1844-1925  //;;;Discursos pronunciados en el Congreso de los Diputados por el Capitán de Navío D. Ramón Auñon y Villalón diputado a Cortes por la cricunscripción de Cádiz, y Presidente de la subcomisión de presupuestos de Guerra y Marina;;;;[s.n.]  Tip. Litogr. Popular;;[S.l.] , Cádiz;1893;94 p. , 22 cm ,;Ciencias sociales // Derecho. Administración pública //;;;;;;;;;;Fuerzas armadas -- Presupuestos -- España --  //;;;;;;;;355.6(460)  //;;;;;;;;;;;;;;;sp;spa;;;Libro;;VC/459/15 //;http://bdh-rd.bne.es/viewer.vm?id=0000110920&page=1 **;http://bdh-rd.bne.es/text.vm?id=0000110920&first=1&last=100 **
bimo0001645239;Arbolí y Faraúdo, Servando , 1840-1908  //;;;Memoria respectiva a las tareas, reformas y adquisiciones hechas en la Biblioteca Capitular-Colombina desde principios de 1878 a fin de 1888;;;;[s.n.]  Tip. de El Obrero de Nazaret, de Carlos de Torres y Daza;;[S.l.] , Sevilla;1889;106 p. , 23 cm ,;Ciencia y cultura en general // Bibliotecas //;;Autor (p. [3]): Servando Arbolí  //;;;;;;;;Biblioteca Capitular y Colombina --  //;;;;;;;;027(460.353 S.)  //;;;;;;;;;;;;;;;sp;spa;;;Libro;;1/8067 //;http://bdh-rd.bne.es/viewer.vm?id=0000112374&page=1 **;http://bdh-rd.bne.es/text.vm?id=0000112374&first=1&last=119 **
bimo0001645419;Alarcón, Pedro Antonio de , 1833-1891  //;;;La pródiga novela;;por Pedro Antonio de Alarcón;;[s.n.]  Imp. de A. Pérez Dubrull;;[S.l.] , Madrid;1882;384 p. , 18 cm ,;Lingüística. Literatura // Literatura española // Colección de escritores castellanos. Obras de D. Pedro Antonio de Alarcón //;;;;;;;;;;;;;;;;;;"821.134.2-31""18""  //";;;;;;;;;;;;;;;sp;spa;;;Libro;;7/130592 //;http://bdh-rd.bne.es/viewer.vm?id=0000092371&page=1 **;http://bdh-rd.bne.es/text.vm?id=0000092371&first=1&last=401 **
bimo0001645481;Berenini, Agostino  //;;;Dell'ubbriachezza considerata sotto il tríplice aspetto di contravvenzione, causa diminuente e causa dirimente la responsabilità penale;;Avv. Agostino Berenini;;premiata Casa Editrice Luigi Battei);;Parma;1888;"71 p. , ; 25 cm ,";;;;;;;;;;;;;;;;;;;;;;;;;;;;;;;;;;it;ita;;;Libro;;VC/12133/12 //;http://bdh-rd.bne.es/viewer.vm?id=0000234448&page=1 **;http://bdh-rd.bne.es/text.vm?id=0000234448&first=1&last=79 **
bimo0001645487;;Real Academia de Primera Educacion (México)  //;;Libro segundo de los niños para uso de las escuelas;;por la Real Academia de Primera Educación;;[s.n.]  Imp. de Galván, a cargo de Mariano Arévalo;;[S.l.] , Méjico [D.F.];1835;64 p. , 15 cm ,;Ciencias sociales // Educación. Enseñanza //;;;;;;;;;;Lectura -- Libros escolares --  //;;;;;;;;372.4(07)  //;;;;;;;;;;;;;;;sp;spa;;;Libro;;VC/2723/65 //;http://bdh-rd.bne.es/viewer.vm?id=0000079863&page=1 **;http://bdh-rd.bne.es/text.vm?id=0000079863&first=1&last=64 **
bimo0001645568;;Congreso Jurídico de Barcelona , 1888 Barcelona  //;;Actas del Congreso Juridico de Barcelona septiembre de 1888;;Publicada por la comisión organizadora;;[s.n.]  Jaime Sepús y Roviralta;;Barcelona;1889;2 h., 900 p. , 27 cm ,;Actas del Congreso Juridico de Barcelona //;;;;;;;;;;;;;;;;;;;;;;;;;;;;;;;;;sp;spa;;;Libro;;DGMICRO/49199 //;http://bdh-rd.bne.es/viewer.vm?id=0000045540&page=1 ** http://bdh-rd.bne.es/viewer.vm?id=0000045540&page=269 ** http://bdh-rd.bne.es/viewer.vm?id=0000045540&page=603 **;http://bdh-rd.bne.es/text.vm?id=0000045540&first=1&last=268 ** http://bdh-rd.bne.es/text.vm?id=0000045540&first=269&last=602 ** http://bdh-rd.bne.es/text.vm?id=0000045540&first=603&last=912 **
bimo0001645774;Alcalá Galiano, Pelayo , 1840-1935  //;;;Palacio del Marqués de Santa Cruz en el Viso;;por el coronel capitán de fragata don Pelayo Alcalá Galiano;Reimp. corr. y ad.;[s.n.]  Estab. Tip. de Fortanet;;[S.l.] , Madrid;1888;60 p., [19] h. de lám. , 24 cm ,;;;;;;;;;;;Bazán, Álvaro de, -- Marqués de Santa Cruz --  // Palacio del Marqués de Santa Cruz (Viso del Marqués) --  // Viso del Marqués -- Edificios, estructuras, etc. --  //;;;;;;;;728  //  728.84(460.287 Viso)  //  929 Bazán, Álvaro de, Marqués de Santa Cruz  //;;;;;;;;;;;;;;;sp;spa;;;Libro;;1/14710 //;http://bdh-rd.bne.es/viewer.vm?id=0000116670&page=1 **;http://bdh-rd.bne.es/text.vm?id=0000116670&first=1&last=111 **
bimo0001645907;Avanceña, Anselmo  //;;;Novena sa Señor Sto. Niño, nga guin-binisaya sa pulong nga hiligaynon;;ni Anselmo Avanceña;;[s.n.]  Estab. Tip. La Industrial;;[S.l.] , [Manila];1886;16 p. , 15 cm ,;Religión. Teología // Teología //;;;;;;;;;;Niño Jesús -- Novenas --  // Lengua hiligainón -- Textos --  //;;;;;;;;(599)  //  243  //  811.621.215.352.2:801.82  //;;;;;;;;;;;;;;;ph;tgl;;;Libro;;VC/11028/5 //;http://bdh-rd.bne.es/viewer.vm?id=0000098183&page=1 **;http://bdh-rd.bne.es/text.vm?id=0000098183&first=1&last=20 **
bimo0001646093;Coloma, Luis , 1851-1915  //;;;Juan Miseria cuadro de costumbres populares;;por el P. Luis Coloma;;Administración del Apostolado de la Prensa;;Madrid;entre 1880 y 1900?;217 p. , il. , 17 cm ,;Lingüística. Literatura // Literatura española // Biblioteca del Apostolado de la Prensa. Primera serie, t. 4 //;;;;;;;;;;;;;;;;;;"821.134.2-31""18""  //";;;;;;;;;;;;;;;sp;spa;;;Libro;;9/222315 //;http://bdh-rd.bne.es/viewer.vm?id=0000113136&page=1 **;http://bdh-rd.bne.es/text.vm?id=0000113136&first=1&last=227 **
bimo0001646534;Asensio, José María , 1829-1905  //;;;Don Juan de Arquijo estudio biográfico;;por José María Asensio;;[s.n.]  Tip. Gutenberg;;[S.l.] , Madrid;1883;63 p. , 17 cm ,;Geografía. Biografías. Historia // Biografías. Heráldica. Genealogía //;"Parte primera. 1560-1599 ; Parte segunda. 1600-1923// Parte primera. 1560-1599 ; Parte segunda. 1600-1923//";;;;;;;;;Arguijo, Juan de --  //;;;;;;;;929 Arguijo, Juan de  //;;;;;;;;;;;;;;;sp;spa;;;Libro;;VC/584/24 //;http://bdh-rd.bne.es/viewer.vm?id=0000094555&page=1 **;http://bdh-rd.bne.es/text.vm?id=0000094555&first=1&last=72 **
bimo0001646691;Aza, Vital , 1851-1912  //;;;Todo en broma versos de Vital Aza;;"con un prólogo de Jacinto O. Picón ; un intermedio de José Estremera ; un epílogo de Miguel Ramos Carrión, ¡Y nada más!";;La España Editorial;;Madrid;1891;XIII, 355 p. , 20 cm ,;;;;;;;;;;;;;;;;;;;"821.134.2-17""18""  //";;;;;;;;;;;;;;;sp;spa;;;Libro;;4/27224 // DGMICRO/10123 //;http://bdh-rd.bne.es/viewer.vm?id=0000240896&page=1 **;http://bdh-rd.bne.es/text.vm?id=0000240896&first=1&last=389 **
bimo0001646692;Aza, Vital , 1851-1912  //;;;Todo en broma versos de Vital Aza;;"con un prólogo de Jacinto O. Picón ; un intermedio de José Estremera ; un epílogo de Miguel Ramos Carrión";2ª ed. notablemente aum.;Administración José Lerin;;Madrid;1894;388 p. , 1 retr. , 18 cm ,;;;;;;;;;;;;;;;;;;;;;;;;;;;;;;;;;;sp;spa;;;Libro;;DGMICRO/48968 //;http://bdh-rd.bne.es/viewer.vm?id=0000049792&page=1 **;http://bdh-rd.bne.es/text.vm?id=0000049792&first=1&last=404 **
bimo0001647561;Servet de Aniñón, Andrés  // Portolés, Jerónimo  // Lissa y Guevara, Gil Custodio de  // Martón y Gavín, Joaquín  //;;;Tratados de sucesiones intestadas y de los consortes en la misma cosa y fideicomiso legal, según los fueros de Aragón;Tratado de sucesiones intestadas conforme a las leyes de Aragon  // Tratado de los consortes en una misma cosa y del fideicomiso legal;"publicados en latín por Andrés Serveto Aniñón, Gil Custodio de Lissa y Guevara y Jerónimo Portolés ; y traducidos y anotados por Joaquín Martón y Gavín";;Diputación Provincial de Zaragoza  Imp. del Hospicio Provincial;;[Zaragoza];1888;LXXVIII, 135, 209 p. , il. , 30 cm ,;Biblioteca de escritores aragoneses. Sección histórico-doctrinal, t. 5 //;Tratado de sucesiones intestadas conforme a las leyes de Aragón / Andrés Serveto Aniñón. Tratado de los consortes en una misma cosa y del fideicomiso legal / Jerónimo Portolés// Tratado de sucesiones intestadas conforme a las leyes de Aragón / Andrés Serveto Aniñón. Tratado de los consortes en una misma cosa y del fideicomiso legal / Jerónimo Portolés//;;;;;;;;;Sucesión intestada -- Aragón --  // Comunidad de bienes -- Aragón --  // Fideicomiso -- Aragón --  //;;;;;;;;347.65/.66(460.22)  //;;;;;;;;;;;;;;;sp;spa;lat;spa //;Libro;;9/216210 //;http://bdh-rd.bne.es/viewer.vm?id=0000074848&page=1 **;http://bdh-rd.bne.es/text.vm?id=0000074848&first=1&last=465 **
bimo0001647569;Acosta de Samper, Soledad , 1833-1913  //;;;Una holandesa en America novela;;por Soledad Acosta de Samper;;A. Bethencourt e Hijos;;Curazao;1888;V, 309 p. , 17 cm ,;Hispanoamérica // Lingüística. Literatura // Literatura hispanoamericana // Publicaciones de A. Bethancourt e hijos //;;;;;;;;;;;;;;;;;;"(861)  //  821.134.2(861)-31""18""  //  821.134.28  //";;;;;;;;;;;;;;;na;spa;;;Libro;;HA/8303 //;http://bdh-rd.bne.es/viewer.vm?id=0000104310&page=1 **;http://bdh-rd.bne.es/text.vm?id=0000104310&first=1&last=333 **
bimo0001647803;Backmann, J.  // Rodríguez, J.  //;;;El francés comercial;;por J. Backmann y J. Rodríguez;;M. Gerbán;;Málaga;1895;256 p. , 15 cm ,;;;;;;;;;;;;;;;;;;;;;;;;;;;;;;;;;;sp;spa;;;Libro;;DGMICRO/50051 //;http://bdh-rd.bne.es/viewer.vm?id=0000065110&page=1 **;http://bdh-rd.bne.es/text.vm?id=0000065110&first=1&last=264 **
bimo0001647896;Baedeker, Karl  //;;;Espagne et Portugal manuel du voyageur;;par K. Baedeker;;Karl Baedeker [etc.]  Impr. de Grimme y Trömel;;Leipzig [etc.];1900;"XC, 588 p., [7] h. de map., [47] h. de plan. , ; 16 cm ,";Geografía. Biografías. Historia // Atlas // Guides Baedeker //;;;;;;;;;;;;;;;;;;;;;;;;;;;;;;;;;ge;fre;;;Libro;;GMM/969 // GMM/969 //;http://bdh-rd.bne.es/viewer.vm?id=0000001989 **
bimo0001647916;Baraya, José María , 1828-1878  //;;;Biografía del general Julián Trujillo;;por José María Baraya;;[s.n.]  Imp. de J. M. Lléras, por Félix González;;[S.l.] , Bogotá;1876;70 p. , 1 retr. , 21 cm ,;Hispanoamérica // Geografía. Biografías. Historia // Biografías. Heráldica. Genealogía //;;Fecha de la cub. : 1877  //;;;;;;;;Trujillo, Julián --  // Colombia -- Historia -- 1832-1886 --  //;;;;;;;;"(861)  //  929 Trujillo, Julián  //  94(861)""1832/86""  //";;;;;;;;;;;;;;;ck;spa;;;Libro;;HA/782 //;http://bdh-rd.bne.es/viewer.vm?id=0000107829&page=1 **;http://bdh-rd.bne.es/text.vm?id=0000107829&first=1&last=91 **
bimo0001647930;Barba, Rafael  //;;;El henequen en Yucatan;;memoria escrita por el ingeniero Rafael Barba en 1893;;[s.n.]  Oficina tip. de la Secretaría de Fomento;;[S.l.] , México;1895;"98, II p., X h. de lám. , ; 22 cm ,";Hispanoamérica // Ciencias aplicadas. Tecnología // Agricultura // Biblioteca agrícola de la Secretaria de Fomento //;;;;;;;;;;Henequén -- Yucatán (México, Estado) --  //;;;;;;;;(72)  //  633.526.2(726.4)  //  631  //;;;;;;;;;;;;;;;mx;spa;;;Libro;;HA/10849 //;http://bdh-rd.bne.es/viewer.vm?id=0000042159&page=1 **;http://bdh-rd.bne.es/text.vm?id=0000042159&first=1&last=133 **
bimo0001647940;Barberá, José María de , 1833-1900  //;;;Oración fúnebre que debía predicarse en la Parroquial Iglesia de S. Pedro de la ciudad de Reus el día 18 de enero de 1871, con motivo de las solemnes honras a la memoria del Excmo. Sr. D. Juan Prim, Marqués de los Castillejos, &c., &c.;;por José María de Barberá;;[s.n.]  Imp. de José A. Nel-lo;;[S.l.] , Tarragona;1871;14 p. , 22 cm ,;;;;;;;;;;;Prim, Juan -- Exequias --  //;;;;;;;;929  //  929 Prim, Juan  //;;;;;;;;;;;;;;;sp;spa;;;Libro;;VC/13303/5 //;http://bdh-rd.bne.es/viewer.vm?id=0000153162&page=1 **;http://bdh-rd.bne.es/text.vm?id=0000153162&first=1&last=20 **
bimo0001647946;Barberá y París, Dolores  //;;;Compendio de higiene para niñas;;por Dolores Barberá y París;;[s.n.]  Imp. de Calatrava, a cargo de L. Rodríguez;;[S.l.] , Salamanca;1897;126 p. , 16 cm ,;;;;;;;;;;;Higiene -- Libros escolares --  //;;;;;;;;613(07)  //;;;;;;;;;;;;;;;sp;spa;;;Libro;;2/43295 //;http://bdh-rd.bne.es/viewer.vm?id=0000108521&page=1 **;http://bdh-rd.bne.es/text.vm?id=0000108521&first=1&last=141 **
bimo0001648149;Baeza González, Tomás , 1816-1891  //;;;Lecturas segovianas;;por el Dr. D. Tomás Baeza González;2ª ed.;[s.n.]  Imp. de D. Eduardo Baeza;;[S.l.] , Segovia;1851;126 p. , il. , 16 cm ,;Ciencia y cultura en general // Libros infantiles y juveniles //;;;;;;;;;;Segovia (Provincia) -- Historia -- Libros infantiles --  //;;;;;;;;087.5:94(460.188)  //;;;;;;;;;;;;;;;sp;spa;;;Libro;;1/31390 //;http://bdh-rd.bne.es/viewer.vm?id=0000038730&page=1 **;http://bdh-rd.bne.es/text.vm?id=0000038730&first=1&last=139 **
bimo0001648278;Balaguer, Víctor , 1824-1901  // Amador de los Ríos, José , 1818-1878  //;;;Discursos leidos ante la Real Academia de la Historia en la recepción pública del Excmo. Señor Don Víctor Balaguer, el dia 10 de Octubre de 1875;;;;[s.n.]  Im. de Narciso Ramírez y Cª;;[S.l.] , Barcelona;1876;387 p. , 16 cm ,;Lingüística. Literatura // Literatura española // De la literatura catalana //;;Recoge el discurso de ingreso de Víctor Balaguer y el de contestación de José Amador de los Ríos  // Bibliografía: p. 331  // Texto en español y catalán  //;;;;;;;;Literatura catalana -- Historia y crítica --  //;;;;;;;;821.134.1.09  //;;;;;;;;;;;;;;;sp;spa;;spa // cat //;Libro;;2/56633 //;http://bdh-rd.bne.es/viewer.vm?id=0000091930&page=1 **;http://bdh-rd.bne.es/text.vm?id=0000091930&first=1&last=403 **
bimo0001648289;Balaguer, Víctor , 1824-1901  // Balaguer, Víctor , 1824-1901  //;;;La espada del muerto y La damisela del castillo;La damisela del castillo;Víctor Balaguer;;[s.n.]  Imp. de F. Cao y D. del Val;;[S.l.] , Madrid;1880;274 p. , 17 cm ,;Lingüística. Literatura // Literatura española // Obras de D. Víctor Balaguer //;;;;;;;;;;;;;;;;;;"821.134.2-31""18""  //";;;;;;;;;;;;;;;sp;spa;;;Libro;;2/37489 //;http://bdh-rd.bne.es/viewer.vm?id=0000039295&page=1 **;http://bdh-rd.bne.es/text.vm?id=0000039295&first=1&last=289 **
bimo0001648480;;Banco de Puerto Rico  //;;Estatutos del Banco de Puerto Rico aprobados por Real Decreto de 5 de Mayo de 1888 que acordó su creación;;;;[s.n.]  Tip. de Manuel Ginés Hernández;;[S.l.] , Madrid;1888;68 p. , 19 cm ,;Hispanoamérica // Ciencias sociales // Economía //;;;;;;;;;;Banco de Puerto Rico -- Estatutos--  //;;;;;;;;336.71(729.5 S.J.)(060.13)  //  (729.5)  //;;;;;;;;;;;;;;;sp;spa;;;Libro;;HA/33254 //;http://bdh-rd.bne.es/viewer.vm?id=0000045842&page=1 **;http://bdh-rd.bne.es/text.vm?id=0000045842&first=1&last=76 **
bimo0001648481;;Banco de la Riqueza Pública de España  // Banco de la Riqueza Pública de España Reglamento general del Banco de la Riqueza Pública de España  //;[Estatutos del Banco de la Riqueza Pública de España] //;Estatutos y reglamento general del Banco de la Riqueza Pública de España aprobado en la Junta General de Señores Accionistas celebrada el 1º de diciembre de 1880 después de la constitución definitiva de la sociedad, verificada el 29 de noviembre anterior;Reglamento general del Banco de la Riqueza Pública de España;;;[s.n.]  Imp. Hispano-Filipina;;[S.l.] , Madrid;1880;34, 72 p. , 22 cm ,;Ciencias sociales // Economía //;;;;;;;;;;Banco de la Riqueza Pública de España -- Estatutos--  //;;;;;;;;336.71(460.27 M.)(060.13)  //;;;;;;;;;;;;;;;sp;spa;;;Libro;;VC/2693/57 //;http://bdh-rd.bne.es/viewer.vm?id=0000095037&page=1 **;http://bdh-rd.bne.es/text.vm?id=0000095037&first=1&last=112 **
bimo0001648674;Balmaseda, Francisco Javier , 1833-1907  //;;;Enfermedades de las aves o Ensayos sobre patornitología y consideraciones sobre higiene pública en la isla de Cuba;Ensayos sobre patornitología y consideraciones sobre higiene pública en la isla de Cuba  //;por Francisco Javier Balmaseda;;Impr. y Libr. de Elías F. Casona;;Habana;1889;XII, 548 p. , 21 cm ,;Ciencias aplicadas. Tecnología // Ganaderia. Veterinaria //;;;;;;;;;;Gallinas -- Enfermedades --  //;;;;;;;;636.52/.58.09  //;;;;;;;;;;;;;;;cu;spa;;;Libro;;1/37859 //;http://bdh-rd.bne.es/viewer.vm?id=0000080272&page=1 **;http://bdh-rd.bne.es/text.vm?id=0000080272&first=1&last=581 **
bimo0001648836;Ballesteros, Vicente  //;;;Nueva dirección de cartas por orden alfabético para el Principado de Cataluña : arreglado a órdenes superiores ...;;por Vicente Ballesteros;;Librería de Manuel Sauri;;Barcelona;1833;VIII, 85 p. , 24 cm ,;;;;;;;;;;;Servicio de Correos (Barcelona) -- Cataluña -- Nomencladores--  // Cataluña -- Nomencladores --  //;;;;;;;;656.8(460.23)(058)  //  913(460.23)(083.72)  //;;;;;;;;;;;;;;;sp;spa;;;Libro;;2/45726 //;http://bdh-rd.bne.es/viewer.vm?id=0000178047&page=1 **;http://bdh-rd.bne.es/text.vm?id=0000178047&first=1&last=107 **
bimo0001648857;;Banco Nacional de Amortización (México)  // México Congreso Cámara de Senadores Comisión de Hacienda  //;;Contestación de la Junta Directiva del Banco Nacional de Amortización al dictamen de la Comisión de Hacienda del Senado sobre amortización de la moneda de cobre, administración de la renta del tabaco y ausilios [sic] para la guerra de Tejas;;;;[s.n.]  Imp. por I. Cumplido;;[S.l.] , México;1841;42 p. , 21 cm ,;Ciencias sociales // Economía //;;;;;;;;;;Moneda -- México --  // Estanco del tabaco -- México --  // Texas -- Historia -- 1835-1836 (Revolución) -- Aspectos económicos --  //;;;;;;;;"336.74(72)  //  334.724(72):663.97  //  339.9(72:764)""1835/36""  //";;;;;;;;;;;;;;;mx;spa;;;Libro;;VC/2483/24 //;http://bdh-rd.bne.es/viewer.vm?id=0000098257&page=1 **;http://bdh-rd.bne.es/text.vm?id=0000098257&first=1&last=46 **
bimo0001648932;Barros Arana, Diego , 1830-1907  //;;;Esposición de los derechos de Chile en el litijio de límites sometido al fallo arbitral de S. M. B.;Exposición de los derechos de Chile en el litigio de límites sometido al fallo arbitral de S. M. B.  //;por Diego Barros Arana;;[s.n.]  Imp. Cervantes;;[S.l.] , Santiago de Chile;1899;128 p. , 25 cm ,;Hispanoamérica // Ciencias sociales // Derecho. Administración pública // Política //;;;;;;;;;;Chile -- Fronteras -- Argentina --  // Argentina -- Fronteras -- Chile --  //;;;;;;;;341.222(82:83)  //  341.222(83:82)  //  (82)  //  (83)  //  32  //;;;;;;;;;;;;;;;cl;spa;;;Libro;;HA/2034 // HA/2034 //;http://bdh-rd.bne.es/viewer.vm?id=0000102618&page=1 **;http://bdh-rd.bne.es/text.vm?id=0000102618&first=1&last=145 **
bimo0001648948;Barreto y López, Román R.  // Pons y Bas, Ramón María  //;;;Manual de trabajos de campo : para uso de los ingenieros industriales y demás personal facultativo dedicado á trabajos y obras de carácter industrial;;por Román R. Barreto y López, Ramón Mª Pons y Bas;;[s.n.]  Imprenta de Francisco Altés y Alabart;;Barcelona;1899;198, 10 p., 9, 3 h. de lám. pleg. , 19 cm ,;;;Tit. de la cub.: Trabjos topográficos para obras de caacter industrial  //;;;;;;;;Ingeniería civil --  //;;;;;;;;;;;;;;;;;;;;;;;sp;spa;;;Libro;;DGMICRO/63521 //;http://bdh-rd.bne.es/viewer.vm?id=0000050452&page=1 **;http://bdh-rd.bne.es/text.vm?id=0000050452&first=1&last=262 **
bimo0001649026;Bastús, Joaquín , 1799?-1873  //;;;El trivio y el cuadrivio ó La nueva enciclopedia el cómo, cuándo y la razón de las cosas;La nueva enciclopedia  //;por Joaquín Bastús;;[s.n.]  Imp. de la Viuda e Hijos de Gaspar;;[S.l.] , Barcelona;1862;401 p. , 25 cm ,;Ciencia y cultura en general //;;;;;;;;;;;Enciclopedias --  //;;;;;;;(031)  //;;;;;;;;;;;;;;;sp;spa;;;Libro;;1/21720 //;http://bdh-rd.bne.es/viewer.vm?id=0000047160&page=1 **;http://bdh-rd.bne.es/text.vm?id=0000047160&first=1&last=417 **
bimo0001649266;Baró, Teodoro , 1842-1916  //;;;Historia de España;;por Teodoro Baró;4ª ed., refundida y considerablemente aum.;Librería de Antonio J. Bastinos, editor;;Barcelona;1891;576 p. , il. , 20 cm ,;Geografía. Biografías. Historia // Historia de España //;;;;;;;;;;España -- Historia --  //;;;;;;;;94(460)  //;;;;;;;;;;;;;;;sp;spa;;;Libro;;1/17484 //;http://bdh-rd.bne.es/viewer.vm?id=0000075089&page=1 **;http://bdh-rd.bne.es/text.vm?id=0000075089&first=1&last=589 **
bimo0001649268;Baró, Teodoro , 1842-1916  //;;;El mundo : repertorio de conocimientos útiles para ejercicios de lectura graduada de impreso y manuscrito;;por Teodoro Baró;;Librería de Juan y Antonio Bastinos, editores  Imp. de J. Jepús;;Barcelona;1882;VIII, 359 p. , il. , 18 cm ,;;;;;;;;;;;Lectura -- Libros escolares --  //;;;;;;;;372.4(07)  //;;;;;;;;;;;;;;;sp;spa;;;Libro;;1/1523 //;http://bdh-rd.bne.es/viewer.vm?id=0000137129&page=1 **;http://bdh-rd.bne.es/text.vm?id=0000137129&first=1&last=375 **
bimo0001649270;Baró, Teodoro , 1842-1916  //;;;Páginas de la historia de España para instrucción de los niños;;por Teodoro Baró;2ª ed., enriquecida con nuevos datos y apuntes sobre ciencias, artes y letras;Librería de Juan y Antonio Bastinos, Editores;;Barcelona;1880;316 p. , il. , 18 cm ,;Geografía. Biografías. Historia // Historia de España //;;;;;;;;;;España -- Historia -- Libros infantiles --  //;;;;;;;;087.5:94(460)  //;;;;;;;;;;;;;;;sp;spa;;;Libro;;1/7598 //;http://bdh-rd.bne.es/viewer.vm?id=0000085988&page=1 **;http://bdh-rd.bne.es/text.vm?id=0000085988&first=1&last=329 **
bimo0001649291;Baró y Guillemí, Pedro  //;;;Cuadros sinópticos de gramática castellana segun el texto oficial de la Real Academia Española;;por Pedro Baró y Guillemí;;Librería de Juan y Antonio Bastinos, editores  Imp. Sucesores de Ramirez y C.ª;;Barcelona;1883;32 p. , 16x22 cm ,;;;;;;;;;;;;;;;;;;;;;;;;;;;;;;;;;;sp;spa;;;Libro;;DGMICRO/69113 //;http://bdh-rd.bne.es/viewer.vm?id=0000062956&page=1 **;http://bdh-rd.bne.es/text.vm?id=0000062956&first=1&last=38 **
bimo0001649293;Baró, Teodoro , 1842-1916  //;;;Veladas de invierno historia, cuentos y fábulas;;por Teodoro Baró;;Librería de Juan y Antonio Bastinos, ed.;;Barcelona;1885;64 p. , il. , 18 cm ,;Lingüística. Literatura // Literatura española //;;;;;;;;;;;;;;;;;;"821.134.2-34""18""  //";;;;;;;;;;;;;;;sp;spa;;;Libro;;3/1530 //;http://bdh-rd.bne.es/viewer.vm?id=0000046555&page=1 **;http://bdh-rd.bne.es/text.vm?id=0000046555&first=1&last=71 **
bimo0001649305;Barona, Juan Antonio  //;España Audiencia Territorial de Valladolid  //;;Discurso que el 2 de enero de 1846 pronuncio el Sr. D. Juan Antonio Barona Regente de la Audiencia de Valladolid en la solemne apertura del Tribunal;;;;[s.n.]  Imp. de Julián Pastor;;[S.l.] , Valladolid;1846;20 p., [1] h. pleg. , 21 cm ,;;;;;;;;;;;Administración de justicia --  //;;;;;;;;347.97/.99  //;;;;;;;;;;;;;;;sp;spa;;;Libro;;VC/2690/100 //;http://bdh-rd.bne.es/viewer.vm?id=0000183716&page=1 **;http://bdh-rd.bne.es/text.vm?id=0000183716&first=1&last=32 **
bimo0001649340;Barra, Eduardo de la , 1839-1900  //;;;Primores de la lira antigua;;por Eduardo de la Barra;;Compañía Sud-Americana de Billetes de Banco;;Buenos Aires;1894;19 p. , 19 cm ,;Lingüística. Literatura // Literatura española //;;;;;;;;;;Ruiz, Juan, -- Arcipreste de Hita -- Crítica e interpretación --  //;;;;;;;;821.134.2 Ruiz, Juan, Arcipreste de Hita 1.07  //;;;;;;;;;;;;;;;ag;spa;;;Libro;;VC/2685/14 //;http://bdh-rd.bne.es/viewer.vm?id=0000088604&page=1 **;http://bdh-rd.bne.es/text.vm?id=0000088604&first=1&last=24 **
bimo0001649344;Barra, Eduardo de la , 1839-1900  //;;;Sistema acentual castellano estudio crítico;;por Eduardo de la Barra;;[s.n.]  Imp. Cervantes;;[S.l.] , Santiago de Chile;1898;62 p. , 25 cm ,;Lingüística. Literatura // Lengua española //;;;;;;;;;;Lengua española -- Acento --  //;;;;;;;;811.134.2'342.8  //;;;;;;;;;;;;;;;cl;spa;;;Libro;;VC/2509/53 //;http://bdh-rd.bne.es/viewer.vm?id=0000088630&page=1 **;http://bdh-rd.bne.es/text.vm?id=0000088630&first=1&last=66 **
bimo0001649438;Barrantes, Pedro , 1860-1912  //;;;Tierra y cielo;;Pedro Barrantes;3ª ed.;[El Adalid]  Imp. del Asilo de Huérfanos del Sagrado Corazón de Jesus;;Madrid;1897;223 p. , 19 cm ,;;;;;;;;;;;;;;;;;;;;;;;;;;;;;;;;;;sp;spa;;;Libro;;DGMICRO/62969 //;http://bdh-rd.bne.es/viewer.vm?id=0000055950&page=1 **;http://bdh-rd.bne.es/text.vm?id=0000055950&first=1&last=240 **
bimo0001649445;Barrantes, Vicente , 1829-1898  //;;;Cursos seguidos en la universidad de la vida apuntes tomados á la ligera;;por el bachiller Clarín Brocado;;[s.n.]  Imp. y Librería de E. Aguado;;[S.l.] , Madrid;1867;66 p. , 15 cm ,;;;;;;;;;;;;;;;;;;;"821.134.2-32""18""  //";;;;;;;;;;;;;;;sp;spa;;;Libro;;VC/1484/59 //;http://bdh-rd.bne.es/viewer.vm?id=0000144404&page=1 **;http://bdh-rd.bne.es/text.vm?id=0000144404&first=1&last=72 **
bimo0001649554;Baucher, François , 1796-1873  //;;;Curso practico de equitacion : educacion del caballo en 30 lecciones;;"arregladas metodicamente por F. Baucher ; traduccion del frances ...";;"[s.n.]  Imprenta ""La Antilla"", de N. Cacho-Negrete";;Habana;1883;"30 p. , ; 18 cm ,";;;;;;;;;;;Equitación --  //;;;;;;;;;;;;;;;;;;;;;;;cu;spa;;spa // fre //;Libro;;HA/10430 //;http://bdh-rd.bne.es/viewer.vm?id=0000240736&page=1 **;http://bdh-rd.bne.es/text.vm?id=0000240736&first=1&last=39 **
bimo0001649607;Enrile, Pascual  //;;;[Oficio de Don Pascual Enrile sobre la admisión en las Islas Filipinas de la moneda española desfigurada en China];;;;[s.n.];;Manila;1831;1 h. , 31 cm ,;Ciencias sociales // Derecho. Administración pública //;;Hoja impresa por ambas caras  //;;;;;;;;Moneda -- Órdenes, reglamentos, etc. -- Filipinas --  //;;;;;;;;351.822(599)  //;;;;;;;;;;;;;;;ph;spa;;;Libro;;VC/1831/22 //;http://bdh-rd.bne.es/viewer.vm?id=0000098245&page=1 **;http://bdh-rd.bne.es/text.vm?id=0000098245&first=1&last=10 **
bimo0001650035;Bayard, Jean-François-Alfred , 1796-1853  // Retes, Francisco Luis de , 1822-1901  //;;;El lazo de Matilde : comedia en dos actos;;"escrita en francés por Bayard ; y traducida por Francisco Luis de Retes";;[s.n.]  Imp. de la Luneta, a cargo de P.M. Aguilera;;[S.l.] , Madrid;1847;52 p. , 19 cm ,;Biblioteca dramática de la luneta //;;;;;;;;;;;;;;;;;;"821.133.1-22""18""  //";;;;;;;;;;;;;;;sp;spa;fre;spa //;Libro;;VC/15945/3 //;http://bdh-rd.bne.es/viewer.vm?id=0000183699&page=1 **;http://bdh-rd.bne.es/text.vm?id=0000183699&first=1&last=56 **
bimo0001650183;Bendito y Trujillo, Enrique  //;;;El hijo del Capitán Nemo : novela;;por Enrique Bendito y Trujillo;;[s.n.]  A. Rivers and Co.;;Valladolid;1898;471 p. , 20 cm ,;;;;;;;;;;;;;;;;;;;"821.134.2-31""18""  //";;;;;;;;;;;;;;;sp;spa;;;Libro;;1/18001 //;http://bdh-rd.bne.es/viewer.vm?id=0000250267&page=1 **;http://bdh-rd.bne.es/text.vm?id=0000250267&first=1&last=489 **
bimo0001650270;Becerro de Bengoa, Ricardo , 1845-1902  //;;[Romancero Alabés] //;Romancero alabés;;"por Ricardo Becerro de Bengoa ; obra ilustrada con 16 dibujos del mismo autor";;[s.n.]  Estab. Tip. de la Viuda e Hijos de Iturbe;;[S.l.] , Vitoria;1889;405 p., [16] h. de lám. , 19 cm ,;Ciencias sociales // Etnología. Folclore //;;Precede al título: Haec est victoria quae vincit  //;;;;;;;;Romances -- Álava --  //;;;;;;;;398.8(460.156)(082.2)  //;;;;;;;;;;;;;;;sp;spa;;;Libro;;1/47054 //;http://bdh-rd.bne.es/viewer.vm?id=0000038716&page=1 **;http://bdh-rd.bne.es/text.vm?id=0000038716&first=1&last=451 **
bimo0001650279;Becerro de Bengoa, Ricardo , 1845-1902  //;;;Los viciosos;;por Ricardo Becerro;;Luis de Diego;;Madrid;1877;318 p. , il. , 19 cm ,;Filosofía. Psicología // Ética //;;;;;;;;;;Vicios --  //;;;;;;;;179.8  //;;;;;;;;;;;;;;;sp;spa;;;Libro;;3/1968 //;http://bdh-rd.bne.es/viewer.vm?id=0000109070&page=1 **;http://bdh-rd.bne.es/text.vm?id=0000109070&first=1&last=331 **
bimo0001650291;Benedetti, Carlos  //;;;Historia de Colombia;;por Carlos Benedetti;2ª ed.;[s.n.]  Imp. del Universo de Carlos Prince;;[S.l.] , Lima;1887;"VI, 961 p. , ; 22 cm ,";;;;;;;;;;;Colombia -- Historia --  // Venezuela -- Historia --  // Ecuador -- Historia --  //;;;;;;;;(861)  //  (866)  //  (87)  //  94(861)  //  94(866)  //  94(87)  //;;;;;;;;;;;;;;;pe;spa;;;Libro;;HA/6897 //;http://bdh-rd.bne.es/viewer.vm?id=0000078410&page=1 ** http://bdh-rd.bne.es/viewer.vm?id=0000078410&page=102 ** http://bdh-rd.bne.es/viewer.vm?id=0000078410&page=194 ** http://bdh-rd.bne.es/viewer.vm?id=0000078410&page=366 ** http://bdh-rd.bne.es/viewer.vm?id=0000078410&page=922 ** http://bdh-rd.bne.es/viewer.vm?id=0000078410&page=980 **;http://bdh-rd.bne.es/text.vm?id=0000078410&first=1&last=101 ** http://bdh-rd.bne.es/text.vm?id=0000078410&first=102&last=193 ** http://bdh-rd.bne.es/text.vm?id=0000078410&first=194&last=365 ** http://bdh-rd.bne.es/text.vm?id=0000078410&first=366&last=921 ** http://bdh-rd.bne.es/text.vm?id=0000078410&first=922&last=979 ** http://bdh-rd.bne.es/text.vm?id=0000078410&first=980&last=987 **
bimo0001650337;Bertrán y Ferrari, José  //;;;El caballero del penacho negro drama histórico-caballeresco, en 4 actos y en verso;;original de José Bertrán y Ferrari;;Librería e Imp. El Iris, de Majin Pujolá y Cpª;;Habana;1859;"106 p. , ; 23 cm ,";Hispanoamérica // Lingüística. Literatura // Literatura hispanoamericana //;;;;;;;;;;;;;;;;;;"821.134.2(729.1)-2""18""  //  821.134.28  //";;;;;;;;;;;;;;;cu;spa;;;Libro;;HA/11479 //;http://bdh-rd.bne.es/viewer.vm?id=0000044742&page=1 **;http://bdh-rd.bne.es/text.vm?id=0000044742&first=1&last=119 **
bimo0001650539;Biart, Lucien , 1829-1897  //;;;La tierra caliente escenas de costumbres mejicanas;;por Luciano Biart;;[s.n.]  Administración e Imp., Calle de la Colegiata, núm. 6;;[S.l.] , Madrid;entre 1851 y 1890?;269 p. , 17 cm ,;Ciencias sociales // Etnología. Folclore //;;;;;;;;;;México -- Usos y costumbres --  //;;;;;;;;"(72)  //  39(72)""18""  //  821.133.1-992""18""  //";;;;;;;;;;;;;;;sp;spa;;;Libro;;2/87979 //;http://bdh-rd.bne.es/viewer.vm?id=0000117313&page=1 **;http://bdh-rd.bne.es/text.vm?id=0000117313&first=1&last=283 **
bimo0001650552;González Pedroso, Eduardo , 1822-1862  //;;;Antiguo testamento;;ajustado a la versión del P. Scio per Eduardo Gonzalez Pedroso;6ª ed.;[s.n.]  B. Bartuilli y García;;Madrid;1888;415 p. , 15 cm ,;;;;;;;;;;;;;;;;;;;;;;;;;;;;;;;;;;sp;spa;;;Libro;;2/83306 //;http://bdh-rd.bne.es/viewer.vm?id=0000218577&page=1 **;http://bdh-rd.bne.es/text.vm?id=0000218577&first=1&last=425 **
bimo0001650599;;;;Biografía del Excmo. Sr. Don José Fernando de Abascal y Sousa, primer Marqués de la Concordia Española del Perú;;;;[s.n.]  Imp. del Diario de Comercio;;[S.l.] , Sevilla;1851;12 p. , 21 cm ,;Geografía. Biografías. Historia // Biografías. Heráldica. Genealogía //;;;;;;;;;;Abascal y Sousa, José Fernando de -- Biografías --  //;;;;;;;;929 Abascal y Sousa, José Fernando de  //;;;;;;;;;;;;;;;sp;spa;;;Libro;;VC/35/43 //;http://bdh-rd.bne.es/viewer.vm?id=0000088477&page=1 **;http://bdh-rd.bne.es/text.vm?id=0000088477&first=1&last=20 **
bimo0001650607;;;;Biografía del Señor Gral. José Vicente Villada, Gobernador del Estado de México;;publicada por la redacción de El Clarín;;[s.n.]  Tip. del Gobierno en la Escuela de Bellas  Artes;;[S.l.] , Toluca;1895;"170 p. , ; 23 cm ,";Hispanoamérica // Geografía. Biografías. Historia // Biografías. Heráldica. Genealogía //;;;;;;;;;;Villada, José Vicente --  // México -- Historia -- 1861-1867 (Intervención europea) --  // México (México, Estado) -- Historia --  //;;;;;;;;"(72)  //  929 Villada, José Vicente  //  94(72)""1861/67""  //  94(725.1)""18""  //";;;;;;;;;;;;;;;mx;spa;;;Libro;;HA/4226 //;http://bdh-rd.bne.es/viewer.vm?id=0000047104&page=1 **;http://bdh-rd.bne.es/text.vm?id=0000047104&first=1&last=179 **
bimo0001650660;Bermudez, Pedro , s. XIX  //;;;Cinco observaciones al Código mercantil de España, dirigidas a su mayor perfección;;por Pedro Bermúdez;;[s.n.]  Imp. de la V. e H. de Compañel;;[S.l.] , Santiago;1834;22 p. , 19 cm ,;;;;;;;;;;;España --  //;;;;;;;;"347.7(460)""1829""  //";;;;;;;;;;;;;;;sp;spa;;;Libro;;VC/2681/11 //;http://bdh-rd.bne.es/viewer.vm?id=0000183719&page=1 **;http://bdh-rd.bne.es/text.vm?id=0000183719&first=1&last=28 **
bimo0001650691;Bernáldez, Fernando , 1827-1889  // Rua Figueroa, Ramón  //;;;Reseña sobre la historia, la administracion y la produccion de las minas de Almadén y Almadénejos;;por Fernando Bernáldez y Ramón Rua Figueroa;;[s.n.]  Imp. de la Viuda de Antonio Yenes;;[S.l.] , Madrid;1862;VII, 151 p., [1] h. pleg. , 21 cm ,;Ciencias aplicadas. Tecnología // Ingeniería. Minería //;;Bibliografía: p. 149-151  //;;;;;;;;Minas de mercurio -- Almadén --  // Minas de mercurio -- Almadenejos --  //;;;;;;;;622  //;;;;;;;;;;;;;;;sp;spa;;;Libro;;2/37999 //;http://bdh-rd.bne.es/viewer.vm?id=0000072781&page=1 **;http://bdh-rd.bne.es/text.vm?id=0000072781&first=1&last=168 **
bimo0001650737;Berra, Francisco J. A.  //;;;Proyecto de reglamento para las escuelas públicas de todo el Estado;;por el Dr. Dn. F. A. Berra;;[s.n.]  Imp. de La Tribuna;;[S.l.] , Montevideo;1876;87 p. (algunas pleg.) , 20 cm ,;Hispanoamérica // Ciencias sociales // Educación. Enseñanza //;;;;;;;;;;Enseñanza pública -- Uruguay --  //;;;;;;;;"37.057(899)""18""  //";;;;;;;;;;;;;;;uy;spa;;;Libro;;HA/165 //;http://bdh-rd.bne.es/viewer.vm?id=0000097441&page=1 **;http://bdh-rd.bne.es/text.vm?id=0000097441&first=1&last=103 **
bimo0001650798;Blanco, Julián E.  //;;;El proyecto de ley sobre reforma del gobierno y administración civil en Cuba y Puerto-Rico carta del director político, presidente de la delegación del Partido Autonomista Puerto-riqueño, al leader del mismo partido en la metrópoli;;;;[s.n.]  Tip. de A. Córdova;;[S.l.] , Puerto-Rico;1893;21 p. , 23 cm ,;Hispanoamérica // Ciencias sociales // Derecho. Administración pública //;;Autor (p. 21): Julián E. Blanco  //;;;;;;;;Cuba -- Administración --  // Puerto Rico -- Administración --  //;;;;;;;;353.8(729.1)  //  353.8(729.5)  //  34  //;;;;;;;;;;;;;;;pr;spa;;;Libro;;HA/14319 //;http://bdh-rd.bne.es/viewer.vm?id=0000114884&page=1 **;http://bdh-rd.bne.es/text.vm?id=0000114884&first=1&last=26 **
bimo0001650806;Peratoner, Amancio  //;;;A noventa días vista : juguete en un acto y en verso;;original de Gerardo Blanco;;[s.n.]  Imp. de Vicente Andrés;;[S.l.] , Zaragoza;1867;42 p. , 21 cm ,;;;"""Estrenado con extraordinario éxito en el Teatro Principal de Zaragoza la noche del 5 de enero de 1867, a beneficio de la eminente pianista Teresa Carreño""  //";;;;;;;;;;;;;;;;"821.134.2-22""18""  //";;;;;;;;;;;;;;;sp;spa;;;Libro;;VC/16536/8 //;http://bdh-rd.bne.es/viewer.vm?id=0000092334&page=1 **;http://bdh-rd.bne.es/text.vm?id=0000092334&first=1&last=46 **
bimo0001650891;;;;Pequeña biografía clásica para la instrucción de los niños;;;;[s.n.]  Imp. Fraternal;;[S.l.] , Habana;1839;77 p. , 16 cm ,;Ciencia y cultura en general // Libros infantiles y juveniles //;;;;;;;;;;Griegos -- Biografías -- Libros infantiles --  // Romanos -- Biografías -- Libros infantiles --  //;;;;;;;;087.5:929(37)  //  087.5:929(38)  //;;;;;;;;;;;;;;;cu;spa;;;Libro;;1/4618 //;http://bdh-rd.bne.es/viewer.vm?id=0000086433&page=1 **;http://bdh-rd.bne.es/text.vm?id=0000086433&first=1&last=91 **
bimo0001650932;Betancourt, José Ramón , 1823-1890  //;;;Discursos y manifiestos políticos;;de J. R. de Betancourt;;[s.n.]  Estab. Tip. de Felipe Pinto;;[S.l.] , Madrid;1887;XXXVIII, 370 p. , 1 retr. , 23 cm ,;Hispanoamérica // Ciencia y cultura en general //;;;;;;;;;;;;;;;;;;081 Betancourt, José Ramón  //;;;;;;;;;;;;;;;sp;spa;;;Libro;;HA/18980 //;http://bdh-rd.bne.es/viewer.vm?id=0000111525&page=1 **;http://bdh-rd.bne.es/text.vm?id=0000111525&first=1&last=423 **
bimo0001650948;Bover, Joaquín María , 1810-1865  //;;;Contestación de Joaquín María Bover de Rossello a las correcciones fraternas, notas críticas y advertencias pacíficas hechas a sus Disertaciones históricas sobre la isla Conejera y sobre el pueblo Cunium;;[Joaquín María Bover];;[s.n.]  Imp. Nacional;;[S.l.] , Palma;1839;24 p. , 16 cm ,;;;;;;;;;;;Alcúdia -- Restos arqueológicos romanos --  //;;;;;;;;904(460.32 Alcúdia):7.032(37)  //;;;;;;;;;;;;;;;sp;spa;;;Libro;;VC/2727/54 //;http://bdh-rd.bne.es/viewer.vm?id=0000144641&page=1 **;http://bdh-rd.bne.es/text.vm?id=0000144641&first=1&last=28 **
bimo0001650959;Braeme, Charlotte M. , 1836-1884  // Ortega, Manuel Valerio  //;;;Dora novela;;"escrita en inglés por Carlota M. Braemé ; traducida por Manuel Valerio Ortega";;[s.n.]  M. Zorio;;Barcelona;1900;350 p. , 18 cm ,;;;;;;;;;;;;;;;;;;;;;;;;;;;;;;;;;;sp;spa;;spa // eng //;Libro;;DGMICRO/49607 //;http://bdh-rd.bne.es/viewer.vm?id=0000051966&page=1 **;http://bdh-rd.bne.es/text.vm?id=0000051966&first=1&last=360 **
bimo0001651117;Bravo Cisternas, Agustín  //;;;Proyecto de código de enjuiciamiento civil;;por Agustín Bravo Zistérnas;;[s.n.]  Imp. La Estrella;;[S.l.] , Valparaiso;1898;436 p. , 1 retr. , 23 cm ,;Hispanoamérica // Ciencias sociales // Derecho. Administración pública //;;;;;;;;;;Procedimiento civil -- Codificación -- Chile --  //;;;;;;;;340.134:347.91/.95(83)  //;;;;;;;;;;;;;;;cl;spa;;;Libro;;HA/2100 //;http://bdh-rd.bne.es/viewer.vm?id=0000051800&page=1 **;http://bdh-rd.bne.es/text.vm?id=0000051800&first=1&last=451 **
bimo0001651118;Bravo, Luis  //;;;América y España en la Exposición Universal de París de 1889;;"por don Luis Bravo ; con un prólogo de don Juan Valero de Tornos";;[s.n.]  Paul Dupont;;[S.l.] , París;1890;276 p. , il. , 32 cm ,;Hispanoamérica //;;;;;;;;;;Hispanoamericanos -- Biografías --  // Españoles -- S.XIX -- Biografías --  //;;;;;;;;"929(460)""18""  //  929(8=134.2)""18""  //";;;;;;;;;;;;;;;fr;spa;;;Libro;;HA/12456 //;http://bdh-rd.bne.es/viewer.vm?id=0000098276&page=1 **;http://bdh-rd.bne.es/text.vm?id=0000098276&first=1&last=299 **
bimo0001651275;Benot, Eduardo , 1822-1907  //;;;Breves apuntes sobre los casos y las oraciones preparatorias para el estudio de las lenguas;;por Eduardo Benot;Nueva ed. refundida y amp.;Librería de la Viuda de Hernando y Compañía;;Madrid;1888;173 p. , 19 cm ,;;;;;;;;;;;Lengua española -- Caso --  // Lengua española -- Sintaxis --  //;;;;;;;;;;;;;;;;;;;;;;;sp;spa;;;Libro;;1/73419 // 1/63926 // 1/63926 //;http://bdh-rd.bne.es/viewer.vm?id=0000113815&page=1 **;http://bdh-rd.bne.es/text.vm?id=0000113815&first=1&last=175 **
bimo0001651300;Benot, Eduardo , 1822-1907  //;;;Examen crítico de la acentuación castellana;;por Eduardo Benot;;Librería de la Viuda de Hernando y Cía.;;Madrid;1888;218 p. , 20 cm ,;Lingüística. Literatura // Lengua española // Tavera //;;;;;;;;;;Lengua española -- Acento --  //;;;;;;;;811.134.2'342.8  //;;;;;;;;;;;;;;;sp;spa;;;Libro;;4/100843 //;http://bdh-rd.bne.es/viewer.vm?id=0000039794&page=1 **;http://bdh-rd.bne.es/text.vm?id=0000039794&first=1&last=204 **
bimo0001651341;Bercero Guerra, Fructuoso Francisco  //;;;Tratamiento de las hernias y consejos a los que las padecen;;por el Dr. F. Bercero;4ª ed. corr. y aum. con grabados intercalados en el texto;[s.n.]  Baena Hermanos, imp.;;Madrid;1897;XV, 169, 26 p. , il. , 19 cm ,;Medicina //;;;;;;;;;;Hernias -- Tratamiento --  //;;;;;;;;61  //;;;;;;;;;;;;;;;sp;spa;;;Libro;;2/38298 //;http://bdh-rd.bne.es/viewer.vm?id=0000053247&page=1 **;http://bdh-rd.bne.es/text.vm?id=0000053247&first=1&last=220 **
bimo0001651495;;;;Breve noticia de la milagrosa imagen de San Francisco Xavier, que se venera en el Colegio de San Ildefonso, sacada de la vida del Padre José Vidal, de la Compañía de Jesús;;;;[s.n.]  Imp. de Luis Abadiano;;[S.l.] , México [D.F.];1849;4 p. , il. , 18 cm ,;Religión. Teología // Teología //;;Título tomado de la cabecera  //;;;;;;;;Francisco Javier, -- Santo -- Culto -- México --  // Vidal, José --  // Diego Luis de Sanvitores, -- Beato --  // Colegio de San Ildefonso (México) --  //;;;;;;;;(72)  //  248.159(72)  //  929 Diego Luis de Sanvitores, Beato  //  929 Vidal, José  //;;;;;;;;;;;;;;;mx;spa;;;Libro;;VC/2618/19 //;http://bdh-rd.bne.es/viewer.vm?id=0000102118&page=1 **;http://bdh-rd.bne.es/text.vm?id=0000102118&first=1&last=10 **
bimo0001651503;El Sereno  //;;;Breve reseña de las ocurrencias políticas, estragos e inundación del río Galligans y de sitio de Gerona en setiembre, octubre y noviembre de 1843;;;;Imp. y Librería de J. Grases;;Gerona;1845;71 p. , 15 cm ,;;;;;;;;;;;Gerona -- Historia -- S.XIX --  // España -- Historia -- 1840-1843 (Regencia de Espartero) --  //;;;;;;;;"94(460)  //  94(460)""1840/43""  //  94(460.233 G.)""18""  //";;;;;;;;;;;;;;;sp;spa;;;Libro;;VC/1568/1 //;http://bdh-rd.bne.es/viewer.vm?id=0000168494&page=1 **;http://bdh-rd.bne.es/text.vm?id=0000168494&first=1&last=82 **
bimo0001651601;Bruna y García Suelto, Ramiro de , 1844-1907  //;;;Santoña militar;;por Ramiro de Bruna;;[s.n.]  Ricardo Meléndez;;Santoña;1894;"1 h., II, 109 p., 1 h. de lám., 6 plan. , ; 26 cm ,";;;;;;;;;;;Arte y ciencia militar --  //;;;;;;;;;;;;;;;;;;;;;;;sp;spa;;;Libro;;1/71240 // 1/71240 //;http://bdh-rd.bne.es/viewer.vm?id=0000062369&page=1 **;http://bdh-rd.bne.es/text.vm?id=0000062369&first=1&last=145 **
bimo0001651701;Bodría y Roig, Joseph , 1842-1912  // Forteza, Jerónimo , 1846-1923  //;;;Roselles : poesíes valencianes;;"Joseph Bodría ; ab un prólech de Jeroni Forteza";;[s.n.]  Estampa de D.M. Manáut;;Valencia;1895;XV, 136 p. , 17 cm ,;;;Con retrato del autor  //;;;;;;;;;;;;;;;;;;;;;;;;;;;;;;;sp;cat;;;Libro;;DGMICRO/63017 //;http://bdh-rd.bne.es/viewer.vm?id=0000056170&page=1 **;http://bdh-rd.bne.es/text.vm?id=0000056170&first=1&last=172 **
bimo0001651738;Bordóns Guillot, Antonio de  //;;;Nociones de la Historia de España para los alumnos y alumnas de las Escuelas Normales;;por Antonio de Bordóns Guillot;;Imprenta y librería de Paciano Torres;;Gerona;1896;217 p. , 20 cm ,;;;;;;;;;;;España -- Historia --  //;;;;;;;;;;;;;;;;;;;;;;;sp;spa;;;Libro;;DGMICRO/63389 //;http://bdh-rd.bne.es/viewer.vm?id=0000065852&page=1 **;http://bdh-rd.bne.es/text.vm?id=0000065852&first=1&last=224 **
bimo0001651853;Blasco, Rafael , 1836-1884  //;;;Historias del corazón;;por Rafael Blasco;2ª ed., corr. y aum.;Imp. de José Rius, Editor;;Valencia;1864;242 p. , 19 cm ,;;;;;;;;;;;;;;;;;;;"821.134.2-14""18""  //";;;;;;;;;;;;;;;sp;spa;;;Libro;;1/26134 //;http://bdh-rd.bne.es/viewer.vm?id=0000038188&page=1 **;http://bdh-rd.bne.es/text.vm?id=0000038188&first=1&last=255 **
bimo0001651856;Blasco y Amigó, Manuel  //;;;Gramática inglesa método teórico-práctico;;por Manuel Blasco y Amigó;;"[s.n.]  Establecimiento tipográfico de ""La Voz de Galicia""";;Coruña;1885;"228 p. , ; 22 cm ,";;;;;;;;;;;Lengua inglesa -- Métodos --  //;;;;;;;;;;;;;;;;;;;;;;;sp;spa;;;Libro;;1/44515 //;http://bdh-rd.bne.es/viewer.vm?id=0000238123&page=1 **;http://bdh-rd.bne.es/text.vm?id=0000238123&first=1&last=239 **
bimo0001651930;Bustillo, Eduardo , 1836-1908  //;;;Cosas de la vida : cuentos y novelitas;;Eduardo Bustillo;;[s.n.]  Imprenta de los Hijos de M.G. Hernandez;;Madrid;1899;VIII, 267 p. , 19 cm ,;;;;;;;;;;;;;;;;;;;;;;;;;;;;;;;;;;sp;spa;;;Libro;;DGMICRO/63437 //;http://bdh-rd.bne.es/viewer.vm?id=0000065607&page=1 **;http://bdh-rd.bne.es/text.vm?id=0000065607&first=1&last=296 **
bimo0001651936;Bustillo, Juan Miguel  //;;;Compendio del arte militar;;"aprobado por el Escmo. Sr. Inspector General de Infantería ; arreglado por Juan Miguel Bustillo";;[s.n.]  Imp. de José C. de la Peña;;[S.l.] , Madrid;1844;[8], 310 p., [1] h. pleg. , 20 cm ,;;;;;;;;;;;Arte y ciencia militar --  //;;;;;;;;355  //;;;;;;;;;;;;;;;sp;spa;;;Libro;;1/42490 //;http://bdh-rd.bne.es/viewer.vm?id=0000105220&page=1 **;http://bdh-rd.bne.es/text.vm?id=0000105220&first=1&last=333 **
bimo0001652002;San Miguel, Santos  //;;;Bosquejo o memoria abreviada de los sitios segundo y tercero, sufridos por la heroica villa de de Bilbao;;;;[s.n.]  Zenon de Garayoa;;[S.l.] , Bilbao;1836;32, 72 p. , 14 cm ,;;"Bosquejo o memoria abreviada del segundo sitio de Bilbao ; Bosquejo o memoria abreviada del sitio tercero de Bilbao// Bosquejo o memoria abreviada del segundo sitio de Bilbao ; Bosquejo o memoria abreviada del sitio tercero de Bilbao//";Autor (p. 32): Santos San Miguel  // Título tomado de la cubierta  //;;;;;;;;Bilbao -- Historia -- 1835-1836 (Sitio) --  //;;;;;;;;"355.48(460.152 B.)""1835/36""  //  94(460.152 B.)""1835/36""  //  94(460)  //";;;;;;;;;;;;;;;sp;spa;;;Libro;;VC/2800/66 //;http://bdh-rd.bne.es/viewer.vm?id=0000130934&page=1 **;http://bdh-rd.bne.es/text.vm?id=0000130934&first=1&last=110 **
bimo0001652017;Botet i Sisó, Joaquim , 1846-1917  //;;;Los Condes beneficiarios;;por Joaquín Botet y Sisó;;Imp. y Librería de Paciano Torres;;Gerona;1890;80 p. , 23 cm ,;;;"Incluye apéndice documental  // ""Memoria histórica premiada por la Asociación Literaria de Gerona""  // Texto en español; apéndice en latín  // Precede al título: Condado de Gerona  //";;;;;;;;Gerona (Provincia) -- Historia -- S.IX --  //;;;;;;;;"94(460)  //  94(460.233)""08""  //";;;;;;;;;;;;;;;sp;spa;;;Libro;;VC/1568/44 //;http://bdh-rd.bne.es/viewer.vm?id=0000092336&page=1 **;http://bdh-rd.bne.es/text.vm?id=0000092336&first=1&last=92 **
bimo0001652160;Bonnet, Víctor  //;;;Cuestiones económicas y rentísticas a propósito de la crisis;;por Víctor Bonnet;;"[s.n.]  Imp. ""La Antilla""";;[S.l.] , Habana;1861;127 p. , 23 cm ,;Ciencias sociales // Economía //;;;;;;;;;;Crisis económicas -- 1857 --  //;;;;;;;;"338.124""1857""  //";;;;;;;;;;;;;;;cu;spa;;;Libro;;VC/4690/23 //;http://bdh-rd.bne.es/viewer.vm?id=0000079988&page=1 **;http://bdh-rd.bne.es/text.vm?id=0000079988&first=1&last=130 **
bimo0001652222;Bonnafont, Jean Pierre  // Espina y Martínez, Pedro  // Espina y Capo, Antonio , 1850-1930  //;;[Traité théorique et pratique des maladies de l'oreille et des organes de l'audition. Español] //;Tratado teórico y práctico de las enfermedades del oido y de los órganos de la audicion;;por el doctor J. P. Bonnafont;2ª ed. rev. y aum. con 43 láminas intervaladas /,traducida al español por Pedro Espina y Martínez y Antonio Espina y Capo;Librería editorial de Carlos Bailly-Baillière;;Madrid;1886;760 p. , il. , 23 cm ,;;;Título original: Traité théorique et pratique des maladies de l'oreille et des organes de l'audition  //;;;;;;;;Oído -- Enfermedades --  //;;;;;;;;616  //  616.28  //;;;;;;;;;;;;;;;sp;spa;fre;spa //;Libro;;1/29484 //;http://bdh-rd.bne.es/viewer.vm?id=0000128534&page=1 **;http://bdh-rd.bne.es/text.vm?id=0000128534&first=1&last=785 **
bimo0001652387;Boix, Vicente , 1813-1880  //;;;Memoria para escribir la biografía de don Rafael Esteve, primer grabador de Cámara de S. M.;;;;Real Academia de Nobles y Bellas Artes de San Carlos;;Valencia;1848;[32] p. , 30 cm ,;;;Autor (prólogo): Vicente Boix  //;;;;;;;;Esteve Vilella, Rafael -- Biografías --  //;;;;;;;;76  //  76 Esteve Vilella, Rafael  //;;;;;;;;;;;;;;;sp;spa;;;Libro;;VC/2883/51 //;http://bdh-rd.bne.es/viewer.vm?id=0000131450&page=1 **;http://bdh-rd.bne.es/text.vm?id=0000131450&first=1&last=42 **
bimo0001652413;Bonafós, Luis , m. 1903  //;;;Marcha Real y Marcha de Infantes;;;;[s.n.]  Imp. Hernando y Cia;;[S.l.] , Madrid;1897;54, 17 p. , 23 cm ,;;;Autor (p. 54): Luis Bonafos  //;;;;;;;;Marchas militares -- España --  //;;;;;;;;784  //  784.71.084(460)  //;;;;;;;;;;;;;;;sp;spa;;;Libro;;VC/1392/43 //;http://bdh-rd.bne.es/viewer.vm?id=0000140381&page=1 **;http://bdh-rd.bne.es/text.vm?id=0000140381&first=1&last=60 **
bimo0001652427;Serrano, Gaspar Bono , 1806-1879  //;;;El capitán Barona;;;;[s.n.]  Imp. de L. Beltrán;;[S.l.] , Madrid;1862;14 p. , 21 cm ,;;;Autor (p. 14): Gaspar Bono Serrano  //;;;;;;;;Barona, José María --  //;;;;;;;;929  //  929 Barona, José María  //;;;;;;;;;;;;;;;sp;spa;;;Libro;;VC/2586/53 //;http://bdh-rd.bne.es/viewer.vm?id=0000136949&page=1 **;http://bdh-rd.bne.es/text.vm?id=0000136949&first=1&last=20 **
bimo0001652470;Bonilla y San Martín, Adolfo , 1875-1926  //;;;Concepto y teoría del Derecho (estudio de metafísica jurídica);;por Adolfo Bonilla y San Martín;;Librería de Victoriano Suárez;;Madrid;1897;212 p. , 18 cm ,;Ciencias sociales // Derecho. Administración pública //;;;;;;;;;;Derecho -- Filosofía --  //;;;;;;;;340.12  //;;;;;;;;;;;;;;;sp;spa;;;Libro;;1/29368 //;http://bdh-rd.bne.es/viewer.vm?id=0000074884&page=1 **;http://bdh-rd.bne.es/text.vm?id=0000074884&first=1&last=239 **
bimo0001652498;Brugiere, Amable-Guillaume-Prosper, Baron de Barante  //;;[Histoire de la Convention nationale. Español] //;Historia de la Convención Nacional. Tomo primero;;"por M. de Barante ; traducida del francés para el Siglo XIX";;[s.n.]  Imp. de Ignacio Cumplido;;[S.l.] , México [D.F.];1854;XXIII, 878 p. , 21 cm ,;Geografía. Biografías. Historia // Historia de distintos países //;;Título original: Histoire de la Convention nationale  //;;;;;;;;Francia -- Historia -- 1792-1795 (Convención nacional) --  //;;;;;;;;"94(44)""1792/95""  //";;;;;;;;;;;;;;;mx;spa;fre;spa //;Libro;;2/88530 //;http://bdh-rd.bne.es/viewer.vm?id=0000117315&page=1 **;http://bdh-rd.bne.es/text.vm?id=0000117315&first=1&last=915 **
bimo0001652637;O  //;;;Biografía del Padre Claret;;por O***, colaborador de La Iberia de Calvo Asensio;;[s.n.]  Imp. a cargo de J.E. Morete;;[S.l.] , Madrid;1869;79 p. , 20 cm ,;Geografía. Biografías. Historia // Biografías. Heráldica. Genealogía //;;;;;;;;;;Antonio María Claret, -- Santo --  //;;;;;;;;929 Antonio María Claret, Santo  //;;;;;;;;;;;;;;;sp;spa;;;Libro;;1/5221 //;http://bdh-rd.bne.es/viewer.vm?id=0000093033&page=1 **;http://bdh-rd.bne.es/text.vm?id=0000093033&first=1&last=87 **
bimo0001652677;Bori i Fontestà, Antoni , 1863-1912  //;;[Lo trovador catalá] //;Lo trovador catalá : llibre de lectura en vers destinat als colegis, de noys y noyas, de Catalunya;;escrit per Antoni Bori y Fontestá;8ª éd. /,aum. ab. Narracions en prosa;[s.n.]  Imprenta de Henrich y Cª;;Barcelona;1898;"190 p. , ; 17 cm ,";;;;;;;;;;;Lengua catalana -- Fonología --  //;;;;;;;;;;;;;;;;;;;;;;;sp;cat;;;Libro;;DGMICRO/63560 //;http://bdh-rd.bne.es/viewer.vm?id=0000049987&page=1 **;http://bdh-rd.bne.es/text.vm?id=0000049987&first=1&last=198 **
bimo0001652700;Bou, Tomas (O.P.)  //;;;El zelo por la casa de Dios : fuerte y constantemente llevado hasta el sepulcro por el ilustrísimo y reverendísimo señor D.Fr. Juan Antonio Díaz Merino, dignísimo Obispo de Menorca, fallecido en Marsella el 16 de abril de 1844, a los 73 años de su edad : oración fúnebre que en los fúnebres obsequios le hicieron sus familiares ...;El celo por la casa de Dios  //;dijo el T.P. presentado Thomas Bou;;[s.n.]  Imp. de Pedro Grollier;;[S.l.] , Monpelier;1844;24 p. , 22 cm ,;;;;;;;;;;;Díaz Merino, Juan Antonio -- Exequias --  //;;;;;;;;929  //  929 Díaz Merino, Juan Antonio  //;;;;;;;;;;;;;;;fr;spa;;;Libro;;VC/742/24 //;http://bdh-rd.bne.es/viewer.vm?id=0000133014&page=1 **;http://bdh-rd.bne.es/text.vm?id=0000133014&first=1&last=28 **
bimo0001652846;Saintine, X.-B. , 1798-1865  //;;[Léonard le cocher. Español] //;Leonardo el cochero novela;;por X. Saintine;;[s.n.]  Tip. de Vicente García Torres;;[S.l.] , México [D.F.];1852;174 p. , 19 cm ,;Lingüística. Literatura // Literatura //;;Título original: Léonard le cocher  //;;;;;;;;;;;;;;;;"821.133.1-31""18""  //";;;;;;;;;;;;;;;mx;spa;fre;spa //;Libro;;3/941 //;http://bdh-rd.bne.es/viewer.vm?id=0000040066&page=1 **;http://bdh-rd.bne.es/text.vm?id=0000040066&first=1&last=181 **
bimo0001652848;Borda, Ignacio  //;;;El libro de la patria historia del 20 de Julio ... con pensamientos de esclarecidos colombianos sobre esta fecha memorable, ilustrada con rasgos biográficos de los treinta y siete vocales que constituyeron el gobierno del Nuevo Reino ... : preparada en conmemoración del aniversario del 20 de julio de 1894 por Ignacio Borda;;;;[s.n.];;Bogotá;1894;178 p. , il. , 24 cm ,;Hispanoamérica // Geografía. Biografías. Historia // Historia de América Latina //;;Título de la cubierta: Historia del 20 de julio de 1810  //;;;;;;;;Colombia -- Historia -- 1810-1822 (Guerra de la Independencia) --  //;;;;;;;;"(861)  //  94(861)""1810/22""  //";;;;;;;;;;;;;;;ck;spa;;;Libro;;HA/8419 //;http://bdh-rd.bne.es/viewer.vm?id=0000042936&page=1 **;http://bdh-rd.bne.es/text.vm?id=0000042936&first=1&last=197 **
bimo0001652897;Biciano, Bernardo  //;;;Oración gratulatoria que en la función de acción de gracias rendidas al Todo Poderoso, con el plausible motivo del feliz restablecimiento de la salud del Rey N. S., por los Cuerpos de la Marina Real del Apostadero de Cartagena, pronunció el R.P.P.Fr. Bernardo Biciano, sup[e]rior del Convento de dicha plaza;;;;[s.n.]  Oficina de José Juan;;[S.l.] , Cartagena;1832;17 p. , 21 cm ,;;;;;;;;;;;Fernando -- VII, -- Rey de España --  //;;;;;;;;929 Fernando(460) VII  //;;;;;;;;;;;;;;;sp;spa;;;Libro;;VC/2779/26 //;http://bdh-rd.bne.es/viewer.vm?id=0000133068&page=1 **;http://bdh-rd.bne.es/text.vm?id=0000133068&first=1&last=20 **
bimo0001652914;Burgos, Augusto  //;;;El libro de oro: Casa Real de España;;por Augusto Burgos;;[s.n.]  Imprenta de Alhambra;;[S.l.];1852;80 p., [5] h. de lam. col. , 40 cm ,;Geografía. Biografías. Historia // Biografías. Heráldica. Genealogía //;;;;;;;;;;España -- Reyes y soberanos -- Genealogía --  //;;;;;;;;929.52(460):929.731  //;;;;;;;;;;;;;;;sp;spa;;;Libro;;1/45458 //;http://bdh-rd.bne.es/viewer.vm?id=0000078481&page=1 **;http://bdh-rd.bne.es/text.vm?id=0000078481&first=1&last=91 **
bimo0001652954;Frontaura, Carlos , 1834-1910  //;;;Cuentos de la niñez;;arreglados del francés por Carlos Frontaura;;Librería de Juan y Antonio Bastinos;;Barcelona;1884;106 p. , il. , 16 cm ,;Biblioteca infantil //;;;;;;;;;;;;;;;;;;087.5:82  //;;;;;;;;;;;;;;;sp;spa;;;Libro;;9/226161 //;http://bdh-rd.bne.es/viewer.vm?id=0000141311&page=1 **;http://bdh-rd.bne.es/text.vm?id=0000141311&first=1&last=119 **
bimo0001659303;Gómez, Valentín , 1843-1907  //;;;Los liberales sin máscara;;por Valentín Gómez;;Antonio Pérez Dubrull;;Madrid;1869;233 p. , 19 cm ,;Ciencias sociales // Política // Biblioteca selecta católica //;;;;;;;;;;Liberalismo -- Aspectos religiosos -- Iglesia Católica --  //;;;;;;;;282:329.12  //;;;;;;;;;;;;;;;sp;spa;;;Libro;;9/209141 //;http://bdh-rd.bne.es/viewer.vm?id=0000113418&page=1 **;http://bdh-rd.bne.es/text.vm?id=0000113418&first=1&last=244 **
bimo0001676062;Gil y Zárate, Antonio , 1793-1861  //;;;D. Álvaro de Luna : drama en cinco actos;;por Antonio Gil de Zárate;;Librerías de Escamilla y Cuesta;;Madrid;1840;109 p. , 19 cm ,;Galería dramática //;;;;;;;;;;;;;;;;;;"821.134.2-23""18""  //";;;;;;;;;;;;;;;sp;spa;;;Libro;;9/210825 //;http://bdh-rd.bne.es/viewer.vm?id=0000168440&page=1 **;http://bdh-rd.bne.es/text.vm?id=0000168440&first=1&last=114 **
bimo0001678895;Busto, J. G. del  //;;;La chacra;;J.G. del Busto;;"[s.n.]  Imp. ""El Siglo""";;[S.l.] , [Montevideo];1900;14 p. , 23 cm ,;Lingüística. Literatura // Literatura hispanoamericana //;;;;;;;;;;;;;;;;;;"(899)  //  821.134.2(899)-14""18""  //  821.134.28  //";;;;;;;;;;;;;;;uy;spa;;;Libro;;9/211260 //;http://bdh-rd.bne.es/viewer.vm?id=0000060384&page=1 **;http://bdh-rd.bne.es/text.vm?id=0000060384&first=1&last=16 **
bimo0001683120;Serra, Narciso , 1830-1877  //;;;Un hombre importante comedia en 3 actos;;por Narciso Serra;;[s.n.]  Imp. de Juan Nepomuceno del Valle;;[S.l.] , México;1870;27 p. , 26 cm ,;Lingüística. Literatura // Literatura española // El teatro : enciclopedia dramática //;;;;;;;;;;;;;;;;;;"821.134.2-22""18""  //";;;;;;;;;;;;;;;mx;spa;;;Libro;;9/212100 //;http://bdh-rd.bne.es/viewer.vm?id=0000101837&page=1 **;http://bdh-rd.bne.es/text.vm?id=0000101837&first=1&last=32 **
bimo0001683362;Blasco, Eusebio , 1844-1903  //;;;Mensajero de paz comedia en un acto;;original de Eusebio Blasco;;El Fénix;;México;1905;17 p. , 19 cm ,;Lingüística. Literatura // Literatura española //;;"""Representada por primera vez en el Teatro Español, de Madrid, la noche del 23 de abril de 1898""  //";;;;;;;;;;;;;;;;"821.134.2-22""18""  //";;;;;;;;;;;;;;;mx;spa;;;Libro;;9/212706 //;http://bdh-rd.bne.es/viewer.vm?id=0000090658&page=1 **;http://bdh-rd.bne.es/text.vm?id=0000090658&first=1&last=12 **
bimo0001689536;Pigault-Lebrun , 1753-1835  //;;[Angélique et Jeanneton. Español] //;Ángela y Juanita;;"novela escrita en francés por Pigault-Lebrun ; traducida al castellano";;[s.n.]  Imp. de Manuel Saurí;;[S.l.] , Barcelona;1838;274 p. , 16 cm ,;;;Título original: Angélique et Jeanneton  //;;;;;;;;;;;;;;;;"821.133.1-31""17""  //";;;;;;;;;;;;;;;sp;spa;fre;spa //;Libro;;9/212357 //;http://bdh-rd.bne.es/viewer.vm?id=0000056092&page=1 **;http://bdh-rd.bne.es/text.vm?id=0000056092&first=1&last=297 **
bimo0001699906;Alrich y Elias, A  //;Una Sociedad de Literatos  //;;Aventuras y conquistas de Hernán Cortés en Méjico;;"por Una Sociedad de Literatos ; obra traducida del francés por A. Alrich y Elías";;Imp. de Manuel Sauri, Editor;;Barcelona;1846;XV, 322 p., [3] h. de lám. , 18 cm ,;Geografía. Biografías. Historia // Historia de América Latina //;;;;;;;;;;Cortés, Hernán --  // México -- Historia -- 1517-1521 (Descubrimiento y conquista) --  //;;;;;;;;"(72)  //  929 Cortés, Hernán  //  94(72)""1517/21""  //";;;;;;;;;;;;;;;sp;spa;fre;spa //;Libro;;9/219625 //;http://bdh-rd.bne.es/viewer.vm?id=0000127446&page=1 **;http://bdh-rd.bne.es/text.vm?id=0000127446&first=1&last=365 **
bimo0001701641;;Sociedad de Seguros Mutuos de Incendios de Casas en Valladolid  //;;Reglamento con que se gobierna la Sociedad de Seguros Mutuos contra Incendios de Casas en Valladolid, aprobado por el Real y Supremo Consejo de S.M. (Q.D.G.);;;;[s.n.]  Imp. de Aparicio;;[S.l.] , Valladolid;1832;31 p. , 21 cm ,;;;;;;;;;;;Sociedad de Seguros Mutuos de Incendios de Casas en Valladolid -- Reglamentos--  //;;;;;;;;368.10.032.2(460.185 V.)(060.13)  //;;;;;;;;;;;;;;;sp;spa;;;Libro;;9/220153 //;http://bdh-rd.bne.es/viewer.vm?id=0000056046&page=1 **;http://bdh-rd.bne.es/text.vm?id=0000056046&first=1&last=36 **
bimo0001704187;Ochoa, J. A. de  //;;;El huérfano de Almoguer : historia caballeresca española siglo XV. Tomo I;;por J.A. de Ochoa;;[s.n.]  Imp. de la Compañía de Imp. y Libreros;;[S.l.] , Madrid;1840;XXIV, 270 p. , 19 cm ,;;;;;;;;;;;;;;;;;;;"821.134.2-31""18""  //";;;;;;;;;;;;;;;sp;spa;;;Libro;;9/214297_V._1 //;http://bdh-rd.bne.es/viewer.vm?id=0000146074&page=1 **;http://bdh-rd.bne.es/text.vm?id=0000146074&first=1&last=511 **
