idBNE;Autor Personas;Autor Entidades;Título uniforme;Título;Otros Títulos;Información asociada al título;Edición;Editorial;Editor musical;Lugar de publicación;Fecha de publicación;Descripción física;Serie;Contenido;Descripción y notas;Citas o referencias;transcripciones de interés;Procedencia;Intérpretes;Resumen;Premios;Periodicidad;Tema;Género/Forma;Lugar relacionado;Forma de la composición sonora;Forma de la composición notada;tipo material cartográfico;Proyección del mapa;Escala del mapa;CDU;Otra clasificación;id registros relacionados;información asociada a registros relacionados;id otras ediciones;información asociada a otras ediciones;id título anterior;información asociada a título anterior;id título posterior;información asociada a título posterior;ISBN;ISSN;Depósito Legal;Otros Números Normalizados;Número Bibliografía Nacional;País de publicación;Lengua de publicación;Lengua original;otras lenguas;Tipo de documento;Condiciones de uso;signatura;version_digital;texto_OCR
bimo0001250451;Olea, Enrique de  //;;;El incienso;;;;[s.n.]  Imp. y Enc. de la Sociedad Anónima de Propaganda;;Bilbao;1894;p. , 8º m. ,;;;;;;;;;;;;;;;;;;;;;;;;;;;;;;;;;;sp;spa;;;Libro;;DGMICRO/63449 //;http://bdh-rd.bne.es/viewer.vm?id=0000065786&page=1 **;http://bdh-rd.bne.es/text.vm?id=0000065786&first=1&last=356 **
bimo0001251296;Oliver, Miquel dels Sants , 1864-1920  //;;;La literatura en Mallorca (1840-1903);;por Miguel S. Oliver;;[s.n.]  Tip. de Amengual y Muntaner;;[S.l.] , Palma de Mallorca;1903;296 p. , 17 cm ,;Ensayos Críticos //;;;;;;;;;;Literatura catalana -- Baleares (Comunidad Autónoma) -- Historia y crítica --  // Literatura española -- Mallorca -- Historia y crítica --  //;;;;;;;;"821.134.1  //  821.134.1(460.32).09""18""  //  821.134.2(460.32 Mallorca).09""18""  //";;;;;;;;;;;;;;;sp;spa;;;Libro;;4/112153 //;http://bdh-rd.bne.es/viewer.vm?id=0000105518&page=1 **;http://bdh-rd.bne.es/text.vm?id=0000105518&first=1&last=309 **
bimo0001251418;Oliver-Copóns, Eduardo , 1855-1931  //;;;Recuerdos de Menéndez Pelayo;;E. de Oliver-Copons;;[s.n.]  Imp. de los Hijos de Egaña;;[S.l.] , [Vitoria];1913;24 p. , 21 cm ,;;;;;;;;;;;Menéndez y Pelayo, Marcelino --  //;;;;;;;;929  //  929 Menéndez y Pelayo, Marcelino  //;;;;;;;;;;;;;;;sp;spa;;;Libro;;VC/565/7 //;http://bdh-rd.bne.es/viewer.vm?id=0000092362&page=1 **;http://bdh-rd.bne.es/text.vm?id=0000092362&first=1&last=32 **
bimo0001251956;Olmedilla y Puig, Joaquín , 1842-1912  //;;;Discurso leído en la solemne sesión inaugural del año de 1904 en la Real Academia de Medicina;;por el Excmo. e Ilmo. Señor Dr. D. Joaquín Olmedilla y Puig;;[s.n.]  Estab. Tip. de Enrique Teodoro;;[S.l.] , Madrid;1904;147 p. , 28 cm ,;Medicina. Farmacia //;;;;;;;;;;Farmacología -- Historia --  //;;;;;;;;615(091)  //;;;;;;;;;;;;;;;sp;spa;;;Libro;;VC/55/1 //;http://bdh-rd.bne.es/viewer.vm?id=0000094614&page=1 **;http://bdh-rd.bne.es/text.vm?id=0000094614&first=1&last=152 **
bimo0001251962;Olmedilla y Puig, Joaquín , 1842-1912  //;;;Elogio histórico del doctor en Farmacia y Cirugía y ex-catedrático de la primera de estas facultades, D. Ramón Barbolla trabajo redactado en virtud de encargo del Colegio de Farmacéuticos de Madrid para leerse en la sesión del aniversario 142 de su instalación;;por el doctor y catedrático Joaquín Olmedilla y Puig;;[s.n.]  Estab. Tip. de García y Caravera;;[S.l.] , Madrid;1879;27 p. , 21 cm ,;Medicina. Farmacia //;;;;;;;;;;Barbolla, Ramón --  //;;;;;;;;929 Barbolla, Ramón  //;;;;;;;;;;;;;;;sp;spa;;;Libro;;VC/12029/7 //;http://bdh-rd.bne.es/viewer.vm?id=0000083918&page=1 **;http://bdh-rd.bne.es/text.vm?id=0000083918&first=1&last=32 **
bimo0001251973;Olmedilla y Puig, Joaquín , 1842-1912  //;;;Importancia militar de la química consideraciones generales : conferencia pronunciada en la noche del jueves 2 de marzo de 1905;;por Joaquín Olmedilla y Puig;;[s.n.]  R. Velasco Imp.;;[S.l.] , Madrid;1905;33 p. , 23 cm ,;Ciencias puras. Ciencias naturales // Química //;;Precede al título: Centro del Ejército y de la Armada  //;;;;;;;;Química -- Aplicaciones militares --  //;;;;;;;;54:355.1  //;;;;;;;;;;;;;;;sp;spa;;;Libro;;VC/254/20 //;http://bdh-rd.bne.es/viewer.vm?id=0000047446&page=1 **;http://bdh-rd.bne.es/text.vm?id=0000047446&first=1&last=40 **
bimo0001251975;Olmedilla y Puig, Joaquín , 1842-1912  //;;;Manual del estudiante de farmacia o resumen de las asignaturas necesarias para aspirar al grado de licenciado en la referida facultad;;"por el doctor en la misma Don Joaquín Olmedilla y Puig, ... ; obra ilustrada con grabados";;Moya y Plaza;;Madrid;1870;VII, 477 p. , 21 cm ,;Medicina. Farmacia //;;;;;;;;;;Farmacología --  //;;;;;;;;615.015  //;;;;;;;;;;;;;;;sp;spa;;;Libro;;1/27005 //;http://bdh-rd.bne.es/viewer.vm?id=0000099104&page=1 **;http://bdh-rd.bne.es/text.vm?id=0000099104&first=1&last=495 **
bimo0001251986;Olmedilla y Puig, Joaquín , 1842-1912  //;;;Tratado de farmacia práctica galénica y de algunos asuntos relacionados con la misma (de utilidad para los alumnos y farmacéuticos en ejercicio);;por el doctor D. Joaquín Olmedilla y Puig;;Librería de Perlado, Páez y Cª;;Madrid;1907;1060 p. , 1 retr. , 25 cm ,;Medicina. Farmacia //;;Índice  //;;;;;;;;Farmacia galénica --  //;;;;;;;;615.012/.014  //;;;;;;;;;;;;;;;sp;spa;;;Libro;;1/32636 //;http://bdh-rd.bne.es/viewer.vm?id=0000099657&page=1 **;http://bdh-rd.bne.es/text.vm?id=0000099657&first=1&last=1070 **
bimo0001252065;Olmedo y Rodriguez, Felipe  //;;;Guía de quintas : Legislación y jurisprudencia dictada en esta materia, recogida, ordenada y concordada;;;;á cargo de Juan Gómez  Establecimiento tipográfico provincial;;Zamora;1898;p. , 8º d.m. ,;;La vigente ley de Reclutamiento de 21 de Octubre de 1896 : Reglamento para su ejecución...// La vigente ley de Reclutamiento de 21 de Octubre de 1896 : Reglamento para su ejecución...//;;;;;;;;;;;;;;;;;;;;;;;;;;;;;;;;sp;spa;;;Libro;;DGMICRO/63309 //;http://bdh-rd.bne.es/viewer.vm?id=0000055692&page=1 **;http://bdh-rd.bne.es/text.vm?id=0000055692&first=1&last=184 **
bimo0001253606;Oñate, Agustin  //;;;Tratado elemental de aritmética comercial;;por el profesor C. Agustín Oñate;;[s.n.]  Imp. de José María Oñate;;[S.l.] , México [D.F.];1849;92 p. , 15 cm ,;Ciencias puras. Ciencias naturales // Matemáticas //;;;;;;;;;;Aritmética -- Libros escolares --  //;;;;;;;;511.1(07)  //;;;;;;;;;;;;;;;mx;spa;;;Libro;;VC/633/8 //;http://bdh-rd.bne.es/viewer.vm?id=0000050262&page=1 **;http://bdh-rd.bne.es/text.vm?id=0000050262&first=1&last=98 **
bimo0001253854;Opisso, Alfredo , 1847-1924  //;;;Viajes por Europa : obra ilustrada con 250 grabados;;por Alfredo Opisso;;Librería de Antonio J. Bastinos;;Barcelona;1896;1 v. (pag. var.) , 23 cm ,;;;;;;;;;;;Europa -- Descripción -- Libros infantiles --  //;;;;;;;;087.5  //;;;;;;;;;;;;;;;sp;spa;;;Libro;;2/45905 //;http://bdh-rd.bne.es/viewer.vm?id=0000084749&page=1 ** http://bdh-rd.bne.es/viewer.vm?id=0000084749&page=377 **;http://bdh-rd.bne.es/text.vm?id=0000084749&first=1&last=376 ** http://bdh-rd.bne.es/text.vm?id=0000084749&first=377&last=721 **
bimo0001254818;;Canredondo Ayuntamiento  //;;Ordenanzas municipales para la villa de Canredondo y su término;;;;La Región;;Guadalajara;1908;36 p. , 17 cm ,;;;;;;;;;;;Ordenanzas municipales -- Canredondo --  //;;;;;;;;352(460.281).07  //;;;;;;;;;;;;;;;sp;spa;;;Libro;;VC/361/17 //;http://bdh-rd.bne.es/viewer.vm?id=0000136934&page=1 **;http://bdh-rd.bne.es/text.vm?id=0000136934&first=1&last=38 **
bimo0001254838;;Palafrugell Ayuntamiento  //;;Ordenanzas municipales de la villa de Palafrugell : acordadas por el Ayuntamiento Constitucional de la misma en el año 1882 ...;;;;Imp. y Librería de Paciano Torres;;Gerona;1899;23 p. , 19 cm ,;;;;;;;;;;;Ordenanzas municipales -- Palafrugell --  //;;;;;;;;352  //  352(460.233 Palafrugell).077.6  //;;;;;;;;;;;;;;;sp;spa;;;Libro;;VC/4896/1 //;http://bdh-rd.bne.es/viewer.vm?id=0000137058&page=1 **;http://bdh-rd.bne.es/text.vm?id=0000137058&first=1&last=28 **
bimo0001254853;Díaz Cassou, Pedro , 1843-1902 -compilador -editor literario edc edt  //;Murcia Ayuntamiento -jurisdicción promulgadora -enj  //;[Ordenanzas y costumbres de la huerta de Murcia] //;Ordenanzas y costumbres de la huerta de Murcia;;"compiladas y comentadas por Pedro Díaz Cassou, abogado consultor el Exmo. Ayuntamiento de Murcia y de la Comisión representativa de la Huerta ; con un estudio preliminar del Exmo. Sr. D. Francisco Silvela de Levielleuze, exministro de Gobernación y de Gracia  y Justicia";;[editor no identificado],  Establecimiento Tipográfico de Fortanet, Impresor de la Real Academia de la Historia,;;[Lugar de publicación no identificado]Madrid;1881;157 páginas , 25 cm ,;Ciencias aplicadas. Tecnología // Agricultura. Selvicultura. Ganaderia. Caza. Pesca // Ciencias sociales // Derecho. Administración pública //;;Índice  //;;;;;;;;Junta de Hacendados de la Huerta de Murcia -- Reglamentos--  // Riego -- Derecho y legislación -- Murcia (Comunidad Autónoma) --  //;Reglamentos --  // Ordenanzas locales --  //;;;;;;;347.247(460.331)(060.13)  //  351.792(460.33)  //;;;;;;;;;;;;;;;sp;spa;;;Libro;;1/70540 //;http://bdh-rd.bne.es/viewer.vm?id=0000117639&page=1 **;http://bdh-rd.bne.es/text.vm?id=0000117639&first=1&last=166 **
bimo0001254868;;"Comunidad de Regantes e Industriales del Río ""Salón"" de la Ciudad de Medina de Pomar  //";;Ordenanzas y reglamentos del sindicato y jurado de riego, por los cuales se ha de regir en lo sucesivo dicha comunidad, conforme a la legislación actual o vigente;;"Comunidad de Regantes e Industriales del Río ""Salón"" en la ciudad de Medina de Pomar";;[s.n.]  Imp. y Estereotipia de Polo;;[S.l.] , Burgos;1898;56 p. , 23 cm ,;Ciencias aplicadas. Tecnología // Agricultura. Selvicultura. Ganaderia. Caza. Pesca // Ciencias sociales // Derecho. Administración pública //;;;;;;;;;;"Comunidad de Regantes e Industriales del Río ""Salón"" de la Ciudad de Medina de Pomar -- Estatutos--  //";;;;;;;;347.247.5(460.182 Medina)(060.13)  //;;;;;;;;;;;;;;;sp;spa;;;Libro;;2/43742 //;http://bdh-rd.bne.es/viewer.vm?id=0000114581&page=1 **;http://bdh-rd.bne.es/text.vm?id=0000114581&first=1&last=69 **
bimo0001254895;;;;Reales Ordenes dirigidas por el Ministerio de Hacienda al Excmo. Sr. Presidente del Consejo de Administracion de la misma (Compañia Arrendataria de Tabacos [sobre la Ley del] Timbre);;;;[s.n.]  Imprenta de los Hijos de M.G. Hernández;;Madrid;1899;p. , 8º m. ,;;;;;;;;;;;;;;;;;;;;;;;;;;;;;;;;;;sp;spa;;;Libro;;DGMICRO/63530 //;http://bdh-rd.bne.es/viewer.vm?id=0000050486&page=1 **;http://bdh-rd.bne.es/text.vm?id=0000050486&first=1&last=142 **
bimo0001254955;;;;Vindicación de las Órdenes Religiosas en Filipinas groseramente calumniadas por la Masonería;;;;[s.n.]  Imp. de Calatrava;;[S.l.] , Salamanca;1899;48 p. , 22 cm ,;Religión. Teología // Cristianismo. Historia eclesiástica //;;;;;;;;;;Órdenes y congregaciones religiosas -- Filipinas --  //;;;;;;;;271(599)  //;;;;;;;;;;;;;;;sp;spa;;;Libro;;VC/1445/29 //;http://bdh-rd.bne.es/viewer.vm?id=0000098196&page=1 **;http://bdh-rd.bne.es/text.vm?id=0000098196&first=1&last=52 **
bimo0001255779;;;;Organización, atribuciones y relaciones de las dependencias del Estado;;;;[s.n.]  Imp. y Litogr. de Manuel Pérez (hijo);;[S.l.] , Manila;1892;300 p. , 23 cm ,;"Hispanoamérica // Ciencias sociales // Derecho. Administración pública // Colección de ""El faro administrativo"" //";;;;;;;;;;;;;;;;;;"353.8(599)""18""(094.5)  //  34  //";;;;;;;;;;;;;;;ph;spa;;;Libro;;HA/7188 // HA/7188 //;http://bdh-rd.bne.es/viewer.vm?id=0000049070&page=1 **;http://bdh-rd.bne.es/text.vm?id=0000049070&first=1&last=311 **
bimo0001258023;Oriol y Bernadet, José  //;;;Manual de aritmética demostrada al alcance de los niños;;por José Oriol y Bernadet;4ª ed.;Imp. y Librería Politécnica de Tomás Gorchs;;Barcelona;1851;228 p. , 20 cm ,;;;;;;;;;;;Aritmética --  //;;;;;;;;511.1  //;;;;;;;;;;;;;;;sp;spa;;;Libro;;1/35180 //;http://bdh-rd.bne.es/viewer.vm?id=0000128587&page=1 **;http://bdh-rd.bne.es/text.vm?id=0000128587&first=1&last=235 **
bimo0001258741;Orozco y Berra, Fernando , 1822-1851  //;;;La guerra de 30 años;;por Fernando Orozco;;[s.n.]  Imp. de Vicente García Torres;;[S.l.] , México;1850;2 v. (343, 338 p.) , 21 cm ,;Hispanoamérica // Lingüística. Literatura // Literatura hispanoamericana //;;;;;;;;;;;;;;;;;;"(72)  //  821.134.2(72)-31""18""  //  821.134.28  //";;;;;;;;;;;;;;;mx;spa;;;Libro;;HA/817 //;http://bdh-rd.bne.es/viewer.vm?id=0000015716&page=1 ** http://bdh-rd.bne.es/viewer.vm?id=0000015716&page=353 **;http://bdh-rd.bne.es/text.vm?id=0000015716&first=1&last=352 ** http://bdh-rd.bne.es/text.vm?id=0000015716&first=353&last=695 **
bimo0001258882;Orrego Luco, Augusto , 1848-1933  //;;;Retratos : Amunátegui, Gambetta, Cánovas del Castillo, J.M. Charcot, Victorino Lastarría, Simón Rodríguez;;;;Ediciones de la Revista Chilena;;[Santiago de Chile];1917;290 p. , 18 cm ,;;;;;;;;;;;Biografías -- S.XIX --  //;;;;;;;;"929  //  929""18""  //";;;;;;;;;;;;;;;cl;spa;;;Libro;;HA/29059 //;http://bdh-rd.bne.es/viewer.vm?id=0000105864&page=1 **;http://bdh-rd.bne.es/text.vm?id=0000105864&first=1&last=293 **
bimo0001261445;Reyes, Arturo , 1864-1913  //;;[Cartucherita] //;Cartucherita novela andaluza;;Arturo Reyes;2ª ed. corr.;Librería de Fernando Fé;;Madrid;1898;193 p. , 19 cm ,;Lingüística. Literatura // Literatura española //;;;;;;;;;;;;;;;;;;"821.134.2-31""18""  //";;;;;;;;;;;;;;;sp;spa;;;Libro;;1/30155 //;http://bdh-rd.bne.es/viewer.vm?id=0000084210&page=1 **;http://bdh-rd.bne.es/text.vm?id=0000084210&first=1&last=201 **
bimo0001263109;Ortega, Enrique , fl. 1886-1918  //;;;Los casamientos del diablo novela histórica americana;;por Enrique Ortega;;Librería Española de Garnier hermanos;;París;1889;317 p. , 18 cm ,;Biblioteca de los novelistas // Biblioteca de los novelistas // Hispanoamérica // Lingüística. Literatura // Literatura hispanoamericana //;;;;;;;;;;;;;;;;;;"(82)  //  821.134.2(82)-31""19""  //  821.134.28  //";;;;;;;;;;;;;;;fr;spa;;;Libro;;HA/66688 //;http://bdh-rd.bne.es/viewer.vm?id=0000097265&page=1 **;http://bdh-rd.bne.es/text.vm?id=0000097265&first=1&last=331 **
bimo0001263143;Ortega, José Benito  //;;;Las fiestas de las Calderas;;;;[s.n.]  Imp. Francisco P. Rioja;;[S.l.] , Soria;1859;12 p. , 19 cm ,;;;Autor (p. 12): José Benito Ortega  //;;;;;;;;Fiestas -- Soria -- Poesías --  //;;;;;;;;"821.134.2-1  //  398.332.2(460.186 S.)(0:82)  //  821.134.2-14""18""  //";;;;;;;;;;;;;;;sp;spa;;;Libro;;VC/2657/63 //;http://bdh-rd.bne.es/viewer.vm?id=0000136945&page=1 **;http://bdh-rd.bne.es/text.vm?id=0000136945&first=1&last=16 **
bimo0001263213;Ortega, Santiago  //;;;Curso de corte [de trajes];;;13ª ed.;F. Santarem;;Valladolid;1884;p. , 12º apº d. ,;;;;;;;;;;;;;;;;;;;;;;;;;;;;;;;;;;sp;spa;;;Libro;;1/24703 //;http://bdh-rd.bne.es/viewer.vm?id=0000206790&page=1 **;http://bdh-rd.bne.es/text.vm?id=0000206790&first=1&last=61 **
bimo0001263214;Ortega, Ramón  //;;;Valencia en la mano guía práctica de Valencia y sus alrededores... : excursiones artísticas y recreativas á los pueblos limítrofes y á los Santuarios mas venerados... : Balnearios más notables... de la provincia etc;;;;Libª de Ramón Ortega  Impr. de José Ortega;;Valencia;1891;p. , 8º ,;;;;;;;;;;;;;;;;;;;;;;;;;;;;;;;;;;sp;spa;;;Libro;;DGMICRO/63833 //;http://bdh-rd.bne.es/viewer.vm?id=0000062268&page=1 **;http://bdh-rd.bne.es/text.vm?id=0000062268&first=1&last=136 **
bimo0001263251;Ortega Agulla, Guillermo , 1875-1922  // Goytre Bejarano, Ricardo , 1877-1934  //;;;Apuntes de química : redactados con arreglo al programa para la convocatoria de aspirante al Cuerpo de Telégrafos;;por Ortega y Goytre;;[s.n.]  Estab. Tip. de Ángel B. Velasco;;[S.l.] , Madrid;1907;208 p., [2] h. de lám. , 23 cm ,;;;;;;;;;;;Química --  //;;;;;;;;54  //;;;;;;;;;;;;;;;sp;spa;;;Libro;;1/48132 //;http://bdh-rd.bne.es/viewer.vm?id=0000137253&page=1 **;http://bdh-rd.bne.es/text.vm?id=0000137253&first=1&last=225 **
bimo0001263343;Ortega y Espinós, José  //;;;Discurso inaugural leído el día 1º de Octubre de 1871 en el Instituto Provincial de Segunda Enseñanza de Barcelona, en el acto solemne de la apertura del curso académico de 1871 a 1872;;por José Ortega y Espinós;;[s.n.]  Imp. deTomás Gorchs;;[S.l.] , Barcelona;1871;19 p. , 26 cm ,;;;;;;;;;;;Enseñanza secundaria -- España --  //;;;;;;;;"373  //  373.5(460)""18""  //";;;;;;;;;;;;;;;sp;spa;;;Libro;;VC/883/14 //;http://bdh-rd.bne.es/viewer.vm?id=0000144826&page=1 **;http://bdh-rd.bne.es/text.vm?id=0000144826&first=1&last=20 **
bimo0001263381;Ortega y Frías, Ramón , 1825-1883  //;;;El Hechicero, ó el Castillo de los siete Condes novela original;;;;Gómez editr.  Impta. de Gracia y Orga;;Madrid;1860;p. , En 8º mlla. ,;;;Con 11 láms. en madera  //;;;;;;;;;;;;;;;;;;;;;;;;;;;;;;;sp;spa;;;Libro;;DGMICRO/12840 //;http://bdh-rd.bne.es/viewer.vm?id=0000050369&page=1 **;http://bdh-rd.bne.es/text.vm?id=0000050369&first=1&last=600 **
bimo0001263954;Ortega Munilla, José , 1856-1922  //;;;El paño pardo : crónica de un villorrio en 1890;;J. Ortega Munilla;2ª ed.;Pueyo;;Madrid;1920;331 p. , 18 cm ,;;;;;;;;;;;;;;;;;;;"821.134.2-31""18""  //";;;;;;;;;;;;;;;sp;spa;;;Libro;;1/83805 //;http://bdh-rd.bne.es/viewer.vm?id=0000131781&page=1 **;http://bdh-rd.bne.es/text.vm?id=0000131781&first=1&last=345 **
bimo0001264041;Ortega Rubio, Juan , 1845-1921  //;;;Apuntes de historia de la civilización de los judíos y musulmanes conforme al programa de esta asignatura y tomados de las explicaciones del catedrático Juan Ortega Rubio;;;;Librería General de Victoriano Suárez;;Madrid;1904;330 p. , 22 cm ,;Geografía. Biografías. Historia // Historia. Ciencias auxiliares de la historia //;;"""Curso de 1903 a 1904""  // Precede al título: Universidad Central. Facultad de Filosofía y Letras  // En letra manuscrita  //";;;;;;;;Judíos -- Civilización -- Libros escolares --  // Civilización musulmana -- Historia -- Libros escolares --  //;;;;;;;;930.85(=411.16)(07)  //  930.85(100):297(07)  //;;;;;;;;;;;;;;;sp;spa;;;Libro;;1/14192 //;http://bdh-rd.bne.es/viewer.vm?id=0000092545&page=1 **;http://bdh-rd.bne.es/text.vm?id=0000092545&first=1&last=345 **
bimo0001264270;Ortí y Lara, Juan Manuel , 1826-1904  //;;;La Inquisición : obra publicada por vez primera en El Siglo Futuro;;por Juan Manuel Ortí y Lara;Ed. corr. y aum.;[s.n.]  Imp. de la Viuda e Hijo de Aguado;;[S.l.] , Madrid;1877;XIX, 315 p. , 23 cm ,;;;;;;;;;;;Inquisición --  // Inquisición -- España --  //;;;;;;;;27  //  272  //  272(460)  //;;;;;;;;;;;;;;;sp;spa;;;Libro;;1/26633 //;http://bdh-rd.bne.es/viewer.vm?id=0000097586&page=1 **;http://bdh-rd.bne.es/text.vm?id=0000097586&first=1&last=349 **
bimo0001264281;Ortí y Lara, Juan Manuel , 1826-1904  // Collantes Bueno, José M.  //;;;Resumen de las lecciones en que se divide el programa de Los prolegómenos del derecho de don Juan M. Ortí Lara;;por José M. Collantes Bueno;;[s.n.]  Imp. de la V. de Puchol;;[S.l.] , Granada;1880;90 p. , 19 cm ,;;;;;;;;;;;Derecho -- Resúmenes --  //;;;;;;;;34(048.3)  //;;;;;;;;;;;;;;;sp;spa;;;Libro;;2/45571 //;http://bdh-rd.bne.es/viewer.vm?id=0000074135&page=1 **;http://bdh-rd.bne.es/text.vm?id=0000074135&first=1&last=101 **
bimo0001265118;;;;Ortología para instrucción de los niños;;por J.S.;;[s.n.]  Imp. Viuda e Hijos de Antonio Brusi;;Barcelona;1838;23 p. , 15 cm ,;;;;;;;;;;;;;;;;;;;;;;;;;;;;;;;;;;sp;spa;;;Libro;;VC/2628/11 //;http://bdh-rd.bne.es/viewer.vm?id=0000241361&page=1 **;http://bdh-rd.bne.es/text.vm?id=0000241361&first=1&last=23 **
bimo0001265799;Osona, Arthur , 1849-1901  //;;;Desde Monserrat á las regiones de la Segarra y del Campo de Tarragona guía itineraria;;;;[s.n.]  Estampa de Franco. Alter;;Barcelona;1895;p. , 8º ,;;;;;;;;;;;;;;;;;;;;;;;;;;;;;;;;;;sp;spa;;;Libro;;DGMICRO/63847 //;http://bdh-rd.bne.es/viewer.vm?id=0000062282&page=1 **;http://bdh-rd.bne.es/text.vm?id=0000062282&first=1&last=312 **
bimo0001265805;Osona, Arthur , 1849-1901  //;;;Guía itineraria de las regions del Llussanés, Pyrineus, Cerdanya, serras de Cadi y Andorra ó sia de las concas y de las fonts... ab la ressenya geografich-histórica de la República d'Andorra dividida en 136 itineraris;;;3ª ed. corr. y aum.;[s.n.]  Est. de F. Altés y Alabart;;Barcelona;1894;p. , 8º ,;;;;;;;;;;;;;;;;;;;;;;;;;;;;;;;;;;sp;cat;;;Libro;;DGMICRO/63834 //;http://bdh-rd.bne.es/viewer.vm?id=0000060290&page=1 **;http://bdh-rd.bne.es/text.vm?id=0000060290&first=1&last=384 **
bimo0001265850;Osorio, Nicolás  //;;;Estudio sobre las quinas de los Estados Unidos de Colombia or Nicolás Osorio;;;2ª ed.;[s.n.]  Imp. de Echeverría Hermanos;;[S.l.] , Bogotá;1874;42 p., 10 h. de lám. col., [1] h. pleg. de mapa , 36 cm ,;Hispanoamérica // Ciencias puras. Ciencias naturales // Botánica //;;;;;;;;;;Quina -- Colombia --  // Quina -- Panamá --  //;;;;;;;;582.936.1(861.7)  //  582.936.1(728.7)  //;;;;;;;;;;;;;;;ck;spa;;;Libro;;HA/3 //;http://bdh-rd.bne.es/viewer.vm?id=0000045594&page=1 **;http://bdh-rd.bne.es/text.vm?id=0000045594&first=1&last=78 **
bimo0001266055;Ossorio y Bernard, Manuel , 1839-1904  //;;;Novísimo diccionario de la lengua;;"escrito en verso por Manuel Ossorio Bernard ; con la cooperación de Rafael Tejada y Alonso";;[s.n.]  Imp. a cargo de R. Moreno;;[S.l.] , Madrid;1868;95 p. , 16 cm ,;;;;;;;;;;;Lengua española -- Obras satíricas y humorísticas --  //;Poesías humorísticas --  //;;;;;;;"821.134.2-17""18""  //  811.134.2(089.3)  //";;;;;;;;;;;;;;;sp;spa;;;Libro;;1/249 //;http://bdh-rd.bne.es/viewer.vm?id=0000236192&page=1 **;http://bdh-rd.bne.es/text.vm?id=0000236192&first=1&last=111 **
bimo0001266521;Otero, José Pacífico , 1874-1937  //;;;La Révolution Argentine 1810-1816 thèse presentée pour le Doctorat... devant la Faculté des Lettres;;;;[Bussière];;"[Saint-Amand] ;Paris";1917;3 h., 335 p. , 8º mlla. (22 cm) ,;;;;;;;;;;;;;;;;;;;;;;;;;;;;;;;;;;fr;fre;;;Libro;;2/75736 //;http://bdh-rd.bne.es/viewer.vm?id=0000214682&page=1 **;http://bdh-rd.bne.es/text.vm?id=0000214682&first=1&last=355 **
bimo0001266988;Ouang Fimg, Y.  //;;;Les rapports entre la commerce extérieur de la Chine et sa situation financière Thèse pour le Doctorat;;;;Jouve & Cie.;;Paris;1919;236 p. , 4º mlla. (25 cm) ,;;;Precede al tít.: faculté de Droit de l'Université de Paris  //;;;;;;;;;;;;;;;;;;;;;;;;;;;;;;;fr;fre;;;Libro;"Acceso y/o uso restringido. La presente obra presenta restricciones en cuanto a su reproducción, distribución, comunicación pública o transformación; no obstante y en virtud del artículo 37 del Texto refundido de la Ley de Propiedad Intelectual (TRLPI), la Biblioteca Nacional de España está autorizada a la reproducción y a la comunicación de obras, mediante red cerrada e interna, a efectos de investigación (artículo 37, RDL 1/1996, de 12 de abril, revisada el 5 noviembre de 2015); sin perjuicio de las copias que puedan obtenerse en la BNE para uso privado, para ejercer cualquier otro de los derechos de explotación previstos en la TRLPI, el usuario deberá contactar con el correspondiente titular o la entidad de gestión encargada de representar al titular.//";2/75347 //;http://bdh-rd.bne.es/viewer.vm?id=0000214275&page=1 **;http://bdh-rd.bne.es/text.vm?id=0000214275&first=1&last=247 **
bimo0001268568;Padin y Robles, Hipólito  //;;;Manual del viñador preservativo contra los efectos del oidium;;por Hipólito Padin y Robles;;Cruz;;Tuy;1861;26 p. , 16 cm ,;Química //;;;;;;;;;;Vid -- Plagas y enfermedades --  //;;;;;;;;54  //;;;;;;;;;;;;;;;sp;spa;;;Libro;;1/2951 //;http://bdh-rd.bne.es/viewer.vm?id=0000048387&page=1 **;http://bdh-rd.bne.es/text.vm?id=0000048387&first=1&last=34 **
bimo0001268624;Padró y Pou, Clemente  //;;;Guía y plano de Roma;;publicada y escrita por Clemente Padró y Pou;;[s.n.]  Imp. de Francisco J. Albós;;Barcelona;1900;p. , 8º m. ,;;;Con permiso de las Autoridades eclesiásticas  // Con grab. y autóg. del aut.  //;;;;;;;;;;;;;;;;;;;;;;;;;;;;;;;sp;spa;;;Libro;;DGMICRO/63995 //;http://bdh-rd.bne.es/viewer.vm?id=0000060833&page=1 **;http://bdh-rd.bne.es/text.vm?id=0000060833&first=1&last=230 **
bimo0001269356;;;;La Palabra de Dios Dios es Amor;;;;[s.n.  Tip. La Academia;;Barcelona;?;4 p. , 14 cm ,;;;Port. con orla grab.  //;;;;;;;;;;;;;;;;;;;;;;;;;;;;;;;sp;spa;;;Libro;;VC/2781/26 //;http://bdh-rd.bne.es/viewer.vm?id=0000234599&page=1 **;http://bdh-rd.bne.es/text.vm?id=0000234599&first=1&last=7 **
bimo0001270058;Palafox y Mendoza, Juan de , 1600-1659  //;;;Tercera carta del venerable siervo de Dios Don Juan de Palafox y Mendoza, al sumo pontífice Inocencio X;;traducida del latín al castellano por Salvador González;;[s.n.]  Oficina de Vicente García Torres;;[S.l.] , Méjico;1841;52 p. , 20 cm ,;Religión. Teología // Cristianismo. Historia eclesiástica //;;;;;;;;;;Inocencio -- X, -- Papa --  // Jesuitas -- Obras de controversia--  //;;;;;;;;271.5:239  //  929 Inocencio X, Papa  //;;;;;;;;;;;;;;;mx;spa;lat;spa //;Libro;;VC/2812/52 //;http://bdh-rd.bne.es/viewer.vm?id=0000102164&page=1 **;http://bdh-rd.bne.es/text.vm?id=0000102164&first=1&last=52 **
bimo0001270426;Palau y Catalá, Melchor de , 1843-1910  //;;;Acontecimientos literarios impresiones y notas bibliográficas : 1895;;Melchor de Palau;;[s.n.]  Imp. y Litogr. del Asilo de Huérfanos del Sagrado Corazón de Jesús;;[S.l.] , Madrid;1896;270, 16, 32 p. , 19 cm ,;Lingüística. Literatura // Literatura española //;;;;;;;;;;España -- Vida intelectual -- S.XIX --  //;;;;;;;;"008(460)""18""  //  821.134.2.09""18""  //";;;;;;;;;;;;;;;sp;spa;;;Libro;;4/12361 //;http://bdh-rd.bne.es/viewer.vm?id=0000120961&page=1 **;http://bdh-rd.bne.es/text.vm?id=0000120961&first=1&last=283 **
bimo0001270440;Palau y Catalá, Melchor de , 1843-1910  //;;;Versos para escuelas;;Melchor de Palau;;[s.n.]  Imp. del Asilo de Huérfanos del S.C. de Jesús;;[S.l.] , Madrid;1903;77 p. , 19 cm ,;Lingüística. Literatura // Literatura española //;;;;;;;;;;;;;;;;;;"821.134.2-14""18""  //";;;;;;;;;;;;;;;sp;spa;;;Libro;;1/4214 //;http://bdh-rd.bne.es/viewer.vm?id=0000038721&page=1 **;http://bdh-rd.bne.es/text.vm?id=0000038721&first=1&last=87 **
bimo0001271470;Palou, Francisco de Asís , 1829-1876  //;;;Discurso pronunciado el día 1º de Octubre de 1861 por D. Francisco de Asis Palou alcalde ... en el acto de inaugurar la escuela pública a cargo del profesor D. Alejandro Pinilla;;;;[s.n.]  Imp. y Estereotipia Española;;Madrid;1861;15 p. , 26 cm ,;;;;;;;;;;;Universidad Complutense (Alcalá de Henares) -- Historia--  //;;;;;;;;378  //  378.1(460.27 Alcalá)(091)  //;;;;;;;;;;;;;;;sp;spa;;;Libro;;VC/687/7 //;http://bdh-rd.bne.es/viewer.vm?id=0000137079&page=1 **;http://bdh-rd.bne.es/text.vm?id=0000137079&first=1&last=24 **
bimo0001271602;Paluzíe y Cantalozella, Esteban , 1806-1873  //;;[Geografía para niños] //;Geografía para niños demostrada y adornada con 8 mapas y 50 viñetas;;;;[s.n.]  Impr. y Litogr. de Faustino Paluzie;;Barcelona;1883;p. , 8º ,;;;;;;;;;;;;;;;;;;;;;;;;;;;;;;;;;;sp;spa;;;Libro;;DGMICRO/49319 //;http://bdh-rd.bne.es/viewer.vm?id=0000051058&page=1 **;http://bdh-rd.bne.es/text.vm?id=0000051058&first=1&last=56 **
bimo0001271608;Paluzíe y Cantalozella, Esteban , 1806-1873  //;;[Geografía para niños] //;Geografía para niños demostrada y adornada con 8 mapas y 66 viñetas;;;;Faustino Paluzie, Impresor-editor;;Barcelona;1890;p. , 8º ,;;;;;;;;;;;;;;;;;;;;;;;;;;;;;;;;;;sp;spa;;;Libro;;DGMICRO/49294 //;http://bdh-rd.bne.es/viewer.vm?id=0000051270&page=1 **;http://bdh-rd.bne.es/text.vm?id=0000051270&first=1&last=72 **
bimo0001271615;Paluzíe y Cantalozella, Esteban , 1806-1873  // Paluzíe, Faustino , 1833-1901  //;;;Geografía (3er. grado) : demostrada y adornada con 43 mapas y 258 grabados;;por Esteban y Faustino Paluzíe;;Faustino Paluzíe, impresor-editor;;Barcelona;1895;379 p. , il. , 18 cm ,;Geografía. Biografías. Historia // Atlas // Exploraciones. Viajes //;Mapas y planos incluidos: [1. Mundo. Mapas generales. 1895.]// 1. Mundo. Mapas generales. 1895//;;;;;;;;;Geografía --  //;;Barcelona, España //;;;;;;913(100)  //;;;;;;;;;;;;;;;sp;spa;;;Libro;;GMM/834 // GMM/834 //;http://bdh-rd.bne.es/viewer.vm?id=0000000220 **
bimo0001273322;;Comisión del Centenario de Chiloé  //;;Para la biografía de D. Antonio de Quintanilla publicación ordenada por la Comisión del Centenario de Chiloé;;;;[s.n.]  Imp. Cervantes;;[S.l.] , Santiago de Chile;1926;28 p. , 24 cm ,;Geografía. Biografías. Historia // Biografías. Heráldica. Genealogía //;;;;;;;;;;Quintanilla, Antonio --  //;;;;;;;;(83)  //  929 Quintanilla, Antonio  //;;;;;;;;;;;;;;;cl;spa;;;Libro;;HA/68272 //;http://bdh-rd.bne.es/viewer.vm?id=0000096208&page=1 **;http://bdh-rd.bne.es/text.vm?id=0000096208&first=1&last=36 **
bimo0001273419;Para du Phanjas, François  //;;;Elementos de filosofía aplicados al estudio de la religión, o los fundamentos de la religión;;escritos en francés por el abate Pará de Fanjas, y traducidos, anotados y refundidos para el uso de los cursantes de las universidades, seminarios y colegios, por Plácido María Orodea;2ª ed. mejorada;[s.n.]  Imp. de Dámaso Santaren;;[S.l.] , Valladolid;1845;200 p. , 16 cm ,;;;;;;;;;;;Religión -- Filosofía --  // Teología filosófica --  // Apologética --  //;;;;;;;;23  //  230.1  //;;;;;;;;;;;;;;;sp;spa;fre;spa //;Libro;;1/56530 //;http://bdh-rd.bne.es/viewer.vm?id=0000084767&page=1 **;http://bdh-rd.bne.es/text.vm?id=0000084767&first=1&last=217 **
bimo0001273855;Pardo, Miguel Eduardo , 1868-1905  //;;;Viajeras prosa y versos;;Miguel Eduardo Pardo;;[s.n.]  Tip. Guttenberg;;[S.l.] , Caracas;1892;V, 94 p. , 1 retr. , 24 cm ,;;;;;;;;;;;;;;;;;;;"(87)  //  821.134.2(87)-82""18""  //";;;;;;;;;;;;;;;ve;spa;;;Libro;;HA/12321 //;http://bdh-rd.bne.es/viewer.vm?id=0000203159&page=1 **;http://bdh-rd.bne.es/text.vm?id=0000203159&first=1&last=119 **
bimo0001273923;Pardo Bazán, Emilia, Condesa de , 1851-1921  //;;;Cuadros religiosos;;Condesa de Pardo Bazán;;Pueyo;;Madrid;1925;147 p. , il. , 25 cm ,;;;;;;;;;;;Santas cristianas -- Biografías --  //;;;;;;;;929  //  929(100)-055.2:235.3  //;;;;;;;;;;;;;;;sp;spa;;;Libro;;2/71700 //;http://bdh-rd.bne.es/viewer.vm?id=0000108683&page=1 **;http://bdh-rd.bne.es/text.vm?id=0000108683&first=1&last=159 **
bimo0001273975;Pardo Bazán, Emilia, Condesa de , 1851-1921  //;;;Mi romería;;Emilia Pardo Bazán;;[s.n.]  Imp. y Fundición de M. Tello;;[S.l.] , Madrid;1888;206 p. , 17 cm ,;Exploraciones. Viajes // Geografía Biografía. Historia //;;;;;;;;;;Peregrinaciones cristianas -- Roma (Ciudad) --  //;;;;;;;;"821.134.2-992""18""  //  248.153.8(450.621 R.)  //  913(450)  //  910  //";;;;;;;;;;;;;;;sp;spa;;;Libro;;1/18706 //;http://bdh-rd.bne.es/viewer.vm?id=0000037933&page=1 **;http://bdh-rd.bne.es/text.vm?id=0000037933&first=1&last=223 **
bimo0001275242;Parpal y Marqués, Cosme , 1878-1922  //;;;La libertad de enseñanza según la ley fundamental de España : cmemoria presentada al Sexto Congreso Católico Nacional celebrado el mes de julio de 1902 en Santiago de Galicia por el Dr. D. Cosme Parpal y Marqués;;;;[s.n.]  Tip. de la Casa Provincial de Caridad;;[S.l.] , Barcelona;1903;22 p. , 26 cm ,;;;;;;;;;;;Libertad de enseñanza -- España --  //;;;;;;;;342.733(460)  //;;;;;;;;;;;;;;;sp;spa;;;Libro;;VC/166/45 //;http://bdh-rd.bne.es/viewer.vm?id=0000152823&page=1 **;http://bdh-rd.bne.es/text.vm?id=0000152823&first=1&last=28 **
bimo0001275307;Parra, Porfirio  //;;;El agua poema lírico descriptivo;;por Porfirio Parra;;[s.n.]  Oficina Tip. de la Secretaría de Fomento;;[S.l.] , México;1895;23 p. , 22 cm ,;Lingüística. Literatura // Literatura hispanoamericana //;;;;;;;;;;;;;;;;;;"(72)  //  821.134.2(72)-14""18""  //";;;;;;;;;;;;;;;mx;spa;;;Libro;;VC/2607/76 //;http://bdh-rd.bne.es/viewer.vm?id=0000088523&page=1 **;http://bdh-rd.bne.es/text.vm?id=0000088523&first=1&last=28 **
bimo0001275489;Parravicini, Luigi Alessandro  // Torrente, Mariano , 1792-1856  // García, Pedro de Alcántara , 1842-1906  //;;[Giannetto. Español] //;Juanito : obra elemental de educación;;"escrita en italiano por L.A. Parravicini ; traducción castellana de Mariano Torrente";Nueva ed. esmeradamente corr. y mejorada conforme a los últimos datos estadísticos y geográficos y conocimientos científicos /,por Pedro de Alcántara García;Librería de León Pablo Villaverde;;Madrid;1883;306 p., [8] h. de lám. , 18 cm ,;;;Título original: Giannetto  //;;;;;;;;Lectura -- Libros escolares --  //;;;;;;;;37  //  372.4(07)  //;;;;;;;;;;;;;;;sp;spa;ita;spa //;Libro;;1/33899 //;http://bdh-rd.bne.es/viewer.vm?id=0000236056&page=1 **;http://bdh-rd.bne.es/text.vm?id=0000236056&first=1&last=170 **
bimo0001275910;Alamán, Lucas , 1792-1853  //;;;El Partido Conservador en México;;;;[s.n.]  Imp. de J.M. Andrade y F. Escalante;;[S.l.] , México;1855;44 p. , 25 cm ,;Geografía. Biografías. Historia // Historia de América Latina //;;Autor (p. 44): Lucas Alaman  //;;;;;;;;México -- Historia -- 1821-1861 --  //;;;;;;;;"94(72)""1821/61""  //";;;;;;;;;;;;;;;mx;spa;;;Libro;;VC/1574/65 //;http://bdh-rd.bne.es/viewer.vm?id=0000103418&page=1 **;http://bdh-rd.bne.es/text.vm?id=0000103418&first=1&last=44 **
bimo0001276121;;;;Parvum Missale iuxta Missale romanum in qua continentur Officia totius anni : accedunt nonnulla in appendice pro Vesperis et Laudis vespertinis disposita;;;;[s.n.]  Typis Societatis Sancti Joannis Evangelistae Desclée, Lefebvre et Soc.;;Tornaci Nerviorum;1885;10 h., 64, XXVII, 572, 171 p., 10 h. , grab. , cm ,;;;;;;;;;;;;Misales --  //;;;;;;;264.02-12  //;;;;;;;;;;;;;;;be;lat;;;Libro;;4/13976 //;http://bdh-rd.bne.es/viewer.vm?id=0000164282&page=1 **;http://bdh-rd.bne.es/text.vm?id=0000164282&first=1&last=893 **
bimo0001276539;Pascual Palomo, Marcelo  //;;;Auxiliares mecanógrafos del Ministerio de Instrucción Pública contestaciones... del programa... de 1929;;Marcelo Pascual Palomo;1ª ed.;"Tip. ""Editorial Reus""";;Madrid;1929;120 p. , 22 cm ,;;;;;;;;;;;;;;;;;;;;;;;;;;;;;;;;;;sp;spa;;;Libro;"Acceso y/o uso restringido. La presente obra presenta restricciones en cuanto a su reproducción, distribución, comunicación pública o transformación; no obstante y en virtud del artículo 37 del Texto refundido de la Ley de Propiedad Intelectual (TRLPI), la Biblioteca Nacional de España está autorizada a la reproducción y a la comunicación de obras, mediante red cerrada e interna, a efectos de investigación (artículo 37, RDL 1/1996, de 12 de abril, revisada el 5 noviembre de 2015); sin perjuicio de las copias que puedan obtenerse en la BNE para uso privado, para ejercer cualquier otro de los derechos de explotación previstos en la TRLPI, el usuario deberá contactar con el correspondiente titular o la entidad de gestión encargada de representar al titular.//";2/84431 //;http://bdh-rd.bne.es/viewer.vm?id=0000218162&page=1 **;http://bdh-rd.bne.es/text.vm?id=0000218162&first=1&last=131 **
bimo0001276641;Pascual de Sanjuán, Pilar , m. 1899  //;;;A través del mar cartas sobre Historia de un padre á su hijo;;;;[s.n.]  Impr. de Jaime Jepús;;Barcelona;1893;p. , 8º d.m. ,;;;Con grabs.  //;;;;;;;;;;;;;;;;;;;;;;;;;;;;;;;sp;spa;;;Libro;;DGMICRO/49253 //;http://bdh-rd.bne.es/viewer.vm?id=0000055433&page=1 **;http://bdh-rd.bne.es/text.vm?id=0000055433&first=1&last=200 **
bimo0001276763;Pasi, Amalia  //;;;Amalia Pasi al culto público mexicano;Al culto público mexicano  //;;;[s.n.]  Imp. de Vicente G. Torres;;[S.l.] , México;1845;16 p. , 17 cm ,;Bellas artes // Música //;;;;;;;;;;Ópera -- México --  //;;;;;;;;(72)  //  782.1(72)  //;;;;;;;;;;;;;;;mx;spa;;;Libro;;HA/32231 //;http://bdh-rd.bne.es/viewer.vm?id=0000101824&page=1 **;http://bdh-rd.bne.es/text.vm?id=0000101824&first=1&last=16 **
bimo0001276811;Paskevitch, Ivan Fedorovitch  //;;[Rapport adressé à Sa Majesté l'Empereur Nicolas premier par le Commendant en chef de l'Armée active, Feld-Maréchal, Prince de Varsovie, Comte Paskévitch d'Érivan. Español] //;Detalles sobre la toma de Varsovia por el Ejército ruso al mando del Feld-Mariscal Conde Paskévitch de Érivan, Príncipe de Varsovia;;traducidos del francés y copiados los cuatro planos que acompañan, por unos oficiales de la Inspección General de Milicias Provinciales;;[s.n.]  Por Miguel de Burgos, Imp. de la Inspección;;[S.l.] , Madrid;1832;70 p., [4] h. pleg. de lám. , 20 cm ,;;;Título original: Rapport adressé à Sa Majesté l'Empereur Nicolas premier par le Commendant en chef de l'Armée active, Feld-Maréchal, Prince de Varsovie, Comte Paskévitch d'Érivan  //;;;;;;;;Arte y ciencia militar -- Rusia --  // Polonia -- Historia -- 1830-1832 (Revolución) --  //;;;;;;;;"355(47)""18""  //  94(438)""1830/1832""  //";;;;;;;;;;;;;;;sp;spa;fre;spa //;Libro;;1/19944 //;http://bdh-rd.bne.es/viewer.vm?id=0000164276&page=1 **;http://bdh-rd.bne.es/text.vm?id=0000164276&first=1&last=93 **
bimo0001277190;Paso y Delgado, Nicolás de , 1820-1897  //;;;Memoria sobre el origen de las academias científicas fundadas en la Universidad Literaria de Granada siendo su Rector el Sr. D. José de Castro y Orozco;;por  Nicolás de Paso y Delgado;;[s.n.]  Imp. de Juan M. Puchol;;[S.l.] , Granada;1844;33 p. , 21 cm ,;Ciencias sociales // Educación. Enseñanza //;;;;;;;;;;Universidad de Granada -- Historia--  //;;;;;;;;"378.4(460.357 G.)""19""  //";;;;;;;;;;;;;;;sp;spa;;;Libro;;VC/2706/17 //;http://bdh-rd.bne.es/viewer.vm?id=0000097362&page=1 **;http://bdh-rd.bne.es/text.vm?id=0000097362&first=1&last=38 **
bimo0001278388;Paterno, Pedro Alejandro , 1858-1911  //;;;La familia tagálog en la historia universal con un apéndice contestación al P. Fr. R. Martínez Vigil;;Pedro Alejandro Paterno;;[s.n.]  Imp. de los Sucesores de Cuesta;;[S.l.] , Madrid;1892;152 p. , 19 cm ,;Ciencias sociales // Etnología. Folclore //;;;;;;;;;;Tagalos (Pueblo filipino) -- Usos y costumbres --  //;;;;;;;;(599)  //  39(=621.215.35)  //;;;;;;;;;;;;;;;sp;spa;;;Libro;;VC/1843/1 //;http://bdh-rd.bne.es/viewer.vm?id=0000039675&page=1 **;http://bdh-rd.bne.es/text.vm?id=0000039675&first=1&last=160 **
bimo0001278394;Paterno, Pedro Alejandro , 1858-1911  //;;;Los tagálog;;por Pedro Alejandro Paterno;;[s.n.]  Tip. de los Sucesores de Cuesta;;[S.l.] , Madrid;1894;1 v. (pag. var.) , 19 cm ,;Hispanoamérica // Ciencias sociales // Etnología. Folclore //;"El individuo tagálog ; La familia tagálog ; El Barangay// El individuo tagálog ; La familia tagálog ; El Barangay//";;;;;;;;;Tagalos (Pueblo filipino) -- Usos y costumbres --  //;;;;;;;;39(=621.215.35)  //  (599)  //;;;;;;;;;;;;;;;sp;spa;;;Libro;;HA/12188 // HA/12188 //;http://bdh-rd.bne.es/viewer.vm?id=0000090438&page=1 **;http://bdh-rd.bne.es/text.vm?id=0000090438&first=1&last=365 **
bimo0001278403;Patero, Santiago  //;;;Reglas prácticas para librarse de los huracanes en el archipiélago filipino;;por Santiago Patero;;[s.n.]  Imp. de Miguel Ginesta;;[S.l.] , Madrid;1873;48 p. , 20 cm ,;Ciencias puras. Ciencias naturales // Ciencias de la tierra. Ciencias geológicas //;;;;;;;;;;Ciclones -- Filipinas --  //;;;;;;;;551.515.2(599)  //;;;;;;;;;;;;;;;sp;spa;;;Libro;;2/34070 //;http://bdh-rd.bne.es/viewer.vm?id=0000088096&page=1 **;http://bdh-rd.bne.es/text.vm?id=0000088096&first=1&last=57 **
bimo0001279096;Payró, Roberto J. , 1867-1928  //;;;El casamiento de Laucha;;Roberto J. Payró;3ª ed.;B.A.B.E.L.;;"Buenos Aires ;Madrid";1927;125 p. , 19 cm ,;Lingüística. Literatura // Literatura hispanoamericana //;;;;;;;;;;;;;;;;;;"(82)  //  821.134.2(82)-31""18""  //";;;;;;;;;;;;;;;ag;spa;;;Libro;;HA/28478 //;http://bdh-rd.bne.es/viewer.vm?id=0000119606&page=1 **;http://bdh-rd.bne.es/text.vm?id=0000119606&first=1&last=131 **
bimo0001279101;Payró, Roberto J. , 1867-1928  //;;;El mar dulce crónica romancesca del descubrimiento del Río de la Plata;;Roberto J. Payró;;M. Gleizer;;Buenos Aires;1927;273 p. , 19 cm ,;Lingüística. Literatura // Literatura hispanoamericana //;;;;;;;;;;Río de la Plata (Región) -- Descubrimientos y exploraciones -- Novelas --  //;;;;;;;;"(899)  //  (82)  //  821.134.2(82)-31""18""  //  910.4(82+899)""15""(0:82)  //";;;;;;;;;;;;;;;ag;spa;;;Libro;;HA/28479 //;http://bdh-rd.bne.es/viewer.vm?id=0000119607&page=1 **;http://bdh-rd.bne.es/text.vm?id=0000119607&first=1&last=292 **
bimo0001279104;Payró, Roberto J. , 1867-1928  //;;;Sobre las ruinas-- drama en cuatro actos;;Roberto Payró;;Librería de Antonio López;;Barcelona;1906;96 p. , 19 cm ,;Lingüística. Literatura // Literatura hispanoamericana // Teatro Antiguo y Moderno, v 34 //;;;;;;;;;;;;;;;;;;"(82)  //  821.134.2(82)-23""18""  //";;;;;;;;;;;;;;;sp;spa;;;Libro;;4/193496 //;http://bdh-rd.bne.es/viewer.vm?id=0000129829&page=1 **;http://bdh-rd.bne.es/text.vm?id=0000129829&first=1&last=105 **
bimo0001279396;Paz y Meliá, A. , 1842-1927  //;Biblioteca Nacional (España) Departamento de Manuscritos  //;;Catálogo de las piezas de teatro que se conservan en el Departamento de Manuscritos de la Biblioteca Nacional;Catálogo de piezas del teatro manuscritas  //;;;[s.n.]  Imp. del Colegio Nacional de Sordomudos y de Ciegos;;[S.l.] , Madrid;1899;717 p. , 25 cm ,;Ciencia y cultura en general // Bibliografía. Catálogos. Obras de consulta //;;Autor (p. [5]): A. Paz y Meliá  //;;;;;;;;Manuscritos -- Biblioteca Nacional de España -- Catálogos --  // Teatro español -- Manuscritos -- Bibliografías --  //;;;;;;;;017.1(460.27 M.)  //  016:821.134.2-2:091  //;;;;;;;;;;;;;;;sp;spa;;;Libro;;INV_091:017.1(460)_NAC //;http://bdh-rd.bne.es/viewer.vm?id=0000084133&page=1 **;http://bdh-rd.bne.es/text.vm?id=0000084133&first=1&last=731 **
bimo0001279504;Pazos Vela-Hidalgo, Pio A. de  //;;;Discurso leído en la junta general del día 30 de diciembre de 1912;;por su Presidente Coronel de Infantería Retirado Pío A. de Pazos Vela-Hidalgo;;[s.n.]  Imp. y Estereotipia de Polo;;[S.l.] , Burgos;1912;15 p. , 22 cm ,;Ciencias sociales // Derecho. Administración pública //;;Precede al título: Asociación de Retirados Militares, Burgos  //;;;;;;;;Asociación de Retirados Militares (Burgos) --  //;;;;;;;;355.08:061.239(460.182 B.)  //;;;;;;;;;;;;;;;sp;spa;;;Libro;;VC/600/13 //;http://bdh-rd.bne.es/viewer.vm?id=0000124086&page=1 **;http://bdh-rd.bne.es/text.vm?id=0000124086&first=1&last=20 **
bimo0001284238;Samaniego, Félix María de , 1745-1801  //;;;Fábulas en verso castellano para uso de las escuelas;;compuestas por Félix María Samaniego;;Por Julián Viana Razola;;Madrid;1835;200 p., [1] h. de lám. , 16 cm ,;;;;;;;;;;;;;;;;;;;"821.134.2-191""17""  //";;;;;;;;;;;;;;;sp;spa;;;Libro;;9/188568 //;http://bdh-rd.bne.es/viewer.vm?id=0000084725&page=1 **;http://bdh-rd.bne.es/text.vm?id=0000084725&first=1&last=207 **
bimo0001288042;Arniches, Carlos , 1866-1943  //;;;Los chicos de la escuela;;"dirección artística, Florian Rey ; [original, Carlos Arniches]";;Mireya;;Madrid;1920?;[26] p. , 16 cm ,;La película española, año I, n. 13 //;;Adaptación de: Los chicos de la escuela / Carlos Arniches  //;;;;;;;;;;;;;;;;"821.134.2-32""19""  //";;;;;;;;;;;;;;;sp;spa;;;Libro;"Acceso y/o uso restringido. La presente obra presenta restricciones en cuanto a su reproducción, distribución, comunicación pública o transformación; no obstante y en virtud del artículo 37 del Texto refundido de la Ley de Propiedad Intelectual (TRLPI), la Biblioteca Nacional de España está autorizada a la reproducción y a la comunicación de obras, mediante red cerrada e interna, a efectos de investigación (artículo 37, RDL 1/1996, de 12 de abril, revisada el 5 noviembre de 2015); sin perjuicio de las copias que puedan obtenerse en la BNE para uso privado, para ejercer cualquier otro de los derechos de explotación previstos en la TRLPI, el usuario deberá contactar con el correspondiente titular o la entidad de gestión encargada de representar al titular.//";1/230514 //;http://bdh-rd.bne.es/viewer.vm?id=0000179326&page=1 **;http://bdh-rd.bne.es/text.vm?id=0000179326&first=1&last=35 **
bimo0001288522;Segura y Revilla, José Sebastián  //;;[Poesía] //;Poesías de José Sebastián Segura y Revilla;;;;[s.n.]  Antigua Imp. de Murguía;;[S.l.] , México;1907;288 p. , 1 retr. , 20 cm ,;Lingüística. Literatura // Literatura hispanoamericana //;;;;;;;;;;;;;;;;;;"(72)  //  821.134.2(72)-14""18""  //";;;;;;;;;;;;;;;mx;spa;;;Libro;;9/189055 //;http://bdh-rd.bne.es/viewer.vm?id=0000048634&page=1 **;http://bdh-rd.bne.es/text.vm?id=0000048634&first=1&last=407 **
bimo0001289598;Peiro, Agustín , 1832-1890  //;;;Folletines y cuentos de Agustín Peiro y Sevil;;"(Antón Pitaco) ; con prólogo de Mario de la Sala y Valdés";;[s.n.]  Estab. Tip. de La Derecha;;[S.l.] , Zaragoza;1891;475 p. , 18 cm ,;;;;;;;;;;;;;;;;;;;"821.134.2-3  //  821.134.2-34""18""  //";;;;;;;;;;;;;;;sp;spa;;;Libro;;1/75884 //;http://bdh-rd.bne.es/viewer.vm?id=0000131701&page=1 **;http://bdh-rd.bne.es/text.vm?id=0000131701&first=1&last=479 **
bimo0001289662;Peladan, Joséphin , 1858-1918  //;;;La décadence latine Ethapée Finis Latinarum;;par Le Sar Peladan;;[s.n.]  Imp. Lahuse;;Paris;1899;388 p. , 19 cm ,;;;;;;;;;;;;;;;;;;;;;;;;;;;;;;;;;;fr;fre;;;Libro;;DGMICRO/49690 //;http://bdh-rd.bne.es/viewer.vm?id=0000052003&page=1 **;http://bdh-rd.bne.es/text.vm?id=0000052003&first=1&last=410 **
bimo0001289872;Peligro Valle, Onofre  //;;;El héroe popular extremeño Hernán Cortés y su gloriosa conquista de Méjico;;por Onofre Peligro Valle;;[s.n.]  Imp., Litogr. y Encuad. de Uceda Hermanos;;[S.l.] , Badajoz;1906;83 p. , 15 cm ,;;;;;;;;;;;Cortés, Hernán --  // México -- Historia -- 1517-1521 (Descubrimiento y conquista) --  //;;;;;;;;"(72)  //  929  //  94(72)  //  929 Cortés, Hernán  //  94(72)""1517/21""  //";;;;;;;;;;;;;;;sp;spa;;;Libro;;VC/483/2 //;http://bdh-rd.bne.es/viewer.vm?id=0000115051&page=1 **;http://bdh-rd.bne.es/text.vm?id=0000115051&first=1&last=88 **
bimo0001290175;Pellicer y López, Julio , 1872-1937  //;;;Pinceladas;;"con una carta prólogo de Manuel Reina ; y versos de Salvador Rueda";;[s.n.]  Imprenta La Puritana;;Córdoba;1897;p. , 4º ,;;;;;;;;;;;;;;;;;;;;;;;;;;;;;;;;;;sp;spa;;;Libro;;DGMICRO/63632 //;http://bdh-rd.bne.es/viewer.vm?id=0000050002&page=1 **;http://bdh-rd.bne.es/text.vm?id=0000050002&first=1&last=194 **
bimo0001290766;Pennachio, Alberto  //;;;Lo Stato Corporativo Fascista;;Dott. Alberto Pennachio;;[s.n.]  Tip. Con. M. Allegretti di Serafino Allegretti;;Milano;1928;XX, 393 p., XVI tabls. fuera del texto , 8º (16 cm) ,;"De los ""Manuali Hoepli"" //";;;;;;;;;;;;;;;;;;;;;;;;;;;;;;;;;it;ita;;;Libro;"Acceso y/o uso restringido. La presente obra presenta restricciones en cuanto a su reproducción, distribución, comunicación pública o transformación; no obstante y en virtud del artículo 37 del Texto refundido de la Ley de Propiedad Intelectual (TRLPI), la Biblioteca Nacional de España está autorizada a la reproducción y a la comunicación de obras, mediante red cerrada e interna, a efectos de investigación (artículo 37, RDL 1/1996, de 12 de abril, revisada el 5 noviembre de 2015); sin perjuicio de las copias que puedan obtenerse en la BNE para uso privado, para ejercer cualquier otro de los derechos de explotación previstos en la TRLPI, el usuario deberá contactar con el correspondiente titular o la entidad de gestión encargada de representar al titular.//";2/81877 //;http://bdh-rd.bne.es/viewer.vm?id=0000217389&page=1 **;http://bdh-rd.bne.es/text.vm?id=0000217389&first=1&last=471 **
bimo0001290794;Pennington, Miles Stuart  //;;;Medicina popular en las islas del delta del río Paraná;;por Miles Stuart Pennington;;[s.n.]  Imp. y Enc. de P. Gadola;;[S.l.] , Buenos Aires;1904;11 p. , 22 cm ,;Medicina. Farmacia // Trabajos del Museo de Farmacología, n. 8 //;;;;;;;;;;Plantas medicinales -- Entre Ríos (Argentina) --  //;;;;;;;;615.322(822.1)  //  (82)  //;;;;;;;;;;;;;;;ag;spa;;;Libro;;VC/2537/77 //;http://bdh-rd.bne.es/viewer.vm?id=0000123934&page=1 **;http://bdh-rd.bne.es/text.vm?id=0000123934&first=1&last=16 **
bimo0001291149;Peña, Heliodoro  //;;;Geografía e historia de la provincia del Quindio (departamento del Cauca);;Heliodoro Peña;;[s.n.]  Impr. del Departamento;;[S.l.] , Popayan;1892;150 p., [2] h. de lám. , 21 cm ,;Hispanoamérica // Geografía. Biografías. Historia // Geografía //;;;;;;;;;;Quindío (Colombia, Departamento) -- Descripción --  //;;;;;;;;(861)  //  908(861.75)  //;;;;;;;;;;;;;;;ck;spa;;;Libro;;HA/1072 //;http://bdh-rd.bne.es/viewer.vm?id=0000122653&page=1 **;http://bdh-rd.bne.es/text.vm?id=0000122653&first=1&last=177 **
bimo0001291290;Peña Fernández, Manuel de la  //;;;Introductioni jus eclesiasticum tum generale, tum Hispanicum;;auctore Dre. D. Emmanuele et la Peña et et Fernandez, Pbro;;Izquierdo et Soc.;;Hispali;1899;XIV, 1 h., 405 p. , 8º mlla. (22 cm) ,;;;;;;;;;;;;;;;;;;;;;;;;;;;;;;;;;;sp;lat;;;Libro;;DGMICRO/62173 //;http://bdh-rd.bne.es/viewer.vm?id=0000059476&page=1 **;http://bdh-rd.bne.es/text.vm?id=0000059476&first=1&last=438 **
bimo0001291320;Peña y Goñi, Antonio , 1846-1896  //;;;¡Cuernos! : revistas de toros;;"escritas por Antonio Peña y Goñi y publicadas en diversos periódicos de Madrid con los pseudónimos de El Tio Jilena, la Señá Pascuala, la Señá Toribia, Caminante, & & ; precedidas de un prólogo del autor";;Librerías de Murillo;;Madrid;1883;XXXV, 387 p. , 22 cm ,;Juegos. Espectáculos. Deportes //;;;;;;;;;;Corridas de toros -- Madrid -- S.XIX --  //;;;;;;;;79  //;;;;;;;;;;;;;;;sp;spa;;;Libro;;4/203433 //;http://bdh-rd.bne.es/viewer.vm?id=0000041518&page=1 **;http://bdh-rd.bne.es/text.vm?id=0000041518&first=1&last=435 **
bimo0001291377;Peña Meléndez, María Belén , 1832-1910  //;;;Resumen de un curso de elementos de Geografía;;;2ª ed.;[s.n.]  Impr. y Litogrª de El Porvenir;;Sevilla;1884;p. , 4º ,;;;;;;;;;;;;;;;;;;;;;;;;;;;;;;;;;;sp;spa;;;Libro;;DGMICRO/64012 //;http://bdh-rd.bne.es/viewer.vm?id=0000051540&page=1 **;http://bdh-rd.bne.es/text.vm?id=0000051540&first=1&last=140 **
bimo0001291514;Peñalva, Francisco  //;;;Manual de moral y religión : para el uso de la niñez estudiosa;;redactado por Francisco Peñalva, pro.;;Imp., Litogr. y Librería de José Marcili;;Alicante;1850;2 h., 83, 83, 61, 67 p. , 18 cm ,;;;;;;;;;;;Iglesia Católica --  // Historia sagrada --  // Moral cristiana --  //;Catecismos --  //;;;;;;;23  //  22.046  //  238.1  //  241  //  282  //;;;;;;;;;;;;;;;sp;spa;;;Libro;;1/28423 //;http://bdh-rd.bne.es/viewer.vm?id=0000101020&page=1 **;http://bdh-rd.bne.es/text.vm?id=0000101020&first=1&last=308 **
bimo0001291632;Peñasco de la Puente, Hilario , 1857-1891  // Cambronero, Carlos , 1849-1913  //;;;La fuente de Santa Polonia y el duende crítico : curiosidades madrileñas;;"por Hilario Peñasco de la Puente y Carlos Cambronero ; con un prólogo del doctor Calatraveño";;[s.n.]  Imp. de Enrique Rubiños;;[S.l.] , Madrid;1889;55 p., [1] h. de lám. , 15 cm ,;;;;;;;;;;;Manuel de San José -- (O.C.D.) --  // El Duende Crítico de Madrid -- Historia --  // Fuentes -- Madrid --  //;;;;;;;;"929  //  050(460.27 M.)""17""  //  621.643.53(460.27 M.)  //  929 Manuel de San José (O.C.D.)  //";;;;;;;;;;;;;;;sp;spa;;;Libro;;VC/2505/10 //;http://bdh-rd.bne.es/viewer.vm?id=0000050570&page=1 **;http://bdh-rd.bne.es/text.vm?id=0000050570&first=1&last=62 **
bimo0001291638;Peñín y Rubio, Manuel  //;;;Ensayos de análisis lógico y gramatical del idioma castellano;;por Manuel Peñín y Rubio;2ª ed. amp.;[s.n.]  Imp. de Maximino A. Miñón;;[S.l.] , León;1918;XX, 487 p. , 20 cm ,;;;;;;;;;;;Lengua española -- Análisis gramatical --  //;;;;;;;;811.134.2'36  //;;;;;;;;;;;;;;;sp;spa;;;Libro;;1/77522 //;http://bdh-rd.bne.es/viewer.vm?id=0000137202&page=1 **;http://bdh-rd.bne.es/text.vm?id=0000137202&first=1&last=521 **
bimo0001291668;Peón y Contreras, José , 1843-1907  //;;;Romances históricos y dramáticos, trovas colombinas;;"por José Peón y Contreras ; con una noticia de la vida y obras del autor";;Librería Española de Garnier Hermanos;;París;1888;XXXI, 343 p. , 1 retr. , 18 cm ,;Lingüística. Literatura // Literatura hispanoamericana // Biblioteca poética //;;Con una noticia de la vida y obras del autor  //;;;;;;;;;;;;;;;;"(72)  //  821.134.2(72)-14""18""  //";;;;;;;;;;;;;;;fr;spa;;;Libro;;7/126682 //;http://bdh-rd.bne.es/viewer.vm?id=0000048638&page=1 **;http://bdh-rd.bne.es/text.vm?id=0000048638&first=1&last=385 **
bimo0001292071;Peralta, Manuel M. de , 1847-1930  //;;;Histoire généalogique de l'ancienne et illustre Maison de Peralta, selon les historiens et les généalogistes et d'après les documents des archives de la Couronne d'Aragon, etc., etc.;;par Manuel M. de Peralta;2e éd.;Chez E. Denné, Libraire  Impr. Ad. Mertens;;Paris , Bruxelles;1880;II, 104 p., [7] h. de lám. col. , 24 cm ,;Geografía. Biografías. Historia // Biografías. Heráldica. Genealogía //;;;;;;;;;;Peralta (Familia) -- Genealogía --  //;;;;;;;;929.52 Peralta  //;;;;;;;;;;;;;;;fr;fre;;;Libro;;1/33174 //;http://bdh-rd.bne.es/viewer.vm?id=0000038733&page=1 **;http://bdh-rd.bne.es/text.vm?id=0000038733&first=1&last=153 **
bimo0001292166;Peratoner, Amancio  // Tardieu, Ambroise , 1818-1879 Español  //;;;De la virginidad física o anatómica y de la que podría llamarse patológica, anormal o falsa recopilación de eminentes autores antiguos y contemporáneos;Estudio médico-legal sobre los vicios de conformación de los órganos sexuales;"por Amancio Peratoner ; con adición de un interesantísimo estudio del ilustre doctor ... Ambrosio Tardieu sobre la identidad en sus relaciones con los vicios de conformación de los órganos sexuales";;Jané Hermanos;;Barcelona;1878;295 p. , 20 cm ,;Biblioteca Jané //;;Incluye (p. [123]-295): Estudio médico-legal sobre los vicios de conformación de los órganos sexuales  //;;;;;;;;Medicina legal --  // Virginidad --  // Aparato genital femenino -- Anomalías y malformaciones --  // Aparato genital masculino -- Anomalías y malformaciones --  //;;;;;;;;340.6  //  613.88  //  616.69-007  //  618.1-007  //;;;;;;;;;;;;;;;sp;spa;fre;spa //;Libro;;DGMICRO/47266 // 1/77166 //;http://bdh-rd.bne.es/viewer.vm?id=0000238309&page=1 **;http://bdh-rd.bne.es/text.vm?id=0000238309&first=1&last=307 **
bimo0001292450;Pereda, José María de , 1833-1906  //;;[Escenas montañesas] //;Escenas montañesas colección de bosquejos de costumbres;;por José María de Pereda;2ª ed. corr. y aum.;[s.n.]  Imp. y Lit. de J.M. Martínez;;[S.l.] , Santander;1877;XXIV, 512 p. , 19 cm ,;;;;;;;;;;;;;;;;;;;"821.134.2-32""18""  //";;;;;;;;;;;;;;;sp;spa;;;Libro;;DGMICRO/19242 // 2/42982 //;http://bdh-rd.bne.es/viewer.vm?id=0000239544&page=1 **;http://bdh-rd.bne.es/text.vm?id=0000239544&first=1&last=551 **
bimo0001292607;Pereda y Martínez, Sandalio de , 1822-1886  //;;;Programa razonado de un curso de Historia Natural con nociones de Fisiología é Higiene;;;6ª ed. il. con 464 grab.;[s.n.]  Imp. de A. Gómez Fuentenebro;;Madrid;1873;p. , 8º dob. ,;;;;;;;;;;;Ciencias naturales -- Libros escolares --  //;;;;;;;;;;;;;;;;;;;;;;;sp;spa;;;Libro;;DGMICRO/49081 //;http://bdh-rd.bne.es/viewer.vm?id=0000055303&page=1 **;http://bdh-rd.bne.es/text.vm?id=0000055303&first=1&last=488 **
bimo0001292783;Pereira, Antonio N.  //;;;La invasión inglesa en el Río de la Plata;;por Antonio N. Pereira;;[s.n.]  Tip. Renaud Reynaud;;[S.l.] , Montevideo;1877;214 p. , 19 cm ,;Hispanoamérica // Geografía. Biografías. Historia // Historia de América Latina //;;;;;;;;;;Argentina -- Historia -- 1806-1807 (Invasiones inglesas) --  // Uruguay -- Historia -- 1806-1807 (Invasiones inglesas) --  //;;;;;;;;"(82)  //  (899)  //  94(82)""1806/07""  //  94(899)""1806/07""  //";;;;;;;;;;;;;;;uy;spa;;;Libro;;HA/194 //;http://bdh-rd.bne.es/viewer.vm?id=0000051879&page=1 **;http://bdh-rd.bne.es/text.vm?id=0000051879&first=1&last=227 **
bimo0001292785;Pereira, Antonio N.  //;;;Recuerdos de mi tiempo;;por Antonio N. Pereira;;"[s.n.]  Imp. ""El siglo ilustrado"" de Turenne, Varzi y Cª";;[S.l.] , Montevideo;1891;464 p. , 24 cm ,;Hispanoamérica // Geografía. Biografías. Historia // Historia de América Latina //;;;;;;;;;;Pereira, Antonio N. --  // Uruguay -- Historia -- 1830-1875 -- Relatos personales --  //;;;;;;;;"(83)  //  929 Pereira, Antonio N.  //  94(899)""1830/75""(093.3)  //";;;;;;;;;;;;;;;uy;spa;;;Libro;;HA/1111 //;http://bdh-rd.bne.es/viewer.vm?id=0000093438&page=1 **;http://bdh-rd.bne.es/text.vm?id=0000093438&first=1&last=483 **
bimo0001292963;Pereira Repila, Nicolás  //;Escuela de Nobles y Bellas Artes de San Eloy  //;;La música religiosa discurso leído en la apertura del curso en la Escuela de N[obles] y B[ellas] A[rtes] de S. Eloy de Salamanca por el Cinsiliario de la misma D. Nicolás Pereira Repila... Año de 1899;;;;[s.n.  Ext. Tip. de Oliva;;Salamanca;1899;88 p. , 21 cm ,;Bellas artes // Música //;;Incluye Memoria que forma el secretario de la Escuela acerca del estado que alcalzó [sic] la misma durante el curso de 1898 á 1899  //;;;;;;;;Escuela de Nobles y Bellas Artes de San Eloy -- Historia--  // Música religiosa -- España -- Historia --  //;;;;;;;;78  //;;;;;;;;;;;;;;;sp;spa;;;Libro;;VC/1666/16 //;http://bdh-rd.bne.es/viewer.vm?id=0000109748&page=1 **;http://bdh-rd.bne.es/text.vm?id=0000109748&first=1&last=92 **
bimo0001292986;Sampaio Bruno  //;;;A idéa de Deus;;Bruno [seud.];;[s.n.]  Imprensa Moderna;;Porto;1902;LXIV, 483 p., 1 h. , 8º mlla. (18 cm) ,;;;Encabezamiento tomado de: Silva, F. da: Diccionario bibliographico portuguez. Tomo 13, pág. 169  //;;;;;;;;;;;;;;;;;;;;;;;;;;;;;;;po;por;;;Libro;;2/78054 //;http://bdh-rd.bne.es/viewer.vm?id=0000216527&page=1 **;http://bdh-rd.bne.es/text.vm?id=0000216527&first=1&last=559 **
bimo0001293189;Perés, Ramón D. , 1863-1956  //;;;Bocetos Ingleses;;;;"[s.n.]  Tip. ""L'Avenç""";;Barcelona;1895;p. , 8º ,;;;;;;;;;;;;;;;;;;;;;;;;;;;;;;;;;;sp;spa;;;Libro;"Acceso y/o uso restringido. La presente obra presenta restricciones en cuanto a su reproducción, distribución, comunicación pública o transformación; no obstante y en virtud del artículo 37 del Texto refundido de la Ley de Propiedad Intelectual (TRLPI), la Biblioteca Nacional de España está autorizada a la reproducción y a la comunicación de obras, mediante red cerrada e interna, a efectos de investigación (artículo 37, RDL 1/1996, de 12 de abril, revisada el 5 noviembre de 2015); sin perjuicio de las copias que puedan obtenerse en la BNE para uso privado, para ejercer cualquier otro de los derechos de explotación previstos en la TRLPI, el usuario deberá contactar con el correspondiente titular o la entidad de gestión encargada de representar al titular.//";DGMICRO/62878 //;http://bdh-rd.bne.es/viewer.vm?id=0000052710&page=1 **;http://bdh-rd.bne.es/text.vm?id=0000052710&first=1&last=288 **
bimo0001293259;Pereyra, Carlos , 1871-1942  //;;;Las huellas de los conquistadores;;Carlos Pereyra;;[Juan Pueyo];;Madrid;1929;404 p., 2 h. , 8º mlla. (20 cm) ,;Obras completas de este autor //;;;;;;;;;;;;;;;;;;;;;;;;;;;;;;;;;sp;spa;;;Libro;"Acceso y/o uso restringido. La presente obra presenta restricciones en cuanto a su reproducción, distribución, comunicación pública o transformación; no obstante y en virtud del artículo 37 del Texto refundido de la Ley de Propiedad Intelectual (TRLPI), la Biblioteca Nacional de España está autorizada a la reproducción y a la comunicación de obras, mediante red cerrada e interna, a efectos de investigación (artículo 37, RDL 1/1996, de 12 de abril, revisada el 5 noviembre de 2015); sin perjuicio de las copias que puedan obtenerse en la BNE para uso privado, para ejercer cualquier otro de los derechos de explotación previstos en la TRLPI, el usuario deberá contactar con el correspondiente titular o la entidad de gestión encargada de representar al titular.//";2/72132 //;http://bdh-rd.bne.es/viewer.vm?id=0000212951&page=1 **;http://bdh-rd.bne.es/text.vm?id=0000212951&first=1&last=419 **
bimo0001293321;Pérez, Antonio (O.F.M.) , s. XIX  //;;;Directorium divini officci rite persolvendi tam in choro, quam in altari dispositum juxta rubricas breviarii atque missalis trium ordinum S.P.N. Francisci novissimaque S.R.C. decreta, ad usum fratrum, monialium, atque tertiariorum degentium intra limites hujus Provinciae Santi Evangelii de Mexico, pro anno communi MDCCCXXXVIII;;tipis exaratum opera et studio P. Fr. Antonii Pérez;;[s.n.]  apud Ludovicum Abadiano;;[S.l.] , Mexici;1837;[82] p. , 15 cm ,;;;;;;;;;;;Calendarios litúrgico pastorales -- México --  //;;;;;;;;(72)  //  264.02-11(72)  //;;;;;;;;;;;;;;;mx;lat;;;Libro;;VC/2666/13 //;http://bdh-rd.bne.es/viewer.vm?id=0000144591&page=1 **;http://bdh-rd.bne.es/text.vm?id=0000144591&first=1&last=80 **
bimo0001294046;Pérez Barreiro, Rafael  //;;;Gramática latina razonada según los actuales conocimientos lingüísticos;;;;[s.n.]  Imprenta de Viuda de Ferrer é Hijo;;La Coruña;1897;p. , 8º m. ,;;;;;;;;;;;;;;;;;;;;;;;;;;;;;;;;;;sp;spa;;;Libro;;DGMICRO/63604 //;http://bdh-rd.bne.es/viewer.vm?id=0000050020&page=1 **;http://bdh-rd.bne.es/text.vm?id=0000050020&first=1&last=354 **
bimo0001294094;Pérez Berrocal, Francisco de Paula  //;;;Sermón improvisado por el presbitero Don Francisco de Paula Pérez Berrocal en la iglesia de San Francisco el Grande, con motivo de la fiesta que celebraron a S. Juan Bautista los Caballeros de la ínclita y militar Orden de Jerusalén, el día 24 de junio de 1862;;;;[s.n.]  Imp. de la Viuda de J.C. de la Peña;;[S.l.] , Madrid;1862;19 p. , 22 cm ,;;;;;;;;;;;Juan Bautista, -- Santo -- Sermones --  // Orden de Malta -- Sermones--  //;;;;;;;;25  //  272-287  //  929 Juan Bautista, Santo  //  929.71 Malta  //;;;;;;;;;;;;;;;sp;spa;;;Libro;;VC/2892/46 //;http://bdh-rd.bne.es/viewer.vm?id=0000137013&page=1 **;http://bdh-rd.bne.es/text.vm?id=0000137013&first=1&last=24 **
bimo0001294901;Pérez Díaz, Manuel  //;;;El español en América poema social;;por Manuel Pérez Díaz;;[s.n.]  Imprenta de Ignacio Escalante;;[S.l.] , México;1875;369 p. , 24 cm ,;Hispanoamérica // Lingüística. Literatura // Literatura española //;;;;;;;;;;;;;;;;;;"(72)  //  821.134.2-1""18""  //";;;;;;;;;;;;;;;mx;spa;;;Libro;;HA/625 //;http://bdh-rd.bne.es/viewer.vm?id=0000069747&page=1 **;http://bdh-rd.bne.es/text.vm?id=0000069747&first=1&last=531 **
bimo0001295039;Pérez Escrich, Enrique , 1829-1897  //;;;Calamidades : juguete cómico en un acto y en verso;;original de Enrique Pérez Escrich;;[s.n.]  Imp. de José Rodríguez;;[S.l.] , Madrid;1855;35 p. , 19 cm ,;El Teatro //;;;;;;;;;;;;;;;;;;"821.134.2-2  //  821.134.2-22""18""  //";;;;;;;;;;;;;;;sp;spa;;;Libro;;VC/16812/6 //;http://bdh-rd.bne.es/viewer.vm?id=0000130961&page=1 **;http://bdh-rd.bne.es/text.vm?id=0000130961&first=1&last=38 **
bimo0001295464;Pérez Galdós, Benito , 1843-1920  //;;[La Fontana de Oro] //;La Fontana de Oro;;;;Sucesores de Hernando;;Madrid;1921;333 p., 1 h. , 18 cm ,;Novelas Españolas Contemporáneas. Primera Epoca //;;;;;;;;;;España -- Historia -- 1820-1823 (Trienio constitucional) -- Novelas --  //;Novelas históricas --  //;;;;;;;"821.134.2-31""18""  //  94(460)""1820/23""(0:82)  //";;;;;;;;;;;;;;;sp;spa;;;Libro;;3/96383 //;http://bdh-rd.bne.es/viewer.vm?id=0000224846&page=1 **;http://bdh-rd.bne.es/text.vm?id=0000224846&first=1&last=341 **
bimo0001295649;Pérez Galdós, Benito , 1843-1920  //;;;Tormento;;por B. Pérez Galdós;;[s.n.]  Imp. La Guirnalda;;[S.l.] , Madrid;1884;317 p. , 17 cm ,;Novelas españolas contemporáneas //;;;;;;;;;;;;;;;;;;"821.134.2-31""18""  //";;;;;;;;;;;;;;;sp;spa;;;Libro;;7/94859 // 7/94859 //;http://bdh-rd.bne.es/viewer.vm?id=0000100989&page=1 **;http://bdh-rd.bne.es/text.vm?id=0000100989&first=1&last=325 **
bimo0001296083;Pérez de Guzmán y Gallo, Juan , 1841-1928  //;;;Las hadas leyenda original al estilo de los orientales;;;;Dorregaray, ed.;;Madrid;1864;156 p. , 26 cm ,;;;;;;;;;;;;;;;;;;;"821.134.2-31""18""  //";;;;;;;;;;;;;;;sp;spa;;;Libro;;1/26280 //;http://bdh-rd.bne.es/viewer.vm?id=0000174048&page=1 **;http://bdh-rd.bne.es/text.vm?id=0000174048&first=1&last=167 **
bimo0001296812;Pérez Mínguez, Luis , 1829-1903  //;;;Nociones de Fisiología é Higiene;;;8ª ed. corr.;[s.n.]  Imprenta y librería de Andrés Martín;;Valladolid;1897;p. , 8º m. ,;;;;;;;;;;;;;;;;;;;;;;;;;;;;;;;;;;sp;spa;;;Libro;;DGMICRO/62954 //;http://bdh-rd.bne.es/viewer.vm?id=0000056091&page=1 **;http://bdh-rd.bne.es/text.vm?id=0000056091&first=1&last=230 **
bimo0001297093;Pérez Nieva, Alfonso , 1859-1931  //;;;De mis viajes;;Alfonso Pérez Nieva;;[s.n.]  Tip. de Gallego y Pérez;;Madrid;1908;112 p. , 19 cm ,;Lingüística. Literatura // Literatura española //;;;;;;;;;;;;;;;;;;"821.134.2-14""18""  //";;;;;;;;;;;;;;;sp;spa;;;Libro;;1/52943 //;http://bdh-rd.bne.es/viewer.vm?id=0000038941&page=1 **;http://bdh-rd.bne.es/text.vm?id=0000038941&first=1&last=125 **
bimo0001297101;Pérez Nieva, Alfonso , 1859-1931  // Butler, E.  //;;;Los gurriatos;;"Alfonso Pérez Nieva ; ilustraciones de E. Butler";;Gran Centro Editorial;;Madrid;1891;226 p. , il. , 19 cm ,;Lingüística. Literatura // Literatura española //;;;;;;;;;;;;;;;;;;"821.134.2-34""18""  //";;;;;;;;;;;;;;;sp;spa;;;Libro;;1/23468 //;http://bdh-rd.bne.es/viewer.vm?id=0000074910&page=1 **;http://bdh-rd.bne.es/text.vm?id=0000074910&first=1&last=245 **
bimo0001297111;Pérez Nieva, Alfonso , 1859-1931  //;;;Tomás el torrero;;"A. Pérez Nieva ; ilustraciones de Klong";;Fernando Fe, Librero;;Madrid;1897;122 p. , il. , 15 cm ,;Lingüística. Literatura // Literatura española // Colección Klong. Libélula azul //;;;;;;;;;;;;;;;;;;"821.134.2-32""18""  //";;;;;;;;;;;;;;;sp;spa;;;Libro;;2/43336 //;http://bdh-rd.bne.es/viewer.vm?id=0000086110&page=1 **;http://bdh-rd.bne.es/text.vm?id=0000086110&first=1&last=139 **
bimo0001297698;Pérez Pujol, Eduardo , 1830-1894  //;;;Historia general del derecho español : apuntes de las explicaciones del Excmo. Sr. D. Eduardo Pérez Pujol, tomados por sus discípulos A.G.B. y A.A.B. : curso de 1885 a 86;;;;[s.n.]  Imp. de la Viuda de Amargós;;[S.l.] , Valencia;1886;423 p. , 22 cm ,;;;;;;;;;;;Derecho -- España -- Historia --  //;;;;;;;;;;;;;;;;;;;;;;;sp;spa;;;Libro;;1/81060 //;http://bdh-rd.bne.es/viewer.vm?id=0000149112&page=1 **;http://bdh-rd.bne.es/text.vm?id=0000149112&first=1&last=443 **
bimo0001297788;Pérez Rioja, Antonio , m. 1902  //;;;La tragedia de América cómo empieza y cómo acaba : liquidaciones coloniales;;por Antonio Pérez Rioja;;[s.n.]  Agustín Avrial, impresor;;[S.l.] , Madrid;1899;156 p. , 19 cm ,;Hispanoamérica // Geografía. Biografías. Historia // Historia de América Latina //;;;;;;;;;;América española -- Historia -- 1806-1830 (Guerras de la Independencia) --  // Cuba -- Historia -- 1895-1898 (Guerra de la Independencia) --  // Cuba -- Historia -- 1899-1902 (Intervención norteamericana) --  //;;;;;;;;"(729.1)  //  94(8=134.2)""1806/30""  //  94(729.1)""1895/98""  //  94(729.1)""1899/1902""  //";;;;;;;;;;;;;;;sp;spa;;;Libro;;HA/12436 //;http://bdh-rd.bne.es/viewer.vm?id=0000090627&page=1 **;http://bdh-rd.bne.es/text.vm?id=0000090627&first=1&last=173 **
bimo0001297938;Pérez de Rozas, Joaquín  //;;;Itinerarios de España, Baleares y Canarias ferrocarriles, carreteras, caminos de carros, de herradura, sendas y veredas ...;;por José Joaquín Pérez de Rozas;2ª ed. corr. y aum., reduciendo su volumen;[s.n.]  Imp. de M. Minuesa de los Ríos;;[S.l.] , Madrid;1885;479 p. , 15 cm ,;Ciencias sociales // Economía // Ciencias aplicadas. Tecnología // Transportes. Correos. Telecomunicaciones //;;;;;;;;;;Red viaria -- España --  //;;;;;;;;656.1/.5(460)  //  33  //;;;;;;;;;;;;;;;sp;spa;;;Libro;;2/47753 //;http://bdh-rd.bne.es/viewer.vm?id=0000012237&page=1 ** http://bdh-rd.bne.es/viewer.vm?id=0000012237&page=183 ** http://bdh-rd.bne.es/viewer.vm?id=0000012237&page=319 **;http://bdh-rd.bne.es/text.vm?id=0000012237&first=1&last=182 ** http://bdh-rd.bne.es/text.vm?id=0000012237&first=183&last=318 ** http://bdh-rd.bne.es/text.vm?id=0000012237&first=319&last=338 **
bimo0001298325;Pérez Triana, Santiago , 1858-1916  // Eastman, Tomás O.  //;;[Tales to Sonny. Español] //;Cuentos á Sonny;;"escritos en inglés por Santiago Pérez Triana ; versión castellana de Tomás O. Eastman";;[s.n.]  Imp. y Estereotipia de Ricardo Fé;;[S.l.] , Madrid;1907;109 p., [5] h. de lám. , 17 cm ,;Lingüística. Literatura // Literatura //;;Título original: Tales to Sonny  //;;;;;;;;;;;;;;;;"821.111-34""18""  //";;;;;;;;;;;;;;;sp;spa;eng;spa //;Libro;;1/31065 //;http://bdh-rd.bne.es/viewer.vm?id=0000098037&page=1 **;http://bdh-rd.bne.es/text.vm?id=0000098037&first=1&last=137 **
bimo0001298852;;;;Los perfumes de Barcelona : canción cantable que si oliera, el diablo la leyera : poema en cinco cantos;;;;[s.n.]  Imp. de A. Gibert;;[S.l.] , Palma;1844;72 p. , il. , 12 cm ,;;;;;;;;;;;;;;;;;;;"821.134.2-17""18""  //";;;;;;;;;;;;;;;sp;spa;;;Libro;;2/52322 //;http://bdh-rd.bne.es/viewer.vm?id=0000084723&page=1 **;http://bdh-rd.bne.es/text.vm?id=0000084723&first=1&last=79 **
bimo0001299312;Perlado y Melero, Sandalio  //;;;Nociones elementales de Geografía universal y particular de España;;;3ª ed., ilustr. con mapas;Libr. de Hernando  Impr. del mismo;;Madrid;1885;p. , 8º ,;;;;;;;;;;;;;;;;;;;;;;;;;;;;;;;;;;sp;spa;;;Libro;;2/48903 // 2/48903 //;http://bdh-rd.bne.es/viewer.vm?id=0000132642&page=1 **;http://bdh-rd.bne.es/text.vm?id=0000132642&first=1&last=103 **
bimo0001299759;Perrand, André  //;;;Etude sur le testament d'après la coutume de Bretagne thèse pour le Doctorat;;;;[Nouvelliste];;Rennes;1921;276 p., 1 lám. , 8º mlla. (22 cm) ,;;;Precede al tít.: Universite de Rennes. Faculté de Droit  //;;;;;;;;;;;;;;;;;;;;;;;;;;;;;;;fr;fre;;;Libro;"Acceso y/o uso restringido. La presente obra presenta restricciones en cuanto a su reproducción, distribución, comunicación pública o transformación; no obstante y en virtud del artículo 37 del Texto refundido de la Ley de Propiedad Intelectual (TRLPI), la Biblioteca Nacional de España está autorizada a la reproducción y a la comunicación de obras, mediante red cerrada e interna, a efectos de investigación (artículo 37, RDL 1/1996, de 12 de abril, revisada el 5 noviembre de 2015); sin perjuicio de las copias que puedan obtenerse en la BNE para uso privado, para ejercer cualquier otro de los derechos de explotación previstos en la TRLPI, el usuario deberá contactar con el correspondiente titular o la entidad de gestión encargada de representar al titular.//";2/75819 //;http://bdh-rd.bne.es/viewer.vm?id=0000214928&page=1 **;http://bdh-rd.bne.es/text.vm?id=0000214928&first=1&last=149 **
bimo0001300761;Perrin, Maximilien  //;;[L'autel et le théâtre. Español] //;El altar y el teatro : novela escrita en francés;;"por Maximiliano Perrin ; y traducida al castellano por José Aguirre";;[s.n.]  Imp. de T. Aguado y Compañía;;[S.l.] , Madrid;1845;3 v. , 14 cm ,;;;Título original: L'autel et le théâtre  //;;;;;;;;;;;;;;;;"821.133.1-31""18""  //";;;;;;;;;;;;;;;sp;spa;fre;spa //;Libro;;3/2641_V._1-3 //;http://bdh-rd.bne.es/viewer.vm?id=0000131429&page=1 **;http://bdh-rd.bne.es/text.vm?id=0000131429&first=1&last=645 **
bimo0001301299;Pesado, José Joaquín , 1801-1861  //;;;Los aztecas poesías tomadas de los antiguos cantares mexicanos;;por José Joaquín Pesado;;[s.n.]  Imp. de Vicente Segura Argüelles;;[S.l.] , México;1854;60 p. , 15 cm ,;Lingüística. Literatura // Literatura hispanoamericana //;;;;;;;;;;;;;;;;;;"(72)  //  821.134.2(72)-14""18""  //";;;;;;;;;;;;;;;mx;spa;;;Libro;;VC/1484/100 //;http://bdh-rd.bne.es/viewer.vm?id=0000043072&page=1 **;http://bdh-rd.bne.es/text.vm?id=0000043072&first=1&last=66 **
bimo0001301451;Campoamor, Ramón de , 1817-1901  //;;;Humoradas cantares y fábulas;;por Ramón de Campoamor;Ed. completa;Administración, Fuencarral, 119, primero;;Madrid;1900;266 p. , 20 cm ,;Lingüística. Literatura // Literatura española //;;;;;;;;;;;;;;;;;;"821.134.2-14""18""  //";;;;;;;;;;;;;;;sp;spa;;;Libro;;9/190900 //;http://bdh-rd.bne.es/viewer.vm?id=0000110152&page=1 **;http://bdh-rd.bne.es/text.vm?id=0000110152&first=1&last=287 **
bimo0001301544;Pestana, Alice , 1860-1929  // Giner de los Ríos, Hermenegildo , 1847-1923  //;;;Desgarrada novela original;;"de Alice Pestana (Caïel) ; traducida del portugués por H. Giner de los Ríos";;F. Granada y Cª;;BarcelonaMadrid;1909;334 p. , 20 cm ,;Lingüística. Literatura // Literatura //;;;;;;;;;;;;;;;;;;"821.134.3-31""18""  //";;;;;;;;;;;;;;;sp;spa;por;spa //;Libro;;1/52624 //;http://bdh-rd.bne.es/viewer.vm?id=0000087591&page=1 **;http://bdh-rd.bne.es/text.vm?id=0000087591&first=1&last=347 **
bimo0001301929;Petit, Georges , 1935-  //;;;La durée du travail dans le Commerce & l'Industrie etude de la loi du 23 avril 1919 : thèse pour le Doctorat;;;;Pierre Dumont;;Limoges;1920;325 p. , 4º mlla. (25 cm) ,;;;Precede al tít.: Université de Paris. Faculté de Droit  //;;;;;;;;;;;;;;;;;;;;;;;;;;;;;;;fr;fre;;;Libro;;2/75658 //;http://bdh-rd.bne.es/viewer.vm?id=0000214846&page=1 **;http://bdh-rd.bne.es/text.vm?id=0000214846&first=1&last=339 **
bimo0001302150;Pétrau-Gay, Jean  //;;;"La notion de ""Lex"" dans la coutume salienne et ses transformations dans les capitulaires thèse";;par Jean Petrau-Gay;;Alhér Frères;;Grenoble;1920;337 p. , 25 cm ,;;;;;;;;;;;;;;;;;;;;;;;;;;;;;;;;;;sz;fre;;;Libro;"Acceso y/o uso restringido. La presente obra presenta restricciones en cuanto a su reproducción, distribución, comunicación pública o transformación; no obstante y en virtud del artículo 37 del Texto refundido de la Ley de Propiedad Intelectual (TRLPI), la Biblioteca Nacional de España está autorizada a la reproducción y a la comunicación de obras, mediante red cerrada e interna, a efectos de investigación (artículo 37, RDL 1/1996, de 12 de abril, revisada el 5 noviembre de 2015); sin perjuicio de las copias que puedan obtenerse en la BNE para uso privado, para ejercer cualquier otro de los derechos de explotación previstos en la TRLPI, el usuario deberá contactar con el correspondiente titular o la entidad de gestión encargada de representar al titular.//";2/84647 //;http://bdh-rd.bne.es/viewer.vm?id=0000218407&page=1 **;http://bdh-rd.bne.es/text.vm?id=0000218407&first=1&last=353 **
