idBNE;Autor Personas;Autor Entidades;Título uniforme;Título;Otros Títulos;Información asociada al título;Edición;Editorial;Editor musical;Lugar de publicación;Fecha de publicación;Descripción física;Serie;Contenido;Descripción y notas;Citas o referencias;transcripciones de interés;Procedencia;Intérpretes;Resumen;Premios;Periodicidad;Tema;Género/Forma;Lugar relacionado;Forma de la composición sonora;Forma de la composición notada;tipo material cartográfico;Proyección del mapa;Escala del mapa;CDU;Otra clasificación;id registros relacionados;información asociada a registros relacionados;id otras ediciones;información asociada a otras ediciones;id título anterior;información asociada a título anterior;id título posterior;información asociada a título posterior;ISBN;ISSN;Depósito Legal;Otros Números Normalizados;Número Bibliografía Nacional;País de publicación;Lengua de publicación;Lengua original;otras lenguas;Tipo de documento;Condiciones de uso;signatura;version_digital;texto_OCR
bima0000042400;Fernández de Castro, José , s. XIX  // Gómez de Requena, Nicolás -imp.  //;;;Representacion de Don Josef Fernandez de Castro ... al soberano Congreso de las Cortes nacionales en la real Isla de Leon;;;;en la Oficina de Don Nicolas Gomez de Requena ...;;Cádiz;1811;32 p. , 4º ,;;;Sign.: [a]-d⁴  // Adorno tipográfico en portada  //;;;;;;;;España -- Historia -- 1808-1814 (Guerra de la Independencia) --  //;;Cádiz, España //;;;;;;94(460)  //;;;;;;;;;;;;;;;sp;spa;;;Libro;;R/61008 //;http://bdh-rd.bne.es/viewer.vm?id=0000050424&page=1 **;http://bdh-rd.bne.es/text.vm?id=0000050424&first=1&last=33 **
bima0000042401;Fernández de Castro, José , s. XIX  // Niel, José -imp.  //;;;Respuesta que da D. Josef Fernandez de Castro a la exposicion del Marques de Sobremonte ... inserta en el Diario de Cadiz de 20 de enero último;;;;en la Imprenta de Don Josef Niel;;En Cadiz;1811;20 p. , 4º ,;;;Sign.: [1]-2⁴, 3²  //;;;;;;;;España -- Historia -- 1808-1814 (Guerra de la Independencia) --  //;;Cádiz, España //;;;;;;94(460)  //;;;;;;;;;;;;;;;sp;spa;;;Libro;;R/60956 //;http://bdh-rd.bne.es/viewer.vm?id=0000050425&page=1 **;http://bdh-rd.bne.es/text.vm?id=0000050425&first=1&last=20 **
bima0000042419;Fernández Escobar, Jerónimo  //;;;Gracias á Dios, Señores, que llegó el suspirado instante de que la veradad, y la justicia se sentasen en sus esenciales tronos. Gracias á Dios, que vemos tributar votos á la verdad, buscarla, y apetecerla para emplearla en beneficio del género humano ...;;[ºGeronimo Fernandez Escovar];;[s.n.];;[S.l.];1810?;29 p. , 4º ,;;;"Encabeza la página la leyenda: ""Quod tam regia potestas... Cod. Wisog. (sic) leg. 2 et 4. tit. 1. lib. 2""  // Título tomado del comienzo del texto  // El autor consta a final del texto  // Texto fechado en La Serena, 28 de Marzo de 1810  // Sign.: a-c⁴, d⁴⁻¹  //";;;;;;;;España -- Historia -- 1808-1814 (Guerra de la Independencia) --  //;;;;;;;;94(460)  //;;;;;;;;;;;;;;;sp;spa;;;Libro;;R/60909 //;http://bdh-rd.bne.es/viewer.vm?id=0000168885&page=1 **;http://bdh-rd.bne.es/text.vm?id=0000168885&first=1&last=30 **
bima0000042731;Andario y Castelvell, Melchor  //;Imprenta Mayor (Sevilla) -imp.  //;;Retrato político del Emperador de los Franceses su conducta y la de sus generales en España, y la lealtad y valor de los españoles por su soberano Fernando VII;;por D. Melchor Andarió;;en la Imprenta Mayor;;Sevilla;1808;16 p. , 4º ,;;;Adorno tipográfico en portada  //;;;;;;;;Fernando -- VII, -- Rey de España --  // Napoleón -- I, -- Emperador de Francia --  // España -- Historia -- 1808-1814 (Guerra de la Independencia) --  //;;Sevilla, España //;;;;;;94(460)  //;;;;;;;;;;;;;;;sp;spa;;;Libro;;R/60124(10) //;http://bdh-rd.bne.es/viewer.vm?id=0000065674&page=1 **;http://bdh-rd.bne.es/text.vm?id=0000065674&first=1&last=16 **
bima0000042740;Fernando VII, Rey de España  // Orga, José de , 1738-1809 -imp.  //;Librería de Mallén (Valencia) -ed.  //;;Representacion del Príncipe de Asturias Don Fernando (ahora nuestro rey y señor) á su padre Don Carlos IV hallada entre los papeles de S.A.R., escrita toda de su mano en octubre de 1807;;publícala un patriota aragones;;en la Imprenta de José de Orga  se hallará en la Librería de Mallen;;En Valencia;1808;XXVI, 61 p. , 4º ,;;;Sign.: *-3*⁴, A-H⁴  //;;;;;;;;España -- Historia -- 1808-1814 (Guerra de la Independencia) --  //;;Valencia, España //;;;;;;94(460)  //;;;;;;;;;;;;;;;sp;spa;;;Libro;;R/60161(8) //;http://bdh-rd.bne.es/viewer.vm?id=0000053372&page=1 **;http://bdh-rd.bne.es/text.vm?id=0000053372&first=1&last=87 **
bima0000042982;Ferreras, Juan de , 1652-1735  // Pérez de Soto, Antonio -imp.  //;;;Historia de España parte quinta : contiene los sucessos de los syglos XI y XII : justificados por la mas segura auctoridad y chronologia ...;;por Don Juan de Ferreras ...;;en la Imprenta de Antonio Perez de Soto ...;;Madrid;1759;[14], 436, [33] p., [3] en bl. , 4º ,;;;Sign.: ¶⁴, ¶¶³, A-Z⁴, Aa-Zz⁴, Aaa-Nnn⁴  // Portada con orla tipográfica  //;;;;;;;;España -- Historia --  //;;Madrid, España //;;;;;;94(460)  //;;;;;;;;;;;;;;;sp;spa;;;Libro;;6/4159_V.5 //;http://bdh-rd.bne.es/viewer.vm?id=0000099249&page=1 **;http://bdh-rd.bne.es/text.vm?id=0000099249&first=1&last=491 **
bima0000043363;Filobasilio, J. S., seud.  //;;;Epístola heroída ó Carta que nuestro ... monarca el Sr. D. Fernando VII ... dirige a sus queridos vasallos los españoles desde su prisión en Francia;Carta que nuestro ... monarca el Sr. D. Fernando VII ... dirige a sus queridos vasallos los españoles desde su prisión en Francia  //;por D.J.S. Filobasilio;;en la Oficina de Aznar;;En Madrid;1808;22 p., [1] en bl. , 4º ,;;;Sign.: [a]-c⁴  // Adorno tipográfico en portada  //;;;;;;;;España -- Historia -- 1808-1814 (Guerra de la Independencia) --  //;;Madrid, España //;;;;;;94(460)  //;;;;;;;;;;;;;;;sp;spa;;;Libro;;R/60608 //;http://bdh-rd.bne.es/viewer.vm?id=0000168753&page=1 **;http://bdh-rd.bne.es/text.vm?id=0000168753&first=1&last=26 **
bima0000043400;El Filósofo Andaluz, seud.  //;Imprenta de la Calle de la Mar -imp.  //;;Feliz regeneración de España ocasionada por la ignorancia y mala fe de Napoleón 1º con reflexîones políticas;;por El Filósofo Andaluz en su retiro;;en la Imprenta de la Calle de la Mar;;Sevilla;1808;23 p. , 8º ,;;;Sign.: [1]⁴, 2⁸  //;;;;;;;;Napoleón -- I, -- Emperador de Francia --  // España -- Historia -- 1808-1814 (Guerra de la Independencia) --  //;;Sevilla, España //;;;;;;929  //  94(460)  //;;;;;;;;;;;;;;;sp;spa;;;Libro;;R/60701 //;http://bdh-rd.bne.es/viewer.vm?id=0000168845&page=1 **;http://bdh-rd.bne.es/text.vm?id=0000168845&first=1&last=24 **
bima0000043401;Filósofo Ciudadano, seud.  // Orga, José de , 1738-1809 -imp.  //;;;Mi pronóstico carta dirigida al Diarista de Valencia;;[El Filósofo Ciudadano];;Por José de Orga;;En Valencia;1808;[2] h. , 4º ,;;;Título tomado de la cabecera del texto  // El autor consta a final del texto  // El pie de imprenta consta en el colofón  //;;;;;;;;España -- Historia -- 1808-1814 (Guerra de la Independencia) -- Obras satíricas y humorísticas --  //;;Valencia, España //;;;;;;94(460)  //;;;;;;;;;;;;;;;sp;spa;;;Libro;;R/60548 //;http://bdh-rd.bne.es/viewer.vm?id=0000141024&page=1 **;http://bdh-rd.bne.es/text.vm?id=0000141024&first=1&last=4 **
bima0000043429;P. D. J. O. Y.  //;Viuda de José Hidalgo y Sobrino -imp.  //;[El fin de Napoladron por sus mismos sequaces, con una carta del infierno al emperador de los diablos en que le da quexas de su mal proceder] //;Tragedia burlesca en un acto, El fin de Napoladron por sus mismos sequaces, con un carta del Infierno al Emperador de los Diablos en que le da quejas de su mal proceder;;P. D. J. O. Y.;;por D. Josef Hidalgo;;Reimpreso en Sevilla;1814;12 p. , 4º ,;Guerra de la Independencia //;;;;;;;;;;Napoleón -- I, -- Emperador de Francia --  // España -- Historia -- 1808-1814 (Guerra de la Independencia) -- Fuentes --  //;Comedias (Literatura) --  //;Sevilla, España //;;;;;;821.134.2-2  //  94(460)  //;;;;;;;;;;;;;;;sp;spa;;;Libro;;R/62170 //;http://bdh-rd.bne.es/viewer.vm?id=0000079724&page=1 **;http://bdh-rd.bne.es/text.vm?id=0000079724&first=1&last=12 **
bima0000043533;Fitzgerald, Gregorio Antonio  // Muñoz Álvarez, Manuel -imp.  //;;;Infraccion horrible y escandalosa de la Constitucion politica de las Españas, y tenaz y acérrima defensa de los derechos de los ciudadanos españoles;;por D. Gregorio Antonio Fitzgerald;;"en la Imprenta de Brigadas ... ;  en la Imprenta de D. Manuel Muñoz Alvarez ...";;Isla de LeónReimpreso en Sevilla;1812;7 p., [1] en bl. , 4º ,;;;Colofón  //;;;;;;;;España -- Historia -- 1808-1814 (Guerra de la Independencia) --  //;;Sevilla, España //;;;;;;94(460)  //;;;;;;;;;;;;;;;sp;spa;;;Libro;;R/60120(47) //;http://bdh-rd.bne.es/viewer.vm?id=0000065423&page=1 **;http://bdh-rd.bne.es/text.vm?id=0000065423&first=1&last=5 **
bima0000045191;Fratta, Giovanni  //;;;La vita di San Carlo Borranco Poccia;;;;Nella stamperia del Rampazetto stampator Ducale...;;S.l.;1611;p. , 4º ,;;;caja orlada y sin paginación esc. de armas  // La dedic. lleva fecha de 1611  //;;;;;;;;;;;;;;;;929  //;;;;;;;;;;;;;;;xx;ita;;;Libro;;2/37195 //;http://bdh-rd.bne.es/viewer.vm?id=0000052235&page=1 **;http://bdh-rd.bne.es/text.vm?id=0000052235&first=1&last=71 **
bima0000045754;Losada, José Gabriel de  // López, Anastasio -imp.  //;;;La amnistia general de los proselitos del gobierno frances problema politico resuelto;;por D. José Gabriel de Losada ...;;en la Imprenta de Calle Vizcaynos a cargo de D. Anastasio Lopez;;Sevilla;1813;28 p. , 4º ,;;;Sig.: [2], [A]-C⁴, D²  // Anteportada  //;;;;;;;;España -- Historia -- 1808-1814 (Guerra de la Independencia) --  //;;Sevilla, España //;;;;;;94(460)  //;;;;;;;;;;;;;;;sp;spa;;;Libro;;R/60120(52) //;http://bdh-rd.bne.es/viewer.vm?id=0000065483&page=1 **;http://bdh-rd.bne.es/text.vm?id=0000065483&first=1&last=16 **
bima0000046351;Garay, Martín de  //;;;Pueblos de Galicia: Al veros caer en poder del enemigo sin resistencia alguna, al contemplar ocupados los emporios navales que ensobebecen vuestras costas, y dominada de mar á mar tan principal y poderosa Provincia, la indignacion y el dolor hicieron prorumpir á vuestra patria en quejas de maldicion y de enojo ...;;[Martin de Garay];;[s. n.];;[S. l.];1809?;[2] h. , 4º ,;;;Título tomado del comienzo del texto  // Se ha respetado la puntuación original  // El autor consta a final del texto  // Texto fechado en el Real Alcázar de Sevilla, 10 de Junio de 1809  //;;;;;;;;España -- Historia -- 1808-1814 (Guerra de la Independencia) --  //;;;;;;;;94(460)  //;;;;;;;;;;;;;;;sp;spa;;;Libro;;R/60002(29) //;http://bdh-rd.bne.es/viewer.vm?id=0000069624&page=1 **;http://bdh-rd.bne.es/text.vm?id=0000069624&first=1&last=3 **
bima0000046451;García, Martín , s. XVIII  //;;;Carta del P. Martin García, Preposito Provincial de la Provincia de Andalucia, para los PP. Superiores de la misma Provincia ... Sin retardac´on alguna comunico à la Provincia ... la ... pèrdida de N.M.R.P. Francisco Retz ...;;;;[s.n.];;[S.l.];1751?;11 p. , 4º ,;;;Título tomado de la cabecera del texto  // Texto fechado en Granada, 2 de Marzo de 1751  // Sign.: A⁶  // Inicial grabada  //;;;;;;;;Retz, Franz -- (S.I.) --  //;;;;;;;;929  //;;;;;;;;;;;;;;;sp;spa;;;Libro;;R/60173(2) //;http://bdh-rd.bne.es/viewer.vm?id=0000132569&page=1 **;http://bdh-rd.bne.es/text.vm?id=0000132569&first=1&last=10 **
bima0000046505;García del Barrio, Manuel  // Lema, Vicente -imp.  //;;;Sucesos militares de Galicia en 1809 y operaciones en la presente guerra del coronel D. Manuel Garcia del Barrio ...;;;;en la Imprenta de D. Vicente Lema;;Cadiz;1811;95, 19 p. , 4º ,;;Apéndice de documentos, con paginación propia//;Sign.: [1]-13⁴, 16⁶  // El verso de la p. 95 en bl.  //;;;;;;;;Galicia -- Historia -- S.XIX --  // España -- Historia -- 1808-1814 (Guerra de la Independencia) --  //;;Cádiz, España //;;;;;;94(460)  //;;;;;;;;;;;;;;;sp;spa;;;Libro;;R/60948 //;http://bdh-rd.bne.es/viewer.vm?id=0000168918&page=1 **;http://bdh-rd.bne.es/text.vm?id=0000168918&first=1&last=116 **
bima0000046542;García de la Cuesta, Gregorio , 1741-1811  // Palafox y Melci, José de, Duque de Zaragoza , 1776-1847  //;;;Proclama del ... Señor Don Gregorio de la Cuesta y Manifiesto que hizo a los aragoneses el Señor Palafox;;;;[s.n.];;En Madrid;1808;8 p. , 4º ,;;;;;;;;;;;España -- Historia -- 1808-1814 (Guerra de la Independencia) --  //;;Madrid, España //;;;;;;94(460)  //;;;;;;;;;;;;;;;sp;spa;;;Libro;;R/60599 //;http://bdh-rd.bne.es/viewer.vm?id=0000168740&page=1 **;http://bdh-rd.bne.es/text.vm?id=0000168740&first=1&last=8 **
bima0000046627;García Navarro, Pedro  // Estevan y Cervera, José , fl. 1773-1820 -imp.  //;;;Dictamen fiscal que en el sumario formado para la averiguacion del fundamento de una representacion por la Junta Superior de la Mancha al soberano Congreso Nacional, ha puesto ... D. Pedro Garcia Navarro;;;;en la Imprenta de José Estévan;;Valencia;1811;17 p. , 4º ,;;;Sign.: [1]², 2⁸  //;;;;;;;;España -- Historia -- 1808-1814 (Guerra de la Independencia) --  //;;Valencia, España //;;;;;;94(460)  //;;;;;;;;;;;;;;;sp;spa;;;Libro;;R/60945 //;http://bdh-rd.bne.es/viewer.vm?id=0000168915&page=1 **;http://bdh-rd.bne.es/text.vm?id=0000168915&first=1&last=18 **
bima0000046696;García Troncón, Francisco (O. de M.) , 1666-1724  //;Herederos de Manuel Román -imp.  //;;Dissertacion histórico-theologica en que se demuestra la verdad de que el glorioso martir, Obispo de Jaen San Pedro Pasqual fue religioso del Real y Militar Orden de la Merced Redencion de Cautivos;;escrita por el P.M.Fr. Franciso Garcia Troncon del mismo habito ...;;por los Herederos de Manuel Roman, impressor de la Universidad;;En Zaragoza;1721;[32], 102 p., [2] en bl. , 4º ,;;;Sign.: a-d⁴, A-N⁴  // Portada con orla tipográfica  // Iniciales grabadas  //;Aguilar Piñal. Bib. S.XVIII v. 4, n. 1080  //;;;;;;;Pedro Pascual, -- Santo --  //;;Zaragoza, España //;;;;;;929  //;;;;;;;;;;;;;;;sp;spa;;;Libro;;3/65272 //;http://bdh-rd.bne.es/viewer.vm?id=0000101414&page=1 **;http://bdh-rd.bne.es/text.vm?id=0000101414&first=1&last=72 **
bima0000047916;Gil de Jaz, José  // Ezquerro, Pedro José -impresor  //;;;Sermon funebre de Phelipe Quinto el Animoso, que al Real, y supremo Consejo de Navarra ...;;predicó en la ... cathedral de Pamplona ... don Joseph Gil de Jaz ...;;en la Oficina de Pedro Joseph de Ezquerro, impressor de los Reales Tribunales de este Reyno;;[Pamplona?];1746;[16], 59 p., [1] en bl. , 4º ,;;;"Lugar y fecha tomados de la aprobación: ""Pamplona, y Septiembre 10. de 1746""  // Sign.: §-§§⁴, A-G⁴, H²  // Portada y texto con orla tipográfica  // Apostillas marginales  // Iniciales grabadas  //";Aguilar Piñal. Bib. S.XVIII v. 4, 1387  //;;;;;;;Felipe -- V, -- Rey de España -- Exequias --  // Oraciones fúnebres --  //;Sermones fúnebres --  //;Pamplona, España //;;;;;;929  //;;;;;;;;;;;;;;;sp;spa;;;Libro;;7/13681(1) //;http://bdh-rd.bne.es/viewer.vm?id=0000113878&page=1 **;http://bdh-rd.bne.es/text.vm?id=0000113878&first=1&last=76 **
bima0000048426;Un Aragonés amante de su patria  // Magallón, Francisco , fl. ca. 1789-ca. 1832 -imp.  //;;;Glorias de Zaragoza o El exercito de Bonaparte abatido por el valor zaragozano Romance heróico;El exercito de Bonaparte abatido por el valor zaragozano  //;por un aragonés amante de su Patria;;por Francisco Magallon  se hallará en la Librería de Ruiz ...;;En Zaragoza;1808?;XXV p. , 4º ,;;;Se deduce del texto que se trata del primer sitio de Zaragoza en 1808  // Sign.: A-B⁴, C⁶⁻¹  // Portada con grabado xilográfico  // Grabado xilográfico en cabecera de texto de la p. V  //;;;;;;;;Zaragoza -- Historia -- 1808-1809 (Sitio) -- Poesías --  //;;Zaragoza, España //;;;;;;821.134.2-1  //  94(460)  //;;;;;;;;;;;;;;;sp;spa;;;Libro;;R/60070(7) //;http://bdh-rd.bne.es/viewer.vm?id=0000146121&page=1 **;http://bdh-rd.bne.es/text.vm?id=0000146121&first=1&last=14 **
bima0000050444;Grimaldi, Jerónimo, Marqués de , 1706-1789  //;;;Respuesta a la Memoria que presentó en 16 de Enero de 1776... Don Francisco Inocencio de Souza Coutiño, Embaxador de S.M.F. cerca del Rei N.S. relativa a la negociacion entablada para tratar del arreglo y señalamiento de límites de las posesiones españolas y portuguesas en América Meridional...;;;;s.n.;;[S.l.;1776;XXXI, 255, LXXVIII p. , 4º ,;;"Apendice de documentos que se citan en la respuesta ; Carta de acompañamiento que precede á la misma respuesta// Apendice de documentos que se citan en la respuesta ; Carta de acompañamiento que precede á la misma respuesta//";Encabezamiento tomado del final del texto  // Fecha tomada del título  //;;;;;;;;España -- Relaciones -- Portugal --  //;;;;;;;;94(460)  //;;;;;;;;;;;;;;;xx;spa;;;Libro;;R/36665 //;http://bdh-rd.bne.es/viewer.vm?id=0000038515&page=1 ** http://bdh-rd.bne.es/viewer.vm?id=0000038515&page=101 ** http://bdh-rd.bne.es/viewer.vm?id=0000038515&page=201 ** http://bdh-rd.bne.es/viewer.vm?id=0000038515&page=302 **;http://bdh-rd.bne.es/text.vm?id=0000038515&first=1&last=100 ** http://bdh-rd.bne.es/text.vm?id=0000038515&first=101&last=200 ** http://bdh-rd.bne.es/text.vm?id=0000038515&first=201&last=301 ** http://bdh-rd.bne.es/text.vm?id=0000038515&first=302&last=375 **
bima0000051348;Gumilla, José , 1686-1750  //;;;Informe, que hace a su magestad ... el padre Joseph Gumilla, de la Compañia de Jesus, ... sobre impedir a los Indios Caribes, y a los Olandeses las hostilidades, que experimentan las colonias del gran Rio Orinoco, y los medios mas oportunos para este fin;;;;[s.n.];;[Madrid?];entre 1731 y 1800?;8 h., [1] h. de lám. , Fol. ,;;;"Título tomado de la cabecera del texto  // Sign.: A-D²  // Texto con apostillas marginales  // La hoja de lámina es un mapa calcográfico: ""Paulus Minguet f. Matriti"" de la misiones de los PP. Capuchinos en el Orinoco  //";Aguilar Piñal. Bib. S.XVIII v. 4, 2646  //;;;;;;;;;Madrid, España //;;;;;;94(460)  //;;;;;;;;;;;;;;;sp;spa;;;Libro;;R/36650 //;http://bdh-rd.bne.es/viewer.vm?id=0000098545&page=1 **;http://bdh-rd.bne.es/text.vm?id=0000098545&first=1&last=29 **
bima0000051430;Hidalgo, Juan Pedro  // González, Joseph -imp.  //;;;Triunfo, critico, politico, chronologico legal de la verdad por cinco siglos, y mas executoriada sobre que la muerte de San Fernando, Rey de España sucediò en Jueves dia treinta de Mayo del año mil doscientos cincuenta y dos;;su autor ... Juan Pedro Hidalgo ...;;en la imprenta de Joseph Gonzalez ...;;En Madrid;1755;[12], 62 p., [2] en bl. , 4º ,;Geografía. Biografías. Historia // Biografías. Heráldica. Genealogía //;;La fecha de la Aprobación es de 13 de octubre de 1755, en recto de hoja ¶₄  // Sign.: ¶⁴, 2¶², A-H⁴  // Portada con orla tipográfica  // Notas a pie de página  //;Aguilar Piñal. Bib. S. XVIII v. 4, 3233  //;;;;;;;Fernando -- III, -- Rey de Castilla, Santo --  //;;Madrid, España //;;;;;;94(460)  //;;;;;;;;;;;;;;;sp;spa;;;Libro;;U/11275 //;http://bdh-rd.bne.es/viewer.vm?id=0000096594&page=1 **;http://bdh-rd.bne.es/text.vm?id=0000096594&first=1&last=85 **
bima0000051495;Gutiérrez de la Huerta, Joaquín Antonio  //;;;En Cabildo celebrado por el Excmo. Ayuntamiento de esta ciudad, en 15 de Mayo del corriente año, se presentó un expuesto del Sr. Síndico Personero, del tenor siguiente. Excmo. Sr.: En todos tiempos ha hecho la ciudad de Cadiz señalados servicios, y ha dado singulares pruebas de amor, lealtad y respeto á sus monarcas ...;;;;[s.n.;;[S.l.];1816?;[4] h. , Fol. ,;;;Título tomado del comienzo del texto  // Se ha respetado la puntuación original  // Al final del texto consta Joaquín Antonio Gutiérrez de la Huerta  // Texto fechado en Cádiz , 1816  //;;;;;;;;Cádiz -- Historia -- S.XIX -- Fuentes --  //;;;;;;;;94(460)  //;;;;;;;;;;;;;;;sp;spa;;;Libro;;R/60261(10) //;http://bdh-rd.bne.es/viewer.vm?id=0000147770&page=1 **;http://bdh-rd.bne.es/text.vm?id=0000147770&first=1&last=5 **
bima0000052164;Hebrera y Esmir, José Antonio de (O.F.M.) , -1719  // Gascón, Domingo , fl. 1680-1701  // Hebrera y Esmir, José Antonio de (O.F.M.) , -1719  //;;;Historia sagrada en la vida admirable de S. Gaudioso, obispo de la Santa Iglesia de Tarazona ...;;su autor ... Fr. Ioseph Antonio de Hebrera ... de la Orden de N.P.S. Francisco ...;;por Domingo Gascon, Impresor;;En Zaragoça;1701;[68], 188, [42] p., [2] en bl. , 4º ,;;Oracion panegyrica al inclito godo San Gaudioso ... / que predico ... Joseph Antonio de Hebrera ... Dia 3 de Noviembre, año 1698 , (con portadilla propia, hh. Bb₁-Ff₃)// Oracion panegyrica al inclito godo San Gaudioso ... / que predico ... Joseph Antonio de Hebrera ... Dia 3 de Noviembre, año 1698 , (con portadilla propia, hh. Bb₁-Ff₃)//;Sign.: a-h⁴, i, A-Z⁴, Aa-Ff⁴  //;;;;;;;;Biografías -- S.XVIII --  //;;Zaragoza, España //;;;;;;929  //;;;;;;;;;;;;;;;sp;spa;;;Libro;;2/68714 //;http://bdh-rd.bne.es/viewer.vm?id=0000103659&page=1 **;http://bdh-rd.bne.es/text.vm?id=0000103659&first=1&last=157 **
bima0000052165;Hebrera y Esmir, José Antonio de (O.F.M.) , -1719  // Gascón, Domingo , fl. 1680-1701 -imp.  // Larumbe, Diego de , fl. 1698-1718 -imp.  //;;;Vida prodigiosa del Ilustrissimo y Venerable D. Martin Garcia, Obispo de Barcelona, hijo de la fidelisima y antigua Villa de Caspe;;"escrita por ... Fr. Joseph Antonio de Hebrera ... ; sacala a luz el Licenciado Joseph Mediavilla, beneficiado en la Santa Iglesia Metropolitana ... de Zaragoça ...";;imprenta de Domingo Gascon  por Diego de Larumbe;;Zaragoza;1700;[64], 170, [4] p., [2] en bl. [1] h. de lám. , 4º ,;;;Sign.: a-h⁴, A-Y⁴  // La h. de grab. calc., retrato del biografiado  //;;;;;;;;Garcia, Martin, -- Obispo de Barcelona --  //;;Zaragoza, España //;;;;;;929  //;;;;;;;;;;;;;;;sp;spa;;;Libro;;3/9190 //;http://bdh-rd.bne.es/viewer.vm?id=0000038915&page=1 **;http://bdh-rd.bne.es/text.vm?id=0000038915&first=1&last=245 **
bima0000052555;Henriquez y Calafate, Antonio  //;Imprenta de la Casa de la Misericordia (Cádiz) -imp.  //;;El español desengañado por ... la perfidia francesa contra España y sus monarcas;;por D. Antonio Henriquez y Calafate ...;;en la Imprenta de la Casa de Misericordia de Cádiz;;[Cádiz];1808?;46 p. , 4º ,;;;Fecha deducida del texto  // Signaturizado  //;;;;;;;;España -- Historia -- 1808-1814 (Guerra de la Independencia) --  //;;Cádiz, España //;;;;;;94(460)  //;;;;;;;;;;;;;;;sp;spa;;;Libro;;R/60379(1) //;http://bdh-rd.bne.es/viewer.vm?id=0000140191&page=1 **;http://bdh-rd.bne.es/text.vm?id=0000140191&first=1&last=47 **
bima0000052556;Arias, Juan de  //;Imprenta de la Casa de la Misericordia (Cádiz) -imp.  //;;Manifiesto imparcial y exacto de lo mas importante ocurrido en Aranjuez, Madrid y Bayona desde 17 de marzo hasta 15 de mayo de 1808 sobre la caída del Principe de la Paz y sobre el fin de la amistad y alianza de los franceses con los españoles...;;escrito en Madrid [por J. de A.] ...;;Impreso en ...[Casa de Misericordia de Cádiz];;[Cádiz];1808;43 p. , 4º ,;;;Desarrollo de las siglas según P.P. Rogers en su Diccionario de seudónimos literarios españoles  // Autor tomado del final del texto  //;;;;;;;;España -- Historia -- 1808-1814 (Guerra de la Independencia) --  //;;Cádiz, España //;;;;;;94(460)  //;;;;;;;;;;;;;;;sp;spa;;;Libro;;R/60379(2) //;http://bdh-rd.bne.es/viewer.vm?id=0000140188&page=1 **;http://bdh-rd.bne.es/text.vm?id=0000140188&first=1&last=43 **
bima0000052557;D. D. J. T. R. R. P. B.  // Gómez de Requena, Nicolás -imp.  //;;;Juicio crítico de los documentos publicados por el ... Consejo de Castilla, relativos a la abdicacion de la Corona de estos reynos, en Napoleon I ...;;por D. D. J. T. R. R. P. B.;;en la oficina de  Nicolas Gomez de Requena ...;;En Cádiz;1808;[10], 35, [7] p. , 4º ,;;;Sign.: [ ]⁶⁻¹, 1⁴⁻¹, 2-5⁴, 6⁶  //;;;;;;;;España -- Historia -- 1808-1814 (Guerra de la Independencia) -- Opinión española --  //;;Cádiz, España //;;;;;;94(460)  //;;;;;;;;;;;;;;;sp;spa;;;Libro;;R/60379(3) //;http://bdh-rd.bne.es/viewer.vm?id=0000140189&page=1 **;http://bdh-rd.bne.es/text.vm?id=0000140189&first=1&last=51 **
bima0000052562;Manescau, José María  //;;;Manifiesto de la causa formada por... D. Joseph María Manescau, Alcalde del Crimen de la Real Audiencia de Valencia, por comision de la Junta Suprema de Gobierno, contra el Canónigo de San Isidro D. Baltasar Calbo;;;;[s.n.];;[S.l.];1808?;34 p. , 4º ,;;;Texto fechado en Valencia, 14 de Agosto de 1808  // Sign.: A-D⁴, E²⁻¹  //;;;;;;;;España -- Historia -- 1808-1814 (Guerra de la Independencia) --  //;;Valencia, España //;;;;;;94(460)  //;;;;;;;;;;;;;;;sp;spa;;;Libro;;R/60379(8) //;http://bdh-rd.bne.es/viewer.vm?id=0000140202&page=1 **;http://bdh-rd.bne.es/text.vm?id=0000140202&first=1&last=35 **
bima0000052685;;Hermandad Patriotica de Señoras (Sevilla)  //;;Conociendo una Señora (cuyo nombre ha solicitado se sigile) por una parte, que quando muchas personas acomodadas ofrecieron donativos voluntarios, lo hicieron de ... cantidades que creyeron poder dar cómodamente, y que además ... llevados de su patriotismo, tener ... voluntad de hacer nuevos donativos en metálico ...;;;;[s.n.];;[S.l.];1809?;12 p. , 4º ,;;;Título tomado del comienzo del texto  // Texto fechado en Sevilla, 4 de marzo de 1809 y firmado por Josefa Zillas, secretaria  //;;;;;;;;Hermandad Patriotica de Señoras (Sevilla) --  // España -- Historia -- 1808-1814 (Guerra de la Independencia) --  //;;;;;;;;255  //  94(460)  //;;;;;;;;;;;;;;;sp;spa;;;Libro;;R/60796 //;http://bdh-rd.bne.es/viewer.vm?id=0000168819&page=1 **;http://bdh-rd.bne.es/text.vm?id=0000168819&first=1&last=16 **
bima0000052792;Hernández de Morejón, Sebastián  //;Imprenta de Repullés (Madrid) -impresor -prt  //;;El triunfo de la razón sobre las funestas ilusiones políticas y religiosas de estos últimos tiempos obra en varios discursos polémicos;;corregida y aumentada por su autor ... don Sebastian Hernandez Morejon ...;;Imprenta de Repullés;;Madrid;1814;[4], 322 [i.e. 312] p. , 8º ,;;;Sign.: [ ]⁸, a², b-t⁸, u⁴  // Error de paginación, de la p. 271 pasa a la 282  //;;;;;;;;España -- Historia -- 1808-1814 (Guerra de la Independencia) --  //;;Madrid, España //;;;;;;94(460)  //;;;;;;;;;;;;;;;sp;spa;;;Libro;;R/60203 //;http://bdh-rd.bne.es/viewer.vm?id=0000147899&page=1 **;http://bdh-rd.bne.es/text.vm?id=0000147899&first=1&last=319 **
bima0000053290;Hidalgo, Josef -imp.  //;Librería de Novillo -ed.  //;;Hymno al Lord Wellington, duque de Ciudad Rodrigo;Himno a Lord Wellington, duque de Ciudad Rodrigo  //;;;por D. Josef Hidalgo  se hallará en las librerías de Novillo ... [etc];;Sevilla;1812?;6 p., [1] en bl. , 8º ,;;;Título tomado de la cabecera del texto  // Solo la letra  // Datos de lugar, impresor y editor tomados del colofón  // El sitio de Ciudad Rodrigo tuvo lugar en 1812  //;;Con lauro triunfante ciñamos la frente;;;;;;España -- Historia -- 1808-1814 (Guerra de la Independencia) -- Canciones --  //;;Sevilla, España //;;;;;;94(460)  //  78  //;;;;;;;;;;;;;;CCIML;sp;spa;;;Libro;;R/60245(4) //;http://bdh-rd.bne.es/viewer.vm?id=0000132505&page=1 **;http://bdh-rd.bne.es/text.vm?id=0000132505&first=1&last=5 **
bima0000055027;Ibáñez de la Rentería, José Agustín  // Langlois, Simon , fl.1687-1747 -imp.  //;;;Ensayos de Vaticinios Reales de las dos Coronas, unos cumplidos, y otros sin cumplir, en gloria de la Augusta Casa de Borbon;;"investigados por Don Joseph Antonio Ybañez de la Renteria y Montiano ... ; opusculo bipartito ; primera parte ; oracion panegyrica historica del Catholico Rey Don Phelipe V el Magnanimo, Emperador de la America, contiene los successos mas principales de estos tiempos";;en la Imprenta de Simon Langlois, en la Calle de San Estevan d'Egrès, junto á Santa Genovesa;;En Paris;1712;[16], 196, [3] p., [1] en bl. , 8º ,;;;Sign.: ā⁸, A-M⁸, N⁴  // Texto con apostillas marginales  //;;;;;;;;Felipe -- V, -- Rey de España -- Panegíricos --  // España -- Historia --  //;;París, Francia //;;;;;;94(460)  //;;;;;;;;;;;;;;;fr;fre;;;Libro;;5/4887 //;http://bdh-rd.bne.es/viewer.vm?id=0000175759&page=1 **;http://bdh-rd.bne.es/text.vm?id=0000175759&first=1&last=223 **
bima0000055124;Gómez de Requena, Nicolás -imp.  //;;;Idioma del engaño ú orden de Dupont en Cordoba a de Junio de 1808;;;;por D. Nicolas Gomez de Requena ...;;En Cádiz;1808?;[2] h. , 4º ,;;;Título tomado de la cabecera del texto  // Datos de lugar e impresor tomados del colofón  // Fecha tomada del título  //;;;;;;;;España -- Historia -- 1808-1814 (Guerra de la Independencia) --  //;;Cádiz, España //;;;;;;94(460)  //;;;;;;;;;;;;;;;sp;spa;;;Libro;;R/60591 //;http://bdh-rd.bne.es/viewer.vm?id=0000168734&page=1 **;http://bdh-rd.bne.es/text.vm?id=0000168734&first=1&last=4 **
bima0000055125;;;;Idioma del engaño u Orden de Dupont en Córdoba a 8 de junio de 1808;;;;;;[S.l.]b[s.n.];1808?;[1] h. pleg. , 44 x 28 cm ,;;;Título tomado de la cabecera del texto  // Fecha tomada del título  // Impreso por una sola cara  //;;;;;;;;España -- Historia -- 1808-1814 (Guerra de la Independencia) --  //;;;;;;;;94(460)  //;;;;;;;;;;;;;;;sp;spa;;;Libro;;R/60248(5) //;http://bdh-rd.bne.es/viewer.vm?id=0000146141&page=1 **;http://bdh-rd.bne.es/text.vm?id=0000146141&first=1&last=2 **
bima0000055756;Murguía, Antonio de -imp.  //;;;Llanto general de España por la disolucion de las Córtes generales y extraordinarias en que se refieren algunos hechos memorables durante su existencia;;;;en la Imprenta de Don Antonio de Murguia;;Cádiz;1813;15 p. , 4º ,;;;Título tomado de la cabecera del texto  // El pie de imprenta consta en el colofón  // Sign.: [1]-2⁴  //;;;;;;;;España -- Historia -- 1808-1814 (Guerra de la Independencia) --  //;;Cádiz, España //;;;;;;94(460)  //;;;;;;;;;;;;;;;sp;spa;;;Libro;;R/60164(11) //;http://bdh-rd.bne.es/viewer.vm?id=0000146921&page=1 **;http://bdh-rd.bne.es/text.vm?id=0000146921&first=1&last=9 **
bima0000055941;Un Presbítero  //;Imprenta de Benito Monfort (fl. 1786-1859) -imp.  //;;Instrucción popular en forma de catecismo sobre la presente guerra;;la consagra al Exército y al pueblo de España un presbítero;;en la imprenta de D. Benito Monfort;;Valencia;1809;[10], 57 p., [1] en bl. , 8º ,;;;Sign.: [A]-D⁸, E²  //;;;;;;;;España -- Historia -- 1808-1814 (Guerra de la Independencia) --  //;;Valencia, España //;;;;;;94(460)  //;;;;;;;;;;;;;;;sp;spa;;;Libro;;R/60238(12) //;http://bdh-rd.bne.es/viewer.vm?id=0000140200&page=1 **;http://bdh-rd.bne.es/text.vm?id=0000140200&first=1&last=73 **
bima0000056135;;;;Inventario de los robos hechos por los franceses en los paises que han invadido sus exércitos;Cartas de Alfredo;traducido de un papel ingles titulado Cartas de Alfredo;;se hallará en la librería de Pasqual ...;;Madrid;1808;31 p. , 8º ,;;;Dato de editor tomado del verso de la portada  //;;;;;;;;España -- Historia -- 1808-1814 (Guerra de la Independencia) --  //;;Madrid, España //;;;;;;94(460)  //;;;;;;;;;;;;;;;sp;spa;eng;spa //;Libro;;R/60626 //;http://bdh-rd.bne.es/viewer.vm?id=0000168796&page=1 **;http://bdh-rd.bne.es/text.vm?id=0000168796&first=1&last=32 **
bima0000056887;Jauregui, Manuel Francisco  // Hidalgo, Josef -imp.  //;;;Lleno de amargura al considerar lo mucho que se abusa en esta ciudad de la Cátedra del Espíritu Santo y estimulado de mi conciencia para no descuidar las obligaciones que me imponen la Patria y la religion, dirigí al Excmo. Sr. Arzobispo Coadministrador de esta Diócesis el oficio siguiente ...;;[Manuel Francisco de Jaúregui ...];;en la imprenta de D. Josef Hidalgo;;En Sevilla;1813;[2] h. , 4º ,;;;El autor consta a final del texto  // El pie de imprenta consta en el colofón  //;;;;;;;;España -- Historia -- 1808-1814 (Guerra de la Independencia) --  //;;Sevilla, España //;;;;;;94(460)  //;;;;;;;;;;;;;;;sp;spa;;;Libro;;R/60120(43) //;http://bdh-rd.bne.es/viewer.vm?id=0000065433&page=1 **;http://bdh-rd.bne.es/text.vm?id=0000065433&first=1&last=3 **
bima0000057146;Jiménez, Francisco Jerónimo  // Vélez Bracho, José -imp.  //;;;De Sancto Isidoro Antistite Hispalensi;;oratio a Francisco Hieronymo Ximonio habita coran Sapientissimo Hispalensis Ecclesiae Senatu decimo quarto calendas maii anno M.D.CCCXIV;;apud D. Josephum Velez Brachium;;Hispali;1814?;11 p., [1] en bl. , 4º ,;;;Fecha de impresión tomada del título  // Portada con grabado xilográfico  //;;;;;;;;Isidoro, -- Santo, Arzobispo de Sevilla --  //;;Sevilla, España //;;;;;;929  //;;;;;;;;;;;;;;;sp;lat;;;Libro;;R/60179(48) //;http://bdh-rd.bne.es/viewer.vm?id=0000132665&page=1 **;http://bdh-rd.bne.es/text.vm?id=0000132665&first=1&last=12 **
bima0000057149;Jiménez, Juan (O. Minim.)  // Bernabò, Rocco -imp.  // Frezza, Giovanni Girolamo , 1659-ca. 1741 -grab.  //;;;Vida y virtudes del venerable siervo de Dios el Ylmo. y Excmo. Señor D. Juan de Ribera, Patriarca de Antioquia ... recopilada de varios autores y de los processos que ... se han formado para su beatificacion;;por el R.P. Fr. Juan Ximenez theologo de la provincia de los minimos del reyno de Valencia en España ....;;en la Ymprenta de Roque Bernabó;;En Roma;1734;[28], 459, [3] p., [2] en bl., [1] h. de lám. , 4º ,;;;"Sign.: a-b⁴, c⁶, A-Z⁴, Aa-Zz⁴, Aaa-Mmm⁴  // Iniciales grabadas y adornos xilográficos  // Texto con apostillas marginales  // La hoja de lámina es un grabado calcográfico, retrato del biografiado : ""Frezza sculp. Romae sculp.""  //";Aguilar Piñal. Bib. S.XVIII v. 4, n. 4786  //;;;;;;;Juan de Ribera, -- Santo -- Biografías --  //;;Roma, Italia //;;;;;;929  //;;;;;;;;;;;;;;;it;spa;;;Libro;;2/9630 //;http://bdh-rd.bne.es/viewer.vm?id=0000103816&page=1 **;http://bdh-rd.bne.es/text.vm?id=0000103816&first=1&last=499 **
bima0000057280;Jofrescochea, Crispín  //;Hija de Ibarra (fl. 1805-1809)  //;;Fallo pronunciado en el tribunal de la verdad contra el libelo que se publicó en Bayona y extractó en Madrid baxo el título de Dictámen que formará la posteridad sobre los acontecimientos de España, como infamatorio, calumniador y sedicioso;;escribíalo ... Don Crispin Jofrescochea;;en la Imprenta de la Hija de Ibarra;;Madrid;1808;68 p. , 4º ,;;;Marca tipográfica en portada  // Sign.: a-h⁴, i²  //;;;;;;;;España -- Historia -- 1808-1814 (Guerra de la Independencia) --  //;;Madrid, España //;;;;;;94(460)  //;;;;;;;;;;;;;;;sp;spa;;;Libro;;R/60087(10) //;http://bdh-rd.bne.es/viewer.vm?id=0000064552&page=1 **;http://bdh-rd.bne.es/text.vm?id=0000064552&first=1&last=68 **
bima0000057490;Jorge IV, Rey de Gran Bretaña  // Monfort, Benito , 1715-1785  //;;;Discurso que hace el Rey de Inglaterra a sus amados vasallos en el que les manifiesta su deseo de ayudar á la España para ir contra el enemigo comun, hasta conseguir la restauracion de la libertad y paz de toda la Europa parte del discurso del Rey hecho por los Lores comisionados á ambas Cámaras del Parlamento, en que se hace relacion á España;;;;en la Imprenta de D. Benito Monfort;;Valencia;1808?;[2] h. , 4º ,;;En la Corte, en el Palacio de la Reyna, ante la Augusta Magestad del Rey Nuestro Señor, en su Consejo de Estado, h. [2]//;Título tomado de la cabecera del texto  // Al final del texto consta: Stephen Cottrell  // Datos de lugar e impresor tomados del colofón  // El texto alude al comienzo de la Guerra de la Independencia de 1808  //;;;;;;;;España -- Historia -- 1808-1814 (Guerra de la Independencia) --  //;;Valencia, España //;;;;;;94(460)  //;;;;;;;;;;;;;;;sp;spa;;;Libro;;R/60740 //;http://bdh-rd.bne.es/viewer.vm?id=0000177537&page=1 **;http://bdh-rd.bne.es/text.vm?id=0000177537&first=1&last=4 **
bima0000057616;José de San Benito , 1654-1723  // Argerich, Benito -ed.  // Marín, Antonio , fl. 1726-1784 -imp.  //;;;Vida interior, y cartas, que escribió a diferentes personas fray Joseph de Sn. Benito ... añadese una relacion de la vida, y virtudes de dicho Fr. Joseph de San Benito;;hizola ... Benito Argerich ...;;por Antonio Marin;;En Madrid;1746;[68], 263 p., [1] en bl., [1] h. de lám. , Fol. ,;Geografía. Biografías. Historia // Biografías. Heráldica. Genealogía //;;"Sign.: ¶-7¶⁴, 8¶⁶, A-Z⁴, Aa-Kk⁴  // Parte del texto a dos columnas y con apostillas marginales  // Inicial grabada  // La hoja de lámina es un grabado calcográfico: ""F. Mathias de Irala del. et sculp. Matriti Anno 1746"", retrato de José de San Benito  //";Aguilar Piñal.Bib.S.XVIII v. 1, 2393 (Argerich, Benito)  // Aguilar Piñal. Bib. S.XVIII v. 4, 5041 (José de San Benito)  //;;;;;;;;;Madrid, España //;;;;;;929  //;;;;;;;;;;;;;;;sp;spa;;;Libro;;2/36674 //;http://bdh-rd.bne.es/viewer.vm?id=0000129215&page=1 **;http://bdh-rd.bne.es/text.vm?id=0000129215&first=1&last=335 **
bima0000057623;José de San Lorenzo  // Torrubia, Antonio de , fl. 1686-1697 -imp.  //;Imprenta de la Santísima Trinidad (Granada)  //;;Mystica flor granadina, y trinitaria vida de la venerable, y extatica hermana Thomasa del Espiritu Santo, religiosa ... de Descalços de la Santissima Trinidad Redencion de cautivos dase una breve noticia de la vida de su hermano ... Fr. Joseph de los Santos ... del mismo Orden;;escritas por el R.P. Fr. Joseph de S. Lorenzo ...;;en la Imprenta de la SS. Trinidad por Antonio de Torrubia, impressor ...;;Impresso en Granada;1709;[28], 140 p. , 4º ,;;;Precede al título: Ave Maria Ssma. de Gracia.  // Fecha de impresión tomada de la Licencia: 1709  // Sign.: ¶-3¶⁴, 4¶², A-R⁴, S²  // Texto a dos columnas  // Portada con orla tipográfica  //;Aguilar Piñal. Bib. S.XVIII v. 4, 5053  //;;;;;;;;;Granada, España //;;;;;;929  //;;;;;;;;;;;;;;;sp;spa;;;Libro;;2/9101 //;http://bdh-rd.bne.es/viewer.vm?id=0000103808&page=1 **;http://bdh-rd.bne.es/text.vm?id=0000103808&first=1&last=88 **
bima0000057943;Juan de la Asunción (O.F.M.)  // González, José , fl. 1729-1763 -imp.  //;;;Pastor de Monte Carmelo, S. Juan de la Cruz, primer Carmelita Descalzo en sus cautelas religiosas;;con reflexiones, que sobre ellas hazia ... Fr. Juan de la Assumpcion, colegidas de los abundantes pastos de la Santa Escritura ...;;en la Imprenta de Joseph Gonzalez ...;;En Madrid;1729;[32], 547 p., [1] en bl. , 4º ,;;;La Fe de Erratas está fechada á 22 de Julio de 1729  // Sign.: ¶-4¶⁴, A-Z⁴, Aa-Zz⁴, Aaa-3Yyy⁴, Zzz²  // Portada orla tipográfica  // Apostillas marginales  //;Aguilar Piñal. Bib. S.XVIII v. 4, n. 5748  //;;;;;;;Juan de la Cruz, -- Santo -- Biografías --  //;;Madrid, España //;;;;;;929  //;;;;;;;;;;;;;;;sp;spa;;;Libro;;3/10473 //;http://bdh-rd.bne.es/viewer.vm?id=0000103810&page=1 **;http://bdh-rd.bne.es/text.vm?id=0000103810&first=1&last=295 **
bima0000058004;Juan de San Antonio (O.F.M.)  // Villarroel y Torres, Antonio -imp.  //;Imprenta de la Santa Cruz (Salamanca)  //;;Historia de la nueva, admirable y portentosa imagen de Nuestra Señora de la Porteria de Avila y de su fiel camarero Fr. Luis de Sn. Joseph, religioso franciscano descalzo ...;;su author ... Fr. Juan de San Antonio ...;;en la Imprenta de la Santa Cruz  por Antonio Villarroèl y Torres;;En Salamanca;1739;[68], 411, [7] p., [1] h. de lám. , 4º ,;;;Fecha tomada de la Fe de Erratas en recto de h. 8¶₁  // Sign.: ¶-8¶⁴, 9¶², A-Z⁴, Aa-Zz⁴, Aaa-Fff⁴, Ggg²  // La h. de lám. es un grabado calcográfico con la imagen de Fray Luis de San José  //;Aguilar Piñal. Bib. S.XVIII v. 4, n. 5851  //;;;;;;;Luis de San Jose --  // Biografías -- S.XVIII --  //;;Salamanca, España //;;;;;;929  //;;;;;;;;;;;;;;;sp;spa;;;Libro;;2/46389 //;http://bdh-rd.bne.es/viewer.vm?id=0000104145&page=1 **;http://bdh-rd.bne.es/text.vm?id=0000104145&first=1&last=251 **
bima0000058019;Juan de San Bernardo (O.F.M.)  // Juárez, Manuel Ángel -editor pbl  //;;;Vida y milagros de Sta. Rosalía virgen;;que saca a luz el M.R.P.M. Fr. Juan de San Bernardo ... Orden de N.P.S. Francisco ...;;a costa de Manuel Angel Xuarez ...;;En Sevilla;1707;[16], 244, [2] p., [2] en bl., [1] h. de lám. , 8º ,;;;Sign.: ¶⁸, A-P⁸, Q⁴  // La h. de lám. es un grabado calcográfico de Santa Rosalía  //;;;;;;;;Rosalía, -- Santa -- Biografías --  //;;Sevilla, España //;;;;;;929  //;;;;;;;;;;;;;;;sp;spa;;;Libro;;2/33841 //;http://bdh-rd.bne.es/viewer.vm?id=0000043132&page=1 **;http://bdh-rd.bne.es/text.vm?id=0000043132&first=1&last=271 **
bima0000058170;;Imprenta de Vega y Compañía (Madrid) -imp.  //;;El juego de Fernando VII con Napoleón y Murat, al tresillo;;;;en la Imprenta de Vega y Compañía;;Madrid;1808;[2] h. , 4º ,;;;Título tomado de la cabecera del texto  // El pie de imprenta consta en el colofón  //;;;;;;;;España -- Historia -- 1808-1814 (Guerra de la Independencia) -- Obras satíricas y humorísticas --  //;;Madrid, España //;;;;;;94(460)  //;;;;;;;;;;;;;;;sp;spa;;;Libro;;R/60775 //;http://bdh-rd.bne.es/viewer.vm?id=0000168768&page=1 **;http://bdh-rd.bne.es/text.vm?id=0000168768&first=1&last=4 **
bima0000058383;;Gibraleon (Huelva) Junta de Gobierno  // Viuda de Vázquez y Compañía (fl. 1797-1834?) -imp.  //;;La Junta de Gobierno de la Villa de Gibraleon, y cabeza de su partido, a su amado Rey, y S.D. Fernando VII. en señal de su amor, y lealtad, y de su odio à la perfidia francesa dedica los cortos servicios, que segun su estado ha podido hacer, para contribuir a su libertad, y defensa;;;;por la Viuda de Vazquez y Compañia;;En Sevilla;1808?;16 p. , 4º ,;;;Texto fechado el 26 de Septiembre de 1808  // Sign.: [A]-B⁴  //;;;;;;;;España -- Historia -- 1808-1814 (Guerra de la Independencia) --  //;;Sevilla, España //;;;;;;94(460)  //;;;;;;;;;;;;;;;sp;spa;;;Libro;;R/60620 //;http://bdh-rd.bne.es/viewer.vm?id=0000168771&page=1 **;http://bdh-rd.bne.es/text.vm?id=0000168771&first=1&last=20 **
bima0000058386;Orga, José de , 1738-1809  //;Murcia Junta de Gobierno  // Librería de Manuel López (Valencia) -ed.  //;;Circular de la Junta de Gobierno de Murcia, sobre la necesidad de reunirse todas las autoridades de las Provincias en un Gobierno central;;;;por Joseph de Orga  se hallará en la Librería de Manuel Lopez ...;;En Valencia;1808;[2] h. , 4º ,;;;Título tomado de la cabecera del texto  // El pie de imprenta consta en el colofón  //;;;;;;;;España -- Historia -- 1808-1814 (Guerra de la Independencia) --  //;;Valencia, España //;;;;;;94(460)  //;;;;;;;;;;;;;;;sp;spa;;;Libro;;R/60668 //;http://bdh-rd.bne.es/viewer.vm?id=0000168783&page=1 **;http://bdh-rd.bne.es/text.vm?id=0000168783&first=1&last=4 **
bima0000058387;Ruiz, Ramón , fl. 1791-1808 -imp.  //;Teruel Junta de Gobierno  //;;Junta de Gobierno de Teruel. Decreto sobre los bienes del Conde de Fuentes;;;;En la imprenta de Ramon Ruiz  se hallará en dicha Imprenta ...;;En Madrid;1808;[2] h. , 4º ,;;;Es copia de la Gazeta de Valencia de 30 de Agosto  // Título tomado de la cabecera del texto  // Se ha respetado la puntuación original  // El pie de imprenta consta en el colofón  //;;;;;;;;España -- Historia -- 1808-1814 (Guerra de la Independencia) --  //;;Madrid, España //;;;;;;94(460)  //;;;;;;;;;;;;;;;sp;spa;;;Libro;;R/60552 //;http://bdh-rd.bne.es/viewer.vm?id=0000141027&page=1 **;http://bdh-rd.bne.es/text.vm?id=0000141027&first=1&last=4 **
bima0000058392;Gutiérrez, Manuel (impresor) -imp.  //;Jaén Junta Provincial  //;;Manifiesto que de sus operaciones hace la Superior Junta de govierno del Reyno de Jaen á sus leales moradores;;;;en la Imprenta de Don Manuel Gutierrez;;En Jaen;1808?;15 p. , 4º ,;;;Precede al título: “christus”  // Texto firmado por Manuel de la Paz López Bago, secretario 2º y fechado en Jaen, 24 de Diciembre de 1808  // Sign.: [A]-B⁴  //;;;;;;;;España -- Historia -- 1808-1814 (Guerra de la Independencia) --  //;;Jaen, España //;;;;;;94(460)  //;;;;;;;;;;;;;;;sp;spa;;;Libro;;R/60507 //;http://bdh-rd.bne.es/viewer.vm?id=0000135474&page=1 **;http://bdh-rd.bne.es/text.vm?id=0000135474&first=1&last=16 **
bima0000058393;;Toledo Junta Provincial  //;;La Junta Provincial de Toledo a los habitantes de esta capital, y pueblos de su provincia;;;;[s.n.];;[S.l.];1808?;16 p. , 4º ,;;;Título tomado de la cabecera del texto  // Texto firmado por Antonio Valdomero Aguilera, Secretario y fechado en Toledo, 15 de Octubre de 1808  // Signaturizado  //;;;;;;;;España -- Historia -- 1808-1814 (Guerra de la Independencia) --  //;;;;;;;;94(460)  //;;;;;;;;;;;;;;;sp;spa;;;Libro;;R/60573 //;http://bdh-rd.bne.es/viewer.vm?id=0000168723&page=1 **;http://bdh-rd.bne.es/text.vm?id=0000168723&first=1&last=16 **
bima0000058404;;Cádiz Junta Superior  // Imprenta de la Junta Superior de Gobierno (Cádiz) -imp.  //;;Manifiesto que la Junta Superior de Gobierno y Defensa de esta Plaza dirige al pueblo que la instaló con respecto á las ocurrencias que en ella ha habido relativas a su constitución, con sugecion al reglamento de las provincia;;;;en la Imprenta de la Junta Superior de Gobierno;;Cadiz;1811;35 p. , 4º ,;;;Sign.: [1]-4⁴, 5²  //;;;;;;;;España -- Historia -- 1808-1814 (Guerra de la Independencia) --  //;;Cádiz, España //;;;;;;94(460)  //;;;;;;;;;;;;;;;sp;spa;;;Libro;;R/60334(2) //;http://bdh-rd.bne.es/viewer.vm?id=0000140141&page=1 **;http://bdh-rd.bne.es/text.vm?id=0000140141&first=1&last=19 **
bima0000058405;Puigrubí, Miguel -imp.  //;Tarragona Junta Superior de Gobierno  //;;A los del Corregimiento de ésta y Montblanch, la Comision de Fondos de la Junta superior de gobierno de Tarragona;;;;en la Imprenta de María Canals Viuda, por Miguel Puigrubí;;Tarragona;1808?;6 p. , 4º ,;;;Título tomado de la cabecera del texto  // Datos de lugar e impresor tomados del colofón  // Texto fechado en Tarragona, 24 de agosto de 1808  //;;;;;;;;España -- Historia -- 1808-1814 (Guerra de la Independencia) --  //;;Tarragona, España //;;;;;;94(460)  //;;;;;;;;;;;;;;;sp;spa;;;Libro;;R/60362(8) //;http://bdh-rd.bne.es/viewer.vm?id=0000139918&page=1 **;http://bdh-rd.bne.es/text.vm?id=0000139918&first=1&last=6 **
bima0000058408;Vallegera, Juan -imp.  //;Castilla Junta Suprema  //;;La Junta Suprema de Castilla a los hombres buenos de sus provincias;;;;por Don Juan Vallegera ...;;En Ciudad-Rodrigo;1810?;18 p. , 4º ,;;;Datos de lugar e impresor tomados del colofón  // Texto fechado en Ciudad-Rodrigo, 27 de Febreo de 1810  // Sign.: A-B⁴  //;;;;;;;;España -- Historia -- 1808-1814 (Guerra de la Independencia) --  //;;Ciudad Rodrigo, España //;;;;;;94(460)  //;;;;;;;;;;;;;;;sp;spa;;;Libro;;R/60899 //;http://bdh-rd.bne.es/viewer.vm?id=0000168878&page=1 **;http://bdh-rd.bne.es/text.vm?id=0000168878&first=1&last=18 **
bima0000058410;;España Junta Suprema Central  //;;Bando. Sevillanos y demas ilustres hijos de las orillas del Betis: Aun resta que hacer para completar las glorias que os habeis propuesto adquirir: Una série no interumpida [sic] de acciones prodigiosas ha dado a conocer á España y á toda la Europa el heroyco patriotismo con que os habeis presentado á resistir al poder y a la astucias del mayor tirano que han conocido los siglos ...;;Por mandado de la Suprema Junta;;[s. n.];;[S. l.];1809?;[1] h. pleg. , 42 x 31 cm ,;;;Título tomado del comienzo del texto  // Se ha respetado la puntuación original  // Bando Firmado por Juan Bautista Esteller, fechado en el Real Alcazar de Sevilla, 30 de Enero de 1809  // Texto a dos columnas  // Impreso por una sola cara  //;;;;;;;;España -- Historia -- 1808-1814 (Guerra de la Independencia) --  //;;;;;;;;94(460)  //;;;;;;;;;;;;;;;sp;spa;;;Libro;;R/60002(6) //;http://bdh-rd.bne.es/viewer.vm?id=0000069619&page=1 **;http://bdh-rd.bne.es/text.vm?id=0000069619&first=1&last=2 **
bima0000058412;Rivero, Pedro de  //;España Junta Suprema Central  //;;Excelentísimo Señor: Despues de la defensa del Estado, que ha sido el primer objeto de las atenciones de la Junta Suprema, á nada se ha aplicado mas que á conservar la union y la concordia entre diversas partes que constituyen la Monarquía ...;;;;[s.n.];;[S.l.];1809?;22 p. , 4º ,;;Apendice, p. 14-22//;Título tomado del comienzo del texto  // Se ha respetado la puntuación original  // Texto fechado en Real Alcázar de Sevilla, 28 de Noviembre de 1809 y firmado por Pedro de Rivero  // Sign.: 1-2⁴, 3⁴⁻¹  //;;;;;;;;España -- Historia -- 1808-1814 (Guerra de la Independencia) --  //;;;;;;;;94(460)  //;;;;;;;;;;;;;;;sp;spa;;;Libro;;R/60880(1) //;http://bdh-rd.bne.es/viewer.vm?id=0000168825&page=1 **;http://bdh-rd.bne.es/text.vm?id=0000168825&first=1&last=22 **
bima0000058413;Fernando VII, Rey de España  // Vera y Delgado, Juan Acisclo de, Arzobispo de Laodicea  //;España Junta Suprema Central  //;;Dn. Fernando VII ... Rey de Castilla, de Leon, de Aragon ... y en su real nombre la Junta Suprema Central de Gobierno de España é Indias. Por quanto la benignidad con que quise hasta aquí fuesen tratados los desertores de los cuerpos del exército concediéndoles indultos generales hasta dos y tres veces ... en vez de producir los ... fines que me propuse, dió motivo ... á que se repitiese con mayor freqüencia ... tuve á bien resolver que el Supremo Consejo interino de Guerra y Marina exâminase el asunto, y me propusiese ... las medidas y reglas que estimase necesarias ...;;;;en la Oficina de D. Nicolas Gomez de Requena ...;;Impresa en Cádiz;1809?;13 p. , 4º ,;;;Es copia de su original certificada por Cornél  // Datos de lugar e impresor tomados del colofón  // Texto fechado en el Real Alcázar de Sevilla, 5 diciembre 1809 y firmado por el Obispo de Laodicea, Presidente  // Sign.: *⁸⁻¹  //;;;;;;;;España -- Historia -- 1808-1814 (Guerra de la Independencia) --  //;;;;;;;;94(460)  //;;;;;;;;;;;;;;;sp;spa;;;Libro;;R/60880(2) //;http://bdh-rd.bne.es/viewer.vm?id=0000168828&page=1 **;http://bdh-rd.bne.es/text.vm?id=0000168828&first=1&last=14 **
bima0000058449;V. P. y C.  //;;;Satisfaccion a la fanfarronada del General frances Sabran que haria ceniza a este reyno con diez mil franceses merecido castigo de Aux Coquins Valentiens ...;;[V. P. y C.];;[s.n.];;[S.l.];entre 1808 y 1814?;8 p. , 4º ,;;;Título tomado de la cabecera del texto  // El seudónimo del autor figura al final del texto  // El texto alude a la Guerra de la Independencia de 1808  //;;;;;;;;España -- Historia -- 1808-1814 (Guerra de la Independencia) --  //;;;;;;;;94(460)  //;;;;;;;;;;;;;;;xx;spa;;;Libro;;R/60292(51) //;http://bdh-rd.bne.es/viewer.vm?id=0000129589&page=1 **;http://bdh-rd.bne.es/text.vm?id=0000129589&first=1&last=8 **
bima0000058462;;España Junta Suprema Central  // Imprenta Mayor (Sevilla) -imp.  //;;La Suprema Junta Gubernativa del Reino a la Nacion Española;;;;en la Imprenta Mayor;;Sevilla;1808?;15 p. , 4º ,;;;Al final del texto consta Martín de Garay  // Texto fechado en Aranjuez, 26 de octubre de 1808  //;;;;;;;;España -- Historia -- 1808-1814 (Guerra de la Independencia) --  //;;Sevilla, España //;;;;;;94(460)  //;;;;;;;;;;;;;;;sp;spa;;;Libro;;R/60121(4) //;http://bdh-rd.bne.es/viewer.vm?id=0000065479&page=1 **;http://bdh-rd.bne.es/text.vm?id=0000065479&first=1&last=16 **
bima0000058467;Segovia, Miguel -imp.  //;;;La defensa de la Patria y del Rey, la de las leyes, la de la religion, la de los derechos todos del hombre, atropellados y violados de una manera que no tiene exemplo por el Emperador de los franceses Napoleon I, y por sus tropas en España, forzó à la nacion toda à tomar armas, y a alegirse una forma de gobierno ... todas las provincias crearon Juntas Supremas ... y pusieron en sus manos los derechos y la suerte última de España ...;;;;por Don Miguel Segovia;;En la Isla de Leon;1808?;11 p. , 4º ,;;;Título tomado del comienzo del texto  // Se ha respetado la puntuación original  // Al final del texto consta  // Datos de lugar e impresor tomados del colofón  // En p. 11 consta 1808  // La p. 5 se corresponde con un ¶  //;;;;;;;;España -- Historia -- 1808-1814 (Guerra de la Independencia) --  //;;San Fernando, España //;;;;;;94(460)  //;;;;;;;;;;;;;;;sp;spa;;;Libro;;R/60524 //;http://bdh-rd.bne.es/viewer.vm?id=0000141007&page=1 **;http://bdh-rd.bne.es/text.vm?id=0000141007&first=1&last=12 **
bima0000058468;Esteller, Juan Bautista  //;España Junta Suprema Central  //;;Españoles. Sevilla no ha podido resistir los impulsos de su heróica lealtad, de que ha dado exemplo en todos los siglos. Se le ha arrebatado el Rey que ha jurado, y que habia recibido con una alegria de que no hay memoria ... Españoles ... la patria ... está en manifiesto ... é inminente peligro ...;;[por disposicion de la Suprema Junta de Gobierno];;[s.n.];;[S.l.];1808?;[2] h. , 4º ,;;;Título tomado del texto  // Se ha respetado la puntuación original  // El autor consta a final del texto  // Proclama fechada en Sevilla, 29 de mayo de 1808 y firmado por los secretarios Juan Bautista Esteller y Juan Pardo  //;;;;;;;;España -- Historia -- 1808-1814 (Guerra de la Independencia) --  //;;;;;;;;94(460)  //;;;;;;;;;;;;;;;sp;spa;;;Libro;;R/60387(1) //;http://bdh-rd.bne.es/viewer.vm?id=0000177346&page=1 **;http://bdh-rd.bne.es/text.vm?id=0000177346&first=1&last=4 **
bima0000058469;Echávarri Hurtado de Mendoza, Pedro Agustín de  //;;;Don Pedro Agustin de Echavarri Hurtado de Mendoza ... General de la vanguardia del exército de operaciones de Andalucía & Hago saber á todas las personas à quien se dirige mi voz de esta benéfica proclama ... que para la mas unanime defensa del reyno ... todos los sargentos, cabos y soldados del exército ... se me presenten ... con todo su armamento ... Igualmente concedo seguro, é indulto á todos los defraudadores y desgraciados fugitivos ... se me presenten ... para restituir á ... Fernando VII ...;;;;[s.n.];;[S.l.];1808?;[2] h. , 4º ,;;;Título tomado del comienzo del texto  // Se ha respetado la puntuación original  // En h. [1] consta 1808  //;;;;;;;;España -- Historia -- 1808-1814 (Guerra de la Independencia) --  //;;;;;;;;94(460)  //;;;;;;;;;;;;;;;sp;spa;;;Libro;;R/60387(2) //;http://bdh-rd.bne.es/viewer.vm?id=0000177347&page=1 **;http://bdh-rd.bne.es/text.vm?id=0000177347&first=1&last=5 **
bima0000058475;Segovia, Manuel -imp.  //;Murcia Junta Suprema  //;;"En Junta celebrada en la mañana de este dia, el Excmo. Sr. Conde de Floridablanca ... vocal de esta Suprema Junta ... presentó para su aprobacion un papel, que á la letra dice lo siguiente: ""El Conde de Floridablanca ... como uno de los vocales elegidos para la Suprema Junta Central, hace presente á la de Murcia los puntos siguientes: 1º Que convendrá que los vocales nombrados salgan ya juramentados de Murcia ante su Junta con la fórmula que acompaña, y que lo mismo se execute con las demas juntas ...";;;;en la Imprenta de Don Miguel Segovia ...;;Real Isla de Leon;1808?;4 p. , 4º ,;;;Título tomado del comienzo del texto  // Se ha respetado la puntuación original  // Datos de lugar e impresor tomados del colofón  // Texto fechado en Murcia, 19 de Agosto de 1808  //;;;;;;;;España -- Historia -- 1808-1814 (Guerra de la Independencia) --  //;;San Fernando, España //;;;;;;94(460)  //;;;;;;;;;;;;;;;sp;spa;;;Libro;;R/60516 //;http://bdh-rd.bne.es/viewer.vm?id=0000141000&page=1 **;http://bdh-rd.bne.es/text.vm?id=0000141000&first=1&last=4 **
bima0000058476;Garay, Martín de  //;España Junta Suprema Central  // Librería de Mallén (Valencia) -ed.  //;;La Suprema Junta Gubernativa del Reyno a la nacion española;;;;por José de Orga  se hallará en la Librería de Mallen;;En Valencia;1808;24 p. , 8º ,;;;Al final del texto consta Martín de Garay  // Sign.: [1]⁴, 2⁸  //;;;;;;;;España -- Historia -- 1808-1814 (Guerra de la Independencia) --  //;;Valencia, España //;;;;;;94(460)  //;;;;;;;;;;;;;;;sp;spa;;;Libro;;R/60246(5) // R/60246(5) //;http://bdh-rd.bne.es/viewer.vm?id=0000132485&page=1 **;http://bdh-rd.bne.es/text.vm?id=0000132485&first=1&last=24 **
bima0000060263;;;;Lamentos del intruso Emperador de los Franceses y Rey de Italia;;"traducidos por un fiel amigo de Fernando VII ...  ; soneto";;[s.n.;;[S.l.];entre 1808 y 1814?;8 p. , 8º ,;;;Título tomado de la cabecera del texto  // El texto alude a la guerra de la independencia de 1808  //;;;;;;;;Napoleón -- I, -- Emperador de Francia --  //;;;;;;;;929  //;;;;;;;;;;;;;;;xx;spa;;;Libro;;R/60237(7) //;http://bdh-rd.bne.es/viewer.vm?id=0000140181&page=1 **;http://bdh-rd.bne.es/text.vm?id=0000140181&first=1&last=8 **
bima0000061696;Lechi, Giuseppe  // Vallin, Luciano -imp.  //;;;Correspondencia del General Francés Lechi, Comandante de sus tropas en Barcelona, interceptada sobre las aguas de la costa de Levante;;;;en la Oficina de D. Luciano Vallin;;Madrid;1808;8 p. , 4º ,;;;Título tomado de la cabecera del texto  // El pie de imprenta consta en el colofón  // Sign.: ¶⁴  //;;;;;;;;España -- Historia -- 1808-1814 (Guerra de la Independencia) --  //;;Madrid, España //;;;;;;94(460)  //;;;;;;;;;;;;;;;sp;spa;;;Libro;;R/60750 //;http://bdh-rd.bne.es/viewer.vm?id=0000177547&page=1 **;http://bdh-rd.bne.es/text.vm?id=0000177547&first=1&last=8 **
bima0000064259;Segovia, Miguel -imp.  //;;;Lista de los generos franceses que con motivo de la feria acaban de llegar al almacen de las provincias, sito en esta Corte;;;;por Don Miguel Segovia ...;;En la Isla de Leon;1808;8 p. , 4º ,;;;;;;;;;;;Comercio -- España -- S.XIX --  // España -- Historia -- 1808-1814 (Guerra de la Independencia) --  //;;San Fernando, España //;;;;;;339  //  94(460)  //;;;;;;;;;;;;;;;sp;spa;;;Libro;;R/60592 //;http://bdh-rd.bne.es/viewer.vm?id=0000168735&page=1 **;http://bdh-rd.bne.es/text.vm?id=0000168735&first=1&last=8 **
bima0000064264;;Imprenta del Setabiense -imp.  //;;Lista de los presos de todas clases que han entrado en esta cárcel de Burgos hoy día 14 de Mayo por orden de todos los Tribunales del Real Gobierno;;;;en la Imprenta del Setabiense;;[Sevilla];1814?;[1] h. , 4º ,;;;Atalaya de la Mancha, 18 de mayo  // Título tomado de la cabecera del texto  // Dato de impresor tomado del colofón  // Lugar de impresión deducido del lugar de actividad del impresor  // Este periódico, reimpreso en Sevilla, comienza el 12 de mayo de 1814 y cesó en julio del mismo año  // Impreso por una sola cara  //;;;;;;;;España -- Historia -- 1808-1814 (Guerra de la Independencia) --  //;;;;;;;;94(460)  //;;;;;;;;;;;;;;;sp;spa;;;Libro;;R/60675 //;http://bdh-rd.bne.es/viewer.vm?id=0000168798&page=1 **;http://bdh-rd.bne.es/text.vm?id=0000168798&first=1&last=2 **
bima0000065103;López de Sousa, José  // Chabes, Joaquín -imp.  //;;;Portugueses fieles y buenos compatriotas, demos gracias al cielo: ha llegado ya el tiempo de que executemos, aquellos caracteres de fidelidad, valor y honor que debemos a la generación de nuestros predecesores ... que siempre ... se hicieron respetar de los enemigos de la patria ...;;;;por Don Joaquín Chabes];;Ecija;1808?;[2] h. , 4º ,;;;Título tomado del comienzo del texto  // Se ha respetado la puntuación original  // Datos de lugar e impresor tomados del colofón  // Proclama fechada en Ollaon, 16 de Junio de 1808  //;;;;;;;;España -- Historia -- 1808-1814 (Guerra de la Independencia) --  //;;Écija, España //;;;;;;94(460)  //;;;;;;;;;;;;;;;sp;spa;;;Libro;;R/60610 //;http://bdh-rd.bne.es/viewer.vm?id=0000168755&page=1 **;http://bdh-rd.bne.es/text.vm?id=0000168755&first=1&last=4 **
bima0000066153;Luis de San Diego  // Longas, José , m. 1793 -imp.  //;;;Compendio de la vida, virtudes y milagros del Venerable Padre Frai Juan Bautista de la Concepcion fundador de la sagrada reforma de los descalzos de la Orden de la Santisima Trinidad Redencion de Cautivos;;dispuesto por el P. Fr. Luis de San Diego ...;;por Joseph Longas;;En Pamplona;1789;[16], 295 p. , 4º ,;;;Sign.: ¶-¶¶⁴, A-Z⁴, Aa-Oo⁴  // Texto a dos columnas  //;Aguilar Piñal. Bib. S.XVIII v. 5, 1844  //;;;;;;;Juan Bautista de la Concepción, -- Santo -- Biografías --  //;;Pamplona, España //;;;;;;92  //;;;;;;;;;;;;;;;sp;spa;;;Libro;;3/62760 //;http://bdh-rd.bne.es/viewer.vm?id=0000038391&page=1 **;http://bdh-rd.bne.es/text.vm?id=0000038391&first=1&last=315 **
bima0000066795;Madalena, Tomas  // Carreras, Pedro , fl. 1701-1729 -imp.  //;;;Tierna y piadosa memoria en las Exequias del ... Señor D. Manuel Perez de Araciel y Rada, ... Arzobispo de Zaragoza ... explicada en una breve noticia de su vida, virtudes, muerte y sepultura;;por ... Thomas Madalena, Prior que se fue de los Conventos de Alcañiz ...;;por Pedro Carreras;;En Zaragoza;1727;[24], 174 p., [2] en bl., [1] h. de lám. , 4º ,;;;Sign.: a-c⁴, A-Y⁴  // Iniciales grabadas  // Texto con apostillas marginales  // La lámina es un grabado calcográfico con retrato de Manuel Perez de Araciel y Rada  //;Aguilar Piñal. Bib. S. XVIII v. 5, 2372  //;;;;;;;Pérez de Araciel, Manuel --  //;;Zaragoza, España //;;;;;;929  //;;;;;;;;;;;;;;;sp;spa;;;Libro;;3/19729 //;http://bdh-rd.bne.es/viewer.vm?id=0000175763&page=1 **;http://bdh-rd.bne.es/text.vm?id=0000175763&first=1&last=207 **
bima0000067759;Manescau, José María  // Calvo, Baltasar  //;;;Manifiesto de la causa formada por el Señor D. Joseph María Manescau, Alcalde del crímen de la Real Audiencia de Valencia, por comision de la Junta Suprema de Gobierno, contra el canónigo de S. Isidro Don Baltasar Calbo ...;;;;[s.n.];;[S.l.];1808?;34 p. , 4º ,;;;Título tomado de la cabecera del texto  // Texto fechado en Valencia, 14 de Agosto de 1808  // Sign.: A-D⁴, E²⁻¹  //;;;;;;;;Calvo, Baltasar --  // España -- Historia -- 1808-1814 (Guerra de la Independencia) --  //;;;;;;;;94(460)  //;;;;;;;;;;;;;;;sp;spa;;;Libro;;R/60722 //;http://bdh-rd.bne.es/viewer.vm?id=0000177527&page=1 **;http://bdh-rd.bne.es/text.vm?id=0000177527&first=1&last=38 **
bima0000067760;Manescau, José María  // Quintana, Manuel Santiago de -imp.  //;Librería de Cerezo (Cádiz) -ed.  //;;Manifiesto de la causa formada por el Señor D. José María Manescau, Alcalde del crimen de la real audiencia de Valencia, por comision de la Junta Suprema de Gobierno, contra el canónigo de S. Isidro Don Baltasar Calbo;;;;por Quintana ...  se hallará en la librería de Cerezo ...;;Reimpreso en Cádiz;1808?;23 p. , 4º ,;;;Texto fechado en Valencia, 14 de agosto de 1808  // Sign.: [I]-III⁴  //;;;;;;;;Calvo, Baltasar --  // España -- Historia -- 1808-1814 (Guerra de la Independencia) --  //;;Cádiz, España //;;;;;;94(460)  //;;;;;;;;;;;;;;;sp;spa;;;Libro;;R/60504 //;http://bdh-rd.bne.es/viewer.vm?id=0000135469&page=1 **;http://bdh-rd.bne.es/text.vm?id=0000135469&first=1&last=24 **
bima0000067861;;;;Manifiestase la perfidia con que Napoleon invadió la España, y exhortacion de un patricio a resistirle;;;;[s.n.];;[S.l.];entre 1808 y 1814?;4 p. , 4º ,;;;Título tomado de la cabecera del texto  // El texto alude a la Guerra de la Independencia de 1808  //;;;;;;;;España -- Historia -- 1808-1814 (Guerra de la Independencia) --  //;;;;;;;;94(460)  //;;;;;;;;;;;;;;;xx;spa;;;Libro;;R/60670 //;http://bdh-rd.bne.es/viewer.vm?id=0000168788&page=1 **;http://bdh-rd.bne.es/text.vm?id=0000168788&first=1&last=4 **
bima0000067884;J. A. D. N.  //;Herederos de José Padrino -imp.  //;;Manifiesto de las variaciones de Europa y de las vilezas y usurpaciones francesas, con relacion a los reynos de Portugal y España, ofrecidos a los soberanos del mundo y a los pueblos de la America;;por J. A. D. N.;;por las Herederas de D. Josef Padrino;;En Sevilla;entre 1808 y 1814?;23 p. , 4º ,;;;Sign.: [a]-c⁴  // Adorno tipográfico en portada  //;;;;;;;;España -- Historia -- 1808-1814 (Guerra de la Independencia) --  //;;Sevilla, España //;;;;;;94(460)  //;;;;;;;;;;;;;;;sp;spa;;;Libro;;R/60603 //;http://bdh-rd.bne.es/viewer.vm?id=0000168744&page=1 **;http://bdh-rd.bne.es/text.vm?id=0000168744&first=1&last=24 **
bima0000067886;;Viuda de Muñiz e Hijo -imp.  // Librería de José Benito (Murcia) -ed.  //;;Manifiesto a los franceses;;;;Impreso por la Viuda de Muñiz y se hallará en la Libreria de Josef Benedito;;En Murcia;entre 1808 y 1814?;VIII p. , 4º ,;;;Título tomado de la cabecera del texto  // Datos de lugar e impresor tomados del colofón  // El texto alude a la Guerra de la Independencia de 1808  //;;;;;;;;España -- Historia -- 1808-1814 (Guerra de la Independencia) --  //;;Murcia, España //;;;;;;94(460)  //;;;;;;;;;;;;;;;sp;spa;;;Libro;;R/60564 //;http://bdh-rd.bne.es/viewer.vm?id=0000141036&page=1 **;http://bdh-rd.bne.es/text.vm?id=0000141036&first=1&last=8 **
bima0000067926;Segovia, Miguel -imp.  //;;;Manifiesto al público en el que se declaran las poderosas razones que obligan á Sevilla y aun á toda España a reconocer la Suprema Junta de esta capital como bienhechora universal de la monarquía;;;;por Don Miguel Segovia ...;;En la Isla de León [Cádiz];1808;20 p. , 4º ,;;;Marca tipográfica en portada  // Adorno xilográfico en cabecera de texto  // Sign.: [1]-2⁴, 3²  //;;;;;;;;España -- Historia -- 1808-1814 (Guerra de la Independencia) --  //;;San Fernando, España //;;;;;;94(460)  //;;;;;;;;;;;;;;;sp;spa;;;Libro;;R/60121(3) //;http://bdh-rd.bne.es/viewer.vm?id=0000065490&page=1 **;http://bdh-rd.bne.es/text.vm?id=0000065490&first=1&last=20 **
bima0000067929;Castilla, Candido de  // San Román y Codina, José de -imp.  //;;;Opinion de un castellano viejo acerca de las reflexiones de Un Verdadero Español (M.D.) sobre el manifiesto de la Junta de Sevilla de 3 de Agosto de 1808, que trata de la organización de un poder supremo interino de la nación impresas en Madrid con fecha de 9 del mismo mes ...;;[Cándido de Castilla];;en laOficina de D. Josef de S. Roman y Codina];;Reimpreso en Sevilla;1808?;15 p. , 4º ,;;;El autor consta a final del texto  // Datos de lugar e impresor tomados del colofón  // Texto fechado en Renedo sobre la Esgueva, 24 de agosto de 1808  //;;;;;;;;España -- Historia -- 1808-1814 (Guerra de la Independencia) --  //;;Sevilla, España //;;;;;;94(460)  //;;;;;;;;;;;;;;;sp;spa;;;Libro;;R/60121(16) //;http://bdh-rd.bne.es/viewer.vm?id=0000065471&page=1 **;http://bdh-rd.bne.es/text.vm?id=0000065471&first=1&last=16 **
bima0000067930;;Imprenta Mayor (Sevilla) -imp.  //;;Relacion de los donativos voluntarios hechos á la Junta Superior de Sevilla desde el principio de su instalacion por los vecinos de su capital y demas pueblos de dicho reyno, como igualmente de algunos de los de Granada y Jaen, para las urgencias de la patria en la justa causa que se defiende Quaderno 1º;;;;en la Imprenta Mayor;;Sevilla;1809;[2], 4, [36], 41-44, [18] p. , 4º ,;;;Sign.: [ ]²⁻¹, [1]-16², 17²⁻¹  // Errores de signaturización  //;;;;;;;;España -- Historia -- 1808-1814 (Guerra de la Independencia) --  //;;Sevilla, España //;;;;;;94(460)  //;;;;;;;;;;;;;;;sp;spa;;;Libro;;R/60121(18) //;http://bdh-rd.bne.es/viewer.vm?id=0000065472&page=1 **;http://bdh-rd.bne.es/text.vm?id=0000065472&first=1&last=64 **
bima0000067931;Muñoz, Agustín -imp.  //;España Consejo de Regencia  //;;Manifiesto de la regencia de las Españas sobre cesacion en el mando del quarto exercito y Capitanía General de las Andalucias del ... Señor Don Francisco Ballesteros;;;;en la Imprenta de D. Agustin Muñoz;;Reimpreso en Sevilla;1812;[2], 31 p. , 4º ,;;;Al final del texto consta José María Carvajal  // Sign.: [ ]²⁻¹, [1]-3², 4¹⁰  //;;;;;;;;Ballesteros, Francisco --  // España -- Historia -- 1808-1814 (Guerra de la Independencia) --  //;;Sevilla, España //;;;;;;94(460)  //;;;;;;;;;;;;;;;sp;spa;;;Libro;;R/60121(19) //;http://bdh-rd.bne.es/viewer.vm?id=0000065466&page=1 **;http://bdh-rd.bne.es/text.vm?id=0000065466&first=1&last=34 **
bima0000067958;;;;Exortacion de un anciano español dirigida á los vecinos de su pueblo y á todos los verdaderos patriotas escitandoles á la defensa de la patria cuya situacion y principales acaecimientos les refiere desde la elevacion al Trono de los Reyes padres hasta el dia;;;;[s.n.];;[S.l.];1808?;16 p. , 4º ,;;;El texto alude a la guerra de la independencia de 1808  // Sign.: [*]², 2*⁶  //;;;;;;;;España -- Historia -- 1808-1814 (Guerra de la Independencia) --  //;;;;;;;;94(460)  //;;;;;;;;;;;;;;;xx;spa;;;Libro;;R/60120(4) //;http://bdh-rd.bne.es/viewer.vm?id=0000065457&page=1 **;http://bdh-rd.bne.es/text.vm?id=0000065457&first=1&last=9 **
bima0000067979;;;;Discurso segundo de un eclesiástico de Sevilla a sus compatricios Second discours d'un ecclesiastique de Seville a ses compatriotes;Second discours d'un ecclesiastique de Seville a ses compatriotes  //;;;[s.n.];;[S.l.];entre 1808 y 1814?;7 p., [1] en bl. , 4º ,;;;Texto paralelo en castellano y en francés  // El texto alude a la guerra de la independencia de 1808  //;;;;;;;;España -- Historia -- 1808-1814 (Guerra de la Independencia) --  //;;;;;;;;94(460)  //;;;;;;;;;;;;;;;sp;fre;;spa // fre //;Libro;;R/60120(35) //;http://bdh-rd.bne.es/viewer.vm?id=0000065453&page=1 **;http://bdh-rd.bne.es/text.vm?id=0000065453&first=1&last=5 **
bima0000067981;Un Ciudadano Español  //;Imprenta Real (Sevilla) -imp.  //;;Carta de un ciudadano español á un amigo suyo con motivo de haber oído publicar á un ciego cierta sentencia, pronunciada por el Supremo Tribunal de Justicia;;;;en la Imprenta Real;;Sevilla;1813;8 p. , 4º ,;;;El pie de imprenta consta en el colofón  //;;;;;;;;España -- Historia -- 1808-1814 (Guerra de la Independencia) --  //;;Sevilla, España //;;;;;;94(460)  //;;;;;;;;;;;;;;;sp;spa;;;Libro;;R/60120(37) //;http://bdh-rd.bne.es/viewer.vm?id=0000065447&page=1 **;http://bdh-rd.bne.es/text.vm?id=0000065447&first=1&last=5 **
bima0000067982;El Patriota Andaluz  //;Viuda de Vázquez y Compañía (fl. 1797-1834?) -imp.  //;;Vallesteros. ¿Quien ha herrado, españoles? ¿vuestro gobierno mandando reconocer por Generalísimo de todos nuestros exércitos al Lord Welintong, ó Vallesteros negandose francamente à un paso, que cree comprometer el honor y seguridad de su Nación? ...;;[El Patriota Andaluz];;por la Viuda de Vazquez y Compañía];;Sevilla;entre 1818 y 1814?;14 p. , 4º ,;;;Se ha respetado la puntuación original  // El autor consta a final del texto  // Existen al menos dos variantes con distinto colofón, una de ellas sin lugar de impresión  // Datos de lugar e impresor tomados del colofón  // El texto alude a la guerra de la independencia de 1808  //;;;;;;;;España -- Historia -- 1808-1814 (Guerra de la Independencia) --  //;;Sevilla, España //;;;;;;94(460)  //;;;;;;;;;;;;;;;sp;spa;;;Libro;;R/60120(38) //;http://bdh-rd.bne.es/viewer.vm?id=0000065444&page=1 **;http://bdh-rd.bne.es/text.vm?id=0000065444&first=1&last=9 **
bima0000067983;El Verdadero Español  //;Imprenta Real (Sevilla) -imp.  //;;Respuesta al papel intitulado Vallesteros;;[El Verdadero Español];;en la Imprenta Real];;Sevilla;entre 1818 y 1814?;15 p. , 4º ,;;;El autor consta a final del texto  // El texto alude a la guerra de la independencia de 1808  // Datos de lugar e impresor tomados del colofón  //;;;;;;;;España -- Historia -- 1808-1814 (Guerra de la Independencia) --  //;;Sevilla, España //;;;;;;94(460)  //;;;;;;;;;;;;;;;sp;spa;;;Libro;;R/60120(39) //;http://bdh-rd.bne.es/viewer.vm?id=0000065442&page=1 **;http://bdh-rd.bne.es/text.vm?id=0000065442&first=1&last=9 **
bima0000067984;;;;Un militar español ... al considerar la conducta del teniente general Don Francisco Ballesteros en esta última época, no ha podido prescindir de manifestar al público los hechos de que está cerciorado, y las ... reflexîones a que da márgen el reciente que ha motivado su separación del mando del quarto exército;;;;[s.n.];;[S.l.];entre 1808 y 1814?;[2] h. , 4º ,;;;;;;;;;;;España -- Historia -- 1808-1814 (Guerra de la Independencia) --  //;;;;;;;;94(460)  //;;;;;;;;;;;;;;;xx;spa;;;Libro;;R/60120(40) //;http://bdh-rd.bne.es/viewer.vm?id=0000065436&page=1 **;http://bdh-rd.bne.es/text.vm?id=0000065436&first=1&last=3 **
bima0000067990;;;;Purificación nuevo y flamantito avichucho, con algun pegotito sobre las Juntas de Parroquia y de Partido que està celebrándose;;[por M. M.];;[s.n.];;[Madrid] Sevilla, Reimpreso por su original en Madrid;entre 1808 y 1814?;[4] h. , 4º ,;;;Datos de lugar e impresor tomados del colofón  // El texto alude a la guerra de la independencia de 1808  // Adorno tipográfico en verso de la última hoja  //;;;;;;;;España -- Historia -- 1808-1814 (Guerra de la Independencia) --  //;;Madrid, España //;;;;;;94(460)  //;;;;;;;;;;;;;;;sp;spa;;;Libro;;R/60120(48) //;http://bdh-rd.bne.es/viewer.vm?id=0000065491&page=1 **;http://bdh-rd.bne.es/text.vm?id=0000065491&first=1&last=5 **
bima0000067992;;Manuel de Aragón y Compañía -imp.  //;;Triunfo de la inocencia quando se hallaba en el ultimo grado de abatimiento por la calumnia, falsedad e intriga de los malvados copia de los documentos originales que se han formado con motivo de dos Reales Ordenes supuestas ... para executar la prisión y muerte del ... Conde del Abisbal D. Enrique O-Donell ...;;;;Imprenta de D. Manuel de Aragon y Compañía;;Sevilla;1814;[4], 24 p. , 4º ,;;;Al final del texto consta Juan Camuñas  // Sign.: [1]-3⁴, 4²  //;;;;;;;;O'Donnell, Enrique --  // España -- Historia -- 1808-1814 (Guerra de la Independencia) --  //;;Sevilla, España //;;;;;;94(460)  //;;;;;;;;;;;;;;;sp;spa;;;Libro;;R/60120(50) //;http://bdh-rd.bne.es/viewer.vm?id=0000065493&page=1 **;http://bdh-rd.bne.es/text.vm?id=0000065493&first=1&last=15 **
bima0000067993;Guerrero, José María , fl. 1811-1820 -imp.  //;;;Representacion dada á S. M. por los subalternos propietarios de la Audiencia de Sevilla convenciendo su justicia, sus servicios y la infraccion del Decreto de 14 de noviembre del año pasado, para obtener de las Córtes Generales y Extraordinarias sus restitucion;;;;en la Imprenta de D. Jose María Guerrero;;Cadiz;1813;24 p. , 4º ,;;;Sign.: [1]-2², 3⁸  //;;;;;;;;España -- Historia -- 1808-1814 (Guerra de la Independencia) --  //;;Cádiz, España //;;;;;;94(460)  //;;;;;;;;;;;;;;;sp;spa;;;Libro;;R/60120(51) //;http://bdh-rd.bne.es/viewer.vm?id=0000065482&page=1 **;http://bdh-rd.bne.es/text.vm?id=0000065482&first=1&last=13 **
bima0000067995;Zea, Francisco , 1825-1857  // Valvidares, Manuel -imp.  //;;;Enfermedad, muerte y entierro de la Constitucion;;por el Bachiller Sanson Carrasco;;Imprenta del Correo Político á cargo de D. Manuel Valvidares];;Sevilla;1813?;7 p., [1] en bl. , 4º ,;;;Según Palau, el Bachiller Sanson Carrasco es seudónimo de Francisco Zea  // Al final del texto consta D.J.G.  // Datos de lugar e impresor tomados del colofón  // En p. 6 consta 1813  //;Palau T.3, p.191  //;;;;;;;España -- Historia -- 1808-1814 (Guerra de la Independencia) --  //;;Sevilla, España //;;;;;;94(460)  //;;;;;;;;;;;;;;;sp;spa;;;Libro;;R/60120(54) //;http://bdh-rd.bne.es/viewer.vm?id=0000065487&page=1 **;http://bdh-rd.bne.es/text.vm?id=0000065487&first=1&last=5 **
bima0000068301;Manuel de San Jerónimo  // Copado, Tomás -imp.  //;;;Edades y virtudes, empleos, y prodigios de la V. M. Gabriela de San Joseph, religiosa Carmelita Descalza ...;;"escriviola el R.P.F. Manuel de S. Geronimo ... de la Orden de Carmelitas Descalzos ... ; añadese un elogio del V. P. F. Agustin de la Cruz, confesor de la venerable madre ...";;en la imprenta de Tomas Copado;;Impresso en Jaen;1703;[22], 221, [8] h., [1] en bl., [2] h. de lám. , Fol. ,;;;"Precede al título: ""Jesus, Maria y Joseph""  // Colofón  // Sign.: §-3§⁶, 4§⁴, A-Z⁶, 2A-2O⁶, 2P⁸  // Portada con orla tipográfica  // Iniciales grabadas y adornos xilográficos  // Texto con apostillas marginales  // Las h. de láminas son grabados calcográficos, en uno de ellos el escudo de D. Luis de Cueva Carbajal y en el otro, un retrato de la M. Gabriela  //";Aguilar Piñal. Bib. S.XVIII v. 5, n. 2586  //;;;;;;;Biografías -- S.XVIII --  //;;Jaén, España //;;;;;;929  //;;;;;;;;;;;;;;;sp;spa;;;Libro;;3/75875 //;http://bdh-rd.bne.es/viewer.vm?id=0000038412&page=1 **;http://bdh-rd.bne.es/text.vm?id=0000038412&first=1&last=513 **
bima0000068386;Mañer, Salvador Joseph  //;Imprenta del Reino (Madrid)  //;;Compendio chronologico de la historia de este siglo ...;;"por Don Salvador Joseph Mañer ; tomo primero ; comprehende los sucessos desde la Paz de Risvvick hasta el año 1701";;en la Imprenta del Reyno;;Madrid;1741;[16], 293, [9] p., [2] en bl. , 8º ,;;;Sign.: ¶⁸, A-T⁸  // Iniciales grabadas  //;Aguilar Piñal. Bib. S.XVIII v. 5, n. 2688  //;;;;;;;España -- Historia --  //;;Madrid, España //;;;;;;94(460)  //;;;;;;;;;;;;;;;sp;spa;;;Libro;;6/673 //;http://bdh-rd.bne.es/viewer.vm?id=0000055989&page=1 **;http://bdh-rd.bne.es/text.vm?id=0000055989&first=1&last=325 **
bima0000069568;Matías de Marquina (O.F.M. Cap.)  //;Viuda de Juan Muñoz (fl. 1760-1762) -Imp.  //;;Escuela general historica, critico, politico, moral, dividida en nueve lecciones, sacadas de la vida, y virtudes del glorioso San Antonio de Padua ...;;"compuesta por el R.P. Fr. Mathias de Marquina, religioso capuchino ... ; tomo primero";;en la Imprenta de la Viuda de Juan Muñoz ...;;En Madrid;1751;[20], 312 [i.e. 392], [27] p., [1] en bl. , 4º ,;;;Sign.: ¶¶⁴, ¶¶⁴, ¶¶¶², A-F⁸, G⁴, D⁸, E-K⁴, A⁸, M-T⁸, V⁴, V*⁴, X-Z⁸, R⁸, Aa⁸, Bb⁴, Cc²  // Numerosos errores de paginación  // Texto a dos columnas con apostillas marginales  // Portada con orla tipográfica  //;Aguilar Piñal. Bib. S.XVIII v. 5, 3825  //;;;;;;;Antonio de Padua, -- Santo -- Biografías --  //;;Madrid, España //;;;;;;929  //;;;;;;;;;;;;;;;sp;spa;;;Libro;;6/3371_V.1 //;http://bdh-rd.bne.es/viewer.vm?id=0000163864&page=1 **;http://bdh-rd.bne.es/text.vm?id=0000163864&first=1&last=225 **
bima0000069948;Martínez, Manuel , fl. 1815  // Villegas, Juan Domingo -imp.  //;;;Discurso que en la solemnidad de jurarse la Constitucion Española por el clero, pueblo y todas las autoridades de la ciudad de Valladolid en la santa Iglesia Catedral en manos del señor comandante general ... Don José María Santocildes, pronunció, por encargo del ... obispo D. Vicente de Soto y Valcarce, en 13 de Setiembre de 1812 ... Fr. Manuel Martínez ...;;;;Imprenta Tormentaria, al cargo de D. J. D. Villegas;;Cádiz;1812;[1], 26 p. , 8º ,;;;Anteportada  //;;;;;;;;España --  // España -- Historia -- 1808-1814 (Guerra de la Independencia) --  //;;Cádiz, España //;;;;;;94(460)  //;;;;;;;;;;;;;;;sp;spa;;;Libro;;R/60223 //;http://bdh-rd.bne.es/viewer.vm?id=0000168844&page=1 **;http://bdh-rd.bne.es/text.vm?id=0000168844&first=1&last=35 **
bima0000070964;Maturana, Vicente María de  //;Imprenta de Hidalgo -imp.  //;;Discursos que el Mariscal de Campo D. Vicente Maria de Maturana ... actual Director General del Real Cuerpo de Artillería, dirigió á la Oficialidad del mismo Cuerpo, el primero con motivo de haberle S. M. nombrado Xefe de Escuela del Departamento de Andalucía, y el segundo quando de regreso a Sevilla de la Campaña de Gibraltar trató de principiar las Juntas de Instrucción ...;;;;en la Imprenta de Hidalgo;;Sevilla;1809;[2], 56 p. , 4º ,;;;Sign.: [ ]²⁻¹, 1-7⁴  //;;;;;;;;Artillería -- España -- S.XIX --  // España -- Historia -- 1808-1814 (Guerra de la Independencia) --  //;;Sevilla, España //;;;;;;358  //  94(460)  //;;;;;;;;;;;;;;;sp;spa;;;Libro;;R/60794 //;http://bdh-rd.bne.es/viewer.vm?id=0000168814&page=1 **;http://bdh-rd.bne.es/text.vm?id=0000168814&first=1&last=60 **
bima0000071160;Mayáns y Siscar, Gregorio , 1699-1781  // Tonson, Jacob -ed.  // Tonson, Richard -ed.  //;;;Vida de Miguel de Cervantes Saavedra;;autor don Gregorio Mayáns i Siscár ...;;por J. y R. Tonson;;En Londres;1737;VI, [2], 103 p., [1] en bl. , 4º ,;;;Sign.: A⁴, a-n⁴  // Texto con notas a pie de página  // Iniciales grabadas y viñetas calcográficas  //;Aguilar Piñal. Bib. S.XVIII v. 5, 4073  //;;;;;;;Cervantes Saavedra, Miguel de -- Biografías --  //;;Londres, Reino Unido //;;;;;;929  //;;;;;;;;;;;;;;;xx;spa;;;Libro;;Cerv/1406 // CERV/1406 //;http://bdh-rd.bne.es/viewer.vm?id=0000164196&page=1 **;http://bdh-rd.bne.es/text.vm?id=0000164196&first=1&last=121 **
bima0000071162;Mayáns y Siscar, Gregorio , 1699-1781  // San Martín, Juan de , 1742-1779 -impresor  //;;;Vida de Miguel de Cervantes Saavedra;;autor don Gregorio Mayáns i Siscár ...;Quarta impression, segun la primera;en la Imprenta de Juan de San Martin, se hallarà en su Librerìa ...;;En Madrid;1750;[8], 72 p. , 4º ,;;;Sign.: ¶⁴, A-D⁸, E⁴  // Portada con viñeta xilográfica  // Texto a dos columnas, con notas a pie de página  //;Aguilar Piñal. Bib. S.XVIII v. 5, 4075  //;;;;;;;Cervantes Saavedra, Miguel de -- Biografías --  //;;Madrid, España //;;;;;;929  //;;;;;;;;;;;;;;;sp;spa;;;Libro;;Cerv/2841 //;http://bdh-rd.bne.es/viewer.vm?id=0000164201&page=1 **;http://bdh-rd.bne.es/text.vm?id=0000164201&first=1&last=89 **
bima0000071163;Mayáns y Siscar, Gregorio , 1699-1781  // Alonso y Padilla, Pedro José -editor  //;;;Vida de Miguel de Cervantes Saavedra, natural de Madrid;Catalogo de las obras que ha escrito, e impresso don Gregorio Mayàns i Siscàr;autor don Gregorio Mayáns i Siscár ...;Sexta impression, segun la primera;a costa de don Pedro Joseph Alonso i Padilla, librero de camara del rei ... se hallarà en su Imprenta, i Librería ...;;En Madrid;1751;[8], 107, [4] p., [1] en bl. , 4º ,;;Catalogo de las obras que ha escrito, e impresso don Gregorio Mayàns i Siscàr ... ([4] p.)//;Marca tipográfica en portada  // Sign.: ¶⁴, A-O⁴  // Texto a dos columnas, con notas a pie de página  //;Aguilar Piñal. Bib. S.XVIII v. 5, 4077  //;;;;;;;Cervantes Saavedra, Miguel de -- Biografías --  //;;Madrid, España //;;;;;;929  //;;;;;;;;;;;;;;;sp;spa;;;Libro;;Cerv/2868 //;http://bdh-rd.bne.es/viewer.vm?id=0000164206&page=1 **;http://bdh-rd.bne.es/text.vm?id=0000164206&first=1&last=68 **
bima0000071187;Mayáns y Siscar, Gregorio , 1699-1781  // Ozell, John , m. 1743 -tr.  // Tonson, Jacob -ed.  // Tonson, Richard -ed.  //;;[Vida de Miguel de Cervantes Saavedra. Inglés] //;The Life of Michael de Cervantes Saavedra;;"written by don Gregorio Mayáns & Siscár ... ; translated, from the spanish manuscript, by Mr. Ozell";;printed for J. and R. Tonson;;London;1738;VI, [1] p., [1] en bl., 90 p. , 4º ,;;;Sign.: A⁴, a-l⁴, m²⁻¹  // Texto con notas a pie de página  // Iniciales grabadas y viñetas calcográficas  //;Aguilar Piñal. Bib. S.XVIII v. 5, 4188  //;;;;;;;Cervantes Saavedra, Miguel de -- Biografías --  //;;Londres, Reino Unido //;;;;;;929  //;;;;;;;;;;;;;;;xx;eng;spa;eng //;Libro;;Cerv/1423 // CERV/1423 //;http://bdh-rd.bne.es/viewer.vm?id=0000164198&page=1 **;http://bdh-rd.bne.es/text.vm?id=0000164198&first=1&last=103 **
bima0000071897;;Viuda de Agustín Laborda (fl. 1776-1819) -imp.  //;;Napoleón escena trágica unipersonal;;;;por la Viuda de Agustin Laborda;;Valencia;1808;24 p. , 8º ,;Lingüística. Literatura // Literatura //;;;;;;;;;;Napoleón -- I, -- Emperador de Francia --  //;Comedias (Literatura) --  //;Valencia, España //;;;;;;821.134.2-2  //  929  //;;;;;;;;;;;;;;;sp;spa;;;Libro;;R/62199 // R/60246(6) //;http://bdh-rd.bne.es/viewer.vm?id=0000104478&page=1 **;http://bdh-rd.bne.es/text.vm?id=0000104478&first=1&last=24 **
bima0000071900;;Viuda de Martín Peris -imp.  //;;España triunfante y desengaño á los españoles que ignoran la historia de las iniquidades ... con que se han portado los franceses ... con los españoles ...;;;;por la Viuda de Martin Peris;;Valencia;1809;55 p. , 8º ,;;;Sign.: A-C⁸, D⁴  // Adorno tipográfico en cabecera de texto  //;;;;;;;;España -- Historia -- 1808-1814 (Guerra de la Independencia) --  //;;Valencia, España //;;;;;;94(460)  //;;;;;;;;;;;;;;;sp;spa;;;Libro;;R/60246(10) // R/60246(10) //;http://bdh-rd.bne.es/viewer.vm?id=0000132470&page=1 **;http://bdh-rd.bne.es/text.vm?id=0000132470&first=1&last=56 **
bima0000071938;Muñoz Álvarez, Manuel -imp.  // Hidalgo, Josef -ed.  //;;;Memoria sobre la libertad política de la imprenta;;leída en la Junta de Instrucción Pública por uno de sus vocales D. J. I. M. y aprobada por la misma Junta;;por D. Manuel Muñoz Alvarez  se vende en la librería de Hidalgo, calle Génova;;Sevilla;1809;[2], 32 p. , 4º ,;;;Sign: [ ]²⁻¹, 1-4⁴  //;;;;;;;;Libertad de prensa -- España -- Historia --  // España -- Historia -- 1808-1814 (Guerra de la Independencia) --  //;;Sevilla, España //;;;;;;342  //  94(460)  //;;;;;;;;;;;;;;;sp;spa;;;Libro;;R/60869 //;http://bdh-rd.bne.es/viewer.vm?id=0000168806&page=1 **;http://bdh-rd.bne.es/text.vm?id=0000168806&first=1&last=34 **
bima0000074421;Montalvo, Tomás de  // Domínguez, Francisco , s. XVIII -imp.  //;Imprenta de la Santísima Trinidad (Granada)  //;;Vida prodigiosa de la extatica virgen y venerable madre Sor Beatriz Maria de Jesus, Abadesa del Convento del Angel Custodio, de Granada chronica del mismo convento y memoria de otras Religiosas insignes en virtud;;;;En la SS. Trinidad por Francisco Dominguez ...;;En Granada;1719;[22], 528 p., [1] h. de lám. , Fol. ,;;;Sign.:*⁵, **⁶, A-Z⁶, Aa-Xx⁶  // Portada con orla tipográfica  // Texto a dos columnas  // La h. de lám. es un grabado calcográfico con el retrato de la madre Sor Beatriz Maria de Jesus  //;Aguilar Piñal. Bib. S.XVIII v. 5, n. 5425  //;;;;;;;Beatriz María de Jesus -- Abadesa --  // Biografías -- S.XVIII --  //;;Granada, España //;;;;;;929  //;;;;;;;;;;;;;;;sp;spa;;;Libro;;3/14331 //;http://bdh-rd.bne.es/viewer.vm?id=0000103833&page=1 **;http://bdh-rd.bne.es/text.vm?id=0000103833&first=1&last=279 **
bima0000075418;Morla, Tomás de , 1747-1811  // Dupont de l'Etang, Pierre , 1765-1840  //;Casa de Misericordia (Cádiz) -imp.  //;;Justificacion que hace a la Nacion Española, el Capitan General de AndalucÍa Gobernador de Cádiz, acerca de su conducta con Dupont y demas Generales Franceses;;[Tomas de Morla];;Impreso en la Casa de Misericordia de Cadiz;;[Cadiz];1808;7 p. , 4º ,;;;Título tomado de la cabecera del texto  // El autor consta a final del texto  // Dato de impresor tomado del colofón  // Texto fechado en Cádiz, 6 de Agosto de 1808  // Lugar de impresión deducido del lugar de actividad del impresor  // Adorno xilográfico en la última página  //;;;;;;;;España -- Historia -- 1808-1814 (Guerra de la Independencia) --  //;;Cádiz, España //;;;;;;94(460)  //;;;;;;;;;;;;;;;sp;spa;;;Libro;;R/60551 //;http://bdh-rd.bne.es/viewer.vm?id=0000141026&page=1 **;http://bdh-rd.bne.es/text.vm?id=0000141026&first=1&last=8 **
bima0000075422;Morla, Tomás de , 1747-1811  // Dupont de l'Etang, Pierre , 1765-1840  //;;;Respuesta que el Excelentísimo Señor Capitan General de Provincia y Gobernador de esta Plaza dió á la Carta que el General Dupont le dirigió desde Lebrija;Contestacion del Excelentísimo Señor Capitan General de Provincia y Gobernador de esta plaza, á la carta que le dirigío el General Dupont, con motivo del suceso ocurrido el dia 13 en el puerto de Santa María;;;[s.n].;;[S.l.];1808?;[4] h. , 4º ,;;Contestacion del Excelentísimo Señor Capitan General de Provincia y Gobernador de esta plaza, á la carta que le dirigío el General Dupont, con motivo del suceso ocurrido el dia 13 en el puerto de Santa María, h. [3]//;Encabezamiento tomado de Palau  // Título tomado de la cabecera del texto  // Texto fechado en Cádiz, 10 de Agosto de 1808  //;Palau T. 10, nº183112  //;;;;;;;España -- Historia -- 1808-1814 (Guerra de la Independencia) --  //;;;;;;;;94(460)  //;;;;;;;;;;;;;;;sp;spa;;;Libro;;R/60546 //;http://bdh-rd.bne.es/viewer.vm?id=0000141022&page=1 **;http://bdh-rd.bne.es/text.vm?id=0000141022&first=1&last=8 **
bima0000076046;Murcia, Juan Bautista Joaquín de  // Lucas, José Tomás -imp.  // Vidal, Pedro , s. XVIII -ed.  // Faure, Simón -ed.  //;;;El patrocinio del glorioso San Antonio de Padua ... dividese en IV tratados ...;;su autor el R.P. Fr. Juan Bautista de Murcia ... en la Orden de Menores capuchinos de N.P.S. Francisco ...;;por Joseph Thomas Lucas ...  vendese en casa de Pedro Vidal ... y en casa de Simon Faure ...;;En Valencia;1744;[32], 343 p., [1] en bl. , 4º ,;;;Sign.: *-4*⁴, A-Z⁴, Aa-Vv⁴  // Texto a dos columnas con apostillas marginales  //;Aguilar Piñal. Bib. S.XVIII v. 4, n. 5770  //;;;;;;;Antonio de Padua, -- Santo -- Biografías --  //;;Valencia, España //;;;;;;929  //;;;;;;;;;;;;;;;sp;spa;;;Libro;;2/71234 //;http://bdh-rd.bne.es/viewer.vm?id=0000103814&page=1 **;http://bdh-rd.bne.es/text.vm?id=0000103814&first=1&last=383 **
bima0000076047;Murcia, Juan Bautista Joaquín de  // Lucas, José Tomás -imp.  // Granja, Cosme , fl. 1734-1765 -ed.  //;;;Sto. Thomàs de Villanueva ilustrado en su Colegio de Valencia con la invocacion de Santa Maria del Templo ...;;su autor el R.P. Fr. Juan Bautista de Murcia ...;;en la Oficina de Joseph Thomàs Lucas ...  vendese en casa de Cosme Granja ... en la Plaza de la Seo;;En Valencia;1739;[16], 112 p. , 4º ,;;;Sign.: ¶-¶¶⁴, A-O⁴  //;Aguilar Piñal. Bib. S.XVIII v. 4, n. 5768  //;;;;;;;Tomás de Villanueva, -- Santo -- Biografías --  //;;Valencia, España //;;;;;;929  //;;;;;;;;;;;;;;;sp;spa;;;Libro;;2/39353 //;http://bdh-rd.bne.es/viewer.vm?id=0000043142&page=1 **;http://bdh-rd.bne.es/text.vm?id=0000043142&first=1&last=135 **
bima0000076719;Nebot, Asensio  //;Imprenta de Estevan (fl. 1813-1820) -imp.  //;;Copia de una carta de Don Asensio Nebot, el Frayle;;;;Imprenta de Estévan ...;;Valencia;1813?;[2] h. , 4º ,;;;Título tomado de la cabecera del texto  // En el verso de la h. [1] consta 1813  // Datos de lugar e impresor tomados del colofón  //;;;;;;;;España -- Historia -- 1808-1814 (Guerra de la Independencia) --  //;;Valencia, España //;;;;;;94(460)  //;;;;;;;;;;;;;;;sp;spa;;;Libro;;R/60108(8) //;http://bdh-rd.bne.es/viewer.vm?id=0000147664&page=1 **;http://bdh-rd.bne.es/text.vm?id=0000147664&first=1&last=4 **
bima0000077862;;Viuda de Manuel Comes -imp.  //;;Noticia del magnífico banquete y lucido bayle que van a dar los españoles a los franceses en los campos de la Rioxa;;;;en la Imprenta de la Viuda de D. Manuel Comes ... donde se hallará;;En Cadiz;1808?;[2] h. , 4º ,;;;Título tomado de la cabecera del texto  // Datos de lugar e impresor tomados del colofón  // El texto alude a la Guerra de la Independencia de 1808  //;;;;;;;;España -- Historia -- 1808-1814 (Guerra de la Independencia) --  //;;Cádiz, España //;;;;;;94(460)  //;;;;;;;;;;;;;;;sp;spa;;;Libro;;R/60248(3) //;http://bdh-rd.bne.es/viewer.vm?id=0000146149&page=1 **;http://bdh-rd.bne.es/text.vm?id=0000146149&first=1&last=4 **
bima0000077863;Dupont de l'Etang, Pierre , 1765-1840  //;;;En el Diario de Santiago del sabado 18 y domingo 19 de junio de 1808 se insertan las cartas siguientes extracto de una Carta de Dupont al Cónsul Francés Lamuse en Cartagena, interceptada por la Junta de aquel Departamento. Copia de la Orden original que tenían los Capitanes Generales, remitida por S.M. el Emperador de los Franceses y Rey de Italia, con órden rigurosa de no abrirla hasta el 6 de Junio, y que por las bien sabidas ocurrencias se abrieron bastante ántes de dicho plazo;Copia de la orden original que tenian los Capitanes Generales, remitida por S. M. el Emperador de los franceses y Rey de Italia, con orden rigurosa de no abrirla hasta el 6 de Junio, y que por las bien sabidas ocurrencias se abrieron antes de dicho plazo;;;en la Imprenta de la Marina;;Reimpreso Isla de Leon;1808?;[1] h. , Fol. ,;;Copia de la orden original que tenian los Capitanes Generales, remitida por S. M. el Emperador de los franceses y Rey de Italia, con orden rigurosa de no abrirla hasta el 6 de Junio, y que por las bien sabidas ocurrencias se abrieron antes de dicho plazo// Copia de la orden original que tenian los Capitanes Generales, remitida por S. M. el Emperador de los franceses y Rey de Italia, con orden rigurosa de no abrirla hasta el 6 de Junio, y que por las bien sabidas ocurrencias se abrieron antes de dicho plazo//;Título tomado de la cabecera del texto  // Existen al menos dos variantes con distinta composición tipográfica y sin pie de imprenta  // Carta fechada en Madrid, 27 de Junio de 1808  // Impreso por una sola cara  //;;;;;;;;España -- Historia -- 1808-1814 (Guerra de la Independencia) --  //;;;;;;;;94(460)  //;;;;;;;;;;;;;;;sp;spa;;;Libro;;R/60248(6) //;http://bdh-rd.bne.es/viewer.vm?id=0000146144&page=1 **;http://bdh-rd.bne.es/text.vm?id=0000146144&first=1&last=2 **
bima0000077865;Moreno Espinosa, Alfonso , 1840-1905  //;;;Celebridades, Castaños;;Alfonso Moreno Espinosa;;[s.n.];;[S.l.];1852;[1] h. , 32 cm ,;;;Recorte de prensa  // Fecha tomada del texto  //;;;;;;;;Castaños, Francisco Javier -- Biografías --  //;;;;;;;;929  //;;;;;;;;;;;;;;;xx;spa;;;Libro;;R/60248(26) //;http://bdh-rd.bne.es/viewer.vm?id=0000146182&page=1 **;http://bdh-rd.bne.es/text.vm?id=0000146182&first=1&last=2 **
bima0000077866;Tapia, Eugenio de , 1776-1860  //;Imprenta de Repullés (Madrid) -impresor -prt  //;;Dupont rendido romance heróico;;por Don Eugenio Tapia;;Imprenta de Repulles;;Madrid;1808;12 p. , 4º ,;;;;;;;;;;;Dupont de l'Etang, Pierre --  // España -- Historia -- 1808-1814 (Guerra de la Independencia) -- Poesías --  //;;Madrid, España //;;;;;;821.134.2-1  //  929  //;;;;;;;;;;;;;;;sp;spa;;;Libro;;R/60248(28) //;http://bdh-rd.bne.es/viewer.vm?id=0000146223&page=1 **;http://bdh-rd.bne.es/text.vm?id=0000146223&first=1&last=12 **
bima0000077873;;Imprenta de la Calle de la Espada -imp.  // Librería de Gómez (Madrid) -ed.  //;;Canto del Betis en elogio de los generales que más se distinguiéron en las Batallas de Andujar y Baylén;;;;Imprenta de la calle de la Epada  se hallará en la librería de Gomez ...;;Madrid;1808;16 p. , 4º ,;;Además, Noticia de la función de toros, executada en los campos de Bailén el 19 de julio de 1808// Además, Noticia de la función de toros, executada en los campos de Bailén el 19 de julio de 1808//;Solo la letra  // Datos de publicación tomados del colofón  // Sign.: 1², 2⁶  //;;Si alguna vez, o soberano clio;;;;;;España -- Historia -- 1808-1814 (Guerra de la Independencia) -- Obras musicales --  //;;Madrid, España //;;;;;;94(460)  //  78  //;;;;;;;;;;;;;;CCIML;sp;spa;;;Libro;;R/60248(38) //;http://bdh-rd.bne.es/viewer.vm?id=0000146194&page=1 **;http://bdh-rd.bne.es/text.vm?id=0000146194&first=1&last=16 **
bima0000077950;;;;Noticia historica de D. Manuel Godoy dada al público en la Gazeta de Bayona número 561, impresa el 28 de marzo de 1808;;;;s.n.;;[S.l.;1808?;15 p. , 4º ,;;;La fecha aproximada se deduce del texto  //;;;;;;;;Godoy, Manuel de, -- Príncipe de la Paz --  // España -- Historia -- 1788-1808 (Carlos IV) --  //;;;;;;;;94(460)  //;;;;;;;;;;;;;;;xx;spa;;;Libro;;R/60087(2) //;http://bdh-rd.bne.es/viewer.vm?id=0000064549&page=1 **;http://bdh-rd.bne.es/text.vm?id=0000064549&first=1&last=16 **
bima0000078050;Cano, Benito -imp.  //;;;Noticias y acontecimientos de las tropas españolas inglesas y portuguesas contra las francesas desde el dia 4 de mayo al 2 de octubre en Ciudad Rodrigo, castillo de la Concepcion, y en la rendicion de Almeida carta de un amigo, Ciudad Rodrigo 21 de octubre de 1808;;;;en la Imprenta de D. Benito Cano;;Madrid;1808;8 p. , 4º ,;;;Título tomado de la cabecera del texto  // El pie de imprenta consta en el colofón  //;;;;;;;;España -- Historia -- 1808-1814 (Guerra de la Independencia) --  //;;Madrid, España //;;;;;;94(460)  //;;;;;;;;;;;;;;;sp;spa;;;Libro;;R/60751 //;http://bdh-rd.bne.es/viewer.vm?id=0000177548&page=1 **;http://bdh-rd.bne.es/text.vm?id=0000177548&first=1&last=8 **
bima0000078053;;Impressão Regia -imp.  //;;Noticias authenticas pelos diarios de Badajoz, dos combates dos francezes na Hespanha, relação da Batalha de Talavera, e derrota dos inimigos em Madrid, noticia da declaração do Grão Senhor e potencias berberescas contra a França e confirmação da entrada dos inglezes em Napoles e morte do General Lechi no castello de Figueras;;;;na Impressão Regia;;Lisboa;1809;7 p. , 4º ,;;;Sign.: *⁴  // Portada con escudo xilográfico  //;;;;;;;;España -- Historia -- 1808-1814 (Guerra de la Independencia) --  //;;Lisboa, Portugal //;;;;;;94(460)  //;;;;;;;;;;;;;;;po;por;;;Libro;;R/60860 //;http://bdh-rd.bne.es/viewer.vm?id=0000168792&page=1 **;http://bdh-rd.bne.es/text.vm?id=0000168792&first=1&last=8 **
bima0000079313;;;;Observaciones sobre el sistema de guerra de los aliados en la península española;;[A.];;[s.n.]  en la imprenta de T. Bensley;;[S.l.] , Londres;1811;20 p. , 21 cm ,;;;El autor consta a final del texto  // Signaturizado  //;;;;;;;;España -- Historia -- 1808-1814 (Guerra de la Independencia) --  //;;Londres, Reino Unido //;;;;;;94(460)  //;;;;;;;;;;;;;;;xx;spa;;;Libro;;R/60959 //;http://bdh-rd.bne.es/viewer.vm?id=0000168924&page=1 **;http://bdh-rd.bne.es/text.vm?id=0000168924&first=1&last=20 **
bima0000080351;;;;Real Orden comunicando la creación del Cuerpo de Estado Mayor;Apuntaciones sobre el establecimiento de un Estado Mayor;;;[s.n.];;[S.l.];1810?;[4], XVI p. , 4º ,;;Apuntaciones sobre el establecimiento de un Estado Mayor//;Es copia de su original certificada por Blake  // Tralado de la Real Orden fechado en Cádiz, 9 de Julio de 1810 y firmado por Bardaxi  // Título tomado de la cabecera del texto  // Fecha de impresión tomada del traslado  // Sign.: [1]-5²  //;;;;;;;;Ejército -- España -- S.XIX --  // Legislación -- España -- S.XIX --  //;;;;;;;;355  //  94(460)  //;;;;;;;;;;;;;;;sp;spa;;;Libro;;R/60936 //;http://bdh-rd.bne.es/viewer.vm?id=0000168908&page=1 **;http://bdh-rd.bne.es/text.vm?id=0000168908&first=1&last=24 **
bima0000081189;Oms, Francisco Javier de , 1767-1842  // Gómez de Requena, Nicolás -imp.  //;;;Auto de buen gobierno. Don Francisco Xavier de Oms y de Santa Pau ... de la Junta de Agravios ... y de la de Sanidad de Cadiz, Gobernador Militar y político de dicha ciudad ... Hago saber que he proveido el auto del tenor siguiente. En la ciudad de Cadiz a treinta de enero de mil ochocientos diez y seis ... Dixo: que por la instabilidad de las cosas ... tengo por de mi obligacion el hacer promulgar las siguientes providencias que sin distincion de clases, condicion, fueros, ni estados habrán de cumplirse y observarse en bien y utilidad de este pueblo;;;;En la Oficina de D. Nicolas Gomez de Requena ...;;[Cádiz];1816?;[11] h., [1] en bl. , Fol. ,;;;Título tomado del comienzo del texto  // Se ha respetado la puntuación original  // Fecha tomada del texto  // Dato de impresor tomado del colofón  // Lugar de impresión deducido del lugar de actividad del impresor  //;;;;;;;;Cádiz -- Historia -- S.XIX --  //;;Cádiz, España //;;;;;;94(460)  //;;;;;;;;;;;;;;;sp;spa;;;Libro;;R/60261(8) //;http://bdh-rd.bne.es/viewer.vm?id=0000089140&page=1 **;http://bdh-rd.bne.es/text.vm?id=0000089140&first=1&last=24 **
bima0000081572;Osuna, Francisco de Borja Téllez Girón y Alfonso Pimentel, Duque de , 1785-1820  // Niel, José Antonio, Hijo -imp.  //;;;Respuesta que por su parte dà el Duque de Osuna al num.º VI. del Robespierre;;;;en la Imprenta de Niel Hijo ...;;Cadiz;1811;80 p. , 4º ,;;;Sign.: [1]-11⁴  //;;;;;;;;España -- Historia -- 1808-1814 (Guerra de la Independencia) --  //;;Cádiz, España //;;;;;;94(460)  //;;;;;;;;;;;;;;;sp;spa;;;Libro;;R/60385(1) //;http://bdh-rd.bne.es/viewer.vm?id=0000177343&page=1 **;http://bdh-rd.bne.es/text.vm?id=0000177343&first=1&last=41 **
