idBNE;Autor Personas;Autor Entidades;Título uniforme;Título;Otros Títulos;Información asociada al título;Edición;Editorial;Editor musical;Lugar de publicación;Fecha de publicación;Descripción física;Serie;Contenido;Descripción y notas;Citas o referencias;transcripciones de interés;Procedencia;Intérpretes;Resumen;Premios;Periodicidad;Tema;Género/Forma;Lugar relacionado;Forma de la composición sonora;Forma de la composición notada;tipo material cartográfico;Proyección del mapa;Escala del mapa;CDU;Otra clasificación;id registros relacionados;información asociada a registros relacionados;id otras ediciones;información asociada a otras ediciones;id título anterior;información asociada a título anterior;id título posterior;información asociada a título posterior;ISBN;ISSN;Depósito Legal;Otros Números Normalizados;Número Bibliografía Nacional;País de publicación;Lengua de publicación;Lengua original;otras lenguas;Tipo de documento;Condiciones de uso;signatura;version_digital;texto_OCR
bimo0002325393;;Academia Particular de Música para ambos sexos (San Sebastián)  //;;Academia Particular de Música para ambos sexos inauguración del curso 1886-1887 : año tercero;;dirigida por B. de Echeverría, San Sebastián;;Imp. de Pozo y Compª.;;San Sebastián (Andía, 2);1886;9 p. , 21 cm ,;Bellas artes // Música //;;;;;;;;;;Música -- Programas de estudio -- España --  //;;;;;;;;78  //;;;;;;;;;;;;;;;sp;spa;;;Libro;;MC/3877/14 //;http://bdh-rd.bne.es/viewer.vm?id=0000085410&page=1 **;http://bdh-rd.bne.es/text.vm?id=0000085410&first=1&last=20 **
bimo0002333169;Abun l-Fidan', Isman'inl b. Alin  // Solvet, Charles , 1795-1867  //;;;Description des pays du Magreb;;"texte arabe d'Abou'lfeda ; accompagné d'une traduction française et de notes par Ch. Solvet";;[s.n.]  Imp. du Gouvernement;;[S.l.] , Alger;1839;190 p. , 23 cm ,;;;Texto en árabe y traducción al francés  //;;;;;;;;Magreb -- Descripción -- Obras anteriores a 1800 --  //;;;;;;;;"91(6)  //  913(61)(02)""13""  //";;;;;;;;;;;;;;;ae;fre;ara;fre // ara //;Libro;;AFR/12979 //;http://bdh-rd.bne.es/viewer.vm?id=0000091823&page=1 **;http://bdh-rd.bne.es/text.vm?id=0000091823&first=1&last=207 **
bimo0002337698;Tornero, Recaredo S.  //;;;Chile ilustrado guía descriptivo del territorio de Chile, de las capitales de provincia, i de los puertos principales;;por Recaredo S. Tornero;;Librerías i ajencias del Mercurio;;Valparaíso;1872;IX, 495 p., 10 h. de lám. , il. , 29 cm ,;;;;;;;;;;;Chile -- Descripción --  //;;;;;;;;908(83)  //;;;;;;;;;;;;;;;cl;spa;;;Libro;;HA/3040 // HA/3040 //;http://bdh-rd.bne.es/viewer.vm?id=0000092650&page=1 ** http://bdh-rd.bne.es/viewer.vm?id=0000092650&page=247 ** http://bdh-rd.bne.es/viewer.vm?id=0000092650&page=483 ** http://bdh-rd.bne.es/viewer.vm?id=0000092650&page=542 **;http://bdh-rd.bne.es/text.vm?id=0000092650&first=1&last=246 ** http://bdh-rd.bne.es/text.vm?id=0000092650&first=247&last=482 ** http://bdh-rd.bne.es/text.vm?id=0000092650&first=483&last=541 ** http://bdh-rd.bne.es/text.vm?id=0000092650&first=542&last=549 **
bimo0002337967;Valladares y Saavedra, Ramón de , 1824-1901  //;;;"Nociones acerca de la historia del teatro desde su nacimiento hasta nuestros días ; antecediéndolas algunos principios de poética, música y declamación, obra elemental coordinada en preguntas y respuestas";;"por Ramón de Valladares y Saavedra ; y precedida de un prólogo, escrito por Manuel Cañete";;a cargo de M. Rivadeneyra;;Madrid;1848;180 p. , 19 cm ,;Juegos. Espectáculos. Deportes //;;;;;;;;;;Teatro (Género literario) -- Historia y crítica --  //;;;;;;;;792  //;;;;;;;;;;;;;;;sp;spa;;;Libro;;T/15326 //;http://bdh-rd.bne.es/viewer.vm?id=0000092054&page=1 **;http://bdh-rd.bne.es/text.vm?id=0000092054&first=1&last=207 **
bimo0002337983;Suárez Sacristán, Fermín Martín  // Gil Uranga, José  //;;;La Picota : revista de la corrida de toros verificada en Sepúlveda el lunes 1º de Septiembre de 1890;;;;[s.n.]  Imp. de Pedro Díaz Bayo;;[S.l.] , Sepúlveda;1890;1 h. pleg. (4 p.) , 22 cm ,;Juegos. Espectáculos. Deportes //;;Autor (p. 4): Los Nutros  //;;;;;;;;Corridas de toros -- Poesías --  //;;;;;;;;79  //;;;;;;;;;;;;;;;sp;spa;;;Libro;;VC/15136/12 //;http://bdh-rd.bne.es/viewer.vm?id=0000092602&page=1 **;http://bdh-rd.bne.es/text.vm?id=0000092602&first=1&last=4 **
bimo0002338235;;España Ministerio de Fomento  //;;Clasificación general de los montes públicos;;hecha por el Cuerpo de Ingenieros del ramo en cumplimiento de lo prescrito por Real Decreto de 16 de febrero de 1859 y Real Orden de 17 del mismo mes, y aprobada por Real Orden de 30 de setiembre siguiente;;[s.n.]  Imp. Nacional;;[S.l.] , Madrid;1859;1 v. (pag. var.) , 33 cm ,;Ciencias aplicadas. Tecnología // Agricultura. Selvicultura. Ganaderia. Caza. Pesca // Bosques //;;;;;;;;;;Montes públicos -- España --  //;;;;;;;;332.334(460):630  //  630*9  //;;;;;;;;;;;;;;;sp;spa;;;Libro;;1/58231 //;http://bdh-rd.bne.es/viewer.vm?id=0000012735&page=1 ** http://bdh-rd.bne.es/viewer.vm?id=0000012735&page=229 ** http://bdh-rd.bne.es/viewer.vm?id=0000012735&page=445 **;http://bdh-rd.bne.es/text.vm?id=0000012735&first=1&last=228 ** http://bdh-rd.bne.es/text.vm?id=0000012735&first=229&last=444 ** http://bdh-rd.bne.es/text.vm?id=0000012735&first=445&last=681 **
bimo0002341291;Barrio Fernández, Mariano, Obispo de Murcia  //;;;Sermón predicado por el ilustrísimo Sr. D. Mariano Barrio Fernández, dignísimo obispo de esta diócesis en su santa Iglesia el día 10 de setiembre de 1848, en la solemnísima función que se consagra anualmente en la misma a su patrona María Ssma. de la Fuen-Santa;;;;[s.n.]  Imp. de Pablo Nogués;;[S.l.] , Murcia;1848;19 p. , 22 cm ,;;;;;;;;;;;Virgen de la Fuensanta -- Sermones --  //;;;;;;;;24  //  27-312.47 Virgen de la Fuensanta  //  27-312.47-287  //  248.159(460.33 M.):252  //;;;;;;;;;;;;;;;sp;spa;;;Libro;;VE/871/25 //;http://bdh-rd.bne.es/viewer.vm?id=0000122904&page=1 **;http://bdh-rd.bne.es/text.vm?id=0000122904&first=1&last=24 **
bimo0002344515;Cavalli, Hercule  //;;;Biografías artísticas contemporáneas de los célebres José Verdi, maestro de música y Antonio Canova, escultor;;por Hercules Cavalli;;Imprenta de J.M. Ducazcal;;Madrid (plazuela de Isabel II, 8);1867;67 p. , 22 cm ,;Bellas artes // Música //;;;;;;;;;;Verdi, Giuseppe -- Biografías --  // Canova, Antonio -- Biografías --  //;;;;;;;;78  //;;;;;;;;;;;;;;;sp;spa;;;Libro;;MC/3876/23 //;http://bdh-rd.bne.es/viewer.vm?id=0000085382&page=1 **;http://bdh-rd.bne.es/text.vm?id=0000085382&first=1&last=74 **
bimo0002344765;Thoré, Théophile , 1807-1869  //;;;Catalogue de tableaux, pastels et dessins : principalement de l'école française du 18e siècle, gravures, meubles et objets de curiosité, composant la ListRecords de feu M. de C-- : vente le lundi 10 mars 1845 et jours suivants ... par le ministère de Me. Bonnefons-Delavialle ...;;rédigé par T. Thoré;;[s.n.]  Imp. de Hennuyer et Turpin;;[S.l.] , Paris;1845;32 p. , 22 cm ,;;;"""Vente, le lundi 10 mars 1845 et jours suivants ...""  //";;;;;;;;Arte francés -- S.XVIII -- Catálogos de subastas --  //;;;;;;;;75  //  7.034(44)(085)  //;;;;;;;;;;;;;;;fr;fre;;;Libro;;BA/37528/7 //;http://bdh-rd.bne.es/viewer.vm?id=0000122611&page=1 **;http://bdh-rd.bne.es/text.vm?id=0000122611&first=1&last=36 **
bimo0002346231;Barnes, Albert , 1798-1870  // Cumning, John  // Pablo, Santo  //;;;Notes, explanatory and practical on the epistles of Paul to the Ephesians, Philippians, Colossiam, Thessalonians, Timothy, Titus and Philemon;;"by Albert Barnes ; carefully revised and compared with the last american edition by John Cumning";;G. Routledge y Co.  Savill y Edwards;;London;1852;300, 326 p. , 19 cm ,;Religión. Teología // Biblia //;;;;;;;;;;Biblia. -- Comentarios --  //;;;;;;;;227.1.07  //;;;;;;;;;;;;;;;xx;eng;;;Libro;;U/9805 //;http://bdh-rd.bne.es/viewer.vm?id=0000014402&page=1 ** http://bdh-rd.bne.es/viewer.vm?id=0000014402&page=237 ** http://bdh-rd.bne.es/viewer.vm?id=0000014402&page=407 **;http://bdh-rd.bne.es/text.vm?id=0000014402&first=1&last=236 ** http://bdh-rd.bne.es/text.vm?id=0000014402&first=237&last=406 ** http://bdh-rd.bne.es/text.vm?id=0000014402&first=407&last=629 **
bimo0002347209;Olmedilla y Puig, Joaquín , 1842-1912  //;;;Estudios histórico-científicos de interés general;;por Joaquín Olmedilla y Puig;;Casa editorial de Medina;;Madrid;1879;XIII, 231 p. , 19 cm ,;Ciencia General //;;;;;;;;;;Descubrimientos científicos --  //;;;;;;;;0  //;;;;;;;;;;;;;;;sp;spa;;;Libro;;1/30166 //;http://bdh-rd.bne.es/viewer.vm?id=0000091568&page=1 **;http://bdh-rd.bne.es/text.vm?id=0000091568&first=1&last=252 **
bimo0002347805;;Alliance des arts  //;;Catalogue d'estampes anciennes, la plupart allemandes et italiennes, du cabinet de M. W., de Stuttgard;;"rédigé par T. Thoré ; avec le concours de Delande, du cabinet des estampes de la Bibliothéque royale";;Alliance des arts;;Paris;1843;8 p. , 22 cm ,;;;"""La vente se fera les vendredi et samedi, 9 et 10 juin 1843, á l'hôtel des Commissaires-Priseurs, place de la Bourse, salle nº 3, á six heures du soir""  //";;;;;;;;Grabado alemán -- Catálogos de subastas --  // Grabado italiano -- Catálogos de subastas --  //;;;;;;;;76  //  76(430)(085)  //  76(450)(085)  //;;;;;;;;;;;;;;;fr;fre;;;Libro;;E/4287/6 //;http://bdh-rd.bne.es/viewer.vm?id=0000091365&page=1 **;http://bdh-rd.bne.es/text.vm?id=0000091365&first=1&last=12 **
bimo0002348039;;;;Programa de los festejos que han de celebrarse en Madrid en conmemoración del cuarto centenario del descubrimiento de América por el inmortal Cristóbal Colón;;;;[s.n.]  R. Álvarez;;[S.l.] , Madrid;1892;47 p. , 15 cm ,;Fiestas //;;;;;;;;;;Colón, Cristóbal -- Aniversarios y centenarios --  // Fiestas -- Madrid --  // América -- Descubrimientos y exploraciones -- Españoles -- Aniversarios y centenarios --  //;;;;;;;;"394.46(460.27 M.)(083.97)  //  910.4(7/8)""14""(067.5)  //  929 Colón, Cristóbal (067.5)  //";;;;;;;;;;;;;;;sp;spa;;;Libro;;12/332667 //;http://bdh-rd.bne.es/viewer.vm?id=0000089706&page=1 **;http://bdh-rd.bne.es/text.vm?id=0000089706&first=1&last=52 **
bimo0002348538;Escosura y Morrogh, Luis de la , 1821-1904  // Bonet y Bonfill, Magín , 1818-1894  //;;;Discursos leídos ante la Academia de Ciencias Exactas, Físicas y Naturales en la recepción del Sr. D. Luis de la Escosura el día 4 de julio de 1869;;;;[s.n.]  Imp. de la Viuda de Aguado e Hijo;;Madrid;1869;58 p. , 26 cm ,;Química //;;Incluye el discurso de contestación de Magin Bonet y Bonfill  //;;;;;;;;Química analítica --  //;;;;;;;;54  //;;;;;;;;;;;;;;;sp;spa;;;Libro;;VC/2606/5 //;http://bdh-rd.bne.es/viewer.vm?id=0000048174&page=1 **;http://bdh-rd.bne.es/text.vm?id=0000048174&first=1&last=60 **
bimo0002348555;Feydel, Gabriel , 1756-1840  // Thévenot, Melchisédech , 1620-1692  //;;;Nuevo arte de nadar : recopilado de los mejores autores que han escrito sobre la materia, especialmente de las obras de Mr. Thevenot y del célebre buzo Nicolas Roger dispuesto en cinco lecciones y adornado con láminas;;por varios aficionados;;[s.n.]  Imp. de D.P.F.;;Madrid;1848;74 p., [3] h. de lám. , 13 cm ,;Deportes //;;;;;;;;;;Natación --  //;;;;;;;;796  //;;;;;;;;;;;;;;;sp;spa;;;Libro;;1/17779 //;http://bdh-rd.bne.es/viewer.vm?id=0000084096&page=1 **;http://bdh-rd.bne.es/text.vm?id=0000084096&first=1&last=85 **
bimo0002361249;Foucaux, Philippe-Édouard , 1811-1894  //;;[Tripitaka.. Sutrapitaka.. Lalitavistara. Francés] //;Rgya tch'er rol pa ou Développement des jeux. [Vol. 2] : contenant l'histoire du Bouddha Çakya-Mouni;Développement des jeux  //;traduit sur la version tibétaine du Bkahhgyour, et revu sur l'original sanscrit (Lalitavistâra) par Ph. Éd. Foucaux;;[s.n.]  à la Impr. Nationale;;[S.l.] , Paris;1848;LXV, 425 p., VI h. de lám. , 28 cm ,;Librairie orientale de Benjamin Duprat //;;Índice  // Título paralelo en tibetano  //;;;;;;;;Buda --  // Budismo --  //;;;;;;;;294.3  //  294.311.61  //;;;;;;;;;;;;;;;fr;fre;santib;fre //;Libro;;1/10457 //;http://bdh-rd.bne.es/viewer.vm?id=0000093166&page=1 **;http://bdh-rd.bne.es/text.vm?id=0000093166&first=1&last=515 **
bimo0002365905;Le Roux de Lincy, Antoine , 1806-1869  // Bernardo, Santo , 1090?-1153  //;;[Biblia.. A.T.. Reyes. Francés] //;Les quatre livres des rois : traduits en français du XIIe siècle : suivis d'un fragment de moralités sur Job et d'un choix de sermons de Saint Bernard;;publiés par Le Roux de Lincy;;[s.n.]  Imp. Royale;;[S.l.] , Paris;1841;CL, 580 p., [2] h. pleg. de lám. , 28 cm ,;Collection de documents inédits sur l'histoire de France. Deuxième série: Histoire des lettres et des sciences //;;Texto en francés antiguo  //;;;;;;;;Biblia. -- Comentarios --  // Sermones para el año litúrgico --  //;;;;;;;;222/224  //  222.5  //  223.1.07  //  252  //;;;;;;;;;;;;;;;fr;fre;;;Libro;;S/28/210 //;http://bdh-rd.bne.es/viewer.vm?id=0000091081&page=1 **;http://bdh-rd.bne.es/text.vm?id=0000091081&first=1&last=745 **
bimo0002374156;Llobet Busquets, C. , 1857-1927  //;;;Bailes típicos y escudos de España y sus regiones Danses typiques et blasons d'Espagne et ses regions = Typical dances and coats of arms of Spain and its regions = Typische Tänze und Wappen von Spanien und Seinen Gegenden;;por C. Llobet Busquets;;T. Raurich  Imp. Comercial;;Barcelona (Gerona, 124) , Barcelona;1929;1 carpeta ([17] h.) , il. , 36 cm ,;;;Texto en español, francés, inglés y alemán  //;;;;;;;;Bailes populares -- España --  //;;;;;;;;394.3(460)  //;;;;;;;;;;;;;;PAR29;sp;spa;;spa // eng // fre // ger //;Libro;;M/11890 //;http://bdh-rd.bne.es/viewer.vm?id=0000074685&page=1 **;http://bdh-rd.bne.es/text.vm?id=0000074685&first=1&last=38 **
bimo0002383583;Bamps, Anatole  //;Congreso Internacional de Americanistas 4º , 1881 Madrid  //;;La quatriéme session du Congrés International des Américanistes, l'Exposition de la flore du nouveau-monde et l'Exposition des antiquités américaines á Madrid (25-28 septembre 1881) compte-rendu présenté á la Société Belge de géographie, le 31 janvier 1882;;par Anatole Bamps;;[s.n.]  Typographie Vve. Ch. Vanderauwera;;Bruxelles;1882;266 p. , 24 cm ,;Hispanoamérica // Ciencia y cultura en general // Instituciones científicas. Exposiciones. Museos // Ciencias puras. Ciencias naturales // Botánica // Geografía. Biografías. Historia // Arqueología. Prehistoria. Restos arqueológicos //;;;;;;;;;;Flora -- América -- Exposiciones --  // América -- Restos arqueológicos -- Exposiciones --  //;;;;;;;;06  //  58  //;;;;;;;;;;;;;;;be;fre;;;Libro;;SG/1465 // SG/1465 // SG/1465 // SG/1465 //;http://bdh-rd.bne.es/viewer.vm?id=0000125040&page=1 **;http://bdh-rd.bne.es/text.vm?id=0000125040&first=1&last=237 **
bimo0002387178;Enzinas, Francisco de , 1518-1552  // Campan, Ch.-Al. Charles-Alcée , 1800-1877  //;;;Mémoires de Francisco de Enzinas texte latin inédit avec la traduction française du XVIe siècle en regard 1543-1545;;publiés avec notice et annotations par Ch. Al. Campan;;Société de l'histoire de Belgique;;Bruxelles;1862 - 1863;2 v.(665, 536 p.) , 21 cm ,;Geografía. Biografías. Historia // Biografías. Heráldica. Genealogía // Collection de mémoires relatifs à l'histoire de Belgique //;;;;;;;;;;Enzinas, Francisco de --  // Reforma --  //;;;;;;;;"27(4)""15""  //  929 Enzinas, Francisco de  //";;;;;;;;;;;;;;;be;fre;lat;fre // lat //;Libro;;F/506 // F/507 //;http://bdh-rd.bne.es/viewer.vm?id=0000042677&page=1 ** http://bdh-rd.bne.es/viewer.vm?id=0000042677&page=714 **;http://bdh-rd.bne.es/text.vm?id=0000042677&first=1&last=713 ** http://bdh-rd.bne.es/text.vm?id=0000042677&first=714&last=1260 **
bimo0002394771;Navarro Reverter, Juan , 1844-1924  // Sanz Bremón, Manuel  //;Conferencias Agrícolas Dominicales , 1877 Valencia  //;;Programa de las conferencias leído por el Ingeniero Secretario D. Manuel Sanz Bremón y discurso por el Comisario Provincial de Agricultura, Industria y Comercio D. Juan Navarro Reverter;Inauguración de las Conferencias Agrícolas Dominicales de 1877  //;;;[s.n.]  Imp. de José Domenech;;[S.l.] , Valencia;1877;43 p. , 25 cm ,;Ciencias aplicadas. Tecnología // Agricultura. Selvicultura. Ganaderia. Caza. Pesca //;;En la cubierta: Junta Provincial de Agricultura, Industria y Comercio  //;;;;;;;;Agricultura -- Congresos y asambleas --  //;;;;;;;;63(063)  //;;;;;;;;;;;;;;;sp;spa;;;Libro;;VC/3495/11 //;http://bdh-rd.bne.es/viewer.vm?id=0000075317&page=1 **;http://bdh-rd.bne.es/text.vm?id=0000075317&first=1&last=48 **
bimo0002398474;Delgado, Sinesio , 1859-1928  //;;;El diablo con faldas : comedia con música en un acto y en prosa;;"original de Sinesio Delgado ; música de Ruperto Chapí";;Sociedad de Autores Españoles;;Madrid;1909;38 p. , 21 cm ,;;;"""Representada por primera vez en Buenos Aires, en el Teatro de Mayo, el día 15 de julio de 1908, y en Madrid, en el Teatro Cómico, el día 3 de noviembre de 1909""  //";;;;;;;;;;;;;;;;"821.134.2-293""18""  //";;;;;;;;;;;;;;;sp;spa;;;Libro;;T/18771 //;http://bdh-rd.bne.es/viewer.vm?id=0000085404&page=1 **;http://bdh-rd.bne.es/text.vm?id=0000085404&first=1&last=55 **
bimo0002401698;Aulés, Eduardo , 1839-1913  //;;;Cinch minuts fora del mon : joguina en un acte y en vers catalá;;"escrita per Eduart Aulés ; música dels primers mestres de Europa";;Llibrería Espanyola de I. López;;Barcelona;1870;15 p. , 21 cm ,;;;"""Estrenada, mal m' está l'dirho, ab gran éxit, en lo teatro de l'Prado Catalán per la compañia dels Bufos-Arderius la nit del 30 de juriol de 1870""  //";;;;;;;;;;;;;;;;"821.134.1-2  //  821.134.1-22""18""  //";;;;;;;;;;;;;;;sp;cat;;;Libro;;T/24009 //;http://bdh-rd.bne.es/viewer.vm?id=0000130793&page=1 **;http://bdh-rd.bne.es/text.vm?id=0000130793&first=1&last=16 **
a5026752;;C. & H. Senior  //;;A catalogue of Spanish books;;;;C. & H. Senior;;London;1838;36 p. , 22 cm ,;General catalogue of foreign  books, no.1 //;;;;;;;;;;C. & H. Senior -- Catálogos--  // Libros españoles -- Bibliografías --  //;;;;;;;;017.43(410.111 L.)  //  013=134.2  //;;;;;;;;;;;;;;;xx;spa;;;Libro;;12/779603 //;http://bdh-rd.bne.es/viewer.vm?id=0000140240&page=1 **;http://bdh-rd.bne.es/text.vm?id=0000140240&first=1&last=44 **
a5032813;Thebussem, Doctor , 1828-1918  //;;;Primera ración de artículos del Doctor Thebussem;;;;[s.n.]  Sucesores de Rivadeneyra;;Madrid , Madrid;1892;XIX, 574 p. , 27 cm ,;;;;;;;;;;;;;;;;;;;081 Thebussem, Doctor  //;;;;;;;;;;;;;;;sp;spa;;;Libro;;CERV/1442 //;http://bdh-rd.bne.es/viewer.vm?id=0000062592&page=1 **;http://bdh-rd.bne.es/text.vm?id=0000062592&first=1&last=611 **
a5032857;Thebussem, Doctor , 1828-1918  //;;;Quinta (y última) ración de artículos del Doctor Thebussem;;;;[s.n.]  Sucesores de Rivadeneyra;;Madrid , Madrid;1907;XXIII, 368 p. , 1 retr. , 27 cm ,;;;;;;;;;;;;;;;;;;;081 Thebussem, Doctor  //;;;;;;;;;;;;;;;sp;spa;;;Libro;;CERV/1446 //;http://bdh-rd.bne.es/viewer.vm?id=0000062579&page=1 **;http://bdh-rd.bne.es/text.vm?id=0000062579&first=1&last=413 **
a5040877;Herrera, Adolfo , 1847-1925  //;;;Medallas españolas. Natalicios de personas reales. Tomo primero;;publicadas e impresas por Adolfo Herrera;;[s.n.];;Madrid;1905;[34] h. , il. , 14 x 18 cm ,;;;;;;;;;;;Medallas -- España --  // España -- Reyes y soberanos -- Medallas --  //;;;;;;;;737.2(460)  //  929.731(460)(0:7)  //;;;;;;;;;;;;;;;sp;spa;;;Libro;;12/766409 //;http://bdh-rd.bne.es/viewer.vm?id=0000133111&page=1 **;http://bdh-rd.bne.es/text.vm?id=0000133111&first=1&last=39 **
a5040890;Herrera, Adolfo , 1847-1925  //;;;Medallas españolas. Visitas de personas reales a las zecas. Tomo primero;;publicadas e impresas por Adolfo Herrera;;[s.n.];;Madrid;1905;[26] h. , il. , 14 x 18 cm ,;;;;;;;;;;;Medallas -- España --  // España -- Reyes y soberanos -- Medallas --  //;;;;;;;;737.2(460)  //  929.731(460)(0:7)  //;;;;;;;;;;;;;;;sp;spa;;;Libro;;12/766410 //;http://bdh-rd.bne.es/viewer.vm?id=0000133109&page=1 **;http://bdh-rd.bne.es/text.vm?id=0000133109&first=1&last=31 **
a5040897;Herrera, Adolfo , 1847-1925  //;;;Medallas españolas. Constituciones. Tomo primero;;publicadas e impresas por Adolfo Herrera;;[s.n.];;Madrid;1901;[41] h. , il. , 14 x 18 cm ,;;;;;;;;;;;Medallas -- España --  //;;;;;;;;737.2(460)  //;;;;;;;;;;;;;;;sp;spa;;;Libro;;12/766411 //;http://bdh-rd.bne.es/viewer.vm?id=0000060852&page=1 **;http://bdh-rd.bne.es/text.vm?id=0000060852&first=1&last=88 **
a5040904;Herrera, Adolfo , 1847-1925  //;;;Medallas españolas. Gobierno provisional (1868), República. Tomo primero;;publicadas e impresas por Adolfo Herrera;;[s.n.];;Madrid;1905;[29] h. , il. , 14 x 18 cm ,;;;;;;;;;;;Medallas -- España --  // España -- Historia -- 1868-1870 (Interregno revolucionario) -- Medallas --  // España -- Historia -- 1873-1874 (I República) -- Medallas --  //;;;;;;;;"737.2(460)  //  94(460)""1868/70""(0:7)  //  94(460)""1873/74""(0:7)  //";;;;;;;;;;;;;;;sp;spa;;;Libro;;12/766412 //;http://bdh-rd.bne.es/viewer.vm?id=0000140241&page=1 **;http://bdh-rd.bne.es/text.vm?id=0000140241&first=1&last=64 **
a5040966;Herrera, Adolfo , 1847-1925  //;;;Medallas españolas. Masónicas. Tomo primero;;publicadas e impresas por Adolfo Herrera;;[s.n.];;Madrid;1905;[36] h. , il. , 14 x 18 cm ,;;;;;;;;;;;Masonería -- Medallas --  //;;;;;;;;061.236.6(0:7)  //  737.2(460)  //;;;;;;;;;;;;;;;sp;spa;;;Libro;;12/766414 //;http://bdh-rd.bne.es/viewer.vm?id=0000133107&page=1 **;http://bdh-rd.bne.es/text.vm?id=0000133107&first=1&last=41 **
a5043026;;Gran Logia de la República de Colombia  //;;Constitution of the Grand Lodge of the Republic of Colombia, with seat in Bogotá;;;;[s.n.]  Tip. Latina;;[S.l.] , Bogotá;1923;26 p. , 23 cm ,;;;Precede al título: T.·.T.·.G.·.O.·.T.·.G.·.A.·.O.·.U.·.  //;;;;;;;;Gran Logia de la República de Colombia -- Estatutos--  // Masonería -- Colombia --  //;;;;;;;;(861)  //  061.236.6(861)(060.13)  //;;;;;;;;;;;;;;;ck;eng;;;Libro;;3/119170(2) //;http://bdh-rd.bne.es/viewer.vm?id=0000147761&page=1 **;http://bdh-rd.bne.es/text.vm?id=0000147761&first=1&last=26 **
a5045030;;;;Documentos para la historia de Méjico;;;;[s.n.]  Imp. de Juan R. Navarro;;[S.l.] , México;1853 - 1854;6 v. , 20 cm ,;;;;;;;;;;;México -- Historia -- 1521-1821 (Época colonial) --  //;;;;;;;;"(72)  //  94(72)""1521/1821""  //";;;;;;;;;;;;;;;mx;spa;;;Libro;;12/766700 // 12/766701 // 12/766702 // 12/766703 // 12/766704 // 12/766705 //;http://bdh-rd.bne.es/viewer.vm?id=0000147570&page=1 ** http://bdh-rd.bne.es/viewer.vm?id=0000147570&page=584 ** http://bdh-rd.bne.es/viewer.vm?id=0000147570&page=1109 ** http://bdh-rd.bne.es/viewer.vm?id=0000147570&page=1612 ** http://bdh-rd.bne.es/viewer.vm?id=0000147570&page=1881 ** http://bdh-rd.bne.es/viewer.vm?id=0000147570&page=2160 **;http://bdh-rd.bne.es/text.vm?id=0000147570&first=1&last=583 ** http://bdh-rd.bne.es/text.vm?id=0000147570&first=584&last=1108 ** http://bdh-rd.bne.es/text.vm?id=0000147570&first=1109&last=1611 ** http://bdh-rd.bne.es/text.vm?id=0000147570&first=1612&last=1880 ** http://bdh-rd.bne.es/text.vm?id=0000147570&first=1881&last=2159 ** http://bdh-rd.bne.es/text.vm?id=0000147570&first=2160&last=2418 **
a5048918;Martí, José , 1853-1895  //;;;Nuestra América segunda parte;;Martí;;Gonzalo de Quesada  Imp. y Papelería de Rambla y Bouza;;[Habana];1910;386 p. , 23 cm ,;;;"""Vol. IX""  //";;;;;;;;América Latina -- Descripción --  //;;;;;;;;908(8=134)  //;;;;;;;;;;;;;;;cu;spa;;;Libro;;12/318204 //;http://bdh-rd.bne.es/viewer.vm?id=0000147755&page=1 **;http://bdh-rd.bne.es/text.vm?id=0000147755&first=1&last=388 **
a5050289;Diego José de Cádiz, Beato , 1743-1801  //;Herederos de María Angela Martí -Imp.  //;;Modélo de inquisidores en la fe, y en el celo, que a su ministerio corresponde sermon panegyrico-historico-moral, que en solemne festividad ... en la ciudad de Ecija, celebraron en el Real Convento de Santo Domingo, y San Pablo dia 29 de abril de este presente año de 1786, a su especial protector S. Pedro de Verona, martyr;;dixo el P. Fr. Diego Josef de Cadiz ...;;en la Imprenta de los Herederos de Maria Angela Martí, Plaza de San Jayme;;Barcelona;1787;68 p. , 4º ,;;;Precede al título: [cristus] Jesus, Maria, y Josef  // Según Ausejo, impreso en 1787  // Sign.: A-H⁴, I²  // Texto con notas a pie de página  //;Aguilar Piñal. Bib. S.XVIII v. 3, 392  // Serafín de Ausejo. Reseña bibliográfica n. 40  //;;;;;;;Pedro Mártir, -- Santo -- Panegíricos --  // Sermones --  //;;Barcelona, España //;;;;;;25  //;;;;;;;;;;;;;;;sp;spa;;;Libro;;VE/1452/9 //;http://bdh-rd.bne.es/viewer.vm?id=0000140300&page=1 **;http://bdh-rd.bne.es/text.vm?id=0000140300&first=1&last=68 **
a5050653;Martí, José , 1853-1895  //;;;Hombres;;Martí;;[s.n.]  Imp. y Papelería de Rambla y Bouza;;[S.l.] , Habana;1908;353 p. , 22 cm ,;;;"""Vol. VI""  //";;;;;;;;;;;;;;;;"(729.1)  //  821.134.2(729.1)-82""18""  //";;;;;;;;;;;;;;;cu;spa;;;Libro;;12/540034 //;http://bdh-rd.bne.es/viewer.vm?id=0000147758&page=1 **;http://bdh-rd.bne.es/text.vm?id=0000147758&first=1&last=365 **
a5051435;Martí, José , 1853-1895  //;;;Norteamericanos;;Martí;;Gonzalo de Quesada  Imp. y Papelería de Rambla y Bouza;;[Habana];1909;330 p. , 22 cm ,;;;"""Vol. VIII""  //";;;;;;;;Norteamericanos -- S.XIX -- Biografías --  //;;;;;;;;"929(73)""18""  //";;;;;;;;;;;;;;;cu;spa;;;Libro;;12/283522 //;http://bdh-rd.bne.es/viewer.vm?id=0000147756&page=1 **;http://bdh-rd.bne.es/text.vm?id=0000147756&first=1&last=343 **
a5057339;Mesonero Romanos, Ramón de , 1803-1882  //;;;Tipos, grupos y bocetos de cuadros de costumbres dibujados a la pluma;;por El Curioso Parlante (1843 a 1860);;[s.n.]  Estab. Tip. de Francisco de Paula Mellado;;Madrid;1862;VII, 308 p. , 22 cm ,;Obras jocosas y satíricas de El Curioso Parlante //;;;;;;;;;;Madrid -- Usos y costumbres -- S.XIX --  //;;;;;;;;"39(460.27 M.)""18""  //  821.134.2-94""18""  //";;;;;;;;;;;;;;;sp;spa;;;Libro;;1/23807 //;http://bdh-rd.bne.es/viewer.vm?id=0000038177&page=1 **;http://bdh-rd.bne.es/text.vm?id=0000038177&first=1&last=335 **
a5057357;Mesonero Romanos, Ramón de , 1803-1882  //;;;Escenas matritenses. Segunda serie (1836 a 1842);;por El Curioso Parlante;Nueva ed. corr. y aum. con notas;[s.n.]  Estab. Tip. de Francisco de Paula Mellado;;Madrid;1862;XIX, 434 p. , 22 cm ,;Obras jocosas y satíricas de El Curioso Parlante //;;;;;;;;;;Madrid -- Usos y costumbres -- S.XIX --  //;;;;;;;;"39(460.27 M.)""18""  //  821.134.2-94""18""  //";;;;;;;;;;;;;;;sp;spa;;;Libro;;1/23806 //;http://bdh-rd.bne.es/viewer.vm?id=0000037895&page=1 **;http://bdh-rd.bne.es/text.vm?id=0000037895&first=1&last=469 **
a5057382;Mesonero Romanos, Ramón de , 1803-1882  //;;;Recuerdos de viage por Francia y Bélgica en 1840-1841;;su autor El Curioso Parlante;Nueva ed. corr. y aum.;[s.n.]  Estab. Tip. de Francisco de Paula Mellado;;Madrid;1862;297 p. , 22 cm ,;Obras jocosas y satíricas de El Curioso Parlante //;;;;;;;;;;Francia -- Descripción --  // Bélgica -- Descripción --  //;;;;;;;;913(44)  //  913(493)  //;;;;;;;;;;;;;;;sp;spa;;;Libro;;1/23808 //;http://bdh-rd.bne.es/viewer.vm?id=0000038192&page=1 **;http://bdh-rd.bne.es/text.vm?id=0000038192&first=1&last=319 **
a5101100;Acedo y Torres, Serafín  //;;;Ensayos poéticos;;por Serafín Acedo y Torres;;Imprenta de los Hijos de J.A. Garcia;;Madrid;1886;32 p. , 19 cm ,;;;;;;;;;;;;;;;;;;;"821.134.2-14""18""  //";;;;;;;;;;;;;;;sp;spa;;;Libro;;2/32396 //;http://bdh-rd.bne.es/viewer.vm?id=0000062386&page=1 **;http://bdh-rd.bne.es/text.vm?id=0000062386&first=1&last=43 **
a5114522;Mariana, Juan de , 1536-1624  //;;;Discurso de las enfermedades de la Compañía;;"por el padre Juan de Mariana ; con una disertación sobre el autor y legitimidad de la obra, y un apéndice de varios testimonios de jesuitas españoles que concuerdan con Mariana";;[s.n.]  reimpreso por I. Cumplido;;[S.l.] , México;1841;XXVII, 250 p. , 1 retr. , 20 cm ,;Religión. Teología // Cristianismo. Historia eclesiástica //;;"I""Tomo II""  //";;;;;;;;Jesuitas -- Obras de controversia--  //;;;;;;;;271.5:239  //;;;;;;;;;;;;;;;sp;spa;;;Libro;;2/48804 //;http://bdh-rd.bne.es/viewer.vm?id=0000091555&page=1 **;http://bdh-rd.bne.es/text.vm?id=0000091555&first=1&last=295 **
a5121551;Boccaccio, Giovanni , 1313-1375  // Sansovino, Francesco , 1521-1583 -editor literario  // Bertano, Giovanni Antonio -impresor  //;;[Filocolo. Italiano] //;Il Filocopo;;"di M. Giovanni Boccaccio ; di nuouo riueduto, corretto & alla sua vera lettione ridotto da M. Francesco Sansouino ; con la tauola di tutte le materie che nell'opera si contengono";;appresso Giovan Antonio Bertano;;Venetia;1575;293 [i.e. 380] h. , 8º ,;;;Marca tipográfica en portada  // Sign.: A-3A⁸, 3B⁴  // Errores de foliación: de h. 272 pasa a 283, y última h. numerada 293  // Iniciales grabadas  //;WWW ICCU, 21-05-2015  // Adams B, 2171  //;;;;;;;;;Venecia, Italia //;;;;;;821.131.1  //;;;;;;;;;;;;;;;it;ita;;;Libro;;R/7153 //;http://bdh-rd.bne.es/viewer.vm?id=0000037385&page=1 ** http://bdh-rd.bne.es/viewer.vm?id=0000037385&page=201 ** http://bdh-rd.bne.es/viewer.vm?id=0000037385&page=401 ** http://bdh-rd.bne.es/viewer.vm?id=0000037385&page=601 **;http://bdh-rd.bne.es/text.vm?id=0000037385&first=1&last=200 ** http://bdh-rd.bne.es/text.vm?id=0000037385&first=201&last=400 ** http://bdh-rd.bne.es/text.vm?id=0000037385&first=401&last=600 ** http://bdh-rd.bne.es/text.vm?id=0000037385&first=601&last=745 **
a5121904;Vaca de Guzmán, José María , 1744-h. 1816  // López, Alfonso , fl. 1784-1786 -imp.  //;Viuda e Hijos de Bernardo Alverá (Madrid) -ed.  //;;Viage por los vientos carta quarta del critico madrileño : contiene la apología de la égloga en alabanza de la vida en el campo, intitulada Columbano, del mismo autor ...;;dala a luz Don Joseph Rodriguez Zerezo;;por Don Alfonso Lopez  se hallará en cu casa ... y en la de la viuda de Alverá ...;;Madrid;1787;[2], 30 p. , 4º ,;;;Joseph Rodríguez Cerezo en uno de los seudónimos de José María Vaca de Guzmán  // Sign.: A-D⁴  //;Aguilar Piñal. Bib. S.XVIII v. 8, n. 1836  //;;;;;;;;;Madrid, España //;;;;;;821(460)  //;;;;;;;;;;;;;;;sp;spa;;;Libro;;VE/334/5 //;http://bdh-rd.bne.es/viewer.vm?id=0000140313&page=1 **;http://bdh-rd.bne.es/text.vm?id=0000140313&first=1&last=32 **
a5123614;Torres Villarroel, Diego de , 1693-1770  // López de Haro, Diego , fl. 1724-1756 -imp.  //;;;Vida, ascendencia, nacimiento, crianza, y aventuras de el Doctor ... Diego de Torres Villarroel, cathedratico de Prima de Mathematicas en la Universidad de Salamanca ...;;escrita por el mismo Don Diego de Torres Villarroèl;;en la Imprenta Real de ... Diego Lopez de Haro ...;;Impresso en Sevilla;1743;[8], 79 p. , 4º ,;;;Sign.: ¶⁴, A-K⁴  // Texto a dos columnas  //;Aguilar Piñal. Bib. S.XVIII v. 8, 816  //;;;;;;;;;Sevilla, España //;;;;;;821(460)  //;;;;;;;;;;;;;;;sp;spa;;;Libro;;VE/711/34 //;http://bdh-rd.bne.es/viewer.vm?id=0000064668&page=1 **;http://bdh-rd.bne.es/text.vm?id=0000064668&first=1&last=90 **
a5124444;Castejón, Agustín de (S.I.)  //;;;Oracion funebre del ... principe Monseñor Luis Delfin ...;;dixose en la Capilla Real del Convento de la Encarnacion de Madrid por ... Agustin de Castejon de la Compañia de Jesus ... a 26 de septiembre de 1711;;[s.n.];;En Madrid;1711;35 p. , 4º ,;;;Sign.: A-D⁴, E²  // Portada enmarcada por orla tipográfica  // Texto con apostillas marginales  //;;;;;;;;Bourbon, Louis de, -- duc de Bourgogne, Dauphin de France -- Exequias --  //;;Madrid, España //;;;;;;2  //;;;;;;;;;;;;;;;sp;spa;;;Libro;;VE/582/13 //;http://bdh-rd.bne.es/viewer.vm?id=0000063691&page=1 **;http://bdh-rd.bne.es/text.vm?id=0000063691&first=1&last=36 **
a5124500;Castejón, Agustín de (S.I.)  //;;;Oracion funebre del ... principe Monseñor Luis Delfin ...;;dijose en la Capilla Real del Convento de la Encarnacion de Madrid por ... Agustin de Castejon de la Compañia de Iesus ... à 26 de septiembre de 1711;;[s.n.];;En Madrid;1711;51 p. , 4º ,;;;Sign.: A-F⁴, G²  // Portada enmarcada por orla tipográfica  // Texto con apostillas marginales  // Inicial grabada  //;Aguilar Piñal.Bib.S.XVIII v. 2, 2131  //;;;;;;;Bourbon, Louis de, -- duc de Bourgogne, Dauphin de France -- Exequias --  //;;Madrid, España //;;;;;;2  //;;;;;;;;;;;;;;;sp;spa;;;Libro;;VE/692/45 //;http://bdh-rd.bne.es/viewer.vm?id=0000064649&page=1 **;http://bdh-rd.bne.es/text.vm?id=0000064649&first=1&last=52 **
a5125142;Vidal, Manuel , 1697-1765  // García de Honorato, Eugenio -imp.  //;;;El Benjamin de augustino en su casa de Salamanca ... panegyrico que a la memoria dulze del ... niño ... Francisco López de Texeda del Orden de San Agustín ...;;dixo el rever. padre maestro Fray Manuel Vidal, del mismo Orden ...;;impresso por Eugenio Garcia de Honorato;;[Salamanca];1726;[10], 22 p. , 4º ,;;;Lugar de impresión deducido por la sede en la que tiene su actividad el impresor  // Sign.: [ ]²⁻¹, ¶⁴, A-B⁴, B⁴⁻¹  // Portada con orla xilográfica  // Inicial grabada y apostillas marginales  //;Aguilar Piñal. Bib. S.XVIII v. 8, n. 3105  //;;;;;;;Panegíricos españoles -- S.XVIII --  //;;Salamanca, España //;;;;;;26  //;;;;;;;;;;;;;;;sp;spa;;;Libro;;VE/442/5 //;http://bdh-rd.bne.es/viewer.vm?id=0000063622&page=1 **;http://bdh-rd.bne.es/text.vm?id=0000063622&first=1&last=32 **
a5125578;Cappa, Ricardo  //;;;Estudios críticos acerca de la dominación española en América. Parte primera, Colón y los españoles;;P. Ricardo Cappa;3ª ed.;Librería Católica de Gregorio del Amo;;Madrid;1889;439 p. , 18 cm ,;Geografía. Biografías. Historia // Exploraciones. Viajes //;;;;;;;;;;Colón, Cristóbal --  // América -- Descubrimientos y exploraciones -- Españoles --  //;;;;;;;;"910.4(7/8)""14""  //  929 Colón, Cristóbal  //";;;;;;;;;;;;;;;sp;spa;;;Libro;;HA/15573 //;http://bdh-rd.bne.es/viewer.vm?id=0000127440&page=1 **;http://bdh-rd.bne.es/text.vm?id=0000127440&first=1&last=463 **
a5125626;Cappa, Ricardo  //;;;Estudios críticos acerca de la dominación española en América. III. Parte segunda, La conquista del Perú;;P. Ricardo Cappa;3ª ed.;Librería Católica de Gregorio del Amo;;Madrid;1890;401 p. , 18 cm ,;Geografía. Biografías. Historia // Historia de América Latina //;;;;;;;;;;Perú -- Historia -- 1522-1548 (Descubrimiento y conquista) --  //;;;;;;;;"(85)  //  94(85)""1522/48""  //";;;;;;;;;;;;;;;sp;spa;;;Libro;;HA/15575 //;http://bdh-rd.bne.es/viewer.vm?id=0000127438&page=1 **;http://bdh-rd.bne.es/text.vm?id=0000127438&first=1&last=421 **
a5125674;Cappa, Ricardo  //;;;Estudios críticos acerca de la dominación española en América. V. Parte tercera, Industria agrícola-pecuaria llevada a América por los españoles;;P. Ricardo Cappa;;Librería Católica de Gregorio del Amo;;Madrid;1890;454 p. , 18 cm ,;Ciencias aplicadas. Tecnología // Agricultura. Selvicultura. Ganaderia. Caza. Pesca //;;;;;;;;;;Agricultura -- América española -- Historia --  //;;;;;;;;63(8=134.2)(091)  //;;;;;;;;;;;;;;;sp;spa;;;Libro;;HA/15577 //;http://bdh-rd.bne.es/viewer.vm?id=0000021887&page=1 ** http://bdh-rd.bne.es/viewer.vm?id=0000021887&page=215 ** http://bdh-rd.bne.es/viewer.vm?id=0000021887&page=469 **;http://bdh-rd.bne.es/text.vm?id=0000021887&first=1&last=214 ** http://bdh-rd.bne.es/text.vm?id=0000021887&first=215&last=468 ** http://bdh-rd.bne.es/text.vm?id=0000021887&first=469&last=479 **
a5125681;Cappa, Ricardo  //;;;Estudios críticos acerca de la dominación española en América. IV. Parte segunda, Las guerras civiles;;P. Ricardo Cappa;3ª ed.;Librería Católica de Gregorio del Amo;;Madrid;1890;321 p. , 18 cm ,;Geografía. Biografías. Historia // Historia de América Latina //;;;;;;;;;;Perú -- Historia -- 1522-1548 (Descubrimiento y conquista) --  //;;;;;;;;"(85)  //  94(85)""1522/48""  //";;;;;;;;;;;;;;;sp;spa;;;Libro;;HA/15576 //;http://bdh-rd.bne.es/viewer.vm?id=0000127437&page=1 **;http://bdh-rd.bne.es/text.vm?id=0000127437&first=1&last=341 **
a5125690;Cappa, Ricardo  //;;;Estudios críticos acerca de la dominación española en América. VIII. Parte tercera, Industrias mecánicas;;P. Ricardo Cappa;;Librería Católica de Gregorio del Amo;;Madrid;1892;302 p. , 18 cm ,;Ciencias aplicadas. Tecnología // Industrias diversas //;;;;;;;;;;Industria manufacturera -- Perú (Virreinato) --  //;;;;;;;;"338.45(85):62/69.002.6""15/18""  //  62/69.002.6(85)""15/18""  //";;;;;;;;;;;;;;;sp;spa;;;Libro;;HA15580 //;http://bdh-rd.bne.es/viewer.vm?id=0000127441&page=1 **;http://bdh-rd.bne.es/text.vm?id=0000127441&first=1&last=318 **
a5125697;Cappa, Ricardo  //;;;Estudios críticos acerca de la dominación española en América. IX. Parte tercera, Continúa la materia del libro anterior (Industrias mecánicas);;P. Ricardo Cappa;;Librería Católica de Gregorio del Amo;;Madrid;1893;398 p. , 18 cm ,;Ciencias aplicadas. Tecnología // Industrias diversas //;;;;;;;;;;Industria -- América -- Historia --  //;;;;;;;;338.45(7/8)(091)  //  62/69(7/8)(091)  //;;;;;;;;;;;;;;;sp;spa;;;Libro;;HA/15581 //;http://bdh-rd.bne.es/viewer.vm?id=0000089503&page=1 **;http://bdh-rd.bne.es/text.vm?id=0000089503&first=1&last=419 **
a5127376;Torres Villarroel, Diego de , 1693-1770  // Ortiz Gómez, Pedro -imp.  //;;;Noticia de las virtudes medicinales de la fuente del caño de la villa de Vabilafuente ...;;escrita por el doctor don Diego de Torres Villarroel ...;;por Pedro Ortiz Gómez;;En Salamanca;1752;[12], 21 p. , 4º ,;;;Sign.: A⁶, B-C⁴, D⁴⁻¹  // Texto a dos columnas  //;Aguilar Piñal. Bib. S.XVIII v. 8, 889  //;;;;;;;Hidroterapia -- Obras anteriores a 1800 --  //;;Salamanca, España //;;;;;;61  //;;;;;;;;;;;;;;;sp;spa;;;Libro;;VE/654/19 //;http://bdh-rd.bne.es/viewer.vm?id=0000063110&page=1 **;http://bdh-rd.bne.es/text.vm?id=0000063110&first=1&last=34 **
a5127509;Cappa, Ricardo  //;;;Estudios críticos acerca de la dominación española en América. XI. Parte tercera, Industria naval [2];;P. Ricardo Cappa;;Librería Católica de Gregorio del Amo;;Madrid;1894;241 p. , 18 cm ,;Ciencias aplicadas. Tecnología // Ingeniería. Minería // Geografía. Biografías. Historia // Exploraciones. Viajes //;;;;;;;;;;Construcción naval -- América española --  //;;;;;;;;629.5(8=134.2)  //  914.4(265)  //;;;;;;;;;;;;;;;sp;spa;;;Libro;;HA/15583 //;http://bdh-rd.bne.es/viewer.vm?id=0000086120&page=1 **;http://bdh-rd.bne.es/text.vm?id=0000086120&first=1&last=259 **
a5127515;Cappa, Ricardo  //;;;Estudios críticos acerca de la dominación española en América. XII. Parte tercera, Industria naval [3];;P. Ricardo Cappa;;Librería Católica de Gregorio del Amo;;Madrid;1894;366 p. , 18 cm ,;Geografía. Biografías. Historia // Exploraciones. Viajes // Ciencias aplicadas. Tecnología // Ingeniería. Minería //;;;;;;;;;;Construcción naval -- América española --  //;;;;;;;;629.5(8=134.2)  //  910.4(265)  //;;;;;;;;;;;;;;;sp;spa;;;Libro;;DL/677005 //;http://bdh-rd.bne.es/viewer.vm?id=0000127445&page=1 **;http://bdh-rd.bne.es/text.vm?id=0000127445&first=1&last=387 **
a5127726;Cappa, Ricardo  //;;;Estudios críticos acerca de la dominación española en América. XIII. Parte cuarta, Bellas artes;;P. Ricardo Cappa;;Librería Católica de Gregorio del Amo;;Madrid;1895;349 p. , 18 cm ,;Bellas artes // Escultura //;;;;;;;;;;Arte colonial -- América española --  //;;;;;;;;7.034(8=134.2)  //;;;;;;;;;;;;;;;sp;spa;;;Libro;;DL/1884529 //;http://bdh-rd.bne.es/viewer.vm?id=0000022614&page=1 ** http://bdh-rd.bne.es/viewer.vm?id=0000022614&page=191 **;http://bdh-rd.bne.es/text.vm?id=0000022614&first=1&last=190 ** http://bdh-rd.bne.es/text.vm?id=0000022614&first=191&last=365 **
a5127915;Cappa, Ricardo  //;;;Estudios críticos acerca de la dominación española en América. XXVI. Parte quinta, El viejo y el nuevo mundo (continuará) De la riqueza conocida desde los tiempos antiguos hasta el nacimiento del Señor;;P. Ricardo Cappa;;Librería Católica de Gregorio del Amo;;Madrid;1897;317 p. , 18 cm ,;Geografía. Biografías. Historia // Historia de distintos países //;;;;;;;;;;Riqueza -- Historia --  // Historia antigua --  //;;;;;;;;330.5(091)  //  94(3)  //;;;;;;;;;;;;;;;sp;spa;;;Libro;;12/247419 //;http://bdh-rd.bne.es/viewer.vm?id=0000127457&page=1 **;http://bdh-rd.bne.es/text.vm?id=0000127457&first=1&last=331 **
a5128069;Cappa, Ricardo  //;;;Estudios críticos acerca de la dominación española en América. VI. Parte tercera, Industria agrícola-pecuaria;;P. Ricardo Cappa;;Librería Católica de Gregorio del Amo;;Madrid;1890;401 p. , 18 cm ,;Ciencias aplicadas. Tecnología // Agricultura. Selvicultura. Ganaderia. Caza. Pesca //;;;;;;;;;;Agricultura -- América española -- Historia --  //;;;;;;;;63(8=134.2)(091)  //;;;;;;;;;;;;;;;sp;spa;;;Libro;;HA/15578 //;http://bdh-rd.bne.es/viewer.vm?id=0000022802&page=1 ** http://bdh-rd.bne.es/viewer.vm?id=0000022802&page=167 ** http://bdh-rd.bne.es/viewer.vm?id=0000022802&page=314 ** http://bdh-rd.bne.es/viewer.vm?id=0000022802&page=410 **;http://bdh-rd.bne.es/text.vm?id=0000022802&first=1&last=166 ** http://bdh-rd.bne.es/text.vm?id=0000022802&first=167&last=313 ** http://bdh-rd.bne.es/text.vm?id=0000022802&first=314&last=409 ** http://bdh-rd.bne.es/text.vm?id=0000022802&first=410&last=422 **
a5140056;Hebas, Juan de las  // Román, Manuel , fl. 1713-1732 -imp.  //;;;Oracion funebre panegyrica, que en las honras del Señor Del-fin, que con magnifica piedad, y real aparato, hizo esta imperial Villa de Madrid, el dia veinte y ocho de septiembre en el Real Convento de Religiosas de Santo Domingo;;dixo el Doct. Don Juan de las Evas [sic] ...;;en la Imprenta de Manuel Roman;;En Madrid;1711;[2], 30 p. , 4º ,;;;Sign.: A-D⁴  // Texto con apostillas marginales  // Portada con orla tipográfica  //;Aguilar Piñal. Bib. S.XVIII v. 4, 2898  //;;;;;;;Bourbon, Louis de, -- duc de Bourgogne, Dauphin de France -- Exequias --  // Oraciones fúnebres --  //;;Madrid, España //;;;;;;82-5  //;;;;;;;;;;;;;;;sp;spa;;;Libro;;VE/528/8 //;http://bdh-rd.bne.es/viewer.vm?id=0000063466&page=1 **;http://bdh-rd.bne.es/text.vm?id=0000063466&first=1&last=32 **
a5141344;Espinosa de los Monteros, Pedro  //;;;Oracion funebre panegyrica, en las honras que al Rmo. P.Fr. Antonino Cloche, ... de la ... Reiligon de N. Padre Santo Domingo, celebró la Religios Seraphica en el Colegio de Santo Thomas de esta Corte ...;;dixola el R.P.Fr. Pedro Espinosa de los Monteros ...;;[s.n.];;En Madrid;1720;[4], 20 p. , 4º ,;;;Sign.: A-C⁴  // Portada con orla tipográfica  // Texto con apostillas marginales  //;Aguilar Piñal. Bib. S.XVIII v. 3, 1514  //;;;;;;;;;Madrid, España //;;;;;;25  //;;;;;;;;;;;;;;;xx;spa;;;Libro;;VE/443/3 //;http://bdh-rd.bne.es/viewer.vm?id=0000127494&page=1 **;http://bdh-rd.bne.es/text.vm?id=0000127494&first=1&last=24 **
a5141676;Espinosa Zapata, Fernando  //;;;Carta de don Fernando de Espinosa Zapata, cavallero del Orden de Santiago, al bachiller D. Luis de Castro, presbytero ... de la parroquia de Santiago, de ... Utrea, diocesis de Sevilla su respuesta, y tres pareceres, cerca, y en razon de estár maleficiada la señora ... Maria de Tapia, legitima muger del dicho ... Fernando, y deber ser exorcisada como tal, los quales dieron los, M.RR.PP. Benito Blasco de Villalon ... y Fr. Juan de los Rios ... y Fr. Fernando de Vega ...;;;;[s.n.];;[s.l.];1719;[2], 17, [1] p. , Fol. ,;;;Fecha de impresión tomada de la fecha de la aprobación  // Sign.: [ ]¹, A-D², [ ]¹  // Portada con orla tipográfica  // Texto con apostillas marginales  //;Aguilar Piñal. Bib. S.XVIII v. 3, 1518  //;;;;;;;Exorcismo -- Obras anteriores a 1800 --  //;;;;;;;;26  //;;;;;;;;;;;;;;;xx;spa;;;Libro;;VE/496/21 //;http://bdh-rd.bne.es/viewer.vm?id=0000127184&page=1 **;http://bdh-rd.bne.es/text.vm?id=0000127184&first=1&last=20 **
a5142728;Femenia, Cosme José  //;Viuda de Jerónimo Frau (fl. 1729-1752) -imp.  //;;Oracion panegirica gratulatoria, que en la solemne bendicion, y dedicacion del nuevo, restaurado templo de Santa Maria Madalena;;"dixo ... en su Monasterio de Palma, dia tercero de Pasqua ... en 26, mayo de 1744 ... Fr. Cosme Ioseph Femenia ... del Orden de la Santissima Trinidad &c. ; sacala a luz un amigo de el author ...";;en Casa de la Viuda Frau ...;;Mallorca;1745;32 p. , 4º ,;;;Precede al título: [cristus] Ave Maria  // Fecha de impresión tomada de la Aprobación: 1745  // Sign.: [A]-D⁴  // Texto con apostillas marginales  // Portada con orla tipográfica  //;Aguilar Piñal. Bib. S.XVIII v. 3, 2427  //;;;;;;;Sermones -- S.XVIII --  //;;Palma de Mallorca, España //;;;;;;24  //;;;;;;;;;;;;;;;sp;spa;;;Libro;;VE/532/28 //;http://bdh-rd.bne.es/viewer.vm?id=0000126883&page=1 **;http://bdh-rd.bne.es/text.vm?id=0000126883&first=1&last=32 **
a5142730;Eguía y Harrieta, Félix Fermín  // Barthelemi -ed.  //;;;Son especiales los ayres de Madrid, su situacion, aguas y otras circunstancias que le favorecen à esta Corte y tanto qué està poco expueta y sus habitantes à padecer enfermedades epidemicas, ni peste ...;;su autor el Doct. D. Felix Eguia, medico en el hospital de la Passion de esta corte;;se hallará en casa de Diego Barthelemi, librero francés ... frente de la fuente de la Puera del Sol ...;;[Madrid];entre 1745 y 1750?;16 p. , 4º ,;;;Descripción basada en ejemplar falto de portada de la BNE: VE/642/86  // Título tomado del comienzo del texto  // Datos de impresión tomados del colofón  // Lugar de impresión deducido del lugar de actividad del editor  // Fecha aproximada de impresión deducida de los años conocidos de actividad del editor  // Sign.: A⁸  //;;;;;;;;;;Madrid, España //;;;;;;61  //;;;;;;;;;;;;;;;sp;spa;;;Libro;;VE/642/86 //;http://bdh-rd.bne.es/viewer.vm?id=0000126608&page=1 **;http://bdh-rd.bne.es/text.vm?id=0000126608&first=1&last=16 **
a5142886;Elejalde, Pedro  // San Martín, Juan de , 1742-1779 -imp.  //;;;Dissertacion chimico-phisico-mechanica sobre el fuego en general en que haciendo excepcion del sol y estrellas fixas, con reforma de la materia de la luz y materia etherea, creìdos elementos creados se expone que no ay fuego terrestre, cuerpo elemental especifico ... por el qual llegan los cuerpos à tomar el estado de ignicion ...;;su autor Don Pedro Elexalde ...;;en la imprenta de Juan de San Martin, se hallará en su librería, calle de la Montera;;En Madrid;1756;[12], 44 p. , 4º ,;;;Precede al título: Cristus  // Sign.: ¶⁴, ¶¶², A-E⁴, F²  //;Aguilar Piñal. Bib. S.XVIII v. 3, n. 1020  //;;;;;;;Fuego -- Obras anteriores a 1800 --  //;;Madrid, España //;;;;;;539  //;;;;;;;;;;;;;;;sp;spa;;;Libro;;VE/641/108 //;http://bdh-rd.bne.es/viewer.vm?id=0000126602&page=1 **;http://bdh-rd.bne.es/text.vm?id=0000126602&first=1&last=56 **
a5143744;Escanero, Lorenzo  // Moreno, Francisco , fl. 1734-1780 -imp.  //;;;Clipeica oratoria que predico al solemne acto de doctrina general con que la Cesaraugustana Escuela Pia manifiesta el importante beneficio que anualmente recibe la puericia, con ... la enseñanza;;díxola Don Leonardo Escanero y Camon, proffesor de Gramatica, de edad de siete años, en el ... pulpito de su ... Iglesia Parroquial de el Señor San Pablo de Zaragoza .... el dia 23 de enero de 1746;;por Francisco Moreno, Impressor vive en la Calle de la Cuchilleria;;En Zaragoza;1746;16 p. , 4º ,;;;Fecha aproximada deducida del título y la Aprobación  // Sign.: A⁸  // Portada con orla tipográfica  // Texto con apostillas marginales  //;Aguilar Piñal. Bib. S. XVIII v. 3, 1284  //;;;;;;;;;Zaragoza, España //;;;;;;37  //;;;;;;;;;;;;;;;sp;spa;;;Libro;;VE/680/3 //;http://bdh-rd.bne.es/viewer.vm?id=0000065991&page=1 **;http://bdh-rd.bne.es/text.vm?id=0000065991&first=1&last=14 **
a5145573;Aguilar, Francisco de Paula Fernández de Córdoba y de La Cerda, Marqués de , 1778-1814  //;Real Academia de Bellas Artes de San Carlos (Valencia)  //;;Cancion que con motivo de la distribucion de Premios generales de la Real Academia de San Carlos de Valencia;;escribió el Excelentísimo Señor Marques de Aguilar, jóven de 14 años de edad, hijo primogénito del Excelentísimo Señor Conde de Sástago;;[s.n.];;[S.l.];1793;10 p. , 4º ,;;;El Certamen de Premios tuvo lugar en 1792, aunque según Latassa se publica en 1793  // Sign.: [ ]⁴⁺¹  //;Aguilar Piñal. Bib. S.XVIII v. 3, 2582  // Latassa. Bibliotecas antigua y nueva de escritores aragoneses p. 494  //;;;;;;;Certámenes --  //;;;;;;;;82-1  //;;;;;;;;;;;;;;;xx;spa;;;Libro;;VE/563/31 //;http://bdh-rd.bne.es/viewer.vm?id=0000126880&page=1 **;http://bdh-rd.bne.es/text.vm?id=0000126880&first=1&last=10 **
a5146032;Feijoo, Benito Jerónimo , 1676-1764  //;;;Satisfaccion al escrupuloso;;;;[s.n.];;[S.l.];1727;8 p. , 4º ,;;;"Es contestación a las ""Dudas y reparos"" de Agustín de Castejón, según Aguilar Piñal  // Autor tomado de Aguilar Piñal  // Precede al título: ""Cristus""  // Fecha tomada de Aguilar Piñal  // Sign.: [ ]⁴  //";Aguilar Piñal. Bib. S.XVIII v. 3, 1889  //;;;;;;;;;;;;;;;821.134.2  //;;;;;;;;;;;;;;;xx;spa;;;Libro;;VE/712/11 //;http://bdh-rd.bne.es/viewer.vm?id=0000065651&page=1 **;http://bdh-rd.bne.es/text.vm?id=0000065651&first=1&last=8 **
a5146469;Gallo, Nicolás , 1715-1757  // Quintano Bonifaz, Manuel  // Goyeneche, Francisco Javier de , 1691-1748 -ed. lit.  //;;;Sermon que se predicó al Supremo Consejo de Inquisicion en el Real Convento de Religiosas de Sto. Domingo de esta Corte, la feria quarta de la primera dominica de Quaresma del año de 1751 ...;;"por mano del ... Sr. D. Manuel Quintano Bonifaz, Arzobispo de Pharfalia ... ; dale a luz ... el Marqués de Belzunce, Conde de Saceda ... ; le dixo el Padre ... Nicolas Gallo ...";;[s .n.];;En Madrid;1752;12], 63 p., [1] en bl. , 4º ,;;;Precede al título: cruz griega  // Sign.: *⁴, 2*², A-H⁴  // Iniciales grabadas  // Texto con apostillas marginales  //;Aguilar Piñal. Bib. S. XVIII v. 4, 313  //;;;;;;;;;Madrid, España //;;;;;;26  //;;;;;;;;;;;;;;;sp;spa;;;Libro;;VE/647/23 //;http://bdh-rd.bne.es/viewer.vm?id=0000126722&page=1 **;http://bdh-rd.bne.es/text.vm?id=0000126722&first=1&last=80 **
a5146754;Fernández de Mesa, Tomás Manuel  // Lucas, José Tomás -imp.  //;;;Oracion que exorta a estudiar las leyes de España por ellas mismas;;su autor el Dr. Don Thomàs Manuel Fernandez de Messa, abogado de los Reales Consejos;;en la Oficina de Joseph Thomàs Lucas ...;;En Valencia;1752;[12], 17 p., [1] en bl. , 4º ,;;;Sign.: ¶-¶¶⁴, C⁴, D⁴⁻¹  // Iniciales grabadas  //;Aguilar Piñal. Bib. S.XVIII v. 3, 2616  //;;;;;;;Derecho -- Enseñanza -- España -- Obras anteriores a 1800 --  //;;Valencia, España //;;;;;;340  //;;;;;;;;;;;;;;;sp;spa;;;Libro;;VE/711/39 //;http://bdh-rd.bne.es/viewer.vm?id=0000065646&page=1 **;http://bdh-rd.bne.es/text.vm?id=0000065646&first=1&last=32 **
a5146791;Francisco de San Lorenzo (O. de M.)  // Román, Manuel , fl. 1713-1732 -imp.  //;;;Oracion funebre y debidos filiales llantos en las lugubres honras que la Real y Miitar Orden de Mercenarios Descalzos ... consagró el dia quinze de enero deste año de 1714 ... a la inmortal memoria de su gran Padre el V. P. Fr. Gaspar de S. Laurencio ...;;"dixola el Padre Fr. Francisco de San Lorenzo, lector de artes y theologia ... ; dala a luz un especial favorecido y apasionado del difunto ...";;en la imprenta de Manuel Román;;En Madrid;1714;[14], 22 p. , 4º ,;;;Sign.: A-D⁴, E²  // Portada con orla tipográfica  // Iniciales grabadas y adornos tipográficos a lo largo del texto  //;Aguilar Piñal. Bib. S.XVIII v. 3, n. 4547  //;;;;;;;Oración -- Obras anteriores a 1800 --  //;;Madrid, España //;;;;;;26  //;;;;;;;;;;;;;;;sp;spa;;;Libro;;VE/441/6 //;http://bdh-rd.bne.es/viewer.vm?id=0000127468&page=1 **;http://bdh-rd.bne.es/text.vm?id=0000127468&first=1&last=40 **
a5146909;Francisco de Vinaroz (O. F. M. Cap.)  // García, José , fl. 1724-1765 -imp.  //;;;Oracion proclamatoria que en las fiestas que por la exaltacion al trono de nuestro catolico monarca Fernando VI ... hizo la ... Villa de Castellon de la Plana, el dia 28. de Agosto de 1746;;"dixo el M. R. P. Fr. Francisco de Vinaroz ... de los Menores Capuchinos ; sacala a luz Don Carlos Vallès ...";;en la oficina de Joseph Garcia, plaza de Calatrava;;En Valencia;1746;26 p. , 4º ,;;;Fecha aproximada de impresión tomada del título  // Sign.: A-C⁴, D¹  // Iniciales grabadas  // Apostillas marginales  //;Aguilar Piñal. Bib. S.XVIII v. 3, n. 4589  //;;;;;;;Oración -- Obras anteriores a 1800 --  //;;Valencia, España //;;;;;;26  //;;;;;;;;;;;;;;;sp;spa;;;Libro;;VE/637/7 //;http://bdh-rd.bne.es/viewer.vm?id=0000126931&page=1 **;http://bdh-rd.bne.es/text.vm?id=0000126931&first=1&last=26 **
a5147149;Ferrer, Miguel , s. XVIII  // Martínez Abad, José Francisco -imp.  // Pérez, Juan , fl. 1731 -ed.  //;Librería de Bernabé Arroyo (Madrid) -ed.  //;;Contra-cartas a las Philosophicas publicadas por los que se nombran, D. Fernando Lopez de Amezua y Don Thomas Moreno sobre el terremoto del dia primero de Noviembre de el año de 1755;;escritas por Don Miguel Ferrer, contador de las siete rentillas del reyno ...;;en la imprenta de Joseph Francisco Martinez Abad  se hallarà en la Libreria de Juan Perez, mercader de libros ... y en la de Bernavè Arroyo, calle Ancha ...;;En Madrid;1756;[32], 47, [1] p. en bl. , 4º ,;;;Fecha tomada de la Tasa en recto de h. ¶¶¶₃  // Sign.: ¶-4¶⁴, A-F⁴  // Iniciales grabadas y notas a pie de página  //;Aguilar Piñal. Bib. S.XVIII v. 3, n. 3722  //;;;;;;;;;Madrid, España //;;;;;;82-5  //;;;;;;;;;;;;;;;sp;spa;;;Libro;;VE/654/22 //;http://bdh-rd.bne.es/viewer.vm?id=0000126728&page=1 **;http://bdh-rd.bne.es/text.vm?id=0000126728&first=1&last=80 **
a5147806;Francisco de San Pedro de Alcántara (O.F.M.)  // Peralta, Bernardo -imp.  //;;;Sermon panegyrico, predicado al ... Sacramento del Altar en la octava, que ... se celebra en la Parroquial de Santa Maria de la Villa coronada de Ocaña;;"predicado por R. P. Fr. Francisco de San Pedro de Alcántara, ò Sacedòn, Religioso Descalzo de la ... Observancia de ... S. Francisco, ... ; dale a la publica luz ... D. Bernardo Escamilla, ... Capellan de San Isidro de esta Corte y hermano del autor";;en la imprenta de Bernardo Peralta, enfrente del Horno de la Mata;;En Madrid;1729;[32], [16] p. , 4º ,;;;Sign.: ¶-4¶⁴, A-B⁴  // Portada con orla tipográfica  // Apostillas marginales  // Grabado xilográfico en cabecera del verso de la hoja con signatura ¶₄, que representa el escudo de la Inquisición  //;Aguilar Piñal. Bib. S.XVIII v. 3, n. 4550  //;;;;;;;Panegíricos españoles -- S.XVIII --  //;;Madrid, España //;;;;;;26  //;;;;;;;;;;;;;;;sp;spa;;;Libro;;VE/695/15 //;http://bdh-rd.bne.es/viewer.vm?id=0000065653&page=1 **;http://bdh-rd.bne.es/text.vm?id=0000065653&first=1&last=48 **
a5148613;Romagnosi, Giovanni Domenico  //;;;Progetto del codice di procedura penale pel cessato Regno d'Italia, con aggiunte e riforme al medesimo;;di G. D. Romagnosi;4. ed. accresciuta dall'autore di vari articoli sulla giurisprudenza positiva penale;[s.n.]  nella Tip. Guasti;;[S.l.] , Prato;1838;XXIV, 306 p. , 20 cm ,;;;;;;;;;;;Procedimiento penal -- Italia --  //;;;;;;;;343  //  343.1(450)  //;;;;;;;;;;;;;;;it;ita;;;Libro;;U/5412 //;http://bdh-rd.bne.es/viewer.vm?id=0000093208&page=1 **;http://bdh-rd.bne.es/text.vm?id=0000093208&first=1&last=335 **
a5148642;Romagnosi, Giovanni Domenico  //;;;Collezione degli articoli di economia politica e statistica civile;;del professore G. D. Romagnosi;;[s.n.]  nella Tip. Guasti;;[S.l.] , Prato;1836;2 v. , 20 cm ,;;[1]. Economia politica (644 p.) -- [2]. Statistica civile (219 p.)// [1]. Economia politica (644 p.) -- [2]. Statistica civile (219 p.)//;Vol. 2, 2ª ed.  //;;;;;;;;Economía --  // Estadística --  //;;;;;;;;311  //  33  //;;;;;;;;;;;;;;;it;ita;;;Libro;;U/5413 // U/5414 //;http://bdh-rd.bne.es/viewer.vm?id=0000131543&page=1 ** http://bdh-rd.bne.es/viewer.vm?id=0000131543&page=656 **;http://bdh-rd.bne.es/text.vm?id=0000131543&first=1&last=655 ** http://bdh-rd.bne.es/text.vm?id=0000131543&first=656&last=1080 **
a5148703;Romagnosi, Giovanni Domenico  //;;;Ricerche sulla validitá dei giudicj del pubblico a discernere il vero dal falso;Ricerche sulla validitá dei giudicii del pubblico a discernere il vero dal falso  //;di G. D. Romagnosi;2. ed.;[s.n.]  Tip. Guasti;;[S.l.] , Prato;1837;"2 v. (VI, 306; 336 p.) , 20 cm ,";;;;;;;;;;;Verdad --  // Opinión pública --  //;;;;;;;;111  //  111.83  //  161.25  //  316.653  //;;;;;;;;;;;;;;;it;ita;;;Libro;;U/5417 // U/5418 //;http://bdh-rd.bne.es/viewer.vm?id=0000131626&page=1 ** http://bdh-rd.bne.es/viewer.vm?id=0000131626&page=320 **;http://bdh-rd.bne.es/text.vm?id=0000131626&first=1&last=319 ** http://bdh-rd.bne.es/text.vm?id=0000131626&first=320&last=662 **
a5148939;Folgar Varela y Amunarriz, Antonio Manuel de  // Marín, Antonio , fl. 1726-1784 -imp.  //;;;Sermones Panegyricos, predicados en la imperial ciudad de Mexico;;"por ... Antonio Manuel de Folgar, Varela y Amunarriz ... ; Primera parte";;por Antonio Marin;;En Madrid;1753;[24], 119 p. , 4º ,;;;Sign.: ¶⁸, ¶¶⁴, A-G⁸, H⁴  //;Aguilar Piñal. Bib. S.XVIII v. 3, 4204  //;;;;;;;Sermones --  //;;Madrid, España //;;;;;;2  //;;;;;;;;;;;;;;;sp;spa;;;Libro;;VE/658/18 //;http://bdh-rd.bne.es/viewer.vm?id=0000126726&page=1 **;http://bdh-rd.bne.es/text.vm?id=0000126726&first=1&last=142 **
a5149104;Font, Juan Pablo  // Forns, Juan -imp.  //;;;Vida, de fray Juan Garin, y de la penitencia, que hizo en la Montaña de Monferrate, y de la Fundacion de la Casa, y del aparecimiento de la Virgen Maria;;compuesta por Juan Pablo Font;;por Juan Forns Impressor...;;Barcelona;entre 1760 y 1770?;32 p. , 8º ,;;;Existe una emisión con variantes tipográficas  // Fecha de impresión deducida del periodo de actividad conocido del impresor  // Sign.: [ ]², A¹⁴  // Portada con orla tipográfica y dos figuras xilográficas  //;Aguilar Piñal. Bib. S.XVIII v. 3, 4216  //;;;;;;;Penitencia -- Obras anteriores a 1800 --  //;;Barcelona, España //;;;;;;2  //;;;;;;;;;;;;;;;sp;spa;;;Libro;;VE/613/5 //;http://bdh-rd.bne.es/viewer.vm?id=0000126888&page=1 **;http://bdh-rd.bne.es/text.vm?id=0000126888&first=1&last=32 **
a5150286;Frías, Manuel Antonio de (S.I.)  //;;;A la memoria del grande Luis XIV oracion panegyrica, estatua que le fabrican las armas, las letras y las virtudes y se la consagra la ... Villa de Madrid;;deziala el P. Manuel Antonio de Frias, de la Compañia de Jesus;;[s.n.];;[S.l.];1715;23 p., [1] en bl. , 4º ,;;;Fecha aproximada de impresión deducida del texto: Luis XIV falleció en 1715  // Sign.: A-C⁴  // Portada con orla xilográfica  // Apostillas marginales  // Iniciales grabadas y adornos xilográficos  //;Aguilar Piñal. Bib. S.XVIII v. 3, n. 4667  //;;;;;;;Francia --  // Panegíricos --  //;;;;;;;;26  //;;;;;;;;;;;;;;;sp;spa;;;Libro;;VE/445/17 //;http://bdh-rd.bne.es/viewer.vm?id=0000127488&page=1 **;http://bdh-rd.bne.es/text.vm?id=0000127488&first=1&last=24 **
a5150789;;;;Estado de la marina francesa con expresion de los navios que se hallan en estado de guerra, y los que estan en constuccion;;;;[s.n.];;[S.l.];entre 1801 y 1850?;[1] h. , Fol. ,;;;Título tomado de la cabecera del texto  // Por la tipografía se deduce impreso en la primera mitad del S.XIX  //;;;;;;;;Marina de guerra -- Francia --  // Francia -- Historia naval -- S.XIX --  //;;;;;;;;359  //;;;;;;;;;;;;;;;xx;spa;;;Libro;;R/60249(2) //;http://bdh-rd.bne.es/viewer.vm?id=0000147870&page=1 **;http://bdh-rd.bne.es/text.vm?id=0000147870&first=1&last=4 **
a5150826;;Imprenta de la Dignidad Episcopal (Málaga)  //;;Buques que van en la Real Armada al mando del Excmo. Sr. D. Luis de Cordoba, con expresion de las divisiones en que han de navegar, y forma de línea de Batalla;;;;en la Imprenta de la Plaza;;En Malaga;entre 1754 y 1792?;[1] h. pleg. , 31 x 42 cm ,;;;Título tomado de la cabecera del texto  // Fecha de impresión tomada del periodo de actividad del impresor  // Texto impreso por una sola cara  //;;;;;;;;España -- Historia naval -- S.XVIII --  //;;;;;;;;355  //;;;;;;;;;;;;;;;sp;spa;;;Libro;;R/60249(4) //;http://bdh-rd.bne.es/viewer.vm?id=0000147868&page=1 **;http://bdh-rd.bne.es/text.vm?id=0000147868&first=1&last=3 **
a5152567;Ferreras, Juan de , 1652-1735  // Pérez de Soto, Antonio -imp.  //;;;Historia de España parte sexta : contiene los sucessos de el syglo XIII : justificados por la mas segura auctoridad y chronologia ...;;por Don Juan de Ferreras ...;;en la Imprenta de Antonio Perez de Soto ...;;Madrid;1759;[4], 444, [36] p. , 4º ,;;;Sign.: [ ]², A-Z⁴, Aa-Zz⁴, Aaa-Ooo⁴  // Portada con orla tipográfica  //;;;;;;;;España -- Historia --  //;;Madrid, España //;;;;;;94(460)  //;;;;;;;;;;;;;;;sp;spa;;;Libro;;6/4159 //;http://bdh-rd.bne.es/viewer.vm?id=0000099250&page=1 **;http://bdh-rd.bne.es/text.vm?id=0000099250&first=1&last=491 **
a5152704;Ferreras, Juan de , 1652-1735  //;;;Disertacion de el monacato de S. Millan de la Cogolla;;por Don Juan de Ferreras ...;;[s.n.];;En Madrid;1724;[4], 20 p. , 4º ,;;;Sign.: [ ]², A-B⁴, C²  // Portada con orla tipográfica  //;Aguilar Piñal. Bib. S.XVIII v. 3, n. 3794  //;;;;;;;Monasterio de San Millán de la Cogolla --  //;;Madrid, España //;;;;;;26  //;;;;;;;;;;;;;;;sp;spa;;;Libro;;VE/638/9 //;http://bdh-rd.bne.es/viewer.vm?id=0000126613&page=1 **;http://bdh-rd.bne.es/text.vm?id=0000126613&first=1&last=24 **
a5152992;García Colorado, Francisco  //;;;El mystico samaritano, humilde lego de la militante iglesia, Sr. S. Juan de Dios, ordenado en ocho eclesiasticos ordenes ...;;en el sermon panegyrico, que ... predicò ... en su Convento de Granada el dia 16 de marzo del año de 1748 ... el doctor D. Francisco Garcia Colorado y Toledano, presbytero ...;;[s.n.];;[S.l.];1748;[24], 23 p., [1] en bl. , 4º ,;;;Fecha de impresión tomada de las Licencias  // Sign.: ¶-¶¶¶⁴, A-C⁴  // Texto con apostillas marginales  // Portada con orla tipográfica  //;Aguilar Piñal. Bib. S.XVIII v. 4, 720  //;;;;;;;Juan de Dios, -- Santo -- Culto --  // Sermones --  //;;;;;;;;25  //;;;;;;;;;;;;;;;xx;spa;;;Libro;;VE/655/13 //;http://bdh-rd.bne.es/viewer.vm?id=0000126729&page=1 **;http://bdh-rd.bne.es/text.vm?id=0000126729&first=1&last=48 **
a5152996;García Colorado, Francisco  // García, Francisco Javier , fl. 1753-1781? -imp.  //;;;Oracion panegyrico-moral en aplauso de ... Santa Rosa de Santa Maria, celebrada por el ... Consejo de Indias en el Real Convento de Santo Domingo de esta Corte el sabado 30 de agosto ... de 1755;;dixola ... Francisco Garcia Colorado y Toledano ...;;en la Imprenta de Francisco Xavier Garcia, calle de Capellanes ...;;En Madrid;1755;[16], 27 p., [1] en bl. , 4º ,;;;Fecha de impresión tomada de las Licencias  // Sign.: ¶-¶¶⁴, A-C⁴, D²  // Texto con apostillas marginales  //;Aguilar Piñal. Bib. S.XVIII v. 4, 726  //;;;;;;;Rosa de Lima, -- Santa -- Panegíricos --  // Sermones --  //;;Madrid, España //;;;;;;25  //;;;;;;;;;;;;;;;sp;spa;;;Libro;;VE/648/30 //;http://bdh-rd.bne.es/viewer.vm?id=0000126724&page=1 **;http://bdh-rd.bne.es/text.vm?id=0000126724&first=1&last=44 **
a5153005;García Colorado, Francisco  // García, Francisco Javier , fl. 1753-1781? -imp.  // Castillo, Antonio del , fl. 1758-1804 -ed.  //;;;Voz de Dios oida en el terremoto acaecido el dia primero de noviembre de 1755, y demonstrada en la oracion moral;;que ... dixo en el templo de Señras. Descalzas Reales de esta Corte, el Doct. D. Francisco Garcia Colorado y Toledano ...;;en la Imprenta, y a costa de Francisco Xavier Garcia ... y en la Libreria de Antonio del Castillo ...;;En Madrid;1756;[16], 24 p. , 4º ,;;;Fecha de impresión tomada de la Tasa: 1756  // Sign.: ¶-¶¶⁴, A-C⁴  // Texto con apostillas marginales  //;Aguilar Piñal. Bib. S.XVIII v. 4, 727  //;;;;;;;Sermones --  // Terremotos -- España --  //;;Madrid, España //;;;;;;82-5  //;;;;;;;;;;;;;;;sp;spa;;;Libro;;VE/647/6 //;http://bdh-rd.bne.es/viewer.vm?id=0000126709&page=1 **;http://bdh-rd.bne.es/text.vm?id=0000126709&first=1&last=40 **
a5155803;Ferriz, Francisco  // Lucas, José Tomás -imp.  //;;;Carta, parecer, y respuesta, canonico-moral que a las preguntas que se han hecho sobre las provisiones, y elecciones de los beneficios fundados en la Iglesia Parroquial de Santiago de la Ciudad de Villena ... y reparos puestos contra ella;;dà el Dr. D. Francisco Ferriz ...;;por Joseph Th. Lucas;;En Valencia;1760;[8], 55 p., [1] en bl. , 8º ,;;;Sign.: A-D⁸  // Portada con grabado xilográfico  // Apostillas marginales  //;Aguilar Piñal. Bib. S.XVIII v. 3, n. 3810  //;;;;;;;Moral cristiana -- Obras anteriores a 1800 --  //;;Valencia, España //;;;;;;24  //;;;;;;;;;;;;;;;sp;spa;;;Libro;;3/22304(2) //;http://bdh-rd.bne.es/viewer.vm?id=0000092286&page=1 **;http://bdh-rd.bne.es/text.vm?id=0000092286&first=1&last=63 **
a5155812;Feliu, Domingo  // Armañá, Francisco , 1718-1803  // Canals, Pedro -imp.  //;;;Oracion funebre en las exequias solemnes que a influxo de la piedad, amor, y zelo del ilustrisimo y reverendisimo señor D. Fr. Francisco Armaña arzobispo de Tarragona ... se consagraron a la ... memoria y eterno descanso del ilustrisimo y reverendisimo señor D. Fr. Rafael Lassala y Locela .... a 27 de julio de 1792;;dixo ... Fr. Domingo Feliu ...;2ª ed.;por Pedro Canals ...;;Tarragona;1792;34 p., [1] h. pleg. , 4º ,;;;Fecha de impresión tomada del título  // Sign.: A¹⁷  //;Aguilar Piñal. Bib. S.XVIII v. 3, 2380  //;;;;;;;Exequias --  //;;Tarragona, España //;;;;;;26  //;;;;;;;;;;;;;;;sp;spa;;;Libro;;VE/514/23 //;http://bdh-rd.bne.es/viewer.vm?id=0000127132&page=1 **;http://bdh-rd.bne.es/text.vm?id=0000127132&first=1&last=38 **
a5156308;García, Domingo (S.I.)  // Hermosilla, José Antonio , fl. 1725-1738 -imp.  //;;;Oracion funebre en las magnificas honras que a la ... memoria del ... Señor ... Alonso Sanchez Calvo, beneficiado, I cura proprio de ... Sevilla, celebró su ... sobrino D. Salvador Sanchez Calvo ...;;"dixola el Padre Domingo Garcia de la Compañia de jesus ... ; la dá a luz publica el referido Don Salvador ...";;en la Imprenta de Joseph Antonio de Hermosilla, mercader de libros, en calle de Genova;;En Sevilla;1731;[16], 29, [6] p., [1] en bl., [2] h. de lám. , 4º ,;;;Sign.: ¶-2¶⁴, A-D⁴, E²  // Iniciales grabadas  // Texto con apostillas marginales  // Las láminas son grabados calcográficos a toda plana: con escudo cardenalicio y retrato de Alonso Sánchez Calvo  //;Aguilar Piñal. Bib. S. XVIII v. 4, 461  //;;;;;;;;;Sevilla, España //;;;;;;26  //;;;;;;;;;;;;;;;sp;spa;;;Libro;;VE/655/16 //;http://bdh-rd.bne.es/viewer.vm?id=0000063100&page=1 **;http://bdh-rd.bne.es/text.vm?id=0000063100&first=1&last=56 **
a5156724;Fortea, Manuel  // Estevan y Cervera, José , fl. 1773-1820 -imp.  //;;;Elogio de S. Antonio de Padua, que en la solemne fiesta que anualmente celebra la Hermandad de Comerciantes de la ciudad de Valencia en la parroquial de Santa Catalina M.;;dixo en el dia 6 de Julio de 1800 el R.P.Fr. Manuel Fortea ...;;por Joseph Estevan y Cervera;;En Valencia;1800;[4], 32 p. , 4º ,;;;Sign.: [ ]², A-D⁴  //;Aguilar Piñal. Bib. S.XVIII v. 3, 4455  //;;;;;;;Antonio de Padua, -- Santo -- Sermones --  //;;Madrid, España //;;;;;;2  //;;;;;;;;;;;;;;;sp;spa;;;Libro;;VE/525/12 //;http://bdh-rd.bne.es/viewer.vm?id=0000127152&page=1 **;http://bdh-rd.bne.es/text.vm?id=0000127152&first=1&last=36 **
a5156995;Gil Sanz, Juan  //;Herederos de Cristóbal de Requena -Imp.  //;;El triumpho vindicado, de la calumnia impostura, e ignorancia contra la medicina sceptica, y sus factores;El trivmpho uindicado  //;escrivialo don Juan Gil Sanz ...;;por los Herederos de Christoval de Requena;;Impresso en Cadiz;1729;[16], 47 p., [1] en bl. , 4º ,;;;Fecha de impresión tomada de la Censura  // Sign.: *-**⁴, A-F⁴  // Texto con apostillas marginales  // Portada con orla tipográfica  //;Aguilar Piñal. Bib. S.XVIII v. 4, 1399  //;;;;;;;Martínez, Martín --  // Medicina -- S.XVIII --  //;;Cádiz, España //;;;;;;61  //;;;;;;;;;;;;;;;sp;spa;;;Libro;;VE/1034/35 //;http://bdh-rd.bne.es/viewer.vm?id=0000132882&page=1 **;http://bdh-rd.bne.es/text.vm?id=0000132882&first=1&last=64 **
a5157080;Ubrique, Félix José de (O.F.M. Cap.)  //;;;Sermon que en las religiosas exequias, funcion del capitulo, a sus prelados defuntos [sic] ofrece esta provincia de la Inmaculada Concepcion de nuestra Señora, de Menores Capuchinos de N.S.P. S. Francisco, de los Reynos de Andaluzia;;dixole en el convento de Santa Justa, y Rufina ... el ... Fr. Felix Joseph de Ubrique ...;;[s.n.];;Impresso en Sevilla;1704;[8], 23 p., [1] en bl. ,;;;Sign.: ¶⁴, A², B-D⁴  // Portada con orla tipográfica  // Texto con apostillas marginales  //;Aguilar Piñal. Bib. S.XVIII v. 3, 2414  //;;;;;;;Exequias --  //;;Sevilla, España //;;;;;;26  //;;;;;;;;;;;;;;;sp;spa;;;Libro;;VE/446/16 //;http://bdh-rd.bne.es/viewer.vm?id=0000127475&page=1 **;http://bdh-rd.bne.es/text.vm?id=0000127475&first=1&last=36 **
a5157304;García, Jerónimo (O.F.M.) , 1678-1751  // Jiménez, Pedro , fl. 1724-1732 -imp.  //;;;Panegyrico funeral en la solemne translacion de el V. Cadaver de ... D. Manuel Perez de Araciel y Rada, Arzobispo de Zaragoza, que en la ... ciudad de Alfaro ... celebraron sus herederos ... en 7. de noviembre de 1729;;lo dixo ... Fr. Geronimo Garcia de el Orden de Franciscanos, ... Calificador de el Santo Oficio en el Tribunal de Aragon ...;;por Pedro Ximenez;;En Zaragoza;1730;[40], 25 p., [1] en bl. , 4º ,;;;Sign.: a-e⁴, A-B⁴, C⁶⁻¹  // Iniciales grabadas  // Texto con apostillas marginales  //;Aguilar Piñal. Bib. S. XVIII v. 4, 497  //;;;;;;;Pérez de Araciel, Manuel -- Exequias --  //;;Zaragoza, España //;;;;;;26  //;;;;;;;;;;;;;;;sp;spa;;;Libro;;VE/445/7 //;http://bdh-rd.bne.es/viewer.vm?id=0000127487&page=1 **;http://bdh-rd.bne.es/text.vm?id=0000127487&first=1&last=70 **
a5157327;Finestres i de Monsalvo, Josep , 1688-1777  // Barber, José -imp.  //;Imprenta de la Universidad (Cervera)  //;;Josephi Finestres et de Monsalvo ... Praelectiones Cervarienses, sive Commentarii academici ad titulos Pandectarun De inofficioso testamento ac De vulgari et pupillari substitutione ...;Praelectiones Cervarienses  // Commentarii academici ad titulos Pandectarun De inofficioso testamento  //;;;Typis Academicis per Josephum Barber & Soc.;;Cervariae;1752;[8], 360, [16] p. , 4º ,;;;Sign.: [ ]⁴, A-Z⁴, Aa-Zz⁴, Aaa⁴  // Portada a dos tintas  //;Aguilar Piñal. Bib. S.XVIII v. 3, n. 3874  //;;;;;;;Derecho civil -- Obras anteriores a 1800 --  //;;Cervera, España //;;;;;;347  //;;;;;;;;;;;;;;;sp;lat;;;Libro;;2/12473 //;http://bdh-rd.bne.es/viewer.vm?id=0000061214&page=1 **;http://bdh-rd.bne.es/text.vm?id=0000061214&first=1&last=395 **
a5157729;García de la Vega, Pedro  //;;;Compendio breve del martyrio que padeciò en Argel ... Don Diego Coronel Suarez ...;;y le saca a luz Don Pedro Garcia de Vega, cavallero de el Orden de Santiago;;[s.n.];;En Madrid;1731;[6], 20 p., [2] en bl. , 4º ,;;;Precede al título: Cristus  // Sign.: A-C⁴, D²  // Portada y texto con orla tipográfica, excepto los preliminares  // Inicial grabada y adorno xilográfico  //;Aguilar Piñal. Bib. S.XVIII v. 4, n. 1124  //;;;;;;;Coronel Suárez, Diego --  // Mártires cristianos -- Argel -- Historia --  //;;Madrid, España //;;;;;;9  //;;;;;;;;;;;;;;;sp;spa;;;Libro;;VE/1038/1 //;http://bdh-rd.bne.es/viewer.vm?id=0000132889&page=1 **;http://bdh-rd.bne.es/text.vm?id=0000132889&first=1&last=28 **
a5157818;Fiox, José Antonio  //;;;Los ciegos vindicados;;carta de D. Josef Antonio Fiox á los señores diaristas;;[s.n.];;[S.l.];1786;7 p., [1] en bl. , 4º ,;;;Título tomado de cabecera de texto  // Fecha tomada de final de texto  // Sign.: [ ]⁴  //;Aguilar Piñal. Bib. S.XVIII v. 3, n. 3883  //;;;;;;;Literatura española -- Crítica textual --  //;;;;;;;;82.09  //;;;;;;;;;;;;;;;sp;spa;;;Libro;;VE/333/35 //;http://bdh-rd.bne.es/viewer.vm?id=0000127744&page=1 **;http://bdh-rd.bne.es/text.vm?id=0000127744&first=1&last=8 **
a5158147;Fita, Pascual  // Ramos, Luis de  //;;;Sermon de la Santisima Virgen de los Dolores que en la Iglesia del Real Hospital de Nuestra Señora de la Asumpcion de la villa de Estepa;;dixo ... su prelado ... Don Pascual Fita, el dia 4 de Abril de 1800;;en la Oficina de D. Luis de Ramos ...;;En Cordoba;1800;43 p., [1] en bl. , 4º ,;;;"Precede al título: ""christus""  // Fecha de impresión tomada de título y cotejada con Aguilar Piñal  // Sign.: [A]-E⁴, F²  //";Aguilar Piñal. Bib. S.XVIII v. 3, n. 3890  //;;;;;;;Sermones -- S.XIX --  //;;Córdoba, España //;;;;;;82-5  //;;;;;;;;;;;;;;;sp;spa;;;Libro;;VE/516/1 //;http://bdh-rd.bne.es/viewer.vm?id=0000127158&page=1 **;http://bdh-rd.bne.es/text.vm?id=0000127158&first=1&last=44 **
a5158375;Flores, Antonio Francisco de  //;Herederos de Cristóbal de Requena -imp.  //;;Romance de arte mayor en que se refiere el maravilloso sucesso acontecido en la ciudad de Cadiz ... el lunes 27 de Agiosto deste año de 1708 ...;;escribalo Don Antonio Francisco de Flores;;en la Imprenta de los Herederos de Christivak de Reqyena;;Impresso en Cadiz ...;1708;[4], 11 p., [1] en bl. , 4º ,;;;Fecha tomada de título  // Sign.: A-B⁴  // Portada con orla tipográfica  //;Aguilar Piñal. Bib. S.XVIII v. 3, n. 4052  //;;;;;;;Cádiz -- Misceláneas --  //;;Cádiz, España //;;;;;;649  //;;;;;;;;;;;;;;;sp;spa;;;Libro;;VE/640/16 //;http://bdh-rd.bne.es/viewer.vm?id=0000126612&page=1 **;http://bdh-rd.bne.es/text.vm?id=0000126612&first=1&last=16 **
a5158376;Gómez de Espiga y Vega, Plácido  //;;;Oracion de la Santissima Trinidad dedicada al rey nuestro señor Philippo Quinto ...;;dixola en su real presencia el dia veinte y dos de mayo de este año de mil setecientos y uno, en el Convento de religiosos Calçados de la Santissima Trinidad Redempcion de Cautivos de esta corte, el maestro Fray Placido Gomez de Espiga y Vega ...;;[s.n.];;[S.l.];1701;[14], 28 p. , 4º ,;;;Fecha aproximada de impersión deducida del título y de los prelimianres1701  // Sign.: A-E⁴, F¹  // Portada con orla y escudo real xilográfico  // Iniciales grabadas y adorno xilográfico  // Texto con apostillas marginales  //;Aguilar Piñal. Bib. S.XVIII v. 4, n. 1596  //;;;;;;;Oración -- Obras anteriores a 1800 --  //;;;;;;;;26  //;;;;;;;;;;;;;;;xx;spa;;;Libro;;VE/695/31 //;http://bdh-rd.bne.es/viewer.vm?id=0000065652&page=1 **;http://bdh-rd.bne.es/text.vm?id=0000065652&first=1&last=42 **
a5158431;Flores, Antonio Francisco de  // Requena, Cristóbal de , fl. 1688-1708 -imp.  //;;;Romance hendechasilabo en que por mayor se refieren los progressos de las Armas de nuestro Rey y Señor D. Phelipe Quinto ...;;escrivialo Don Francisco de Flores, Contador Mayor de la Provision general del exercito de Andaluzia ...;;por Cristoval de Requena ...;;En Cadiz;1706;[6], 10 p. , 4º ,;;;Sign.: A-B⁴  // Portada con orla tipográfica  //;Aguilar Piñal. Bib. S.XVIII v. 3, n. 4051  //;;;;;;;Felipe -- V, -- Rey de España -- Alabanzas --  //;;Cádiz, España //;;;;;;394  //;;;;;;;;;;;;;;;sp;spa;;;Libro;;VE/641/118(1) //;http://bdh-rd.bne.es/viewer.vm?id=0000126603&page=1 **;http://bdh-rd.bne.es/text.vm?id=0000126603&first=1&last=16 **
a5158554;Arias, Gómez  // González, José , fl. 1729-1763 -ed.  //;;;"El Piscator para el año de 1751 claro, porque no tiene eclypses; cuerdo, porque está sin lunas; y alegre, porque va en verso ...";El Gran Piscator D. Gomez Arias para el año de 1751  //;por D. Gomez Arias;;se hallará en la Imprenta de Joseph Gonzalez, vive en la Calle del Arenal, junto la Puentecilla de San Ginés, y Tiendas nuevas de San Martin;;En Madrid;1751;[22], [2] en bl., 16 p. , 8º ,;;;Colofón  // Fecha de impresión tomada del título  // Sign.: [ ]⁴, ¶⁸, A⁸  // Portada con orla tipográfica  // Anteportada con grabado xilográfico  //;Aguilar Piñal. Bib. S.XVIII v. 1, 2441  //;;;;;;;;;Madrid, España //;;;;;;(059.3)  //  087.6  //;;;;;;;;;;;;;;;sp;spa;;;Libro;;RI/342<13>(8) //;http://bdh-rd.bne.es/viewer.vm?id=0000124475&page=1 **;http://bdh-rd.bne.es/text.vm?id=0000124475&first=1&last=21 **
a5158831;Gómez de Terán, Roque Jacinto  //;;;Illmo. señor, Sirviòse V.S.I. por su papel de 10 de julio proximo passado hacerme saber, que el Rey ... en vista de la consulta ... sobre la impression de los Libros Sagrados, ha resuelto se haga en España desde luego, y con toda la mayor brevedad ... y que para hacerla, y establecer las impressiones, se discurran, y pongan los medios convenientes ...;Precio a que se venden los libros sagrados en San Geronimo [Flandes], y valor que tendran impressos en España;[Doct. don Roque Jacinto Gomez de Teràn];;[s.n.];;[S.l.];1732;24, [3] p., [1] en bl. , Fol. ,;;Precio a que se venden los libros sagrados en San Geronimo [Flandes], y valor que tendran impressos en España ... año de 1732// Precio a que se venden los libros sagrados en San Geronimo [Flandes], y valor que tendran impressos en España ... año de 1732//;Informe sobre la impresión de libros sagrados en España  // Titulo tomado de inicio de texto  // Precede al título: [cristus]  // El nombre del autor consta al final del texto, en p. 24  // Fecha de impresión tomada de la segunda parte  // Sign.: A-G²  // Texto con doble fileteado  // Inicial grabada  //;Aguilar Piñal. Bib. S.XVIII v. 4, 1730  //;;;;;;;Bordázar de Artazu, Antonio --  // Monasterio de El Escorial -- Historia--  // Libros litúrgicos -- Edición --  // Imprenta -- España -- S.XVIII --  //;;;;;;;;655  //;;;;;;;;;;;;;;;xx;spa;;;Libro;;VE/496/48 //;http://bdh-rd.bne.es/viewer.vm?id=0000127139&page=1 **;http://bdh-rd.bne.es/text.vm?id=0000127139&first=1&last=32 **
a5158872;Gómez de Terán, Roque Jacinto  //;;;Señor, el Doct. D. Roque Jacinto Gomez de Teràn, Arcediano de Montenegro, Dignidad, y Canonigo ... dice que en conformidad del articulo VII del Concordato entre V.M. y ... Clemente XII ... otorgado en 26 de septiembre del año passado de 1737 ... para que el estado eclesiastico contribuyesse a V.M. por solos cinco años, con la suma de 150.[000] ducados en cada uno ...;;;;[s.n.];;[S.l.];1738;7 p., [1] en bl. , Fol. ,;;;Titulo tomado de inicio de texto  // Precede al título: [cristus]  // Fecha de impresión deducida del texto  // Sign.: A⁴  // Inicial grabada  //;;;;;;;;Iglesia Católica -- España -- Finanzas --  // Iglesia y Estado -- España --  //;;;;;;;;348  //;;;;;;;;;;;;;;;xx;spa;;;Libro;;VE/459/70 //;http://bdh-rd.bne.es/viewer.vm?id=0000127182&page=1 **;http://bdh-rd.bne.es/text.vm?id=0000127182&first=1&last=8 **
a5159395;Flores y Villarroel, Eugenio de  // Casas y Martínez, Félix de -imp.  //;;;Libro de los libros, tomo de los tomos, volumen de los volumenes, tesoro de los arcanos y arcano de los tesoros en el cual se enseñan unas especiales reglas a todos los facultativos astrónomos y para aquellos que no poseyeren esta ciencia, se construyen unas tablas aritmeticas ... las quales en los terminos posibles de la contingencia, podran servir en las extracciones de la loteria ...;;su autor ... Eugenio de Flores y Villaroel;;en la Oficina de D. Felix de Casas y Martínez;;Malaga;1789;71 p., [1] en bl. , 8º ,;;;Precede a título: [cruz griega]  // Sign.: A-D⁸, E⁴  //;Aguilar Piñal. Bib. S.XVIII v. 3, n. 4094  //;;;;;;;Astronomía -- S.XVIII --  // Aritmética -- Obras anteriores a 1800 --  //;;Málaga, España //;;;;;;52  //;;;;;;;;;;;;;;;sp;spa;;;Libro;;VE/561/61 //;http://bdh-rd.bne.es/viewer.vm?id=0000063460&page=1 **;http://bdh-rd.bne.es/text.vm?id=0000063460&first=1&last=74 **
a5159773;González Varela, José  // Aguayo Aldemunde, Ignacio -imp.  //;;;Discurso sobre el modo que tienen las pasiones de manifestarse, y de obras en cada hombre;;compuesto por ... Joseph Gonzalez Varela ...;;en la Imprenta de D. Ignacio Aguayo ...;;[Santiago de Compostela];1800;[8], 63 p. , 8º ,;;;Lugar de impresión deducido del lugar de actividad conocido del impresor: Santiago  // Sign.: [ ]⁴, A-D⁸  //;Aguilar Piñal. Bib. S.XVIII v. 4, 2309  //;;;;;;;Ética --  //;;;;;;;;17  //;;;España  //;;;;;;;;;;;;sp;spa;;;Libro;;VE/511/23 //;http://bdh-rd.bne.es/viewer.vm?id=0000127131&page=1 **;http://bdh-rd.bne.es/text.vm?id=0000127131&first=1&last=76 **
a5160277;González, Francisco Javier , 1711-1784  // Sánchez Reciente, Francisco -imp.  //;;;Reflexiones critico-theologicas, sobre la respuesta a la carta del ... Sr. D. Fr. Miguel de S. Joseph ... Juicio reflexo sobre la verdadera causa del terremoto, fundado en las Stas. Escripturas ...;;hacialo ... Fr. Francisco Xavier Gonzalez ... del orden de los Minimos ...;;en la Imprenta ... de Francisco Sanchez Reciente ...;;En Sevilla;1757;[44], 142 p., [2] en bl. , 4º ,;;;Fecha de impresión tomada de las Licencias: 1757  // Sign.: ¶-5¶⁴, 6¶², A-S⁴  // Iniciales grabadas  //;Aguilar Piñal. Bib. S.XVIII v. 4, 1829  //;;;;;;;Miguel de San José --  //;;Sevilla, España //;;;;;;550  //;;;;;;;;;;;;;;;sp;spa;;;Libro;;VE/650/19 //;http://bdh-rd.bne.es/viewer.vm?id=0000126725&page=1 **;http://bdh-rd.bne.es/text.vm?id=0000126725&first=1&last=186 **
a5160756;Gutiérrez de Mier, Nicolás  // González, José , fl. 1729-1763 -imp.  //;;;Sermon panegyrico historico e instructivo a la ... memoria ... de la reyna de cielos y tierra Maria Santissima con el titulo de Bien Aparecida en el monte de Hoz de Marron ... de la villa de Laredo ...;;predicò el Doct. D. Nicolas Gutierrez de Mier ... cura propio de la Iglesia Parroquial del Señor San Andrès Apostol del lugar de Villaverde de Madrid ...;;en la Imprenta de Joseph Gonzalez ...;;En Madrid;1754;[54], 65 p., [1] en bl. , 4º ,;;;Sign.: ¶-5¶⁴, *-**⁴, B-I⁴  // Portada con orla tipográfica  // Apostillas marginales  //;Aguilar Piñal. Bib. S.XVIII v. 4, n. 2776  //;;;;;;;Panegíricos -- S.XVIII --  //;;Madrid, España //;;;;;;82-5  //;;;;;;;;;;;;;;;sp;spa;;;Libro;;VE/697/24 //;http://bdh-rd.bne.es/viewer.vm?id=0000065655&page=1 **;http://bdh-rd.bne.es/text.vm?id=0000065655&first=1&last=120 **
a5161443;Granel, Pedro  // García, José , fl. 1724-1765 -imp.  //;;;Expression dolorosa, en que respira el afecto de muchos obligados hijos del ... padre mosen Gregorio Ridaura, presbytero ...;;manifestadas en las ... exequias, que ... dixo ... Pedro Granel ...;;por Ioseph Garcia ...;;En Valenca [sic];entre 1724 y 1765?;[4], 60 p., [1] h. de lám. , 4º ,;;;Fecha de impresión deducida del periodo de actividad conocido del impresor  // Sign.: [ ]², A-G⁴, H²  // Portada con orla tipográfica  // Texto a dos columnas  // La hoja de lámina es un grabado calcográfico, retrado de Gregorio Ridaura  //;Aguilar Piñal. Bib. S.XVIII v. 4, 2417  //;;;;;;;Panegíricos --  //;;Valencia, España //;;;;;;2  //;;;;;;;;;;;;;;;sp;spa;;;Libro;;VE/444/20 //;http://bdh-rd.bne.es/viewer.vm?id=0000127489&page=1 **;http://bdh-rd.bne.es/text.vm?id=0000127489&first=1&last=66 **
a5162179;Guzmán, Francisco de , s. XVIII  // Puerta, José de la -imp.  //;;;Laudatoria, y bejamen que en la Imperial Universidad de Granada se diò al Sr. D. Vicente Ruiz Velarde, en el grado de Doct. en Theologia que se le confiriò el dia quatro de Diziembre de mil setecientos y quarenta y cinco ...;;lo hizo y diò el doctor don Francisco Lorenzo de Guzman ...;;por Joseph de la Puerta;;Impresso en Granada;1746;[16], 26 p., [2] en bl. , 4º ,;;;Fecha tomada de recto de h. ¶¶₃  // Sign.: ¶-¶¶⁴, A-C⁴, D²  // Portada con orla tipográfica  //;Aguilar Piñal. Bib. S.XVIII v. 4, n. 2814  //;;;;;;;Universidad de Granada -- Historia-- Tesis doctorales--  //;;Granada, España //;;;;;;394  //;;;;;;;;;;;;;;;sp;spa;;;Libro;;VE/711/20 //;http://bdh-rd.bne.es/viewer.vm?id=0000065649&page=1 **;http://bdh-rd.bne.es/text.vm?id=0000065649&first=1&last=42 **
a5162187;Guarnerio y Allavena, Luis  // Ortega, Jerónimo , fl. 1788-1800 -imp.  //;;;Reflexiones sobre el uso interno y externo de las aguas termales de Trillo;;"por D. Luis Guarnerio y Allavena ... ; baxo la dirección del señor D. Narciso Carrascoso y á costa del autor";;en la oficina de D. Gerónimo Ortega é Hijos de Ibarra;;Madrid;1791;[4], VIII, 110 p. , 4º ,;;;Marca tipográfica en portada  // Sign.: [ ]², *⁴, a-n⁴, o⁴⁻¹  // Anteportada  //;Aguilar Piñal. Bib. S.XVIII v. 4, 2463  //;;;;;;;Aguas minerales -- Trillo --  // Hidroterapia -- Obras anteriores a 1800 --  //;;Madrid, España //;;;;;;553  //  615  //;;;;;;;;;;;;;;;sp;spa;;;Libro;;VE/512/27 //;http://bdh-rd.bne.es/viewer.vm?id=0000063699&page=1 **;http://bdh-rd.bne.es/text.vm?id=0000063699&first=1&last=122 **
a5162290;Hernández, Francisco Javier , s. XVIII  // Cano, Benito -imp.  //;;;El alma victoriosa de la pasion dominante por medio del examen particular de la conciencia, de los ejercicios cotidianos y práctica de las devociones obra utilisima;;que dió a luz el Padre Francisco Xavier Hernandez, de la extinguida Compañía de Jesus;Tercera impresion;en la Imprenta de Benito Cano  se hallará en las librerías de esta corte;;En Madrid;1787;[8], 236 p., [2] en bl. , 8º ,;;;Sign.: [ ]⁴, A-O⁸, P⁶  // Anteportada  // Iniciales grabadas  //;Aguilar Piñal. Bib. S. XVIII v. 4, 3006  //;;;;;;;;;Madrid, España //;;;;;;26  //;;;;;;;;;;;;;;;sp;spa;;;Libro;;3/41284 //;http://bdh-rd.bne.es/viewer.vm?id=0000094185&page=1 **;http://bdh-rd.bne.es/text.vm?id=0000094185&first=1&last=251 **
a5162746;Echeverz y Eyto, Francisco Miguel  // Marín, Pedro , fl. 1763?-1790 -imp.  //;Convento de la Merced (Madrid) -imp.  //;;Platicas doctrinales;;"ordenadas y añadidas nuevamente por su autor ... Fray Francisco Miguél Echeverz ... del Real y Militar Orden de nuestra Señora de la Merced, Redencion de Cautivos ; parte tercera, que comprehende las doctrinas y explicaciones de los siete sacramentos, los siete pecados mortales y las siete virtudes contrarias ...";;por Antonio Marin  se hallará en la porteria del Convento de la Merced Calzada de esta corte;;En Madrid;1757;[16], 408 p. , 4º ,;;;Descripción provisional  //;;;;;;;;;;Madrid, España //;;;;;;23  //;;;;;;;;;;;;;;;sp;spa;;;Libro;;8/2831 //;http://bdh-rd.bne.es/viewer.vm?id=0000146692&page=1 **;http://bdh-rd.bne.es/text.vm?id=0000146692&first=1&last=431 **
a5162757;Rojas y Angulo, Antonio de  //;;;Vexamen con que se celebro el grado que de doctor en la facultad de sagrada Teologia recibiò el muy R.P.M.Fr. Iuan Baptista Pluyms ... 1668 ...;;compuesto ... Antonio de Roxas y Angulo ...;;[s.n];;Sevilla;1668;[2], 21 [i.e. 22]h. , 4º ,;;;Fecha tomada del discurso  // Sign.: A-F⁴  // Inicial grabada  // Erratas de paginación  //;;;;;;;;Teología -- Didáctica --  //;;Sevilla, España //;;;;;;2  //;;;;;;;;;;;;;;;sp;spa;;;Libro;;VE/129/25 //;http://bdh-rd.bne.es/viewer.vm?id=0000058627&page=1 **;http://bdh-rd.bne.es/text.vm?id=0000058627&first=1&last=48 **
a5162859;Guerra, José (S.I.)  // Orga, José de , fl. 1724-1756 -imp.  //;;;La perla preciosa de la Iglesia oracion panegyrica que en la ... Iglesia del Real Monasterio de la visitacion de Sta. Maria y ... reales fiestas que ... se celebraron de la beatificación de su ... fundadora ... Juana Francisca Fremiot de Chantal;;"dixo ... Joseph Guerra de la compañia de Jesus ... ; la da al publico ... la superiora y comunidad de ... Monasterio de la Visitacion de Nuestra Señora ...";;en la Imprenta del Mercurio por Joseph de Orga ...;;En Madrid;1752;[20], 38 p., [2] en bl. , 4º ,;;;"Precede al tít.: ""Viva Jesus""  // Sign.: §-§§⁴, §§§², A-E⁴  //";Aguilar Piñal. Bib. S.XVIII v. 4, 2503  //;;;;;;;Panegíricos --  //;;Madrid, España //;;;;;;2  //;;;;;;;;;;;;;;;sp;spa;;;Libro;;VE/647/17 //;http://bdh-rd.bne.es/viewer.vm?id=0000126706&page=1 **;http://bdh-rd.bne.es/text.vm?id=0000126706&first=1&last=60 **
a5162864;Prats, Antonio , m. 1706  // Francia, Juan Bautista , fl1659-1706 -grab.  // Vega, Diego de la , fl. 1694-1708 -imp.  //;;;Lamentables suspiros del Real Convento de predicadores de Valencia por la muerte de su sapientissimo hijo ... Fr. Marcelon Marona, catedratico de theologia jubilado en la catedra de Santo Thomàs de la ... Vniversidad de dicha ciudad, examinador de theologia y synodal ...;;expressados por el ... dotor Antonio Prats ...;;por Diego de Vega ...;;En Valencia;1695;[1] h., 52 p., [1] h. de làm. , 4º ,;;;Sign.: ¶-¶¶⁴, A-F⁴, G²  // Portada orlada  // Iniciales grabadas  // Texto con apostillas marginales  // H. de lám. grab. calc. retrato de Marona  //;Palau  235.962,  // Simón Díaz 1094  //;;;;;;;Marona, Marcelo -- (O.P.) -- Exequias --  // Oraciones fúnebres --  //;;Valencia, España //;;;;;;26  //;;;;;;;;;;;;;;;sp;spa;;;Libro;;VE/129/39 //;http://bdh-rd.bne.es/viewer.vm?id=0000058652&page=1 **;http://bdh-rd.bne.es/text.vm?id=0000058652&first=1&last=56 **
a5163302;Godoy, Francisco de  // Miranda, Tomé de Dios , fl. 1666-1678 -imp.  //;;;La vida de S. Alvano martir en octavas;;escriviala D. Francisco de Godoy ...;;por Thomê de Dios Miranda ...;;En Sevilla;1674;[56] p. , 4º ,;;;Sign.: [ ]⁴, B-G⁴  // Portada orlada  //;;;;;;;;Albano, -- Santo --  //;;Sevilla, España //;;;;;;26  //;;;;;;;;;;;;;;;sp;spa;;;Libro;;VE/129/42 //;http://bdh-rd.bne.es/viewer.vm?id=0000058653&page=1 **;http://bdh-rd.bne.es/text.vm?id=0000058653&first=1&last=54 **
a5163874;Murillo y Velarde, Tomás  //;;;"Nueua y varia decision iuridica y medica en que se trata si se puede por los cadaueres conocer si han muerto o no de venenos y preseruacion y curacion dellos con vna adicion a las fiebres syncopales ; consagrala al maestro de campo Don Gaspar de Salcedo";;su autor el doctor D. Thomas de Murillo y Velarde ...;;;;[Madrid?] : [s.n.], [1675?];1675;[8], 55 h. , 4º ,;;;Existen al menos 5 emisiones de esta edición variando la persona a quien se dedica la obra y el escudo de preliminares. Esta emisión se dedica a Gaspar de Salcedo  // Suma de la Tasa fechada en 1675  // Sign.: ¶⁸, A-N⁴, O³  // Port. con orla tip.  // Inicial grabada  // Esc. calc. de Don Gaspar de Salcedo en h. [2]  //;;;;;;;;Venenos --  //;;;;;;;;61  //;;;;;;;;;;;;;;;sp;spa;;;Libro;;VE/129/59 //;http://bdh-rd.bne.es/viewer.vm?id=0000058647&page=1 **;http://bdh-rd.bne.es/text.vm?id=0000058647&first=1&last=126 **
a5164008;Horta y Aguilera, Francisco de  // Palacios, José , s. XVIII -ed.  //;;;Tercer discurso, y diario general, de los tres cometas, caudato, barbato, crinito, ó roseo, aparecidos en nuestro emisferio con la mas extensa observacion, particularidades, e influxos de e los, y una cartilla para ser qualesquiera cometero con algun fundamento;;su autor el ingenio cordoves D. Francisco de Horta Aguilera ...;;se hallará en la Librería de Joseph Palacios, calle de la Montera;;[Madrid];entre 1751 y 1800?;[8] p. , 4º ,;;;Título tomado de la cabecera  // Editor tomado del colofón  // Lugar de impresión deducida de los datos de actividad del impresor  // Fecha de impresión deducida de la tipografía  // Sign.: A⁴  // Grabado xilográfico en cabecera  //;;;;;;;;Astronomía -- Obras anteriores a 1800 --  //;;Madrid, España //;;;;;;521  //;;;;;;;;;;;;;;;sp;spa;;;Libro;;VE/1057/1 //;http://bdh-rd.bne.es/viewer.vm?id=0000070303&page=1 **;http://bdh-rd.bne.es/text.vm?id=0000070303&first=1&last=5 **
a5164796;Jiménez de Molina, Juan  // Valdero Navarro, Nicolás  // Fuentes y Cerda, Rafael Francisco de  // Valdero Navarro, Nicolás  // Fuentes y Cerda, Rafael Francisco de  // Mesnier, Jaime -imp.  //;;;La verdad triunfante de las nieblas de la mas altanera contradicion, que presumió vana falsear los mas verdaderos principios de la facultad apolinea, quedando qual mariposa al passo que atrevida, entre los rayos de Apolo sufocada;Carta consulta ... sobre las circunstancias de la enfermedad del cavallero enfermo  // Carta apologetica;escrita por el Doct. Juan Ximenez Molina ... en respuesta de una apologia ... de D. Nicolás Valdero Navarro, y D. Rafael Francisco de Fuentes y Cerda ... sobre el uso de los baños de Alhama ...;;por Jayme Mesnier, impressor ...;;En Murcia;1726;[4], 39 p., [1] en bl. , 4º ,;;Carta consulta / escrita por don Nicolas Valdero Navarro, y don Rafael Francisco de Fuentes y Cerda ... sobre las circunstancias de la enfermedad del cavallero enfermo ... (p. 1-3). Resolucion, que sobre el assumpto de la carta consulta antecedente / dió el doctor Juan Ximenez Molina ... (p. 4-5). Carta apologetica / de don Nicolas Valdero Navarro, y don Rafael Francisco de Fuentes y Cerda ... contra la resolucion antecedente (p. 6-8)// Carta consulta / escrita por don Nicolas Valdero Navarro, y don Rafael Francisco de Fuentes y Cerda ... sobre las circunstancias de la enfermedad del cavallero enfermo ... (p. 1-3). Resolucion, que sobre el assumpto de la carta consulta antecedente / dió el doctor Juan Ximenez Molina ... (p. 4-5). Carta apologetica / de don Nicolas Valdero Navarro, y don Rafael Francisco de Fuentes y Cerda ... contra la resolucion antecedente (p. 6-8)//;Fecha de impresión tomada de la Licencia  // Sign.: ¶², A-E⁴  // Portada con orla tipográfica  //;Aguilar Piñal. Bib. S.XVIII v. 4, 4878  //;;;;;;;;;Murcia, España //;;;;;;663  //;;;;;;;;;;;;;;;sp;spa;;;Libro;;VE/449/8 //;http://bdh-rd.bne.es/viewer.vm?id=0000077349&page=1 **;http://bdh-rd.bne.es/text.vm?id=0000077349&first=1&last=23 **
a5165873;Cayetano de San Juan Bautista , 1713-1795  //;Imprenta Real (Zaragoza) -imp.  //;;Oracion panegyrica que en los solemnes cultos, con que a su ... patrona Santa Barbara ... obsequió el ... Cuerpo de Artilleria, en la iglesia de S. Phelipe de Zaragoza, en el dia 4 de diciembre de 1755;;dixo ... Cayetano de S. Juan Bautista ...;;en la imprenta del Rey ...;;En Zaragoza;1755;[8], 43 p. , 4º ,;;;Fecha de mpresión tomada de la censura  // Sign.: A-F⁴, G²  // Texto con apostillas marginales  // Inicial grabada  //;Aguilar Piñal.Bib.S.XVIII v. 2, 2622  //;;;;;;;Panegíricos --  //;;Zaragoza, España //;;;;;;2  //;;;;;;;;;;;;;;;sp;spa;;;Libro;;VE/648/35 //;http://bdh-rd.bne.es/viewer.vm?id=0000077103&page=1 **;http://bdh-rd.bne.es/text.vm?id=0000077103&first=1&last=52 **
a5165969;Mayáns y Siscar, Gregorio , 1699-1781  //;;;Señor. Don Blas Jover y Alcazar, Ministro Criminal a ... de V. M. expone de nuevo la comprobacion de las sospechas, que tuvo desde el primer dia de su separacion para la recusacion de el Marques de el Risco, sus atentados, excessos y atropellamientos experimentados en la visita que le confiò V. M. à su instancia ...;;;;[s.n.];;[S.l.];1736;180 p. , Fol. ,;;;"Fecha tomada de p. 3: ""En el mes de Julio de el año passado de 1735 ...""  // Sign.: A-Z², Aa-Yy²  //";Aguilar Piñal. Bib. S.XVIII v. 4, n. 5741  //;;;;;;;;Memoriales --  //;;;;;;;82-6  //;;;;;;;;;;;;;;;xx;spa;;;Libro;;VE/453/28 //;http://bdh-rd.bne.es/viewer.vm?id=0000077346&page=1 **;http://bdh-rd.bne.es/text.vm?id=0000077346&first=1&last=180 **
a5166997;José Antonio de San Alberto, Arzobispo de La Plata  //;La Plata (Archidiócesis) Arzobispo (1784-1804: José Antonio de San Alberto)  // Real Imprenta de los Niños Expósitos (Buenos Aires)  //;;Edicto, carta circular y pastoral breve, que ... Fr. Joseph Antonio de San Alberto, dirige a todos sus diocesanos con la ocasion de la guerra que la Francia ha declarado contra España, y para cuyo feliz exîto pide el rey ... Carlos IV, se hagan rogativas públicas en todos sus dominios;;;;en la Real Imprenta de los Niños Expósitos;;En Buenos-Ayres;1793;64 p. , 4º ,;;;Sign.: A-H⁴  // Iniciales grabadas  //;;;;;;;;España -- Historia -- 1788-1808 (Carlos IV) --  //;;Buenos Aires, Argentina //;;;;;;25  //;;;;;;;;;;;;;;;ag;spa;;;Libro;;VE/546/3 //;http://bdh-rd.bne.es/viewer.vm?id=0000077314&page=1 **;http://bdh-rd.bne.es/text.vm?id=0000077314&first=1&last=64 **
a5168157;Lopez de Amezua, Fernando  // Navarro y Armijo, José -imp.  //;;;Carta philosophica, sobre el terremoto, que se sintiò en Madrid, y en toda esta peninsula el dia primero de noviembre de 1755;;[Fernando Lopez de Amezua];;en la Imprenta de D. Joseph Navarro y Armijo ...;;En Sevilla;1755;15 p., [1] en bl. , 4º ,;;;El autor consta al final del texto  // Título tomado de la cabecera del texto  // Precede al título: Cristus  // Lugar y nombre del impresor tomados del colofón en p. 15  // Texto fechado en 1755  // Sign.: A⁸  //;;;;;;;;Terremotos -- España -- Historia --  //;;Sevilla, España //;;;;;;551  //;;;;;;;;;;;;;;;sp;spa;;;Libro;;VE/642/5 //;http://bdh-rd.bne.es/viewer.vm?id=0000077096&page=1 **;http://bdh-rd.bne.es/text.vm?id=0000077096&first=1&last=9 **
