idBNE;Autor Personas;Autor Entidades;Título uniforme;Título;Otros Títulos;Información asociada al título;Edición;Editorial;Editor musical;Lugar de publicación;Fecha de publicación;Descripción física;Serie;Contenido;Descripción y notas;Citas o referencias;transcripciones de interés;Procedencia;Intérpretes;Resumen;Premios;Periodicidad;Tema;Género/Forma;Lugar relacionado;Forma de la composición sonora;Forma de la composición notada;tipo material cartográfico;Proyección del mapa;Escala del mapa;CDU;Otra clasificación;id registros relacionados;información asociada a registros relacionados;id otras ediciones;información asociada a otras ediciones;id título anterior;información asociada a título anterior;id título posterior;información asociada a título posterior;ISBN;ISSN;Depósito Legal;Otros Números Normalizados;Número Bibliografía Nacional;País de publicación;Lengua de publicación;Lengua original;otras lenguas;Tipo de documento;Condiciones de uso;signatura;version_digital;texto_OCR
bimo0001860699;Olavarría y Ferrari, Enrique de , 1844-1918  //;;;Las norias de Baján memorias de un criollo, 1811;;Enrique de Olavarría y Ferrari;;Dublán y Compañía;;México;1880;224 p. , il. , 15 cm ,;Hispanoamérica // Lingüística. Literatura // Literatura hispanoamericana // Episodios Nacionales Mexicanos //;;;;;;;;;;México -- Historia -- 1810-1821 (Guerra de la Independencia) -- Novelas --  //;;;;;;;;"(72)  //  821.134.2(72)-31""18""  //  94(72)""1810/21""(0:82)  //  821.134.28  //";;;;;;;;;;;;;;;mx;spa;;;Libro;;HA/19135 //;http://bdh-rd.bne.es/viewer.vm?id=0000040112&page=1 **;http://bdh-rd.bne.es/text.vm?id=0000040112&first=1&last=243 **
bimo0001860703;Olavarría y Ferrari, Enrique de , 1844-1918  //;;;Una venganza insurgente continuación de las memorias de un criollo, 1812;;Enrique de Olavarría y Ferrari;;[s.n.]  Tip. Literaria;;[S.l.] , México;1881;226 p. [3] h. de lám. , 15 cm ,;Hispanoamérica // Lingüística. Literatura // Literatura hispanoamericana // Episodios Históricos Mexicanos //;;;;;;;;;;México -- Historia -- 1810-1821 (Guerra de la Independencia) -- Novelas --  //;;;;;;;;"(72)  //  821.134.2(72)-31""18""  //  94(72)""1810/21""(0:82)  //  821.134.28  //";;;;;;;;;;;;;;;mx;spa;;;Libro;;HA/19140 //;http://bdh-rd.bne.es/viewer.vm?id=0000040111&page=1 **;http://bdh-rd.bne.es/text.vm?id=0000040111&first=1&last=245 **
bimo0001862588;Pallares Arteta, Leónidas  //;;;Mujer y madre poema en un canto;;por Leónidas Pallarés Arteta;;[s.n.]  Imp. de la Universidad;;[S.l.] , Quito;1889;11 p. , 16 cm ,;Hispanoamérica // Lingüística. Literatura // Literatura hispanoamericana //;;;;;;;;;;;;;;;;;;"(866)  //  821.134.2(866)-14""18""  //  821.134.28  //";;;;;;;;;;;;;;;ec;spa;;;Libro;;HA/11318 //;http://bdh-rd.bne.es/viewer.vm?id=0000093802&page=1 **;http://bdh-rd.bne.es/text.vm?id=0000093802&first=1&last=23 **
bimo0001866190;Olavarría y Ferrari, Enrique de , 1844-1918  //;;;La derrota de las cruces memorias de un criollo, 1810;;;;Dublán y Compañía;;México;1880;200 p., [4] h. de lám. , 15 cm ,;Independencia Americana // Lingüística. Literatura // Literatura hispanoamericana // Episodios nacionales mexicanos / Eduardo Ramos //;;;;;;;;;;México -- Historia -- 1810-1821 (Guerra de la Independencia) -- Novelas --  //;;;;;;;;"(72)  //  821.134.2(72)-31""18""  //  94(72)""1810/21""(0:82)  //  821.134.28  //";;;;;;;;;;;;;;;mx;spa;;;Libro;;HA/19133 //;http://bdh-rd.bne.es/viewer.vm?id=0000125193&page=1 **;http://bdh-rd.bne.es/text.vm?id=0000125193&first=1&last=219 **
bimo0001866509;Olavarría y Ferrari, Enrique de , 1844-1918  //;;;Las perlas de la reina Luisa memorias de un criollo de 1808;;;;Dublan y Compañía;;México;1880;208 p., [4] h. de lam. , 15 cm ,;Hispanoamérica // Lingüística. Literatura // Literatura hispanoamericana // Episodios Nacionales Mexicanos / por Eduardo Ramos //;;;;;;;;;;México -- Historia -- 1521-1821 (Época colonial) -- Novelas --  //;;;;;;;;"(72)  //  821.134.2(72)-31""18""  //  94(72)""1521/1821""(0:82)  //  821.134.28  //";;;;;;;;;;;;;;;mx;spa;;;Libro;;HA/19130 //;http://bdh-rd.bne.es/viewer.vm?id=0000040110&page=1 **;http://bdh-rd.bne.es/text.vm?id=0000040110&first=1&last=225 **
bimo0001866511;Olavarría y Ferrari, Enrique de , 1844-1918  //;;;El puente de Calderón memorias de un criollo, 1810-1811;;[Eduardo Ramos];;Dublan y Compañía;;México;1880;214 p., [4] h. de lám. , 15 cm ,;Independencia Americana // Lingüística. Literatura // Literatura hispanoamericana // Episodios nacionales mexicanos //;;;;;;;;;;México -- Historia -- 1810-1821 (Guerra de la Independencia) -- Novelas --  //;;;;;;;;"(72)  //  821.134.2(72)-31""18""  //  94(72)""1810/21""(0:82)  //  821.134.28  //";;;;;;;;;;;;;;;mx;spa;;;Libro;;HA/19134 //;http://bdh-rd.bne.es/viewer.vm?id=0000125173&page=1 **;http://bdh-rd.bne.es/text.vm?id=0000125173&first=1&last=233 **
bimo0001866513;Olavarría y Ferrari, Enrique de , 1844-1918  //;;;La Virgen de Guadalupe memorias de un criollo, 1809-1810;;Eduardo Ramos;;Dublán y Compañía;;México;1880;198 p., [4] h. de lám. , 15 cm ,;Hispanoamérica // Lingüística. Literatura // Literatura hispanoamericana // Episodios Nacionales Mexicanos //;;;;;;;;;;México -- Historia -- 1810-1821 (Guerra de la Independencia) -- Novelas --  //;;;;;;;;"(72)  //  821.134.2(72)-31""18""  //  94(72)""1810/21""(0:82)  //  821.134.28  //";;;;;;;;;;;;;;;mx;spa;;;Libro;;HA/19131 //;http://bdh-rd.bne.es/viewer.vm?id=0000040109&page=1 **;http://bdh-rd.bne.es/text.vm?id=0000040109&first=1&last=219 **
bimo0001866517;Olavarría y Ferrari, Enrique de , 1844-1918  //;;;La Virgen de los Remedios memorias de un criollo, 1810;;[Eduardo Ramos];;Dublan y Compañía;;México;1880;205 p., [4] h. de lám. , 15 cm ,;Independencia Americana // Lingüística. Literatura // Literatura hispanoamericana // Episodios nacionales mexicanos //;;;;;;;;;;México -- Historia -- 1810-1821 (Guerra de la Independencia) -- Novelas --  //;;;;;;;;"(72)  //  821.134.2(72)-31""18""  //  94(72)""1810/21""(0:82)  //  821.134.28  //";;;;;;;;;;;;;;;mx;spa;;;Libro;;HA/19132 //;http://bdh-rd.bne.es/viewer.vm?id=0000125194&page=1 **;http://bdh-rd.bne.es/text.vm?id=0000125194&first=1&last=227 **
bimo0001869876;Romero Aquino, Manuel  //;;;María cantos épicos a la Sma. Vírgen;;por Manuel Romero de Aquino;;[s.n.]  Estab. Tip. de Plana y Cª.;;[S.l.] , Manila;1875;233 p. , 21 cm ,;Hispanoamérica // Lingüística. Literatura // Literatura hispanoamericana //;;;;;;;;;;Virgen María -- Poesías --  //;;;;;;;;"(599)  //  232.931(0:82)  //  821.134.2(599)-13""18""  //  821.134.28  //";;;;;;;;;;;;;;;ph;spa;;;Libro;;HA/15849 //;http://bdh-rd.bne.es/viewer.vm?id=0000097819&page=1 **;http://bdh-rd.bne.es/text.vm?id=0000097819&first=1&last=247 **
bimo0001870672;Rubin, Luis G.  //;;;Cuentos de mi tía;;por Luis G. Rubin;;[s.n.]  Oficina Tip. de la Secretaría de Fomento;;[S.l.] , México;1890;157 p. , 21 cm ,;Hispanoamérica // Lingüística. Literatura // Literatura hispanoamericana //;;;;;;;;;;;;;;;;;;"(72)  //  821.134.2(72)-34""18""  //  821.134.28  //";;;;;;;;;;;;;;;mx;spa;;;Libro;;HA/17839 //;http://bdh-rd.bne.es/viewer.vm?id=0000111917&page=1 **;http://bdh-rd.bne.es/text.vm?id=0000111917&first=1&last=177 **
bimo0001875308;Valdés, Julio César , 1856-1918  //;;;Picadillo;;Julio César Valdés;;[s.n.]  Taller Tipo- Litográfico;;[S.l.] , La Paz;1898;254 p. , 17 cm ,;Hispanoamérica // Lingüística. Literatura // Literatura hispanoamericana //;;;;;;;;;;;;;;;;;;"821.134.2(84)-32""18""  //  821.134.28  //";;;;;;;;;;;;;;;bo;spa;;;Libro;;HA/8996 //;http://bdh-rd.bne.es/viewer.vm?id=0000112767&page=1 **;http://bdh-rd.bne.es/text.vm?id=0000112767&first=1&last=271 **
bimo0001876610;Uñate y Ganzúa, Zacarías  //;;;El testamento de don Año de 1852;;escrito por D. Cualquiera de la Verdad, albéitar y sangrador de SS.MM. el Rey de Trampaviva y Bolsallena, desfacedor de sinrazones y enderezador de jorobados;;[s.n.]  Imp. de Juan R. Navarro;;[S.l.] , México;1853;64 p. , 17 cm ,;Hispanoamérica // Lingüística. Literatura // Literatura hispanoamericana //;;Autor (p. 64): Zacarías Uñate y Ganzúa  //;;;;;;;;;;;;;;;;"(72)  //  821.134.2(72)-7""18""  //  821.134.28  //";;;;;;;;;;;;;;;mx;spa;;;Libro;;HA/26846 //;http://bdh-rd.bne.es/viewer.vm?id=0000038647&page=1 **;http://bdh-rd.bne.es/text.vm?id=0000038647&first=1&last=68 **
bimo0001876636;Valenzuela, Mario  //;;;Poesías de Mario Valenzuela, precedidas de una breve noticia biográfica i seguidas de algunas composiciones poéticas que le han dirijido sus amigos;;;;[s.n.]  Imp. de la Nación;;[S.l.] , Bogotá;1859;102 p. , 1 retr. , 23 cm ,;Hispanoamérica // Lingüística. Literatura // Literatura hispanoamericana //;;;;;;;;;;;;;;;;;;"821.134.2(861)-14""18""  //  821.134.28  //";;;;;;;;;;;;;;;ck;spa;;;Libro;;HA/11124 //;http://bdh-rd.bne.es/viewer.vm?id=0000075021&page=1 **;http://bdh-rd.bne.es/text.vm?id=0000075021&first=1&last=117 **
bimo0001877017;Travers, Émile  // Rodríguez Rubí, Tomás , 1817-1890  //;;;Gonzalve de Cordoue et Christophe Colomb, d'apres un drame espagnol;;;;[s.n.]  Imp. E. Valin;;[S.l.] , Caen;1891;IX, 41 p. , 20 cm ,;Hispanoamérica // Lingüística. Literatura // Literatura española //;;Es extracto y análisis de la obra: Isabel la Católica de Tomás Rodríguez Rubi  // Autor (p. IX): Émile Travers  //;;;;;;;;Fernández de Córdoba, Gonzalo -- En la literatura --  // Colón, Cristóbal -- En la literatura --  // Rodríguez Rubí, Tomás --  //;;;;;;;;"821.134.2 Rodríguez Rubí, Tomás 7 Isabel la Católica.07  //  821.134.2-24""18""  //  929 Colón, Cristóbal (0:82)  //  929 Fernández de Córdoba, Gonzalo (0:82)  //";;;;;;;;;;;;;;;fr;fre;;;Libro;;HA/8633 //;http://bdh-rd.bne.es/viewer.vm?id=0000112775&page=1 **;http://bdh-rd.bne.es/text.vm?id=0000112775&first=1&last=65 **
bimo0001879793;Sarasate de Mena, Francisca , 1853-1922  //;;;Cuentos vascongados;;Francisca Sarasate de Mena;;Antonio López;;Barcelona;1890;180 p. , 16 cm ,;Colección Diamante, 43 //;;;;;;;;;;;;;;;;;;"821.134.2-32""18""  //";;;;;;;;;;;;;;;sp;spa;;;Libro;;12/199019 //;http://bdh-rd.bne.es/viewer.vm?id=0000203698&page=1 **;http://bdh-rd.bne.es/text.vm?id=0000203698&first=1&last=207 **
bimo0001888852;Carreras, Ricardo , 1866-1929  //;;;"Doña ""Abulia""";;Ricardo Carreras;;[s.n.]  Imp. de Henrich y Cª;;[S.l.] , Barcelona;1904;304 p. , 1 retr. , 20 cm ,;Biblioteca de novelistas del siglo XX, 17 //;;;;;;;;;;;;;;;;;;"821.134.2-31""18""  //";;;;;;;;;;;;;;;sp;spa;;;Libro;;FI/92<17> //;http://bdh-rd.bne.es/viewer.vm?id=0000202081&page=1 **;http://bdh-rd.bne.es/text.vm?id=0000202081&first=1&last=325 **
bimo0001900618;Berro, Adolfo , 1819-1841  //;;;Cuadros poéticos o Colección de poesías modernas hispano-americanas. Tomp 1 autores que la integran, Adolfo Berro ... [et al.];Colección de poesías modernas hispano-americanas  //;;;[s.n.]  Imp. del Nacional;;[S.l.] , Montevideo;1841;101 p. , 19 cm ,;Lingüística. Literatura // Literatura hispanoamericana //;;;;;;;;;;Poesías hispanoamericanas -- S.XIX --  // Poesías españolas -- S.XIX --  //;;;;;;;;"821.134.2(7/8)-14""18""(082.2)  //  821.134.2-14""18""(082.2)  //  821.134.28  //";;;;;;;;;;;;;;;uy;spa;;;Libro;;9/249245 //;http://bdh-rd.bne.es/viewer.vm?id=0000060193&page=1 **;http://bdh-rd.bne.es/text.vm?id=0000060193&first=1&last=167 **
bimo0001900999;Ugarte y Pagés, Javier , 1852-1919  //;;;Don Rodrigo en la horca : (narraciones históricas);;"de Javier Ugarte ; ilustraciones de Luis Palao";;Biblioteca Patria;;Madrid;1910;128, 29 p. , il. , 17 cm ,;"Biblioteca ""Patria"" de obras premiadas, t. 28 //";;"""Primera serie fuera de concurso""  //";;;;;;;;;;;;;;;;"821.134.2-32""18""  //";;;;;;;;;;;;;;;sp;spa;;;Libro;;6/8731<28> //;http://bdh-rd.bne.es/viewer.vm?id=0000246281&page=1 **;http://bdh-rd.bne.es/text.vm?id=0000246281&first=1&last=173 **
bimo0001903239;Montoto y Rautenstrauch, Luis , 1851-1929  //;;;Fuegos fatuos : (cuentos, costumbres y anécdotas);;de Luis Montoto;;Biblioteca Patria;;Madrid;1910;132, 26 p. , 17 cm ,;Biblioteca Patria de obras premiadas, v. 40 //;;"""Primera serie fuera de concurso""  //";;;;;;;;;;;;;;;;"821.134.2-32""18""  //";;;;;;;;;;;;;;;sp;spa;;;Libro;;6/8731<40> //;http://bdh-rd.bne.es/viewer.vm?id=0000200819&page=1 **;http://bdh-rd.bne.es/text.vm?id=0000200819&first=1&last=173 **
bimo0001906862;Matheu Aybar, José María , 1847-1929  // Matheu Aybar, José María , 1847-1929  //;;;Lo inexplicable : novela original;Piénsalo bien;de José M. Matheu;;Biblioteca Patria;;Madrid;1910;137 p. , 17 cm ,;Biblioteca Patria de obras premiadas, 85 //;;Incluye (p. [99]-137): Piénsalo bien, del mismo autor  //;;;;;;;;;;;;;;;;"821.134.2-32""18""  //";;;;;;;;;;;;;;;sp;spa;;;Libro;;6/8731<85> //;http://bdh-rd.bne.es/viewer.vm?id=0000189037&page=1 **;http://bdh-rd.bne.es/text.vm?id=0000189037&first=1&last=173 **
bimo0001907998;Liñán y Eguizábal, José de, Conde de Doña Marina , 1858-1934  //;;;La nuza y los justicias de Aragón;;por José de Liñán y Eguizabal;;Biblioteca Patria;;Madrid;1915;XIV, 143 p. , 17 cm ,;Biblioteca Patria de obras premiadas, t. 104 //;;"""Fuera de concurso""  //";;;;;;;;;;;;;;;;"821.134.2-31""18""  //";;;;;;;;;;;;;;;sp;spa;;;Libro;;6/8731<104> //;http://bdh-rd.bne.es/viewer.vm?id=0000200821&page=1 **;http://bdh-rd.bne.es/text.vm?id=0000200821&first=1&last=175 **
bimo0001908011;Caballero, Fernán , 1796-1877  //;;[Obra selecta] //;Cuatro novelas;;por Fernán Caballero;;F.A. Brockhaus;;Leipzig;1885;317 p. , 19 cm ,;Colección de autores españoles, t. 20 //;"Una en otra ; Un servilón y un liberalito ; Con mal o con bien a los tuyos te ten ; ¡Pobre Dolores!//";;;;;;;;;;Novelas cortas --  //;;;;;;;"821.134.2-32""18""  //";;;;;;;;;;;;;;;gw;spa;;;Libro;;FI/96<20> //;http://bdh-rd.bne.es/viewer.vm?id=0000236299&page=1 **;http://bdh-rd.bne.es/text.vm?id=0000236299&first=1&last=339 **
bimo0001908683;Oller, Narcís , 1846-1930  //;;;La locura : novela original;;de Narciso Oller;;Biblioteca Patria;;Madrid;1920;141 p. , 17 cm ,;Biblioteca Patria de obras premiadas, t. 114 //;;"""Obra laureada con el premio Marquesa de Villafuerte""  //";;;;;;;;;;;;;;;;"821.134.1-31""18""  //";;;;;;;;;;;;;;;sp;spa;;;Libro;;6/8731<114> //;http://bdh-rd.bne.es/viewer.vm?id=0000200822&page=1 **;http://bdh-rd.bne.es/text.vm?id=0000200822&first=1&last=171 **
bimo0001910588;Sellés, Eugenio , 1842-1926  //;;;Tragedia de celos;;por Eugenio Sellés;;Viuda de Rodríguez Serra;;Madrid;1910;93 p. , il. , 14 cm ,;Biblioteca Mignon, 55 //;;;;;;;;;;;;;;;;;;"821.134.2-32""18""  //";;;;;;;;;;;;;;;sp;spa;;;Libro;;5/14415<55> //;http://bdh-rd.bne.es/viewer.vm?id=0000200650&page=1 **;http://bdh-rd.bne.es/text.vm?id=0000200650&first=1&last=109 **
bimo0001910603;Echegaray, José , 1832-1916  // Sánchez Gerona, José , n. 1874 -ilustrador  //;;;Los tres sueños de Colilla;;"José Echegaray ; ilust. de Sánchez Gerona";;Viuda de Rodríguez Serra;;Madrid;1905;90 p. , il. , 14 cm ,;Biblioteca Mignon, 34 //;"Los tres sueños de cotillas ; Los anteojos de color ; Las ternuras de la muerte ; Las piedades del sultan ; Las dos orillas del rio//";;;;;;;;;;;;;;;;;"821.134.2-32""18""  //";;;;;;;;;;;;;;;sp;spa;;;Libro;;5/14415<34> //;http://bdh-rd.bne.es/viewer.vm?id=0000201131&page=1 **;http://bdh-rd.bne.es/text.vm?id=0000201131&first=1&last=123 **
bimo0001912938;Pérez Nieva, Alfonso , 1859-1931  //;;;La Colomba de Venecia : novela original;;de Alfonso Pérez Nieva;;Biblioteca Patria;;Madrid;1922;155 p. , 17 cm ,;Biblioteca Patria de obras premiadas, t. 200 //;;;;;;;;;;;;;;;;;;"821.134.2-32""18""  //";;;;;;;;;;;;;;;sp;spa;;;Libro;;6/8731<200> //;http://bdh-rd.bne.es/viewer.vm?id=0000200817&page=1 **;http://bdh-rd.bne.es/text.vm?id=0000200817&first=1&last=171 **
bimo0001915898;Dicenta, Joaquín , 1863-1917  //;;[Obra selecta] //;Una mujer de mundo;;por Joaquín Dicenta;;Ramón Sopena;;Barcelona;1901;154 p. , 17 cm ,;Colección Regente, 48 //;;;;;;;;;;;Cuentos --  //;;;;;;;"821.134.2-32""18""  //";;;;;;;;;;;;;;;sp;spa;;;Libro;;6/8390<48> //;http://bdh-rd.bne.es/viewer.vm?id=0000236665&page=1 **;http://bdh-rd.bne.es/text.vm?id=0000236665&first=1&last=173 **
bimo0001919687;Reid, Mayne , 1818-1883  // Avilés, Ángel , 1842-1924 -traductor  //;;[The wild huntress. Español] //;La cazadora salvaje;;"obra escrita en inglés por el capitán Mayne-Reid ; traducida libremente al español por Ángel Avilés";;[s.n.]  Imp. de Gaspar y Roig;;[S.l.] , Madrid;1870;65 p. , il. , 27 cm ,;Biblioteca ilustrada de Gaspar y Roig // Aventuras de mar y tierra //;;Título original: The Wild Huntress  //;;;;;;;;;;;;;;;;"821.111-31""18""  //";;;;;;;;;;;;;;;sp;spa;eng;spa //;Libro;;12/220181 //;http://bdh-rd.bne.es/viewer.vm?id=0000197437&page=1 **;http://bdh-rd.bne.es/text.vm?id=0000197437&first=1&last=79 **
bimo0001926238;Mathé, Felipe , 1850-1910  //;;;Relatos breves;;Felipe Mathé;;Pascual Aguilar;;Valencia;1887;XI, 225 p. , 15 cm ,;Biblioteca selecta, 29 //;"Una fecha y un nombre ; ¡Recuerdos! ; La vida por un beso ; ¡Una víctima inocente! ; Bebé ; A la tercera va la vencida ; Morirse a tiempo ; De lo vivivido a lo pintado ; A fuerza de empujones, en el cielo ; No hay dicha sobre la Tierra ; El quinto, no matar ; Tribulaciones de un marido ; Una historia sencialla// Una fecha y un nombre ; ¡Recuerdos! ; La vida por un beso ; ¡Una víctima inocente! ; Bebé ; A la tercera va la vencida ; Morirse a tiempo ; De lo vivivido a lo pintado ; A fuerza de empujones, en el cielo ; No hay dicha sobre la Tierra ; El quinto, no matar ; Tribulaciones de un marido ; Una historia sencialla//";;;;;;;;;;;;;;;;;"821.134.2-34""18""  //";;;;;;;;;;;;;;;sp;spa;;;Libro;;6/8461 //;http://bdh-rd.bne.es/viewer.vm?id=0000068894&page=1 **;http://bdh-rd.bne.es/text.vm?id=0000068894&first=1&last=251 **
bimo0001926633;Gaspar, Enrique , 1842-1902  //;;;Nada entre dos platos;;Enrique Gaspar;;Pascual Aguilar;;Valencia;1890;189 p. , 15 cm ,;Biblioteca selecta, 58 //;;;;;;;;;;;;;;;;;;"821.134.2-32""18""  //";;;;;;;;;;;;;;;sp;spa;;;Libro;;6/8461<58> //;http://bdh-rd.bne.es/viewer.vm?id=0000192678&page=1 **;http://bdh-rd.bne.es/text.vm?id=0000192678&first=1&last=207 **
bimo0001926652;Pérez Nieva, Alfonso , 1859-1931  //;;;Para la noche-- : (novelas cortas);;Alfonso Pérez Nieva;;Pascual Aguilar;;Valencia;1891;206 p. , 15 cm ,;Biblioteca selecta, 60 //;;;;;;;;;;;;;;;;;;"821.134.2-32""18""  //";;;;;;;;;;;;;;;sp;spa;;;Libro;;6/8461<60> //;http://bdh-rd.bne.es/viewer.vm?id=0000200823&page=1 **;http://bdh-rd.bne.es/text.vm?id=0000200823&first=1&last=217 **
bimo0001927038;Cánovas, Luis , 1857-1927  // Cánovas, Luis , 1857-1927  //;;;"Rosarito ; Romeo, Julieta y compañía";Romeo, Julieta y compañía;Luis Cánovas;;Librería de Aguilar;;Valencia;1899;181 p. , 15 cm ,;Biblioteca selecta, 93 //;;;;;;;;;;;;;;;;;;"821.134.2-3  //  821.134.2-31""18""  //";;;;;;;;;;;;;;;sp;spa;;;Libro;;6/8461<93> //;http://bdh-rd.bne.es/viewer.vm?id=0000250531&page=1 **;http://bdh-rd.bne.es/text.vm?id=0000250531&first=1&last=199 **
bimo0001927048;Val, Luis de , 1867-1930  //;;;Letras de molde;;"Luis de Val ; prólogo de Enrique Pérez Escrich";;Pascual Aguilar;;Valencia;1893;IX, 207 p. , 15 cm ,;Biblioteca selecta, 70 //;;;;;;;;;;;;;;;;;;"821.134.2-34""18""  //";;;;;;;;;;;;;;;sp;spa;;;Libro;;6/8461 //;http://bdh-rd.bne.es/viewer.vm?id=0000068890&page=1 **;http://bdh-rd.bne.es/text.vm?id=0000068890&first=1&last=219 **
bimo0001927420;Guillén Sotelo, Juan , 1875-1915  // Rueda, Salvador , 1857-1933 -prologuista  //;;;Narraciones vulgares;;"Juan Guillén y Sotelo ; con un prólogo de Salvador Rueda";;Pascual Aguilar;;Valencia;1893;XIII, 194 p. , 15 cm ,;Biblioteca selecta, 73 //;"La trilla ; Los aviones ; Poner un gallo ; La candelada ; La Nochebuena del carabinero ; Una carta perdida ; Un alijo ; La leyenda de la trocha ; Dios en el campo ; El niño de Orizaba ; Historia de un marrón glacé ; De la corte al cortijo//";;;;;;;;;;;;;;;;;"821.134.2-3  //  821.134.2-32""18""  //";;;;;;;;;;;;;;;sp;spa;;;Libro;;6/8461<73> //;http://bdh-rd.bne.es/viewer.vm?id=0000250529&page=1 **;http://bdh-rd.bne.es/text.vm?id=0000250529&first=1&last=211 **
bimo0001929808;Palacio, Manuel del , 1831-1906  //;;;Un soldado de ayer;;"Manuel del Palacio ; ilust. de J. G. Nessi";;[s.n.]  Imp. de A. Marzo;;[S.l.] , Madrid;1904;102 p. , il. , 13 cm ,;Biblioteca Mignon, 27 //;"El sargento Simón ; Recuerdos ; Dos hombres ; Historias de lobos//";;;;;;;;;;;;;;;;;"821.134.2-32""18""  //";;;;;;;;;;;;;;;sp;spa;;;Libro;;6/7147<27> //;http://bdh-rd.bne.es/viewer.vm?id=0000200666&page=1 **;http://bdh-rd.bne.es/text.vm?id=0000200666&first=1&last=57 **
bimo0001930585;Dicenta, Joaquín , 1863-1917  // Sánchez Gerona, José , n. 1874 -ilustrador  //;;[Obra selecta] //;La finca de los muertos;;"Joaquín Dicenta ; ilust. de Sánchez Gerona";;Viuda de Rodríguez Serra  Imp. Marzo;;Madrid;1904;94 p. , 1 retr., il. , 14 cm ,;Biblioteca Mignon, 38 //;"La finca de los muertos ; El amanecer en Madrid ; Los explotados - El maquinista ; El idilio de la noche ; El retrato ; Por dónde vienen las actas//";Retrato del autor  //;;;;;;;;;Misceláneas --  //;;;;;;;"821.134.2-36""18""  //";;;;;;;;;;;;;;;sp;spa;;;Libro;;6/7147<38> //;http://bdh-rd.bne.es/viewer.vm?id=0000236664&page=1 **;http://bdh-rd.bne.es/text.vm?id=0000236664&first=1&last=123 **
bimo0001941032;Molina, Tirso de , 1579-1648  // Hartzenbusch, Juan Eugenio , 1806-1880  //;;[Teatro] //;Comedias escogidas de fray Gabriel Téllez (el maestro Tirso de Molina);;juntas en colección e ilustradas por Juan Eugenio Hartzenbusch;;[s.n.]  Imp. de la Publicidad, a cargo de M. Rivadeneyra;;[S.l.] , Madrid;1848;XLII, 724 p. , 25 cm ,;Biblioteca de autores españoles, 5 //;;;;;;;;;;;;;;;;;;"821.134.2-22""16""  //";;;;;;;;;;;;;;;sp;spa;;;Libro;;INV_08:860_BIB_<005> //;http://bdh-rd.bne.es/viewer.vm?id=0000168499&page=1 **;http://bdh-rd.bne.es/text.vm?id=0000168499&first=1&last=763 **
bimo0001945475;Verdaguer, Jacint , 1845-1902  //;;;La Atlàntida : poema;;Jacinto Verdaguer;;Ilustració Catalana;;Barcelona;1906;182 p., [12] h. de lám. col. , 1 retr. , 35 cm ,;;;;;;;;;;;;;;;;;;;"821.134.1-14""18""  //";;;;;;;;;;;;;;;sp;cat;;;Libro;;7/77374 //;http://bdh-rd.bne.es/viewer.vm?id=0000251051&page=1 **;http://bdh-rd.bne.es/text.vm?id=0000251051&first=1&last=221 **
bimo0001946833;Soulié, Frédéric , 1800-1847  // Tió, Jaime , 1816-1844  //;;[Sathaniel. Español] //;Sataniel : novela histórica;;"escritas [sic] en francés por Federico Soulié ; y traducida por Jaime Tió";;Imp. de Juan Oliveres, Editor;;Barcelona;1843;341 p. , 17 cm ,;Tesoro de autores ilustres, t. 5 //;;Título original: Sathaniel  //;;;;;;;;;;;;;;;;"821.133.1-31""18""  //";;;;;;;;;;;;;;;sp;spa;fre;spa //;Libro;;2/94185 //;http://bdh-rd.bne.es/viewer.vm?id=0000178054&page=1 **;http://bdh-rd.bne.es/text.vm?id=0000178054&first=1&last=359 **
bimo0001967723;Pérez Nieva, Alfonso , 1859-1931  // Gómez Soler, Francisco , ca. 1860-1899 -ilustrador  //;;;Ágata : novela;;"Alfonso Pérez Nieva ; ilustraciones de F. Gómez Soler";;Juan Gili;;Barcelona;1897;214 p. , il. , 19 cm ,;Colección Elzevir ilustrada, v. 3 //;;;;;;;;;;;;;;;;;;"821.134.2-31""18""  //";;;;;;;;;;;;;;;sp;spa;;;Libro;;FI/153<3> //;http://bdh-rd.bne.es/viewer.vm?id=0000202087&page=1 **;http://bdh-rd.bne.es/text.vm?id=0000202087&first=1&last=231 **
bimo0001968883;Pérez Galdós, Benito , 1843-1920  //;;;Las tormentas del 48;;;;Librería y Casa Editorial Hernando;;Madrid;1930;298 p. , 18 cm ,;Episodios Nacionales. Cuarta serie / B. Pérez Galdós // Pérez Galdós, Benito //;;;;;;;;;;España -- Historia -- 1843-1868 (Isabel II) -- Novelas --  //;Novelas históricas --  //;;;;;;;"821.134.2-31""18""  //  94(460)""1843/68""(0:82)  //";;;;;;;;;;;;;;;sp;spa;;;Libro;;DL/2266727 //;http://bdh-rd.bne.es/viewer.vm?id=0000201294&page=1 **;http://bdh-rd.bne.es/text.vm?id=0000201294&first=1&last=307 **
bimo0001969034;Delgado, Sinesio , 1859-1928  //;;[Poesía] //;Poesías escogidas;;Sinesio Delgado;;Bruno del Amo;;Madrid;1925;95 p. , 16 cm ,;Letras españolas : colección de obras selectas de nuestros autores clásicos, 24 //;;;;;;;;;;;;;;;;;;"821.134.2-14""18""  //";;;;;;;;;;;;;;;sp;spa;;;Libro;;3/78436 //;http://bdh-rd.bne.es/viewer.vm?id=0000199597&page=1 **;http://bdh-rd.bne.es/text.vm?id=0000199597&first=1&last=107 **
bimo0001973474;Scribe, Eugène , 1791-1861  // Gil y Zárate, Antonio , 1793-1861  //;;[Le verre d'eau. Español] //;El vaso de agua o Causas y efectos : comedia en cinco actos y en prosa;Causas y efectos  //;"escrita en francés por Scribe ; y traducida por Antonio Gil de Zárate";;M.D.  En la Imp. de Yenes;;[Madrid];1841;80 p. , 19 cm ,;;;Título original: Le verre d'eau  //;;;;;;;;;;;;;;;;"821.133.1-22""18""  //";;;;;;;;;;;;;;;sp;spa;fre;spa //;Libro;;12/260477 //;http://bdh-rd.bne.es/viewer.vm?id=0000131462&page=1 **;http://bdh-rd.bne.es/text.vm?id=0000131462&first=1&last=84 **
bimo0001973685;Cruz, Ramón de la , 1731-1794  // Cotarelo y Mori, Emilio , 1857-1936  //;;[Obra selecta] //;Sainetes de Don Ramón de la Cruz en su mayoría inéditos;;colección ordenada por Emilio Cotarelo y Mori;;Bailly Baillière;;Madrid;1915 - 1928;2 v. , 26 cm ,;Lingüística. Literatura // Literatura española // Nueva biblioteca de autores españoles, 23, 26 //;;;;;;;;;;;;;;;;;;"821.134.2-22""17""  //";;;;;;;;;;;;;;;sp;spa;;;Libro;;INV_08:860_NUE<23> // INV_08:860_NUE<26> // INV_08/860_NUE_023__V._1 // INV_08/860_NUE_026__V._2 //;http://bdh-rd.bne.es/viewer.vm?id=0000134207&page=1 ** http://bdh-rd.bne.es/viewer.vm?id=0000134207&page=7 ** http://bdh-rd.bne.es/viewer.vm?id=0000134207&page=39 ** http://bdh-rd.bne.es/viewer.vm?id=0000134207&page=79 ** http://bdh-rd.bne.es/viewer.vm?id=0000134207&page=121 ** http://bdh-rd.bne.es/viewer.vm?id=0000134207&page=173 ** http://bdh-rd.bne.es/viewer.vm?id=0000134207&page=240 ** http://bdh-rd.bne.es/viewer.vm?id=0000134207&page=312 ** http://bdh-rd.bne.es/viewer.vm?id=0000134207&page=381 ** http://bdh-rd.bne.es/viewer.vm?id=0000134207&page=425 ** http://bdh-rd.bne.es/viewer.vm?id=0000134207&page=468 ** http://bdh-rd.bne.es/viewer.vm?id=0000134207&page=497 ** http://bdh-rd.bne.es/viewer.vm?id=0000134207&page=572 ** http://bdh-rd.bne.es/viewer.vm?id=0000134207&page=595 ** http://bdh-rd.bne.es/viewer.vm?id=0000134207&page=631 ** http://bdh-rd.bne.es/viewer.vm?id=0000134207&page=633 ** http://bdh-rd.bne.es/viewer.vm?id=0000134207&page=639 ** http://bdh-rd.bne.es/viewer.vm?id=0000134207&page=694 ** http://bdh-rd.bne.es/viewer.vm?id=0000134207&page=737 ** http://bdh-rd.bne.es/viewer.vm?id=0000134207&page=786 ** http://bdh-rd.bne.es/viewer.vm?id=0000134207&page=854 ** http://bdh-rd.bne.es/viewer.vm?id=0000134207&page=914 ** http://bdh-rd.bne.es/viewer.vm?id=0000134207&page=973 ** http://bdh-rd.bne.es/viewer.vm?id=0000134207&page=1042 ** http://bdh-rd.bne.es/viewer.vm?id=0000134207&page=1107 **;http://bdh-rd.bne.es/text.vm?id=0000134207&first=1&last=6 ** http://bdh-rd.bne.es/text.vm?id=0000134207&first=7&last=38 ** http://bdh-rd.bne.es/text.vm?id=0000134207&first=39&last=78 ** http://bdh-rd.bne.es/text.vm?id=0000134207&first=79&last=120 ** http://bdh-rd.bne.es/text.vm?id=0000134207&first=121&last=172 ** http://bdh-rd.bne.es/text.vm?id=0000134207&first=173&last=239 ** http://bdh-rd.bne.es/text.vm?id=0000134207&first=240&last=311 ** http://bdh-rd.bne.es/text.vm?id=0000134207&first=312&last=380 ** http://bdh-rd.bne.es/text.vm?id=0000134207&first=381&last=424 ** http://bdh-rd.bne.es/text.vm?id=0000134207&first=425&last=467 ** http://bdh-rd.bne.es/text.vm?id=0000134207&first=468&last=496 ** http://bdh-rd.bne.es/text.vm?id=0000134207&first=497&last=571 ** http://bdh-rd.bne.es/text.vm?id=0000134207&first=572&last=594 ** http://bdh-rd.bne.es/text.vm?id=0000134207&first=595&last=630 ** http://bdh-rd.bne.es/text.vm?id=0000134207&first=631&last=632 ** http://bdh-rd.bne.es/text.vm?id=0000134207&first=633&last=638 ** http://bdh-rd.bne.es/text.vm?id=0000134207&first=639&last=693 ** http://bdh-rd.bne.es/text.vm?id=0000134207&first=694&last=736 ** http://bdh-rd.bne.es/text.vm?id=0000134207&first=737&last=785 ** http://bdh-rd.bne.es/text.vm?id=0000134207&first=786&last=853 ** http://bdh-rd.bne.es/text.vm?id=0000134207&first=854&last=913 ** http://bdh-rd.bne.es/text.vm?id=0000134207&first=914&last=972 ** http://bdh-rd.bne.es/text.vm?id=0000134207&first=973&last=1041 ** http://bdh-rd.bne.es/text.vm?id=0000134207&first=1042&last=1106 ** http://bdh-rd.bne.es/text.vm?id=0000134207&first=1107&last=1109 **
bimo0001973730;Capmany y de Montpalau, Antonio de , 1742-1813  // Ochoa, Eugenio de , 1815-1872  //;;;"Tesoro de los prosadores españoles, desde la formación del romance castellano hasta fines del siglo XVIII : en el que se contiene los más selecto del ""Teatro histórico-crítico de la elocuencia española"" de don Antonio Capmani";;recopilado y ordenado por Eugenio de Ochoa;;Baudry, Librería Europea;;París;1841;II, 584 p. , 22 cm ,;Colección de los mejores autores españoles, t. 22 //;;;;;;;;;;Prosa española --  //;;;;;;;;"821.134.2-3""12/17""(082.2)  //";;;;;;;;;;;;;;;fr;spa;;;Libro;;F/892 //;http://bdh-rd.bne.es/viewer.vm?id=0000168446&page=1 **;http://bdh-rd.bne.es/text.vm?id=0000168446&first=1&last=603 **
bimo0001974557;Quevedo, Francisco de , 1580-1645  // Ochoa, Eugenio de , 1815-1872  //;;[Obra selecta] //;Obras escogidas de D. F. de Quevedo y Villegas : con notas y una noticia de su vida y escritos;;por Eugenio de Ochoa;;Baudry, Librería Europea;;París;1842;XVI, 508 p. , 1 retr. , 22 cm ,;Colección de los mejores autores españoles, t. 27 //;"Obras serias ; Obras jocosas ; Obras poéticas//";;;;;;;;;;;;;;;;;"821.134.2-82""16""  //  821.134.2-4/-9  //";;;;;;;;;;;;;;;fr;spa;;;Libro;;F/897 //;http://bdh-rd.bne.es/viewer.vm?id=0000168450&page=1 **;http://bdh-rd.bne.es/text.vm?id=0000168450&first=1&last=516 **
bimo0001975709;Ochoa, Eugenio de , 1815-1872 -editor literario  //;;;Tesoro de novelistas españoles antiguos y modernos;;con una introducción y noticias de Eugenio de Ochoa;;Baudry, Librería Europea;;París;1847;3 v. , 22 cm ,;Colección de los mejores autores españoles, t. 36-38 //;"v. 1. El abencerraje / Antonio de Villegas. El patrañuelo / de Juan de Timoneda. El lazarillo de Tormes / por Diego Hurtado de Mendoza. La pícara Justina / por Fray Andrés Pérez. Los tres maridos burlados / de Tirso de Molina -- v. 2. La villana de Pinto ; Los primos amantes / por J. Pérez de Montalván. El dionado hablador / por Gerónimo de Alcara, El curioso y sabio Alejandro / por Alonso Jerónimo de Salas Barbadillo. El castigo de la miseria ; La fuerza del amor ; El juez de su causa ; Tarde llega el desengaño / novelas de María de Zayas. La garduña de Sevilla / por Alonso de Castillo Solórzano -- v. 3. Vida de Gregorio Guadaña / por Antonio Enríquez Gómez. Vida y hechos de Estebanillo González ; El diablo cojuelo / de Luis Vélez de Guevara. Novela de los tres hermanos / por Francisco Navarrete y Ribera. Novela del caballero invisible / anónima. Dia y noche de Madrid / por Francisco Santos. Virtud al uso y mística a la moda ....//";;;;;;;;;Novelas españolas -- S.XVI-XVII --  //;Novelas --  //;;;;;;;"821.134.2-31""15/16""(082.2)  //";;;;;;;;;;;;;;;fr;spa;;;Libro;;F/906 // F/907 // F/908 // F/907_V._2 // F/908_V._3 // F/906_V._1 //;http://bdh-rd.bne.es/viewer.vm?id=0000235247&page=1 ** http://bdh-rd.bne.es/viewer.vm?id=0000235247&page=512 ** http://bdh-rd.bne.es/viewer.vm?id=0000235247&page=1035 **;http://bdh-rd.bne.es/text.vm?id=0000235247&first=1&last=511 ** http://bdh-rd.bne.es/text.vm?id=0000235247&first=512&last=1034 ** http://bdh-rd.bne.es/text.vm?id=0000235247&first=1035&last=1607 **
bimo0001978544;Ducamin, Jean -editor literario  //;;;Romances choisis : (romaces históricos, fronterizos, novelescos, caballerescos, moriscos, varios, vulgares);;textes annotés suivis d'une petite grammaire et d'un lexique par Jean Ducamin;;Garnier Frères;;Paris;1896;XXI, 240 p. , 19 cm ,;Collection E. Mérimée //;;Textos en francés y español  //;;;;;;;;Romances -- España --  //;;;;;;;;821.134.2-1  //  821.134.2-14(082.2)  //;;;;;;;;;;;;;;;fr;fre;;fre // spa //;Libro;;12/264330 //;http://bdh-rd.bne.es/viewer.vm?id=0000197466&page=1 **;http://bdh-rd.bne.es/text.vm?id=0000197466&first=1&last=275 **
bimo0001983338;Milton, John , 1608-1674  //;;[Obras] //;"Prose works ; Poetical works";;Milton;;William Ball  Stereotyped and printed by John Childs;;London , London;1836 - 1839;XLIII, 963, 1001 p. , 1 retr. , 28 cm ,;Lingüística. Literatura // Literatura //;;Índice  //;;;;;;;;;;;;;;;;"821.111-82""16""  //";;;;;;;;;;;;;;;xx;eng;;;Libro;;U/1230 //;http://bdh-rd.bne.es/viewer.vm?id=0000134222&page=1 ** http://bdh-rd.bne.es/viewer.vm?id=0000134222&page=303 ** http://bdh-rd.bne.es/viewer.vm?id=0000134222&page=602 ** http://bdh-rd.bne.es/viewer.vm?id=0000134222&page=899 ** http://bdh-rd.bne.es/viewer.vm?id=0000134222&page=1021 **;http://bdh-rd.bne.es/text.vm?id=0000134222&first=1&last=302 ** http://bdh-rd.bne.es/text.vm?id=0000134222&first=303&last=601 ** http://bdh-rd.bne.es/text.vm?id=0000134222&first=602&last=898 ** http://bdh-rd.bne.es/text.vm?id=0000134222&first=899&last=1020 ** http://bdh-rd.bne.es/text.vm?id=0000134222&first=1021&last=1229 **
bimo0001983623;Pérez Lugín, Alejandro , 1870-1926  //;;;La Virgen del Rocío ya entró en Triana : novela póstuma;;Alejandro Pérez-Lugín;1ª ed.;Colón;;Madrid;1929;306 p. , 19 cm ,;;;;;;;;;;;;;;;;;;;"821.134.2-31""18""  //";;;;;;;;;;;;;;;sp;spa;;;Libro;;12/267820 //;http://bdh-rd.bne.es/viewer.vm?id=0000197464&page=1 **;http://bdh-rd.bne.es/text.vm?id=0000197464&first=1&last=321 **
bimo0001987973;Castillo Solórzano, Alonso de , 1584-1648?  // Castillo Solórzano, Alonso de , 1584-1648?  //;;;La inclinación española;El conde de las legumbres;Alonso de Castillo Solorzano;;Patronato Social de Buenas Lecturas;;Madrid;1919;106 p. , 16 cm ,;Biblioteca de cultura popular, t. 23 //;;Incluye (p. [57]-106): El conde de las legumbres  //;;;;;;;;;;;;;;;;"821.134.2-32""16""  //";;;;;;;;;;;;;;;sp;spa;;;Libro;;12/276238 //;http://bdh-rd.bne.es/viewer.vm?id=0000140126&page=1 **;http://bdh-rd.bne.es/text.vm?id=0000140126&first=1&last=130 **
bimo0002018634;Dupuis, Eudoxie , n. 1835  // Cervantes Saavedra, Miguel de , 1547-1616  // Guydo -ilustrador  //;;;Don Quichotte de la Manche : comédie en deux actes;;"Meryem Cécyl ; illustrations de Guydo";2e éd.;Librairie Ch. Delagrave;;Paris;1931;96 p., [1] h. de lám. , il. , 23 cm ,;;;Adaptación de: Don Quijote de la Mancha / Miguel de Cervantes Saavedra  //;;;;;;;;;;;;;;;;"821.133.1-22""18""  //  821.134.2-2  //";;;;;;;;;;;;;;;fr;fre;;;Libro;;CERV/5310 //;http://bdh-rd.bne.es/viewer.vm?id=0000197410&page=1 **;http://bdh-rd.bne.es/text.vm?id=0000197410&first=1&last=103 **
bimo0002030827;Liñán y Eguizábal, José de, Conde de Doña Marina , 1858-1934  // Calderón de la Barca, Pedro , 1600-1681  // Comillas, Claudio López Bru, Marqués de , 1853-1925  //;;;El pintor de su deshonra;;"por Pedro Calderón de la Barca ; [refundido por] José y Miguel de Liñán y Eguizabal ; edición de Marqués de Comillas";;Patronato Social de Buenas Lecturas;;Madrid;1920;132 p. , 16 cm ,;Biblioteca de cultura popular, t. 30 //;;;;;;;;;;;;;;;;;;"821.134.2-23""18""  //";;;;;;;;;;;;;;;sp;spa;;;Libro;;6/9470<30> //;http://bdh-rd.bne.es/viewer.vm?id=0000200829&page=1 **;http://bdh-rd.bne.es/text.vm?id=0000200829&first=1&last=147 **
bimo0002045908;Bremer, Fredrika , 1801-1865  // Howitt, Mary Botham , 1799-1888  //;;;The president's daughters including Nina;Nina;"by Frederika Bremer ; translated by Mary Howitt";;Longman, Brown, Green and Longmans;;London;1843;"3 v.(VIII, 339 ; VIII, 327 ; 319 p.) , 19 cm ,";Lingüística. Literatura // Literatura //;;;;;;;;;;;;;;;;;;"821.113.6-31""18""  //";;;;;;;;;;;;;;;xx;eng;swe;eng //;Libro;;U/7763 // U/7764 // U/7765 //;http://bdh-rd.bne.es/viewer.vm?id=0000046753&page=1 ** http://bdh-rd.bne.es/viewer.vm?id=0000046753&page=364 ** http://bdh-rd.bne.es/viewer.vm?id=0000046753&page=715 **;http://bdh-rd.bne.es/text.vm?id=0000046753&first=1&last=363 ** http://bdh-rd.bne.es/text.vm?id=0000046753&first=364&last=714 ** http://bdh-rd.bne.es/text.vm?id=0000046753&first=715&last=1051 **
bimo0002053525;León, Luis de , 1527-1591  //;;;Flores poéticas : colección de las mejores composiciones de Fray Luis de León, Garcilaso, Gil Polo ... [et.al.];;;;[s.n.]  Imp. del Diccionario Geográfico;;[S.l.] , Madrid;1848;76 p. , 17 cm ,;;;;;;;;;;;Poesías españolas -- S.XVI-XVII --  // Poesías españolas -- S.XVIII --  //;;;;;;;;"821.134.2-14""15/17""(082.2)  //";;;;;;;;;;;;;;;sp;spa;;;Libro;;12/327717 //;http://bdh-rd.bne.es/viewer.vm?id=0000106053&page=1 **;http://bdh-rd.bne.es/text.vm?id=0000106053&first=1&last=81 **
bimo0002059381;Aguirre y Laviaguerre, Elías  //;;;Veladas de invierno : poesías líricas;;de Elías Aguirre y Laviaguerre;;Lib.ª  Esp.ª y Extran.ª de José Mª Geofrin;;Sevilla;1864;94 p. , 20 cm ,;;;;;;;;;;;;;;;;;;;"821.134.2-14""18""  //";;;;;;;;;;;;;;;sp;spa;;;Libro;;12/327533 //;http://bdh-rd.bne.es/viewer.vm?id=0000111281&page=1 **;http://bdh-rd.bne.es/text.vm?id=0000111281&first=1&last=96 **
bimo0002059387;Corpancho, Godofredo  //;;;Lira patriótica o Colección escogida de poesías sobre asuntos patrióticos para ejercicios de declamación;Colección escogida de poesías sobre asuntos patrióticos para ejercicios de declamación  //;por Godofredo Corpancho;;[s.n.]  Imp. del Estado;;[S.l.] , Lima;1873;80 p. , 20 cm ,;Lingüística. Literatura // Literatura //;;;;;;;;;;Poesías -- S.XIX --  //;;;;;;;;"(85)  //  821-41""18""(082.2)  //";;;;;;;;;;;;;;;pe;spa;;;Libro;;12/327530 //;http://bdh-rd.bne.es/viewer.vm?id=0000088248&page=1 **;http://bdh-rd.bne.es/text.vm?id=0000088248&first=1&last=83 **
bimo0002062423;Nido, Matilde del  //;;;Cervantes : poesías escritas para honrar la memoria del primero de nuestros ingenios en el 3er centenario de su muerte;;por Matilde del Nido, vda. de Bellido, Melilla 23 de abril de 1916;;"[s.n.]  Imp. ""El Comercio""";;Melilla;1916;7 p. , 15 cm ,;;;;;;;;;;;Cervantes Saavedra, Miguel de -- Poesías --  //;;;;;;;;"821.134.2-14""18""  //  929 Cervantes Saavedra, Miguel de (0:82)  //";;;;;;;;;;;;;;;sp;spa;;;Libro;;AFRGFC/136/9 //;http://bdh-rd.bne.es/viewer.vm?id=0000188214&page=1 **;http://bdh-rd.bne.es/text.vm?id=0000188214&first=1&last=12 **
bimo0002063740;Scott, Walter, Sir , 1771-1832  // Scott, Walter, Sir , 1771-1832 Español  // Bergnes de las Casas, Antonio , 1801-1879  //;;[Old mortality. Español] //;Los puritanos de Escocia;El enano misterioso;"novela orijinal de Sir Walter-Scott ; puesta en castellano por A.B.";;[s.n.]  Imp. de Antonio Bergnes;;[S.l.] , Barcelona;1838;297 p. , 23 cm ,;Biblioteca selecta y económica. Sección 1ª, 4 //;;Incluye (p. [221]-297): El enano misterioso  //;;;;;;;;;;;;;;;;"821.111-31""18""  //";;;;;;;;;;;;;;;sp;spa;eng;spa //;Libro;;3/110598 //;http://bdh-rd.bne.es/viewer.vm?id=0000090126&page=1 **;http://bdh-rd.bne.es/text.vm?id=0000090126&first=1&last=307 **
bimo0002087406;Valle-Inclán, Ramón del , 1866-1936  //;;[Los cruzados de la causa] //;Los cruzados de la causa;;por Ramón del Valle-Inclán;2ª ed.;[s.n.]  Imp. de Primitivo Fernández;;[S.l.] , Madrid;1909;238 p. , 19 cm ,;La guerra carlista, v. 1 // Valle-Inclán, Ramón del, v. 1 //;;;;;;;;;;España -- Historia -- 1833-1876 (Guerras carlistas) -- Novelas --  //;Novelas históricas --  //;;;;;;;"821.134.2-31""19""  //  94(460)""1833/76""(0:82)  //";;;;;;;;;;;;;;;sp;spa;;;Libro;;12/350057 //;http://bdh-rd.bne.es/viewer.vm?id=0000200770&page=1 **;http://bdh-rd.bne.es/text.vm?id=0000200770&first=1&last=245 **
bimo0002096732;Asensi, Julia de , 1859-1921  //;;;Tula y León;;;;Antonio J. Bastinos  Librería de Julián Bastinos;;Barcelona;1901;16 p. , il. , 16 cm ,;Biblioteca rosa / por Julia de Asensi //;;;;;;;;;;;;;;;;;;"821.134.2-34""18""  //";;;;;;;;;;;;;;;sp;spa;;;Libro;;VC/285/11 //;http://bdh-rd.bne.es/viewer.vm?id=0000193131&page=1 **;http://bdh-rd.bne.es/text.vm?id=0000193131&first=1&last=19 **
bimo0002096734;Asensi, Julia de , 1859-1921  //;;;Los pescadores;;;;Antonio J. Bastinos  Librería de Julián Bastinos;;Barcelona;1901;16 p. , il. , 16 cm ,;Biblioteca rosa / por Julia de Asensi //;;;;;;;;;;;;;;;;;;"821.134.2-34""18""  //";;;;;;;;;;;;;;;sp;spa;;;Libro;;VC/285/13 //;http://bdh-rd.bne.es/viewer.vm?id=0000193137&page=1 **;http://bdh-rd.bne.es/text.vm?id=0000193137&first=1&last=19 **
bimo0002096735;Asensi, Julia de , 1859-1921  //;;;La hucha;;;;Antonio J. Bastinos  Librería de Julián Bastinos;;Barcelona;1901;16 p. , il. , 16 cm ,;Biblioteca rosa / por Julia de Asensi //;;;;;;;;;;;;;;;;;;"821.134.2-34""18""  //";;;;;;;;;;;;;;;sp;spa;;;Libro;;VC/285/14 //;http://bdh-rd.bne.es/viewer.vm?id=0000193129&page=1 **;http://bdh-rd.bne.es/text.vm?id=0000193129&first=1&last=19 **
bimo0002096736;Asensi, Julia de , 1859-1921  //;;;Las hijas de Elena;Las hijas de Helena  //;;;Antonio J. Bastinos  Librería de Julián Bastinos;;Barcelona;1901;15 p. , il. , 16 cm ,;Biblioteca rosa / por Julia de Asensi //;;;;;;;;;;;;;;;;;;"821.134.2-34""18""  //";;;;;;;;;;;;;;;sp;spa;;;Libro;;VC/285/15 //;http://bdh-rd.bne.es/viewer.vm?id=0000193136&page=1 **;http://bdh-rd.bne.es/text.vm?id=0000193136&first=1&last=19 **
bimo0002097609;Buttmann, Philipp , 1764-1829  // Fishlake, John Roles , 1790-1868  //;;;Lexilogus or a critical examination of the meaning and etymology of numerous Greek words and passages, intended principally for Homer and Hesiod;;"by Philip Buttman .. ; translated and edited, with explanatory notes and copious indexes, by J.R. Fishlake";3rd. ed. rev.;John Murray;;London;1846;XV, 586 p. , 23 cm ,;Lingüística. Literatura // Literatura //;;;;;;;;;;Homero -- Lenguaje --  // Hesíodo -- Lenguaje --  //;;;;;;;;821.14 Homero 1.08  //  821.14 Hesíodo 1.08  //;;;;;;;;;;;;;;;xx;eng;;;Libro;;U/5495 //;http://bdh-rd.bne.es/viewer.vm?id=0000089389&page=1 **;http://bdh-rd.bne.es/text.vm?id=0000089389&first=1&last=615 **
bimo0002107109;Woillez, Catherine , 1781-1859 -aut  // J. R. -traductor trl  //;;[Léontine et Marie ou Les deux éducations. Español] //;Leontina y María o Las dos educaciones;Las dos educaciones  //;"por Madama Voillez ; novela traducida de la séptima edición francesa por J.R.";;Librería de la Viuda é Hijos de J. Subirana, editores;;Barcelona;1863;285 p. , 18 cm ,;Biblioteca escogida de la juventud, 15 //;;Título original: Léontine et Marie ou Les deux éducations  //;;;;;;;;;;;;;;;;"821.133.1-31""18""  //";;;;;;;;;;;;;;;sp;spa;fre;spa //;Libro;;4/38645 //;http://bdh-rd.bne.es/viewer.vm?id=0000193898&page=1 **;http://bdh-rd.bne.es/text.vm?id=0000193898&first=1&last=289 **
bimo0002107126;Guermante, Claire -aut  // J. R. -traductor trl  //;;[Robert ou le souvenir d'une mère. Español] //;Roberto o El recuerdo de una madre;El recuerdo de una madre  //;"por Madama C. Guermante ; novela traducida de la cuarta edición francesa por J.R.";;Librería de la Viuda é Hijos de J. Subirana, editores;;Barcelona;1863;288 p., [2] h. de lám. , 18 cm ,;Biblioteca escogida de la juventud, 16 //;;Título original: Robert ou le souvenir d'une mère  //;;;;;;;;;;;;;;;;"821.133.1-31""18""  //";;;;;;;;;;;;;;;sp;spa;fre;spa //;Libro;;4/38657 //;http://bdh-rd.bne.es/viewer.vm?id=0000193895&page=1 **;http://bdh-rd.bne.es/text.vm?id=0000193895&first=1&last=301 **
bimo0002107130;Veilles, comtesse de -aut  // J. R. -traductor trl  //;;[Beitriz. Español] //;Beatriz;;"por la Condesa de Veillez ; traducción castellana, por J.R.";;Librería de la Viuda e Hijos de J. Subirana, editores;;Barcelona;1864;285 p., [2] h. de lám. , 18 cm ,;Biblioteca escogida de la juventud, 20 //;;Título orogonal: Beitriz  //;;;;;;;;;;;;;;;;"821.133.1-31""18""  //";;;;;;;;;;;;;;;sp;spa;fre;spa //;Libro;;4/33792 //;http://bdh-rd.bne.es/viewer.vm?id=0000193899&page=1 **;http://bdh-rd.bne.es/text.vm?id=0000193899&first=1&last=299 **
bimo0002123502;Pérez Nieva, Alfonso , 1859-1931  //;;;El juez real, el duque y la comedianta : novela de costumbres del siglo XVII;;por Alfonso Pérez Nieva;1ª ed.;Librería y Casa Editorial Hernando;;Madrid;1931;251 p. , il. , 17 cm ,;Biblioteca Hernando, t. 13 //;;;;;;;;;;;;;;;;;;"821.134.2-31""18""  //";;;;;;;;;;;;;;;sp;spa;;;Libro;;6/4651<13> //;http://bdh-rd.bne.es/viewer.vm?id=0000200658&page=1 **;http://bdh-rd.bne.es/text.vm?id=0000200658&first=1&last=273 **
bimo0002124809;Pérez de Camino, Fernando , 1859-1901  //;;;Marinucas;;"por Fernando P. de Camino ; ilustraciones del autor";;"[s.n.]  Imp. de la ""Revista de Navegación y Comercio""";;[S.l.] , Madrid;1894;163 p. , il. , 15 cm ,;Biblioteca ilustrada de autores contemporáneos, 4 //;;;;;;;;;;;;;;;;;;"821.134.2-32""18""  //";;;;;;;;;;;;;;;sp;spa;;;Libro;;6/8977<4> //;http://bdh-rd.bne.es/viewer.vm?id=0000204494&page=1 **;http://bdh-rd.bne.es/text.vm?id=0000204494&first=1&last=187 **
bimo0002134562;Laloue, Ferdinand , m. 1850  // Cervantes Saavedra, Miguel de , 1547-1616  // Anicet-Bourgeois, Auguste , 1806-1871  //;;;Don Quichotte et Sancho Pança : pièce en deux actes et treize tableaux;;par Ferndinad Laloue et Anicet Bourgeois;;Marchant;;Paris;1843;42 p. , 27 cm ,;Magasin théatral //;;"""Représentée pour la première fois, à Paris, sur le Théâtre du Cirque, le 12 octobre 1843""  // Adaptación de: Don Quijote de la Mancha / Miguel de Cervantes Saavedra  //";;;;;;;;;;;;;;;;"821.133.1-23""18""  //";;;;;;;;;;;;;;;fr;fre;;;Libro;;CERV.SEDÓ/5178 //;http://bdh-rd.bne.es/viewer.vm?id=0000192474&page=1 **;http://bdh-rd.bne.es/text.vm?id=0000192474&first=1&last=55 **
bimo0002135942;Scribe, Eugène , 1791-1861  //;;;Le domino noir : opèra-comique en trois actes;;"par Scribe ... ; musique de Auber";;"Marchant ;  Tarride";;ParisBruxelles;1837;31 p. , il. , 27 cm ,;Magasin théatral //;;"""Représenté pour la première fois, à Paris, sur le Théâtre Royal de l'Opéra-Comique, le 2 decembre 1837""  // Título tomado de la cabecera  //";;;;;;;;;;;;;;;;"821.133.1-293""18""  //";;;;;;;;;;;;;;;fr;fre;;;Libro;;T/19252 //;http://bdh-rd.bne.es/viewer.vm?id=0000122594&page=1 **;http://bdh-rd.bne.es/text.vm?id=0000122594&first=1&last=36 **
bimo0002138078;Prendez, Pedro Nolasco  //;;;Poesías siluetas de la historia, 1886;;Pedro Nolasco Prendez;;"[s.n.]  Imp. de ""La Patria""";;[S.l.] , Valparaiso;1886;51 p. , 21 cm ,;Lingüística. Literatura // Literatura hispanoamericana //;;;;;;;;;;;;;;;;;;"821.134.2(83)-14""18""  //  821.134.28  //";;;;;;;;;;;;;;;cl;spa;;;Libro;;12/393450 //;http://bdh-rd.bne.es/viewer.vm?id=0000088243&page=1 **;http://bdh-rd.bne.es/text.vm?id=0000088243&first=1&last=63 **
bimo0002138082;Valle-Inclán, Ramón del , 1866-1936  //;;;Tablado de marionetas;;lo saca a la luz Ramón del Valle-Inclán;;[s.n.  Rivadeneyra;;[S.l.] , Madrid;1930;337 p. , 19 cm ,;Opera omnia, v. 10 // Valle-Inclán, Ramón del, v. 10 //;;;;;;;;;;;Teatro --  //;;;;;;;"821.134.2-2  //  821.134.2-23""19""  //";;;;;;;;;;;;;;;sp;spa;;;Libro;;12/393158 //;http://bdh-rd.bne.es/viewer.vm?id=0000200771&page=1 **;http://bdh-rd.bne.es/text.vm?id=0000200771&first=1&last=343 **
a4822924;Lomazzo, Giovanni Paolo , 1538-1600  // Da Ponte, Paolo Gottardo -imp.  // Tini, Pietro , fl.1572-1588? -ed.  //;;;Trattato dell'arte della pittura, scoltura, et architettura;;di Gio. Paolo Lomazzo milanese pittore, diuiso in sette libri. Ne' quali si discorre de la proportione, de' moti, de' colori ... de la pittura. Et finalmente de le istorie d'essa pittura. Con vna tauola de' nomi de tutti li pitttori, scoltori, architetti, et matematici antichi, et moderni ...;;per Paolo Gottardo Pontio ...  a instantia di Pietro Tini;;In Milano;1585;[40], 700 [i.e. 698], [2] p. , 4º ,;;;Marca tipográfica (EDIT 16, U45) en portada  // Colofón  // Sign.: [cruz latina]⁸, 2[cruz latina]¹², A-Z⁸, 2A-2V⁸, 2X⁶  // Error de paginación: de la p. 692 pasa a la 695  //;Adams L 1420  // EDIT 16 CNCE 24454  //;;;;;;;Arte -- Historia -- Obras de divulgación --  //;;Milán, Italia //;;;;;;73  //;;;;;;;;;;;;;;;it;ita;;;Libro;;;http://bdh-rd.bne.es/viewer.vm?id=0000043088&page=1 ** http://bdh-rd.bne.es/viewer.vm?id=0000043088&page=101 ** http://bdh-rd.bne.es/viewer.vm?id=0000043088&page=201 ** http://bdh-rd.bne.es/viewer.vm?id=0000043088&page=301 ** http://bdh-rd.bne.es/viewer.vm?id=0000043088&page=401 ** http://bdh-rd.bne.es/viewer.vm?id=0000043088&page=501 ** http://bdh-rd.bne.es/viewer.vm?id=0000043088&page=601 **;http://bdh-rd.bne.es/text.vm?id=0000043088&first=1&last=100 ** http://bdh-rd.bne.es/text.vm?id=0000043088&first=101&last=200 ** http://bdh-rd.bne.es/text.vm?id=0000043088&first=201&last=300 ** http://bdh-rd.bne.es/text.vm?id=0000043088&first=301&last=400 ** http://bdh-rd.bne.es/text.vm?id=0000043088&first=401&last=500 ** http://bdh-rd.bne.es/text.vm?id=0000043088&first=501&last=600 ** http://bdh-rd.bne.es/text.vm?id=0000043088&first=601&last=745 **
a5628456;Alcalá Galiano, M. -aut  //;;;Inaguration du buste de Cervantès dans la Grotte du Jardin d'Hassan : (campgne Sabetéry);;discours prononcé par M. Alcalá Galiano;;[s.n.]  Imp. Générale J. Picard et Cie;;[S.l.] , Tunis;1899;11 p. , 24 cm ,;;;;;;;;;;;Cervantes Saavedra, Miguel de -- Monumentos --  // Monumentos conmemorativos -- Argel --  //;;;;;;;;73  //  929 Cervantes Saavedra, Miguel de (0:73)  //  73(65 A.)  //;;;;;;;;;;;;;;;ti;fre;;;Libro;;CERV.SEDÓ/6269 //;http://bdh-rd.bne.es/viewer.vm?id=0000192739&page=1 **;http://bdh-rd.bne.es/text.vm?id=0000192739&first=1&last=23 **
a5659595;Saralegui y Medina, Manuel de , 1851-1926 -aut  //;;;Manneken-Pis;;Manuel de Saralegui y Medina;;[s.n.]  Talleres Gráf. Rieusset;;[S.l.] , Barcelona;1919;53 p., [5] h. de lám. , 20 cm ,;Menudencias históricas, 5 //;;Incluye referencias bibliográficas  //;;;;;;;;Duquesnoy, Hieronymus --  //;;;;;;;;73  //  73 Duquesnoy, Hieronymus. Manneken Pis  //;;;;;;;;;;;;;;;sp;spa;;;Libro;;SG.FOLL/1760 //;http://bdh-rd.bne.es/viewer.vm?id=0000232749&page=1 **;http://bdh-rd.bne.es/text.vm?id=0000232749&first=1&last=69 **
bima0000109314;;Imprenta del Diario (Valencia) (fl. 1790-1812) -imp.  //;;La ciudad de Valencia renueva la memoria de la exaltacion al trono del Señor D. Fernando VII y ofrece al público la estatua de S. M.;;;;en la Imprenta del Diario;;Valencia;1809;8 p. , 4º ,;;;Adorno tipográfico en portada  //;;;;;;;;Fernando -- VII, -- Rey de España -- Estatuas --  //;;Valencia, España //;;;;;;394  //  73  //;;;;;;;;;;;;;;;sp;spa;;;Libro;;R/60788 //;http://bdh-rd.bne.es/viewer.vm?id=0000168799&page=1 **;http://bdh-rd.bne.es/text.vm?id=0000168799&first=1&last=8 **
bima0000127485;Herrera, Juan de , 1530-1597  // Ruiz, María , fl. 1584-1595 -imp.  //;;;Sumario y breue declaración de los diseños y estampas de la Fábrica de San Lorencio el Real del Escurial;;sacado a luz por Iuan de Herrera ...;;Por la viuda de Alonso Gomez ...;;En Madrid;1589;32 h. , 8º ,;Bellas artes // Artes menores y oficios artísticos // Tavera //;;Sign.: A-D⁸  // Errores de sign.: A³ por B³  //;CCBE, s. XVI H, 325  //;;;;;;;Monasterio de El Escorial -- Descripción --  //;;Madrid, España //;;;;;;73  //;;;;;;;;;;;;;;;sp;spa;;;Libro;;R/35254 //;http://bdh-rd.bne.es/viewer.vm?id=0000054511&page=1 **;http://bdh-rd.bne.es/text.vm?id=0000054511&first=1&last=63 **
bimo0001001663;Hogarth, William , 1697-1764  // Trusler, John  //;;;Hogarth moralized a complete edition of all the most capital and admired works of William Hogarth, accompanied by concise and comprehensive explanations of their moral tendency;;by the late rev. Dr. Trusler, to which are added un introductory essay and many original and selected notes, by John Major;A new ed., rev., corr., and somewhat enl., by the same;Henry Washbourne;;London;1841;XXXVI, 256 p. , il. , 23 cm ,;Bellas artes // Escultura //;;;;;;;;;;Hogarth, William --  //;;;;;;;;741.5 Hogarth, William  //  73  //;;;;;;;;;;;;;;;xx;eng;;;Libro;;U/1846 //;http://bdh-rd.bne.es/viewer.vm?id=0000039846&page=1 **;http://bdh-rd.bne.es/text.vm?id=0000039846&first=1&last=523 **
bimo0001035318;Sentenach, Narciso , 1856-1925  // Inurria, Mateo , 1867-1924  //;Real Academia de Bellas Artes de San Fernando  //;;Discursos leídos en la Real Academia de Bellas Artes de San Fernando en la recepción pública de Don Mateo Inurria Lainosa el día 22 de marzo de 1922;;;;"[s.n.]  ""Mateu"" Artes Gráf.";;Madrid , Madrid;1922;24 p. , 26 cm ,;;;Recoge el discurso de recepción de Narciso Sentenach y contestación de Mateo Inurria Lainosa  //;;;;;;;;Inurria, Mateo --  //;;;;;;;;73  //  73 Inurria, Mateo  //;;;;;;;;;;;;;;;sp;spa;;;Libro;;VC/796/45 //;http://bdh-rd.bne.es/viewer.vm?id=0000250103&page=1 **;http://bdh-rd.bne.es/text.vm?id=0000250103&first=1&last=27 **
bimo0001105878;Lira, Pedro  //;;;Diccionario biográfico de pintores;;por Pedro Lira;;[s.n.]  Imp. Enc. y Litogr. Esmeralda;;[S.l.];1902;VIII, 551 p. , 23 cm ,;Bellas artes // Escultura //;;;;;;;;;;Pintores -- Diccionarios --  //;;;;;;;;929(100):75(038)  //  73  //;;;;;;;;;;;;;;;cl;spa;;;Libro;;HA/2088 //;http://bdh-rd.bne.es/viewer.vm?id=0000040686&page=1 **;http://bdh-rd.bne.es/text.vm?id=0000040686&first=1&last=571 **
bimo0001222428;Nakens, José , 1841-1926  //;;;Cosas que he dicho;;por José Nakens;;[s.n.]  Imp. de Domingo Blanco;;[S.l.] , Madrid;1912;319 p. , 19 cm ,;;;;;;;;;;;;;;;;;;;"821.134.2-82""18""  //  821.134.2-4/-9  //";;;;;;;;;;;;;;;sp;spa;;;Libro;;1/63637 // 7/110587 //;http://bdh-rd.bne.es/viewer.vm?id=0000192746&page=1 **;http://bdh-rd.bne.es/text.vm?id=0000192746&first=1&last=329 **
bimo0001222432;Nakens, José , 1841-1926  //;;;Cuadros de miseria : copiados del natural;;por José Nakens;;[s.n.]  Imp. de Domingo Blanco;;[S.l.] , Madrid;1907;350 p. , 19 cm ,;;;;;;;;;;;;;;;;;;;"821.134.2-92""18""  //  821.134.2-4/-9  //";;;;;;;;;;;;;;;sp;spa;;;Libro;;1/30755 //;http://bdh-rd.bne.es/viewer.vm?id=0000178660&page=1 **;http://bdh-rd.bne.es/text.vm?id=0000178660&first=1&last=367 **
bimo0001222434;Nakens, José , 1841-1926  //;;;Chaparrón de milagros;;por José Nakens;;[s.n.]  Imp. de Domingo Blanco;;[S.l.] , Madrid;1912;287 p. , 19 cm ,;;;;;;;;;;;Milagros -- Obras satíricas y humorísticas --  //;;;;;;;;821.134.2-4/-9  //  27-145.55(089.3)  //  821.134.2-7  //;;;;;;;;;;;;;;;sp;spa;;;Libro;;7/110502 //;http://bdh-rd.bne.es/viewer.vm?id=0000185721&page=1 **;http://bdh-rd.bne.es/text.vm?id=0000185721&first=1&last=289 **
bimo0001222436;Nakens, José , 1841-1926  //;;;De todo un poco : colección de artículos;;de José Nakens;;[s.n.]  Imp. Domingo Blanco;;[S.l.] , Madrid;1912;303 p. , 19 cm ,;;;;;;;;;;;;;;;;;;;"821.134.2-92""18""  //  821.134.2-4/-9  //";;;;;;;;;;;;;;;sp;spa;;;Libro;;7/110149 //;http://bdh-rd.bne.es/viewer.vm?id=0000192754&page=1 **;http://bdh-rd.bne.es/text.vm?id=0000192754&first=1&last=313 **
bimo0001222438;Nakens, José , 1841-1926  //;;;Degradaciones y cobardías;;por José Nakens;[2ª ed.];[s.n.]  Imp. de Domingo Blanco;;[S.l.] , Madrid;1907;319 p. , 19 cm ,;;;;;;;;;;;;;;;;;;;"821.134.2-92""18""  //  821.134.2-4/-9  //";;;;;;;;;;;;;;;sp;spa;;;Libro;;7/110148 //;http://bdh-rd.bne.es/viewer.vm?id=0000192753&page=1 **;http://bdh-rd.bne.es/text.vm?id=0000192753&first=1&last=329 **
bimo0001222461;Nakens, José , 1841-1926  //;;;Muestras de mi estilo;;José Nakens;;[s.n.]  Imp. de Domingo Blanco;;[S.l.] , Madrid;1906;319 p. , 19 cm ,;;;;;;;;;;;;;;;;;;;"821.134.2-92""18""  //  821.134.2-4/-9  //";;;;;;;;;;;;;;;sp;spa;;;Libro;;1/34804 //;http://bdh-rd.bne.es/viewer.vm?id=0000178619&page=1 **;http://bdh-rd.bne.es/text.vm?id=0000178619&first=1&last=331 **
bimo0001222475;Nakens, José , 1841-1926  //;;;Variedad en la unidad : colección de artículos;;de José Nakens;;[s.n.]  Imp. Artística Sáez Hermanos;;[S.l.] , Madrid;1914;288 p. , 19 cm ,;;;;;;;;;;;;;;;;;;;"821.134.2-92""18""  //  821.134.2-4/-9  //";;;;;;;;;;;;;;;sp;spa;;;Libro;;7/110153 //;http://bdh-rd.bne.es/viewer.vm?id=0000193957&page=1 **;http://bdh-rd.bne.es/text.vm?id=0000193957&first=1&last=299 **
bimo0001222477;Nakens, José , 1841-1926  //;;;Verdades al pueblo (Juan Lanas);;por José Nakens;;[s.n.]  Imp. de Domingo Blanco;;[S.l.] , Madrid;1915;320 p. , 18 cm ,;;;;;;;;;;;;;;;;;;;"821.134.2-92""18""  //  821.134.2-4/-9  //";;;;;;;;;;;;;;;sp;spa;;;Libro;;7/110632 //;http://bdh-rd.bne.es/viewer.vm?id=0000192761&page=1 **;http://bdh-rd.bne.es/text.vm?id=0000192761&first=1&last=329 **
bimo0001224944;Navarro, Cecilio , m. 1889  //;;;Cuadros al fresco : cuentos de todos colores, menos verdes;;por Cecilio Navarro;;[s.n.]  Imp. de El Cascabel;;[S.l.] , Madrid;1866;367 p. , 21 cm ,;Biblioteca ilustrada de obras festivas //;;;;;;;;;;;;;;;;;;"821.134.2-34""18""  //";;;;;;;;;;;;;;;sp;spa;;;Libro;;1/79568 //;http://bdh-rd.bne.es/viewer.vm?id=0000190997&page=1 **;http://bdh-rd.bne.es/text.vm?id=0000190997&first=1&last=377 **
bimo0001225817;Navarro Gonzalvo, Eduardo , 1846-1902  //;;;¿A que no puedo casarme? : juguete cómico-lírico en un acto y tres cuadros en prosa;;"letra de Eduardo Navarro Gonzalvo ; música del maestro Manuel Fernández Caballero";;Florencio Fiscowich  Imp. de José Rodríguez;;Madrid;1890;47 p. , 20 cm ,;;;;;;;;;;;;;;;;;;;"821.134.2-22""18""  //";;;;;;;;;;;;;;;sp;spa;;;Libro;;T/13187 //;http://bdh-rd.bne.es/viewer.vm?id=0000047957&page=1 **;http://bdh-rd.bne.es/text.vm?id=0000047957&first=1&last=65 **
bimo0001225818;Navarro Gonzalvo, Eduardo , 1846-1902  //;;;¡A real y medio la pieza! : revista tragi-cómica en 1885 en un acto y cinco cuadros, en prosa y verso;;"letra de Eduardo Navarro Gonzalvo ; música de los maestros Rubio y Espino";;Florencio Fiscowich  Imp. de José Rodríguez;;Madrid;1886;48 p. , 21 cm ,;El Teatro : colección de obras dramáticas y líricas //;;;;;;;;;;;;;;;;;;"821.134.2-22""18""  //";;;;;;;;;;;;;;;sp;spa;;;Libro;;T/3441 //;http://bdh-rd.bne.es/viewer.vm?id=0000043029&page=1 **;http://bdh-rd.bne.es/text.vm?id=0000043029&first=1&last=63 **
bimo0001225820;Navarro Gonzalvo, Eduardo , 1846-1902  // Guardia, Ángel de la  //;;;"El africano : parodia, hasta cierto punto de ""La Africana"" en un acto y cuatro cuadros, en verso";;"original de Eduardo Navarro Gonzalvo y Ángel de la Guardia ; música de Andrés Vidal y Llimona";;[s.n.]  R. Velasco, imp.;;[S.l.] , Madrid;1892;33 p. , 21 cm ,;Administración lírico-dramática //;;"""Estrenada con extraordinario éxito en el Teatro Eslava el 5 de noviembre de 1892""  //";;;;;;;;;;;;;;;;"821.134.2-22""18""  //";;;;;;;;;;;;;;;sp;spa;;;Libro;;T/10959 //;http://bdh-rd.bne.es/viewer.vm?id=0000047752&page=1 **;http://bdh-rd.bne.es/text.vm?id=0000047752&first=1&last=49 **
bimo0001225822;Navarro Gonzalvo, Eduardo , 1846-1902  //;;;¡Aún hay patria, Veremundo! : improvisación patriótica en un acto y tres cuadros, original y en verso;;"letra de Eduardo Navarro Gonzalvo ; música de los maestros Caballero y Chalons";;Florencio Fiscowich  R. Velasco, Imp.;;Madrid;1898;34 p. , 20 cm ,;El teatro : colección de obras dramáticas y líricas //;;"""Estrenado con éxito extraordinario en el Teatro de la Zarzuela el 9 de mayo de 1898""  //";;;;;;;;;;;;;;;;"821.134.2-293""18""  //";;;;;;;;;;;;;;;sp;spa;;;Libro;;T/12911 //;http://bdh-rd.bne.es/viewer.vm?id=0000047739&page=1 **;http://bdh-rd.bne.es/text.vm?id=0000047739&first=1&last=51 **
bimo0001225823;Navarro Gonzalvo, Eduardo , 1846-1902  //;;;La avaricia rompe el saco : zarzuela cómica en un acto y en verso;;"original de Eduardo Navarro Gonzalvo ; música del maestro Teodoro San José";;Florencio Fiscowich  R. Velasco, Imp.;;Madrid;1894;34 p. , 20 cm ,;El teatro : colección de obras dramáticas y líricas //;;;;;;;;;;;;;;;;;;"821.134.2-293""18""  //";;;;;;;;;;;;;;;sp;spa;;;Libro;;T/14032 //;http://bdh-rd.bne.es/viewer.vm?id=0000048003&page=1 **;http://bdh-rd.bne.es/text.vm?id=0000048003&first=1&last=50 **
bimo0001225826;Navarro Gonzalvo, Eduardo , 1846-1902  // Pérez y González, Felipe , 1854-1910  //;;;El barbian de la Persia : humorada cómico-lírica, en un acto y tres cuadros en verso;;"letra de Eduardo Navarro Gonzalvo y Felipe Pérez y González ; música de los maestros Rubio y Espino";;[s.n.]  Imp. de José Rodríguez;;[S.l.] , Madrid;1885;39 p. , 20 cm ,;El teatro y la administración lírico-dramática //;;"""Estrenada con éxito extraordinario en el Teatro de Variedades el 16 de diciembre de 1885""  //";;;;;;;;;;;;;;;;"821.134.2-22""18""  //";;;;;;;;;;;;;;;sp;spa;;;Libro;;T/640 //;http://bdh-rd.bne.es/viewer.vm?id=0000043001&page=1 **;http://bdh-rd.bne.es/text.vm?id=0000043001&first=1&last=55 **
bimo0001225828;Navarro Gonzalvo, Eduardo , 1846-1902  // Navarro, Calixto , 1847-1900  //;;;La bayadera : humorada lírico-bailable en un acto y cuatro cuadros, en verso y prosa;;"original de los señores Eduardo Navarro Gonzalvo y Calixto Navarro ; música del maestro Guillermo Cereceda";;Eduardo Hidalgo  Florencio Fiscowich  R. Velasco, imp.;;Madrid;1893;28 p. , 21 cm ,;Administración lírico-dramática // El teatro : colección de obras dramáticas y líricas //;;"""Representada con gran aplauso en el Teatro del Príncipe Alfonso de Madrid la noche del 10 de julio de 1893""  //";;;;;;;;;;;;;;;;"821.134.2-22""18""  //";;;;;;;;;;;;;;;sp;spa;;;Libro;;T/13837 //;http://bdh-rd.bne.es/viewer.vm?id=0000047977&page=1 **;http://bdh-rd.bne.es/text.vm?id=0000047977&first=1&last=43 **
bimo0001225829;Navarro Gonzalvo, Eduardo , 1846-1902  //;;;La boda del inspector : zarzuela cómica en un acto, dividido en cinco cuadros, en prosa y verso;;"original de Eduardo Navarro Gonzalvo ; música del maestro Gregorio Mateos";;Florencio Fiscowich, ed.  Imp. de José Rodríguez;;Madrid;1892;41 p. , 21 cm ,;El teatro : colección de obras dramáticas y líricas //;;"""Estrenada con éxito extraordinario en el Teatro Eslava el 30 de diciembre de 1891""  //";;;;;;;;;;;;;;;;"821.134.2-293""18""  //";;;;;;;;;;;;;;;sp;spa;;;Libro;;T/13156 //;http://bdh-rd.bne.es/viewer.vm?id=0000048042&page=1 **;http://bdh-rd.bne.es/text.vm?id=0000048042&first=1&last=59 **
bimo0001225830;Navarro Gonzalvo, Eduardo , 1846-1902  //;;;¡¡Bonita está la Corte!! : miscelánea cómico-lírica en un acto y tres cuadros, en verso;;"original de Eduardo Navarro Gonzalvo ; música del maestro Teodoro San José";;Florencio Fiscowich  R. Velasco, Imp.;;Madrid;1893;46 p. , 20 cm ,;El Teatro: colección de obras dramáticas y líricas //;;"""Estrenada con éxito extraordinario en el Teatro de Recoletos la noche del 23 de agosto de 1893""  //";;;;;;;;;;;;;;;;"821.134.2-22""18""  //";;;;;;;;;;;;;;;sp;spa;;;Libro;;T/13186 //;http://bdh-rd.bne.es/viewer.vm?id=0000048040&page=1 **;http://bdh-rd.bne.es/text.vm?id=0000048040&first=1&last=63 **
bimo0001225832;Navarro Gonzalvo, Eduardo , 1846-1902  //;;;Buscando primos : juguete cómico en un acto y en verso;;original de Eduardo Navarro Gonzalvo;;[s.n.]  Estab. Tip. de Pedro Abienzo;;[S.l.] , Madrid;1871;28 p. , 19 cm ,;;;;;;;;;;;;;;;;;;;"821.134.2-22""18""  //";;;;;;;;;;;;;;;sp;spa;;;Libro;;T/10293 //;http://bdh-rd.bne.es/viewer.vm?id=0000047754&page=1 **;http://bdh-rd.bne.es/text.vm?id=0000047754&first=1&last=39 **
bimo0001225834;Navarro Gonzalvo, Eduardo , 1846-1902  //;;;Buscando una Suripanta : juguete cómico en un acto y en verso;;original de Eduardo Navarro Gonzalvo;;Librería de los señores Viuda e Hijos de D. J. Cuesta  Imp. Económica;;Madrid;1871;31 p. , 20 cm ,;;;"""Estrenado en Madrid con extraordinario aplauso en el Teatro Martín, en la noche del 4 de febrero de 1871""  //";;;;;;;;;;;;;;;;"821.134.2-22""18""  //";;;;;;;;;;;;;;;sp;spa;;;Libro;;T/5930 //;http://bdh-rd.bne.es/viewer.vm?id=0000043058&page=1 **;http://bdh-rd.bne.es/text.vm?id=0000043058&first=1&last=45 **
bimo0001225835;Navarro Gonzalvo, Eduardo , 1846-1902  //;;;Casa de huéspedes : sainete lírico en un acto y en verso;;"original de Eduardo Navarro Gonzalvo ; música del maestro José Díaz de Quijano";;Florencio Fiscowich  R. Velasco, Imp.;;Madrid;1891;38 p. , 21 cm ,;El teatro : colección de obras dramáticas y líricas //;;"""Estrenado con extraordinario éxito en el Teatro Eslava la noche del 2 de enero de 1894""  //";;;;;;;;;;;;;;;;"821.134.2-22""18""  //";;;;;;;;;;;;;;;sp;spa;;;Libro;;T/4497 //;http://bdh-rd.bne.es/viewer.vm?id=0000043015&page=1 **;http://bdh-rd.bne.es/text.vm?id=0000043015&first=1&last=55 **
bimo0001225836;Navarro Gonzalvo, Eduardo , 1846-1902  //;;;Cascarilla : juguete cómico en un acto y en verso;;original de Eduardo Navarro Gonzalvo;;Florencio Fiscowich, ed.  Imp. de José Rodríguez;;Madrid;1888;32 p. , 21 cm ,;El teatro : colección de obras dramáticas y líricas //;;"""Estrenado con éxito extraordinario en el Teatro de Lara, el 18 de febrero de 1888, a beneficio del primer actor cómico Sr. D. Antonio Riquelme""  //";;;;;;;;;;;;;;;;"821.134.2-22""18""  //";;;;;;;;;;;;;;;sp;spa;;;Libro;;T/8174 //;http://bdh-rd.bne.es/viewer.vm?id=0000152663&page=1 **;http://bdh-rd.bne.es/text.vm?id=0000152663&first=1&last=47 **
bimo0001225837;Navarro Gonzalvo, Eduardo , 1846-1902  //;;;Con el agua al cuello : juguete cómico en un acto y en prosa;;arreglado del francés por Eduardo Navarro Gonzalvo;;Florencio Fiscowich  Imp. de José Rodríguez;;Madrid;1887;24 p. , 20 cm ,;El teatro : colección de obras dramáticas y líricas //;;"""Estrenado con gran éxito en el Teatro de Lara, el 26 de noviembre de 1887""  //";;;;;;;;;;;;;;;;"821.134.2-22""18""  //";;;;;;;;;;;;;;;sp;spa;;;Libro;;T/11831 //;http://bdh-rd.bne.es/viewer.vm?id=0000047734&page=1 **;http://bdh-rd.bne.es/text.vm?id=0000047734&first=1&last=39 **
bimo0001225839;Navarro Gonzalvo, Eduardo , 1846-1902  //;;;Con V y con S : juguete cómico en un acto y en verso;;original de Eduardo Navarro Gonzalvo;;[s.n.]  Imp. de José Rodríguez;;Madrid;1874;32 p. , 20 cm ,;;;"""Estrenado con aplauso en el Teatro Martín el 29 de setiembre de 1874""  // ""Administración Lírico-Dramática""--Cubierta  //";;;;;;;;;;;;;;;;"821.134.2-22""18""  //";;;;;;;;;;;;;;;sp;spa;;;Libro;;T/2964 //;http://bdh-rd.bne.es/viewer.vm?id=0000042994&page=1 **;http://bdh-rd.bne.es/text.vm?id=0000042994&first=1&last=43 **
bimo0001225840;Navarro Gonzalvo, Eduardo , 1846-1902  // Ramos, Arturo  //;;;El cordero Pascual : zarzuela cómica en un acto y en prosa;;"original de Eduardo Navarro Gonzalvo y Arturo Ramos ; música del maestro Teodoro San José";;Eduardo Hidalgo  Florencio Fiscowich  R. Velasco, imp.;;Madrid;1893;39 p. , 20 cm ,;Administración lírico-dramática // El teatro : colección de obras dramáticas y líricas //;;"""Estrenada con gran éxito en el Teatro de Recoletos la noche del 7 de agosto de 1893""  //";;;;;;;;;;;;;;;;"821.134.2-293""18""  //";;;;;;;;;;;;;;;sp;spa;;;Libro;;T/13819 //;http://bdh-rd.bne.es/viewer.vm?id=0000047978&page=1 **;http://bdh-rd.bne.es/text.vm?id=0000047978&first=1&last=55 **
bimo0001225841;Navarro Gonzalvo, Eduardo , 1846-1902  //;;;La cruz de plata : drama en tres actos, inspirado con una obra francesa y escrito en verso por Eduardo Navarro Gonzalvo;;;;Florencio Fiscowich  Enrique Arregui y Luis Aruej  R. Velasco, Imp.;;Madrid;1890;75 p. , 20 cm ,;El Teatro, colección de obras dramáticas y líricas // Biblioteca Lírico-Dramática y Teatro Cómico //;;"""Estrenado en el Teatro de la Zarzuela la noche del 11 de noviembre de 1890""  //";;;;;;;;;;;;;;;;"821.134.2-23""18""  //";;;;;;;;;;;;;;;sp;spa;;;Libro;;T/14172 //;http://bdh-rd.bne.es/viewer.vm?id=0000047919&page=1 **;http://bdh-rd.bne.es/text.vm?id=0000047919&first=1&last=91 **
bimo0001225843;Navarro Gonzalvo, Eduardo , 1846-1902  //;;;Cuestión de ochavos : juguete cómico en un acto y en verso;;original de Eduardo Navarro Gonzalvo;;[s.n.]  Imp. de José Rodríguez;;[S.l.] , Madrid;1875;31 p. , 20 cm ,;;;"""Estrenado con extraordinario éxito en el Teatro Martín el 9 de marzo de 1875""  // ""Administración Lírico-Dramática""--Cubierta  //";;;;;;;;;;;;;;;;"821.134.2-22""18""  //";;;;;;;;;;;;;;;sp;spa;;;Libro;;T/4289 //;http://bdh-rd.bne.es/viewer.vm?id=0000043008&page=1 **;http://bdh-rd.bne.es/text.vm?id=0000043008&first=1&last=43 **
bimo0001225844;Navarro Gonzalvo, Eduardo , 1846-1902  // López Marín, Enrique , 1868-1919  //;;;Charito : juguete cómico-lírico en un acto y en verso;;"original de E. Navarro Gonzalvo y E. López Marín ; música del maestro Joaquín Valverde (hijo)";;Florencio Fiscowich, ed.  R. Velasco, imp.;;Madrid;1891;35 p. , 20 cm ,;El teatro : colección de obras dramáticas y líricas //;;"""Estrenado con extraordinario éxito en el Teatro del Tívoli la noche del 12 de septiembre de 1891, a beneficio de la primera triple Srta. Doña María Montes, y admirablemente dirigida y puesta en escena por don Rafael María Liern""  //";;;;;;;;;;;;;;;;"821.134.2-22""18""  //";;;;;;;;;;;;;;;sp;spa;;;Libro;;T/14157 //;http://bdh-rd.bne.es/viewer.vm?id=0000048007&page=1 **;http://bdh-rd.bne.es/text.vm?id=0000048007&first=1&last=51 **
bimo0001225848;Navarro Gonzalvo, Eduardo , 1846-1902  //;;;Dos inválidos : humorada cómico-lírica en un acto y en verso;;"original de Eduardo Navarro Gonzalvo ; música del maestro Ángel Rubio";;[s.n.]  Imp. de M.P. Montoya;;[S.l.] , Madrid;1888;26 p. , 21 cm ,;;;"""Estrenada con extraordinario éxito en el Teatro Martín, por la compañía de Variedades, el 18 de mayo de 1888""  //";;;;;;;;;;;;;;;;"821.134.2-22""18""  //";;;;;;;;;;;;;;;sp;spa;;;Libro;;T/8124 //;http://bdh-rd.bne.es/viewer.vm?id=0000152648&page=1 **;http://bdh-rd.bne.es/text.vm?id=0000152648&first=1&last=43 **
bimo0001225849;Navarro Gonzalvo, Eduardo , 1846-1902  //;;;Los duros falsos : juguete cómico-lírico en un acto y en prosa;;"original de Eduardo Navarro Gonzalvo ; música de Clemente Santa Marina";;Florencio Fiscowich, ed.  Imp. de José Rodríguez;;Madrid;1888;32 p. , 20 cm ,;El teatro : colección de obras dramáticas y líricas //;;"""Estrenado en el Teatro de Maravillas en setiembre de 1888""  //";;;;;;;;;;;;;;;;"821.134.2-22""18""  //";;;;;;;;;;;;;;;sp;spa;;;Libro;;T/13886 //;http://bdh-rd.bne.es/viewer.vm?id=0000047983&page=1 **;http://bdh-rd.bne.es/text.vm?id=0000047983&first=1&last=47 **
bimo0001225851;Navarro Gonzalvo, Eduardo , 1846-1902  //;;;¡En el Diario Oficial! : juguete cómico en un acto y en verso;;original de Eduardo Navarro Gonzalvo;;[s.n.]  Estab. Tip. de Pedro Abienzo;;[S.l.] , Madrid;1871;29 p. , 19 cm ,;;;"""Estrenado con estraordinario aplauso en Madrid, en el Teatro Martín, el 13 de marzo de 1871""  //";;;;;;;;;;;;;;;;"821.134.2-22""18""  //";;;;;;;;;;;;;;;sp;spa;;;Libro;;T/2420 //;http://bdh-rd.bne.es/viewer.vm?id=0000042976&page=1 **;http://bdh-rd.bne.es/text.vm?id=0000042976&first=1&last=43 **
bimo0001225852;Navarro Gonzalvo, Eduardo , 1846-1902  //;;;La feria de Villaplácida : zarzuela en un acto dividida en cuatro cuadros;;"original y en verso de Eduardo Navarro Gonzalvo ; música de los maestros Calleja y Moreno Ballesteros";;Florencio Fiscowich  R. Velasco, Imp.;;Madrid;1896;42 p. , 20 cm ,;El teatro : colección de obras dramáticas y líricas //;;"""Estrenada con éxito extraordinario en el Teatro Nuevo Maravillas el día 25 de junio de 1896""  //";;;;;;;;;;;;;;;;"821.134.2-293""18""  //";;;;;;;;;;;;;;;sp;spa;;;Libro;;T/13036 //;http://bdh-rd.bne.es/viewer.vm?id=0000048038&page=1 **;http://bdh-rd.bne.es/text.vm?id=0000048038&first=1&last=57 **
bimo0001225854;Navarro Gonzalvo, Eduardo , 1846-1902  //;;;La frase fatal : juguete cómico en un acto y en verso;;original de Eduardo Navarro Gonzalvo;;[s.n.]  Imp. de José Rodríguez;;[S.l.] , Madrid;1875;32 p. , 20 cm ,;Administración lírico-dramática //;;"""Estrenado con aplauso en el Teatro Martín el 15 de febrero de 1875""  //";;;;;;;;;;;;;;;;"821.134.2-22""18""  //";;;;;;;;;;;;;;;sp;spa;;;Libro;;T/9977 //;http://bdh-rd.bne.es/viewer.vm?id=0000152772&page=1 **;http://bdh-rd.bne.es/text.vm?id=0000152772&first=1&last=43 **
bimo0001225855;Navarro Gonzalvo, Eduardo , 1846-1902  //;;;El guirigay : humorada mitológica en un acto y cuatro cuadros, original y en verso;;"letra de Eduardo Navarro Gonzalvo ; música del maestro Teodoro San José";;Florencio Fiscowich  R. Velasco, Imp.;;Madrid;1894;37 p. , 21 cm ,;El teatro : colección de obras dramáticas y líricas //;;"""Estrenada con extraordinario éxito en el Teatro de Apolo la noche del 24 de enero de 1894""  //";;;;;;;;;;;;;;;;"821.134.2-293""18""  //";;;;;;;;;;;;;;;sp;spa;;;Libro;;T/2753 //;http://bdh-rd.bne.es/viewer.vm?id=0000042993&page=1 **;http://bdh-rd.bne.es/text.vm?id=0000042993&first=1&last=55 **
bimo0001225856;Navarro Gonzalvo, Eduardo , 1846-1902  //;;;La hechicera : melodrama en tres actos, divididos en siete cuadros, en prosa : escrito sobre el pensamiento de una obra inglesa;;por Eduardo Navarro Gonzalvo;;Florencio Fiscowich  Imp. de José Rodríguez;;Madrid;1893;76 p., [1] h. de lám. , 20 cm ,;El teatro : colección de obras dramáticas y líricas //;;"""Estrenado con éxito extraordinario en el Teatro de Novedades, la noche del 8 de noviembre de 1893""  //";;;;;;;;;;;;;;;;"821.134.2-23""18""  //";;;;;;;;;;;;;;;sp;spa;;;Libro;;T/12994 //;http://bdh-rd.bne.es/viewer.vm?id=0000047731&page=1 **;http://bdh-rd.bne.es/text.vm?id=0000047731&first=1&last=93 **
bimo0001225857;Navarro Gonzalvo, Eduardo , 1846-1902  //;;;Un hijo del corazón : drama en un acto y en verso;;original de Eduardo Navarro y Gonzalvo;;Librería de los Señores Viuda e Hijos de J. Cuesta;;Madrid;1871;29 p. , 20 cm ,;Colección de comedias antiguas y modernas, tragedias, óperas, autos sacramentales, sainetes,  entremeses y unipersonales //;;"""Estrenado con éxito extraordinario en el Teatro Martín, en la noche del 6 de mayo de 1871""  //";;;;;;;;;;;;;;;;"821.134.2-23""18""  //";;;;;;;;;;;;;;;sp;spa;;;Libro;;T/10255 //;http://bdh-rd.bne.es/viewer.vm?id=0000047765&page=1 **;http://bdh-rd.bne.es/text.vm?id=0000047765&first=1&last=43 **
bimo0001225858;Navarro Gonzalvo, Eduardo , 1846-1902  //;;;El hombre del cornetín : juguete cómico-lírico en un acto y en verso;;"original de Eduardo Navarro Gonzalvo ; música del maestro Luis Arnedo";;Florencio Fiscowich, ed.  Imp. de José Rodríguez;;Madrid;1889;36 p. , 20 cm ,;El teatro : colección de obras dramáticas y líricas //;;"""Estrenado con gran éxito en el Teatro de Maravillas el 29 de mayo de 1889""  //";;;;;;;;;;;;;;;;"821.134.2-22""18""  //";;;;;;;;;;;;;;;sp;spa;;;Libro;;T/4179 //;http://bdh-rd.bne.es/viewer.vm?id=0000043006&page=1 **;http://bdh-rd.bne.es/text.vm?id=0000043006&first=1&last=51 **
bimo0001225859;Navarro Gonzalvo, Eduardo , 1846-1902  //;;;¡Huésped al fin! : zarzuela cómica en un acto y en verso;;"original de Eduardo Navarro Gonzalvo ; música de Ángel Rubio";;[s.n.]  Imp. de Pedro Abienzo;;[S.l.] , Madrid;1875;35 p. , 19 cm ,;;;"""Estrenada con extraordinario éxito en el Teatro del Prado, la noche del 21 de agosto de 1875""  // ""Administración Lírico-Dramática""--Cubierta  //";;;;;;;;;;;;;;;;"821.134.2-293""18""  //";;;;;;;;;;;;;;;sp;spa;;;Libro;;T/26262 //;http://bdh-rd.bne.es/viewer.vm?id=0000133482&page=1 **;http://bdh-rd.bne.es/text.vm?id=0000133482&first=1&last=38 **
bimo0001225864;Navarro Gonzalvo, Eduardo , 1846-1902  //;;;Los kurdones : juguete cómico-lírico en un acto y en verso;;"original de Eduardo Navarro Gonzalvo ; música del maestro Arnedo";;Florencio Fiscowich, ed.  Imp. de José Rodríguez;;Madrid;1891;40 p. , 20 cm ,;El teatro : colección de obras dramáticas y líricas //;;"""Estrenado en el Teatro de la Alhambra el 8 de junio de 1891""  //";;;;;;;;;;;;;;;;"821.134.2-22""18""  //";;;;;;;;;;;;;;;sp;spa;;;Libro;;T/14058 //;http://bdh-rd.bne.es/viewer.vm?id=0000048002&page=1 **;http://bdh-rd.bne.es/text.vm?id=0000048002&first=1&last=55 **
bimo0001225865;Navarro Gonzalvo, Eduardo , 1846-1902  //;;;La ley del beso : zarzuela cómica, en un acto y cuatro cuadros, original y en verso;;"letra de Eduardo Navarro Gonzalvo ; música del maestro Teodoro San José";;Florencio Fiscowich, ed.  Imp. de José Rodríguez;;Madrid;1893;37 p. , 20 cm ,;El teatro: colección de obras dramáticas y líricas //;;"""Estrenada con éxito extraordinario en el Teatro de Recoletos el 24 de junio de 1893""  //";;;;;;;;;;;;;;;;"821.134.2-293""18""  //";;;;;;;;;;;;;;;sp;spa;;;Libro;;T/4102 //;http://bdh-rd.bne.es/viewer.vm?id=0000043007&page=1 **;http://bdh-rd.bne.es/text.vm?id=0000043007&first=1&last=55 **
bimo0001225866;Navarro Gonzalvo, Eduardo , 1846-1902  //;;;El libro verde : revista comico-lírica-bailable y fantástica, en un acto, dividida en cuatro cuadros en prosa y verso;;"original de Eduardo Navarro y Gonzalvo ; música del maestro Manuel Sabater";;Hijos de A. Gullón, ed.  La Minerva, Estab. Litogr.;;Madrid;1880;32 p. , 18 cm ,;El teatro : colección de obras dramáticas y líricas //;;"""Estrenada en el Teatro Martín la noche del 24 de enero de 1880""  //";;;;;;;;;;;;;;;;"821.134.2-22""18""  //";;;;;;;;;;;;;;;sp;spa;;;Libro;;T/23048 //;http://bdh-rd.bne.es/viewer.vm?id=0000085472&page=1 **;http://bdh-rd.bne.es/text.vm?id=0000085472&first=1&last=36 **
bimo0001225867;Navarro Gonzalvo, Eduardo , 1846-1902  //;;;Un lío : juguete cómico en un acto y en verso;;original de Eduardo Navarro Gonzalvo;;[s.n.]  Imp. de José Rodríguez;;Madrid;1876;35 p. , 20 cm ,;;;"""Estrenado el 7 de febrero de 1876 en el Teatro Martín, a beneficio del primer actor cómico, D. Ricardo Mela""  //";;;;;;;;;;;;;;;;"821.134.2-22""18""  //";;;;;;;;;;;;;;;sp;spa;;;Libro;;T/8258 //;http://bdh-rd.bne.es/viewer.vm?id=0000152689&page=1 **;http://bdh-rd.bne.es/text.vm?id=0000152689&first=1&last=47 **
bimo0001225869;Navarro Gonzalvo, Eduardo , 1846-1902  //;;;Madrid puerto de mar : chifladura cómico-lírica en un acto y tres cuadros, en verso;;"original de Eduardo Navarro Gonzalvo ; música del maestro Ángel Rubio";;Florencio Fiscowich, ed.  R. Velasco, imp.;;Madrid;1892;40 p. , 20 cm ,;El teatro : colección de obras dramáticas y líricas //;;"""Estrenada en el Teatro de Recoletos la noche del 18 de julio de 1892""  //";;;;;;;;;;;;;;;;"821.134.2-22""18""  //";;;;;;;;;;;;;;;sp;spa;;;Libro;;T/14205 //;http://bdh-rd.bne.es/viewer.vm?id=0000047927&page=1 **;http://bdh-rd.bne.es/text.vm?id=0000047927&first=1&last=55 **
