idBNE;Autor Personas;Autor Entidades;Título uniforme;Título;Otros Títulos;Información asociada al título;Edición;Editorial;Editor musical;Lugar de publicación;Fecha de publicación;Descripción física;Serie;Contenido;Descripción y notas;Citas o referencias;transcripciones de interés;Procedencia;Intérpretes;Resumen;Premios;Periodicidad;Tema;Género/Forma;Lugar relacionado;Forma de la composición sonora;Forma de la composición notada;tipo material cartográfico;Proyección del mapa;Escala del mapa;CDU;Otra clasificación;id registros relacionados;información asociada a registros relacionados;id otras ediciones;información asociada a otras ediciones;id título anterior;información asociada a título anterior;id título posterior;información asociada a título posterior;ISBN;ISSN;Depósito Legal;Otros Números Normalizados;Número Bibliografía Nacional;País de publicación;Lengua de publicación;Lengua original;otras lenguas;Tipo de documento;Condiciones de uso;signatura;version_digital;texto_OCR
bimo0000780368;Díaz de Lamarque, Antonia , 1827-1892  //;;;Poesías religiosas;;"de la Excma. Sra. Da. Antonia Díaz de Lamarque ; precedidas de un prologo de Joaquín Rubió y Ors";Ed. il. /,por Joaquín Diéguez Díaz;[s.n.]  Imp. de Fidel Giró;;Barcelona;1889;252 p. , il. , 19 cm ,;;;;;;;;;;;;;;;;;;;"821.134.2-14""18""  //";;;;;;;;;;;;;;;sp;spa;;;Libro;;1/11224 //;http://bdh-rd.bne.es/viewer.vm?id=0000188452&page=1 **;http://bdh-rd.bne.es/text.vm?id=0000188452&first=1&last=297 **
bimo0000781220;Díaz de la Quintana, Alberto , m. 1911  //;;;La noria : escenas de la vida periodística para ser representadas en un acto y en prosa;;originales de Ximeno Ximénez;;Sociedad de Autores Españoles  R. Velasco;;Madrid;1909;31 p. , 21 cm ,;;;"""Estrenada en el Teatro Romea el 1º de mayo de 1909""  // Autor: Alberto Díaz de la Quintana (Catálogo Rebiun)  //";;;;;;;;;;;;;;;;"821.134.2-2""18""  //";;;;;;;;;;;;;;;sp;spa;;;Libro;;T/18155 //;http://bdh-rd.bne.es/viewer.vm?id=0000092488&page=1 **;http://bdh-rd.bne.es/text.vm?id=0000092488&first=1&last=47 **
bimo0000782907;Dicenta, Joaquín , 1863-1917  // Paso, Manuel , 1864-1901  //;;;Curro Vargas : drama lírico en tres actos y en verso, inspirado en la célebre novela española;;"letra de Joaquín Dicenta y Manuel Paso ; música del maestro Ruperto Chapí";5ª ed.;Sociedad de Autores Españoles  R. Velasco, imp.;;Madrid;1915;124 p. , 20 cm ,;;;"""Estrenado en el Teatro de Parish la noche del 10 de diciembre de 1898""  //";;;;;;;;;;;;;;;;"821.134.2-293.4""18""  //";;;;;;;;;;;;;;;sp;spa;;;Libro;;T/32338 //;http://bdh-rd.bne.es/viewer.vm?id=0000140903&page=1 **;http://bdh-rd.bne.es/text.vm?id=0000140903&first=1&last=132 **
bimo0000782925;Dicenta, Joaquín , 1863-1917  // Mazas García, Alfonso de  //;;;Garcés de Marsilla;;"Joaquín Dicenta ; prefacio de Alfonso de Mazas García";;Emiliano Escolar;;Madrid;1981;102 p. , 17 cm ,;Colección Bolsillo. Serie La novela corta, 42 //;;;;;;;;;;;;;;;;;;"821.134.2-32""18""  //";;;;;;;;;;84-7393-088-6;;M 1819-1981;;;sp;spa;;;Libro;"Acceso y/o uso restringido. La presente obra presenta restricciones en cuanto a su reproducción, distribución, comunicación pública o transformación; no obstante y en virtud del artículo 37 del Texto refundido de la Ley de Propiedad Intelectual (TRLPI), la Biblioteca Nacional de España está autorizada a la reproducción y a la comunicación de obras, mediante red cerrada e interna, a efectos de investigación (artículo 37, RDL 1/1996, de 12 de abril, revisada el 5 noviembre de 2015); sin perjuicio de las copias que puedan obtenerse en la BNE para uso privado, para ejercer cualquier otro de los derechos de explotación previstos en la TRLPI, el usuario deberá contactar con el correspondiente titular o la entidad de gestión encargada de representar al titular.//";VC/13626/12 //;http://bdh-rd.bne.es/viewer.vm?id=0000187851&page=1 **;http://bdh-rd.bne.es/text.vm?id=0000187851&first=1&last=115 **
bimo0000782930;Dicenta, Joaquín , 1863-1917  //;;;Los irresponsables : drama en tres actos y en verso;;original de Joaquín Dicenta;;"Biblioteca ""Teatro Mundial"" ;  Sociedad de Autores Españoles";;BarcelonaMadrid;1915;85 p. , 19 cm ,;Biblioteca Teatro mundial //;;"""Estrenado con extraordinario éxito en el Teatro Español de Madrid la noche del 27 de noviembre de 1890""  //";;;;;;;;;;;;;;;;"821.134.2-23""18""  //";;;;;;;;;;;;;;;sp;spa;;;Libro;;VC/16952/10 //;http://bdh-rd.bne.es/viewer.vm?id=0000140920&page=1 **;http://bdh-rd.bne.es/text.vm?id=0000140920&first=1&last=92 **
bimo0000782933;Dicenta, Joaquín , 1863-1917  //;;[Obra selecta] //;"Juan José ; El lobo ; Sobrevivirse";El Lobo.  // Sobrevivirse.;Joaquín Dicenta;;Cisne;;Barcelona;1920;155 p. , 18 cm ,;Teatro Selecto. Número especial. Dramático, 1 //;;;;;;;;;;;;;;;;;;"821.134.2-23""18""  //";;;;;;;;;;;;;;;sp;spa;;;Libro;"Acceso y/o uso restringido. La presente obra presenta restricciones en cuanto a su reproducción, distribución, comunicación pública o transformación; no obstante y en virtud del artículo 37 del Texto refundido de la Ley de Propiedad Intelectual (TRLPI), la Biblioteca Nacional de España está autorizada a la reproducción y a la comunicación de obras, mediante red cerrada e interna, a efectos de investigación (artículo 37, RDL 1/1996, de 12 de abril, revisada el 5 noviembre de 2015); sin perjuicio de las copias que puedan obtenerse en la BNE para uso privado, para ejercer cualquier otro de los derechos de explotación previstos en la TRLPI, el usuario deberá contactar con el correspondiente titular o la entidad de gestión encargada de representar al titular.//";T/52907 //;http://bdh-rd.bne.es/viewer.vm?id=0000169532&page=1 **;http://bdh-rd.bne.es/text.vm?id=0000169532&first=1&last=163 **
bimo0000782945;Dicenta, Joaquín , 1863-1917  //;;;El Lobo : drama en tres actos y en prosa;;original de Joaquin Dicenta;;"""La Novela Corta""";;Madrid;1917;34 p. , 20 cm ,;"""La Novela Teatral"", n. 6, año II //";;Título tomado de la cabecera  //;;;;;;;;;;;;;;;;"821.134.2-23""18""  //";;;;;;;;;;;;;;;sp;spa;;;Libro;;T/31758 //;http://bdh-rd.bne.es/viewer.vm?id=0000140892&page=1 **;http://bdh-rd.bne.es/text.vm?id=0000140892&first=1&last=36 **
bimo0000782951;Dicenta, Joaquín , 1863-1917  //;;;Luciano : drama en tres actos;;original de Joaquín Dicenta;;La Novela Teatral;;Madrid;1918;[32] p. , 20 cm ,;La novela teatral, año III, n. 92 //;;Título tomado de la cabecera  //;;;;;;;;;;;;;;;;"821.134.2-23""18""  //";;;;;;;;;;;;;;;sp;spa;;;Libro;;AHM/346582(4) //;http://bdh-rd.bne.es/viewer.vm?id=0000192762&page=1 **;http://bdh-rd.bne.es/text.vm?id=0000192762&first=1&last=36 **
bimo0000782984;Dicenta, Joaquín , 1863-1917  //;;;El tio Gervasio monólogo en un acto y en prosa;;original de Joaquín Dicenta;;[s.n.]  R. Velasco, imp.;;[S.l.] , Madrid;1900;14 p. , 20 cm ,;;;"""Administración Lírico-Dramática""--Cub.  //";;;;;;;;;;;;;;;;"821.134.2-2  //  821.134.2-22""18""  //";;;;;;;;;;;;;;;sp;spa;;;Libro;;T/16120 //;http://bdh-rd.bne.es/viewer.vm?id=0000169520&page=1 **;http://bdh-rd.bne.es/text.vm?id=0000169520&first=1&last=43 **
bimo0000783608;Dickens, Charles , 1812-1870 -aut  //;;[Obra selecta. Español] //;El paraguas de M. Thompson;;por C. Dickens;;[s.n.]  Imp. de E. Escámez;;[S.l.] , Madrid;1874;164 p. , 18 cm ,;Biblioteca de las pequeñas novelas //;"El paraguas de Mr. Thompson ; La fortuna del estudiante ; Manuscrito de un loco ; El armario de encina ; Historia de un sacristán y de unos duendes//";;;;;;;;;;;;;;;;;"821.111-32""18""  //";;;;;;;;;;;;;;;sp;spa;eng;spa //;Libro;;1/26156 //;http://bdh-rd.bne.es/viewer.vm?id=0000193755&page=1 **;http://bdh-rd.bne.es/text.vm?id=0000193755&first=1&last=177 **
bimo0000786174;Campoamor, Ramón de , 1817-1901 Selección  // Núñez de Arce, Gaspar , 1834-1903  // Pardo Bazán, Emilia, Condesa de , 1851-1921  // Björkman, Göran , 1860-1923 -traductor  //;;;Dikter;;"Ramón de Campoamor, Gaspar Núñez de Arce och Emilia Pardo Bazán ; öfversatta af Göran Björkman";;Lundequistska Bokhandeln;;Upsala;1892;64 p. , 23 cm ,;;Moderskänslan / Ramón de Campoamor. Maruja / Gaspar Núñez de Arce. Jaime / Emilia Pardo Bazán//;;;;;;;;;;;;;;;;;"821.134.2-14""18""  //";;;;;;;;;;;;;;;sw;swe;spa;swe //;Libro;;VC/4020/21 //;http://bdh-rd.bne.es/viewer.vm?id=0000233719&page=1 **;http://bdh-rd.bne.es/text.vm?id=0000233719&first=1&last=67 **
bimo0000787489;Herranz y Gonzalo, Juan José , 1839-1912  // Liniers, Santiago de Liniers y Gallo-Alcántara, Conde de , 1842-1908  // Molina, Tirso de , 1579-1648  //;Real Academia Española  //;;Discursos leídos ante la Real Academia Española, en la recepción pública de ... Juan José Herranz, ... celebrada el 13 de abril de 1902;;;;[s.n.]  Imp. Asilo de Huérfanos del Sagrado Corazón de Jesús;;[S.l.] , Madrid;1902;59 p. , 27 cm ,;;;"Recoge el discurso de Juan José Herranz ""La realidad viviente de los personajes imaginados por Tirso de Molina"" y el de contestación Santiago Liniers  //";;;;;;;;Molina, Tirso de -- Crítica e interpretación --  //;;;;;;;;821.134.2 Molina, Tirso de 1.07  //;;;;;;;;;;;;;;;sp;spa;;;Libro;;VC/2581/44 //;http://bdh-rd.bne.es/viewer.vm?id=0000242320&page=1 **;http://bdh-rd.bne.es/text.vm?id=0000242320&first=1&last=63 **
bimo0000790742;Docalde, José  //;;;El duende de la Corte : sátira universal. Número primero;;por el bachiller José Docalde;;[s.n.]  Imp. de Repullés;;[S.l.] , Madrid;1834;15 p. , 16 cm ,;;;;;;;;;;;;;;;;;;;"821.134.2-22""18""  //";;;;;;;;;;;;;;;sp;spa;;;Libro;;VC/4731/44 //;http://bdh-rd.bne.es/viewer.vm?id=0000131227&page=1 **;http://bdh-rd.bne.es/text.vm?id=0000131227&first=1&last=16 **
bimo0000792790;Domínguez Roldán, Guillermo  //;;;Lugar que ocupa Cervantes en las letras castellanas;;por el Dr. Guillermo Domínguez Roldán;;"[s.n.]  Estab. Tip. ""El Arte""";;[S.l.] , Habana;1906;38 p. , 20 cm ,;;;"""Conferencia leída por su autor en la sesión solemne que en honor de Miguel de Cervantes Saavedra, celebró la Facultad de Letras y Ciencias de la Universidad Nacional de la República de Cuba, el 13 de mayo de 1905""  //";;;;;;;;Literatura española -- Hasta S.XV -- Historia y crítica --  // Literatura española -- S.XVI-XVII -- Historia y crítica --  //;;;;;;;;"821.134.2.09"".../14""  //  821.134.2.09""15/16""  //";;;;;;;;;;;;;;;cu;spa;;;Libro;;VC/1976/31 //;http://bdh-rd.bne.es/viewer.vm?id=0000198679&page=1 **;http://bdh-rd.bne.es/text.vm?id=0000198679&first=1&last=43 **
bimo0000792887;B. C.  //;;;Don Carlos de Austria : ensayo dramático en tres cuadros y en variedad de metros : dedicado a D. José María Repullés;;por B.C;;[s.n.]  Imp. de D. José Repullés;;[S.l.] , Madrid;1844;61 p. , 19 cm ,;;;;;;;;;;;;;;;;;;;"821.134.2-23""18""  //";;;;;;;;;;;;;;;sp;spa;;;Libro;;T/8368 //;http://bdh-rd.bne.es/viewer.vm?id=0000181872&page=1 **;http://bdh-rd.bne.es/text.vm?id=0000181872&first=1&last=35 **
bimo0000793289;Donoso Cortés, Ricardo , 1858-1915  //;;;Alma sin lares : novela;;Ricardo Donoso-Cortés;;[s.n.]  Imp. de Alfredo Alonso;;[S.l.] , Madrid;1908;146 p. , 18 cm ,;;;;;;;;;;;;Novelas de amor --  //;;;;;;;"821.134.2-31""18""  //";;;;;;;;;;;;;;;sp;spa;;;Libro;;1/48847 //;http://bdh-rd.bne.es/viewer.vm?id=0000201391&page=1 **;http://bdh-rd.bne.es/text.vm?id=0000201391&first=1&last=159 **
bimo0000794420;Dostoevskiï, Fiodor Mijaïlovich , 1821-1881  //;;;Los presidios de Siberia;;"Fedoro Dostoyewski ; traducción de Augusto Riera";;Maucci;;Barcelona [etc.];1903;286 p. , 18 cm ,;;;;;;;;;;;;;;;;;;;"821.161.1-31""18""  //";;;;;;;;;;;;;;;sp;spa;rus;spa //;Libro;;1/22466 //;http://bdh-rd.bne.es/viewer.vm?id=0000193743&page=1 **;http://bdh-rd.bne.es/text.vm?id=0000193743&first=1&last=303 **
bimo0000797483;Dumas, Alexandre , 1802-1870  //;;;El balcón de Aversa : novela histórica escrita en francés por Alejandro Dumas;;y traducida al español por D.M. de G.;;[s.n.]  Imp. de Juan Roca y Suñol;;[S.l.] , Barcelona;1841;302 p., [1] h. de lám. , 13 cm ,;;;;;;;;;;;;;;;;;;;"821.133.1-31""18""  //";;;;;;;;;;;;;;;sp;spa;fre;spa //;Libro;;R/37554 //;http://bdh-rd.bne.es/viewer.vm?id=0000131321&page=1 **;http://bdh-rd.bne.es/text.vm?id=0000131321&first=1&last=321 **
bimo0000797500;Dumas, Alexandre , 1802-1870  //;;[Le chevalier d'Harmental. Español] //;El Caballero de Harmental : novela;;por Alejandro Dumas;;[s.n.]  Estab. Tip. de Francisco de Paula Mellado;;[S.l.] , Madrid;1847;325 p. , 22 cm ,;La Abeja: 2ª Serie, t. 3 //;;Título original: Le chevalier d'Harmental  //;;;;;;;;;;;;;;;;"821.133.1-31""18""  //";;;;;;;;;;;;;;;sp;spa;fre;spa //;Libro;;3/1664 //;http://bdh-rd.bne.es/viewer.vm?id=0000168399&page=1 **;http://bdh-rd.bne.es/text.vm?id=0000168399&first=1&last=343 **
bimo0000797516;Dumas, Alexandre , 1802-1870  // Gil y Zárate, Antonio , 1793-1861  //;;;Un casamiento sin amor : comedia;;escrita en francés por Alejandro Dumas y traducida al castellano por Antonio Gil de Zárate;;[s.n.]  Imp. de Yenes;;[S.l.] , Madrid;1841;78 p. , 18 cm ,;;;;;;;;;;;;;;;;;;;"821.134.2-22""18""  //";;;;;;;;;;;;;;;sp;spa;fre;spa //;Libro;;T/45960 //;http://bdh-rd.bne.es/viewer.vm?id=0000181887&page=1 **;http://bdh-rd.bne.es/text.vm?id=0000181887&first=1&last=41 **
bimo0000797519;Dumas, Alexandre , 1802-1870  //;;[Catherine Howard. Español] //;Catalina Howard : drama en cinco actos;;"escrito en francés por Alejandro Dumas ; traducido al castellano por Narciso de la Escosura";;[s.n.]  Imp. de José Repullés;;[S.l.] , Madrid;1846;88 p. , 19 cm ,;;;Título original: Catherine Howard  //;;;;;;;;;;;;;;;;"821.133.1-23""18""  //";;;;;;;;;;;;;;;sp;spa;fre;spa //;Libro;;T/11927 //;http://bdh-rd.bne.es/viewer.vm?id=0000181861&page=1 **;http://bdh-rd.bne.es/text.vm?id=0000181861&first=1&last=50 **
bimo0000797520;Dumas, Alexandre , 1802-1870  //;;;La caza del elefante;;por Alejandro Dumas;;A. Peiro;;Zaragoza;1874;68 p. , 15 cm ,;;;;;;;;;;;;;;;;;;;"821.133.1-32""18""  //";;;;;;;;;;;;;;;sp;spa;fre;spa //;Libro;;VC/2886/12 //;http://bdh-rd.bne.es/viewer.vm?id=0000188460&page=1 **;http://bdh-rd.bne.es/text.vm?id=0000188460&first=1&last=75 **
bimo0000797522;Dumas, Alexandre , 1802-1870  //;;[Les demoiselles de Saint-Cyr. Español] //;Las colegialas de Saint-Gir : comedia en cinco actos;;"de Alejandro Dumas ; traducida por Antonio María de Ojeda";;Librerías de Cuesta y Ríos;;Madrid;1843;87 p. , 21 cm ,;Galería dramática //;;Título original: Les Demoiselles de Saint-Cyr  //;;;;;;;;;;;;;;;;"821.133.1-22""18""  //";;;;;;;;;;;;;;;sp;spa;fre;spa //;Libro;;T/20794 //;http://bdh-rd.bne.es/viewer.vm?id=0000131350&page=1 **;http://bdh-rd.bne.es/text.vm?id=0000131350&first=1&last=90 **
bimo0000797523;Dumas, Alexandre , 1802-1870  //;;[Les demoiselles de Saint-Cyr. Español] //;Las colejialas de Saint Cyr : comedia en cinco actos;Las colegialas de Saint Cyr  //;escrita en francés por Alejandro Dumas, y traducida al castellano por Francisco Luis de Retes;;[s.n.]  Estab. Tip. Calle del Sordo, núm. 11;;[S.l.] , Madrid;1843;73 p. , 20 cm ,;;;Título original: Les demoiselles de Saint-Cyr  //;;;;;;;;;;;;;;;;"821.133.1-22""18""  //";;;;;;;;;;;;;;;sp;spa;fre;spa //;Libro;;T/8883 //;http://bdh-rd.bne.es/viewer.vm?id=0000168460&page=1 **;http://bdh-rd.bne.es/text.vm?id=0000168460&first=1&last=79 **
bimo0000797794;Dumas, Alexandre , 1802-1870  // Escosura, Manuel de la  //;;[Teresa. Español] //;Teresa : drama en 5 actos y 7 cuadros, en prosa;;"escrito por Alejandro Dumas ; traducido por D.B. Manuel de la Escosura y Huniuga";;Librería de Cuesta;;Madrid;1840;127 p. , 16 cm ,;;;Título original: Teresa  //;;;;;;;;;;;;;;;;"821.133.1-23""18""  //";;;;;;;;;;;;;;;sp;spa;fre;spa //;Libro;;T/10516 //;http://bdh-rd.bne.es/viewer.vm?id=0000181855&page=1 **;http://bdh-rd.bne.es/text.vm?id=0000181855&first=1&last=72 **
bimo0000800948;Durán, Agustín , 1793-1862  //;;;Trovas a la Reina Nuestra Señora por la salud recuperada de nuestro amado monarca su augusto esposo el Señor D. Fernando VII y en celebridad de sus benéficos decretos;;por Agustin Durán;;[s.n.]  Imp. de D. E. Aguado, Impresor de Cámara de S. M.;;[S.l.] , Madrid;1832;20 p. , 25 cm ,;Lingüística. Literatura // Literatura española //;;;;;;;;;;Cristina, -- Reina consorte de Fernando VII, Rey de España -- Poesías --  // Fernando -- VII, -- Rey de España -- Poesías --  //;;;;;;;;"821.134.2-14""18""  //  929 Cristina (460)(0:82)  //  929 Fernando (460) VII (0:82)  //";;;;;;;;;;;;;;;sp;spa;;;Libro;;VC/1629/1 //;http://bdh-rd.bne.es/viewer.vm?id=0000103727&page=1 **;http://bdh-rd.bne.es/text.vm?id=0000103727&first=1&last=28 **
bimo0000802156;Duvert, Félix-Auguste , 1795-1876  // Fontecio, L.  // Goli y Busa, Isidro  //;;[Paul et Pauline. Español] //;Pablo y Paulina o Los dos gemelos : comedia en dos actos, en prosa;Los dos gemelos  //;traducida del francés y arreglada a nuestro tiempo por L. Fontecio y F. Goli;;[s.n.]  Imp. de los Hijos de Catalina Piñuela;;[S.l.] , Madrid;1837;55 p. , 16 cm ,;;;;;;;;;;;;;;;;;;;"821.133.1-22""18""  //";;;;;;;;;;;;;;;sp;spa;fre;spa //;Libro;;T/12210 //;http://bdh-rd.bne.es/viewer.vm?id=0000181890&page=1 **;http://bdh-rd.bne.es/text.vm?id=0000181890&first=1&last=32 **
bimo0000802782;Queirós, Eça de , 1845-1900  // González-Blanco, Andrés , 1886-1924 -traductor -editor literario  //;;[Obra selecta. Español] //;El señor diablo;;"por Eça de Queiroz ; traducción del portugués por A. González Blanco";;Biblioteca Nueva  Gráf. Excelsior;;[Madrid] , Madrid;1920;245 p. , 19 cm ,;;;Incluye referencias bibliográficas  //;;;;;;;;;;;;;;;;"821.134.3-82""18""  //";;;;;;;;;;;;;;;sp;spa;por;spa //;Libro;;1/77206 //;http://bdh-rd.bne.es/viewer.vm?id=0000196639&page=1 **;http://bdh-rd.bne.es/text.vm?id=0000196639&first=1&last=259 **
bimo0000803278;Echegaray, José , 1832-1916  //;;[Teatro] //;Dramas varios;;José Echegaray;;La Novela Ilustrada;;Madrid;1930;340 p. , 19 cm ,;;"El hijo de hierro y el hijo de carne ; El poder de la impotencia ; La calumnia por castigo//";Título tomado de la cubierta  //;;;;;;;;;;;;;;;;"821.134.2-23""18""  //";;;;;;;;;;;;;;;sp;spa;;;Libro;;T/19203 //;http://bdh-rd.bne.es/viewer.vm?id=0000201376&page=1 **;http://bdh-rd.bne.es/text.vm?id=0000201376&first=1&last=347 **
bimo0000803409;Echegaray, Miguel , 1848-1927  //;;;Las Alas : diálogo en prosa;;original de Miguel Echegaray;;[Sociedad de Autores Españoles]  R. Velasco, imp.;;[Madrid] , Madrid;1903;19 p. , 20 cm ,;;;"""Estrenado en el Teatro Español en la noche del beneficio de Doña MAría Guerrero de Mendoza el 2 de abril de 1903""  //";;;;;;;;;;;;;;;;"821.134.2-23""18""  //";;;;;;;;;;;;;;;sp;spa;;;Libro;;T/15964 //;http://bdh-rd.bne.es/viewer.vm?id=0000202524&page=1 **;http://bdh-rd.bne.es/text.vm?id=0000202524&first=1&last=51 **
bimo0000803412;Echegaray, Miguel , 1848-1927  //;;;La bicicleta : juguete cómico en un acto y en verso;;original de Miguel Echegaray;;Florencio Fiscowich  Imp. de Evaristo Odriózola;;Madrid , Madrid;1896;40 p. , 20 cm ,;El teatro : colección de obras dramáticas y líricas //;;"""Estrenado en el Teatro Lara, la noche del 21 de febrero de 1896""  //";;;;;;;;;;;;;;;;"821.134.2-22""18""  //";;;;;;;;;;;;;;;sp;spa;;;Libro;;T/4128 //;http://bdh-rd.bne.es/viewer.vm?id=0000202935&page=1 **;http://bdh-rd.bne.es/text.vm?id=0000202935&first=1&last=59 **
bimo0000803413;Echegaray, Miguel , 1848-1927  // Aza, Vital , 1851-1912  //;;;Boda y bautizo : sainete en un acto y tres cuadros, en prosa y verso;;original de Miguel Echegaray y Vital Aza;;[s.n.]  R. Velasco, imp.;;Madrid , Madrid;1885;36 p. , 20 cm ,;;;"""Estrenado en el Teatro de la Princesa la noche del 24 de diciembre de 1885""  // ""Administración lírico-dramática""--Cubierta  //";;;;;;;;;;;;;;;;"821.134.2-22""18""  //";;;;;;;;;;;;;;;sp;spa;;;Libro;;T/4665 //;http://bdh-rd.bne.es/viewer.vm?id=0000250429&page=1 **;http://bdh-rd.bne.es/text.vm?id=0000250429&first=1&last=53 **
bimo0000803414;Echegaray, Miguel , 1848-1927  // Aza, Vital , 1851-1912  //;;;Boda y bautizo : sainete en un acto y tres cuadros, en prosa y verso refundido;;original de Miguel Echegaray y Vital Aza;;[s.n.]  R. Velasco, impr.;;[S.l.] , Madrid;1895;34 p. , 20 cm ,;El teatro: colección de obras dramáticas y líricas //;;"""Representado por primera vez en el Teatro Lara el 19 de noviembre de 1895""  // ""Administración lírico-dramática""--Cubierta  //";;;;;;;;;;;;;;;;"821.134.2-22""18""  //";;;;;;;;;;;;;;;sp;spa;;;Libro;;T/11003 //;http://bdh-rd.bne.es/viewer.vm?id=0000205603&page=1 **;http://bdh-rd.bne.es/text.vm?id=0000205603&first=1&last=51 **
bimo0000803417;Echegaray, Miguel , 1848-1927  //;;;Caerse de un nido : comedia en un acto y en verso;;original de Miguel Echegaray;2ª ed.;[s.n.]  Imp. de José Rodríguez;;[S.l.] , Madrid;1893;30 p. , 20 cm ,;El teatro : colección de obras dramáticas y líricas //;;;;;;;;;;;;;;;;;;"821.134.2-22""18""  //";;;;;;;;;;;;;;;sp;spa;;;Libro;;T/2825 //;http://bdh-rd.bne.es/viewer.vm?id=0000202925&page=1 **;http://bdh-rd.bne.es/text.vm?id=0000202925&first=1&last=47 **
bimo0000803419;Echegaray, Miguel , 1848-1927  //;;;Caridad : comedia en tres actos y en prosa;;original de Miguel Echegaray;;[s.n.]  R. Velasco, imp.;;[S.l.] , Madrid;1903;85 p. , 20 cm ,;;;"""Estrenada en el Teatro Español la noche del 15 de enero de 1903""  //";;;;;;;;;Comedias (Literatura) --  //;;;;;;;"821.134.2-22""18""  //";;;;;;;;;;;;;;;sp;spa;;;Libro;;T/16045 //;http://bdh-rd.bne.es/viewer.vm?id=0000202538&page=1 **;http://bdh-rd.bne.es/text.vm?id=0000202538&first=1&last=115 **
bimo0000803422;Echegaray, Miguel , 1848-1927  //;;;La casta Susana : juguete cómico-lírico-coreográfico en un acto y en verso;;"original de Miguel Echegaray ; música del maestro Joaquín Valverde (hijo)";;[Sociedad de Autores Españoles]  R. Velasco, imp.;;[Madrid] , Madrid;1902;37 p. , 20 cm ,;;;"""Estrenado en el Teatro Cómico en la noche del 5 de febrero de 1902""  //";;;;;;;;;;;;;;;;"821.134.2-293""18""  //";;;;;;;;;;;;;;;sp;spa;;;Libro;;T/15726 //;http://bdh-rd.bne.es/viewer.vm?id=0000202516&page=1 **;http://bdh-rd.bne.es/text.vm?id=0000202516&first=1&last=67 **
bimo0000803423;Echegaray, Miguel , 1848-1927  //;;;El castillo : zarzuela en un acto y tres cuadros en prosa y verso;;"letra de Miguel Echegaray ; música de los maestros Nieto y Ortells";;[Sociedad de Autores Españoles]  R. Velasco, imp.;;[Madrid] , Madrid;1909;41 p. , 20 cm ,;;;"""Estrenada en el Teatro de la Zarzuela la noche del 12 de enero de 1909""  //";;;;;;;;;Zarzuelas (Literatura) --  //;;;;;;;"821.134.2-293""18""  //";;;;;;;;;;;;;;;sp;spa;;;Libro;;T/17919 //;http://bdh-rd.bne.es/viewer.vm?id=0000202534&page=1 **;http://bdh-rd.bne.es/text.vm?id=0000202534&first=1&last=61 **
bimo0000803424;Echegaray, Miguel , 1848-1927  //;;;El cisne de Lohengrin : zarzuela cómica en un acto y cinco cuadros en prosa y verso;;"original de Miguel Echegaray ; música del maestro Ruperto Chapí";;[Sociedad de Autores Españoles]  R. Velasco, imp.;;[Madrid];1905;37 p. , 21 cm ,;;;"""Estrenada en el Teatro de Apolo en la noche del 16 de febrero del 1905""  //";;;;;;;;;Zarzuelas (Literatura) --  //;;;;;;;"821.134.2-293""18""  //";;;;;;;;;;;;;;;sp;spa;;;Libro;;T/16668 //;http://bdh-rd.bne.es/viewer.vm?id=0000202514&page=1 **;http://bdh-rd.bne.es/text.vm?id=0000202514&first=1&last=67 **
bimo0000803426;Echegaray, Miguel , 1848-1927  //;;;Continental express : monólogo en verso;;original de Miguel Echegaray;;[Florencio Fiscowich]  R. Velasco, imp.;;[Madrid] , Madrid;1899;16 p. , 20 cm ,;El teatro: colección de obras dramáticas y líricas //;;"""Escrito expresamente para Don José Rubio, y estrenado en la noche de su beneficio en el Teatro Lara el 14 de marzo de 1899""  //";;;;;;;;;;;;;;;;"821.134.2-27""18""  //";;;;;;;;;;;;;;;sp;spa;;;Libro;;T/1640 //;http://bdh-rd.bne.es/viewer.vm?id=0000202533&page=1 **;http://bdh-rd.bne.es/text.vm?id=0000202533&first=1&last=31 **
bimo0000803430;Echegaray, Miguel , 1848-1927  //;;;La credencial : comedia refundida en dos actos y en verso;;original de Miguel Echegaray;;Sociedad de Autores Españoles  R. Velasco, imp.;;Madrid , Madrid;1902;75 p. , 20 cm ,;;;"""Estrenada en el Teatro Lara el 3 de noviembre de 1902""  //";;;;;;;;;Comedias (Literatura) --  //;;;;;;;"821.134.2-22""18""  //";;;;;;;;;;;;;;;sp;spa;;;Libro;;T/15725 //;http://bdh-rd.bne.es/viewer.vm?id=0000202519&page=1 **;http://bdh-rd.bne.es/text.vm?id=0000202519&first=1&last=99 **
bimo0000803434;Echegaray, Miguel , 1848-1927  //;;;El día del sacrificio : juguete cómico en un acto y en verso;;original de Miguel Echegaray;;Florencio Fiscowich  Imp. de José Rodríguez;;Madrid , Madrid;1887;35 p. , 20 cm ,;El teatro : colección de obras dramáticas y líricas //;;"""Estrenado en el Teatro de Lara el 31 de marzo de 1887 y escrito para el beneficio de D. Julián Romea d'Elpás""  //";;;;;;;;;;;;;;;;"821.134.2-22""18""  //";;;;;;;;;;;;;;;sp;spa;;;Libro;;T/8660 //;http://bdh-rd.bne.es/viewer.vm?id=0000202913&page=1 **;http://bdh-rd.bne.es/text.vm?id=0000202913&first=1&last=51 **
bimo0000803435;Echegaray, Miguel , 1848-1927  //;;;La Diligencia : zarzuela cómica en un acto y en prosa;;"letra de Miguel Echegaray ; música del maestro Manuel Fernandez Caballero";;[s.n.]  R. Velasco, imp.;;[S.l.] , Madrid;1901;32 p. , 20 cm ,;El teatro : colección de obras dramáticas y líricas //;;"""Estrenada en el teatro El Dorado la noche del 5 de julio de 1901""  //";;;;;;;;;;;;;;;;"821.134.2-293""18""  //";;;;;;;;;;;;;;;sp;spa;;;Libro;;T/15902 //;http://bdh-rd.bne.es/viewer.vm?id=0000202513&page=1 **;http://bdh-rd.bne.es/text.vm?id=0000202513&first=1&last=63 **
bimo0000803447;Echegaray, Miguel , 1848-1927  //;;;Echar la llave : comedia en un acto y en verso;;original de Miguel Echegaray;4ª ed.;[Florencio Fiscowich]  Imp. de José Rodríguez;;Madrid , Madrid;1895;33 p. , 20 cm ,;El teatro : colección de obras dramáticas y líricas //;;"""Estrenado en el Teatro de la Comedia la noche del 15 de marzo de 1877""  //";;;;;;;;;;;;;;;;"821.134.2-22""18""  //";;;;;;;;;;;;;;;sp;spa;;;Libro;;T/46354 //;http://bdh-rd.bne.es/viewer.vm?id=0000202911&page=1 **;http://bdh-rd.bne.es/text.vm?id=0000202911&first=1&last=39 **
bimo0000803448;Echegaray, Miguel , 1848-1927  //;;;La elocuencia del silencio : juguete cómico en un acto y en verso;;original de Miguel Echegaray;;[Sociedad de Autores Españoles]  R. Velasco, imp.;;Madrid , Madrid;1902;35 p. , 20 cm ,;;;"""Escrito expresamente para Doña Balbina Valverde y estrenado en el día de su beneficio en el Teatro Lara el día 25 de febrero de 1902""  //";;;;;;;;;;;;;;;;"821.134.2-22""18""  //";;;;;;;;;;;;;;;sp;spa;;;Libro;;T/15822 //;http://bdh-rd.bne.es/viewer.vm?id=0000202520&page=1 **;http://bdh-rd.bne.es/text.vm?id=0000202520&first=1&last=67 **
bimo0000803451;Echegaray, Miguel , 1848-1927  //;;;Los estudiantes : zarzuela cómica en un acto y cuatro cuadros, original y en verso;;"letra de Miguel Echegaray ; música del maestro Manuel Fernández Caballero";;Florencio Fiscowich  R. Velasco, imp.;;Madrid , Madrid;1901;49 p. , 20 cm ,;El teatro : colección de obras dramáticas y líricas //;;"""Estrenada en el Teatro de la Zarzuela en la noche del martes 18 de diciembre de 1900""  //";;;;;;;;;Zarzuelas (Literatura) --  //;;;;;;;"821.134.2-293""18""  //";;;;;;;;;;;;;;;sp;spa;;;Libro;;T/16069 //;http://bdh-rd.bne.es/viewer.vm?id=0000202528&page=1 **;http://bdh-rd.bne.es/text.vm?id=0000202528&first=1&last=79 **
bimo0000803454;Echegaray, Miguel , 1848-1927  //;;;Gigantes y cabezudos : zarzuela cómica en un acto y tres cuadros, en verso;;de Miguel Echegaray;;La Novela Corta;;Madrid;1918;12 h. , 20 cm ,;La novela teatral, añoIII, n. 59 //;;;;;;;;;;;Zarzuelas (Literatura) --  //;;;;;;;"821.134.2-293""18""  //";;;;;;;;;;;;;;;sp;spa;;;Libro;;T/26756 //;http://bdh-rd.bne.es/viewer.vm?id=0000202895&page=1 **;http://bdh-rd.bne.es/text.vm?id=0000202895&first=1&last=27 **
bimo0000803463;Echegaray, Miguel , 1848-1927  //;;;Juegos malabares : zarzuela en un acto;;Miguel Echegaray;;La Novela Teatral;;Madrid;1922;[20] p. , 20 cm ,;La novela teatral, año VII, n. 303 //;;Título tomado de la cubierta  //;;;;;;;;;Zarzuelas (Literatura) --  //;;;;;;;"821.134.2-293""18""  //";;;;;;;;;;;;;;;sp;spa;;;Libro;;T/26999 //;http://bdh-rd.bne.es/viewer.vm?id=0000202916&page=1 **;http://bdh-rd.bne.es/text.vm?id=0000202916&first=1&last=23 **
bimo0000803465;Echegaray, Miguel , 1848-1927  //;;;Lucha de clases : comedia en tres actos y en prosa;;original de Miguel Echegaray;;[s.n.]  R. Velasco, imp.;;[S.l.] , Madrid;1911;74 p. , 20 cm ,;;;"""Estrenada en el teatro de la Comedia en la noche del 17 de noviembre de 1911""  //";;;;;;;;;;;;;;;;"821.134.2-22""18""  //";;;;;;;;;;;;;;;sp;spa;;;Libro;;T/18107 //;http://bdh-rd.bne.es/viewer.vm?id=0000202531&page=1 **;http://bdh-rd.bne.es/text.vm?id=0000202531&first=1&last=93 **
bimo0000803466;Echegaray, Miguel , 1848-1927  //;;;Magda : juguete cómico en un acto y en verso;;original de Miguel Echegaray;;[s.n.]  Imp. de José Rodriguez;;[S.l.] , Madrid;1896;34 p. , 20 cm ,;El Teatro : Colección de Obras Dramáticas y Líricas //;;;;;;;;;;;;;;;;;;"821.134.2-22""18""  //";;;;;;;;;;;;;;;sp;spa;;;Libro;;T/5608 //;http://bdh-rd.bne.es/viewer.vm?id=0000202934&page=1 **;http://bdh-rd.bne.es/text.vm?id=0000202934&first=1&last=51 **
bimo0000803467;Echegaray, Miguel , 1848-1927  //;Sociedad de Autores Españoles  //;;Mamá Ursula : comedia en dos actos y en prosa;;original de Miguel Echegaray;;Sociedad de Autores Españoles  R. Velasco, imp.;;Madrid , Madrid;1910;54 p. , 20 cm ,;;;"""Estrenada en el Coliseo Imperial en la noche del 8 de abril de 1910""  //";;;;;;;;;;;;;;;;"821.134.2-22""18""  //";;;;;;;;;;;;;;;sp;spa;;;Libro;;T/18078 //;http://bdh-rd.bne.es/viewer.vm?id=0000202530&page=1 **;http://bdh-rd.bne.es/text.vm?id=0000202530&first=1&last=71 **
bimo0000803468;Echegaray, Miguel , 1848-1927  //;;;La mano derecha : juguete cómico en un acto y en verso;;original de Miguel Echegaray;;Florencio Fiscowich  Imp. de José Rodriguez;;Madrid;1886;32 p. , 20 cm ,;El teatro : colección de obras dramáticas y líricas //;;"""Estrenado en el Teatro de Lara, a beneficio de Dª Eloisa Gorriz, el día 13 de mayo de 1886""  //";;;;;;;;;;;;;;;;"821.134.2-22""18""  //";;;;;;;;;;;;;;;sp;spa;;;Libro;;T/8639 //;http://bdh-rd.bne.es/viewer.vm?id=0000249194&page=1 **;http://bdh-rd.bne.es/text.vm?id=0000249194&first=1&last=47 **
bimo0000803471;Echegaray, Miguel , 1848-1927  //;;;¿Me conoces? : juguete cómico en un acto y en verso;;original de Miguel Echegaray;;Florencio Fiscowich  Imp. de José Rodríguez;;Madrid , Madrid;1890;34 p. , 21 cm ,;El teatro : colección de obras dramáticas y líricas //;;"""Estrenado en el Teatro de la Comedia la noche del 19 de noviembre de 1890""  //";;;;;;;;;;;;;;;;"821.134.2-22""18""  //";;;;;;;;;;;;;;;sp;spa;;;Libro;;T/4590 //;http://bdh-rd.bne.es/viewer.vm?id=0000202927&page=1 **;http://bdh-rd.bne.es/text.vm?id=0000202927&first=1&last=51 **
bimo0000803478;Echegaray, Miguel , 1848-1927  //;;;El octavo, no mentir : comedia en tres actos y en verso;;original de Miguel Echegaray;3ª ed.;Florencio Fiscowich  Imp. de José Rodriguez;;Madrid , Madrid;1887;82 p. , 20 cm ,;El teatro : colección de obras dramáticas y líricas //;;"""Estrenada en el Teatro de la Comedia el 8 de diciembre de 1879""  //";;;;;;;;;Comedias (Literatura) --  //;;;;;;;"821.134.2-22""18""  //";;;;;;;;;;;;;;;sp;spa;;;Libro;;T/11866 //;http://bdh-rd.bne.es/viewer.vm?id=0000250452&page=1 **;http://bdh-rd.bne.es/text.vm?id=0000250452&first=1&last=97 **
bimo0000803480;Echegaray, Miguel , 1848-1927  //;;;El octavo, no mentir : comedia en tres actos y en verso;;original de Miguel Echegary;;La Novela Teatral;;Madrid;1919;[36] p. , 20 cm ,;La novela teatral, n. 111 //;;;;;;;;;;;Comedias (Literatura) --  //;;;;;;;"821.134.2-22""18""  //";;;;;;;;;;;;;;;sp;spa;;;Libro;;DL/2371527 // DL/2371527 //;http://bdh-rd.bne.es/viewer.vm?id=0000233665&page=1 **;http://bdh-rd.bne.es/text.vm?id=0000233665&first=1&last=36 **
bimo0000803482;Echegaray, Miguel , 1848-1927  //;;;Entre parientes : comedia en un acto y en verso;;original de Miguel Echegaray;;Florencio Fiscowich  Imp. de José Rodriguez;;Madrid , Madrid;1889;33 p. , 21 cm ,;El teatro : colección de obras dramáticas y líricas //;;"""Estrenada en el Teatro Lara en la noche del 30 de Octubre de 1889""  //";;;;;;;;;;;;;;;;"821.134.2-22""18""  //";;;;;;;;;;;;;;;sp;spa;;;Libro;;T/8138 //;http://bdh-rd.bne.es/viewer.vm?id=0000249191&page=1 **;http://bdh-rd.bne.es/text.vm?id=0000249191&first=1&last=55 **
bimo0000803483;Echegaray, Miguel , 1848-1927  //;;;Entre parientes : comedia en un acto;;original de Miguel Echegaray;;La Novela Corta;;Madrid;1919;8 h. , 20 cm ,;La Novela Teatral, añoIV, n. 120 //;;;;;;;;;;;;;;;;;;"821.134.2-22""18""  //";;;;;;;;;;;;;;;sp;spa;;;Libro;;T/26817 //;http://bdh-rd.bne.es/viewer.vm?id=0000202903&page=1 **;http://bdh-rd.bne.es/text.vm?id=0000202903&first=1&last=19 **
bimo0000803487;Echegaray, Miguel , 1848-1927  //;;;En primera clase : comedia en tres actos y en verso;;original de Miguel Echegaray;;Florencio Fiscowich  Imp. de José Rodríguez;;Madrid , Madrid;1886;84 p. , 20 cm ,;El teatro : colección de obras dramáticas y líricas //;;"""Estrenada en el Teatro de la Princesa en la noche del 22 de enero de 1886""  //";;;;;;;;;;;;;;;;"821.134.2-22""18""  //";;;;;;;;;;;;;;;sp;spa;;;Libro;;T/1645 //;http://bdh-rd.bne.es/viewer.vm?id=0000202525&page=1 **;http://bdh-rd.bne.es/text.vm?id=0000202525&first=1&last=99 **
bimo0000803493;Echegaray, Miguel , 1848-1927  //;Sociedad de Autores Españoles  //;;La sequía : zarzuela en un acto y cuatro cuadros en prosa;;"original de Miguel Echegaray ; música del maestro Gerónimo Giménez";;[Sociedad de Autores Españoles]  R. Velasco, imp.;;[S.l.] , Madrid;1904;35 p. , 21 cm ,;;;;;;;;;;;;Zarzuelas (Literatura) --  //;;;;;;;"821.134.2-293""18""  //";;;;;;;;;;;;;;;sp;spa;;;Libro;;T/16485 //;http://bdh-rd.bne.es/viewer.vm?id=0000202529&page=1 **;http://bdh-rd.bne.es/text.vm?id=0000202529&first=1&last=67 **
bimo0000803496;Echegaray, Miguel , 1848-1927  //;Sociedad de Autores Españoles  //;;Los tres gorriones : zarzuela cómica en un acto y dos cuadros, en prosa;;"original de Miguel Echegaray ; música del maestro Valverde (hijo)";;[Sociedad de Autores Españoles]  R. Velasco, imp.;;[S.l.] , Madrid;1905;36 p. , 21 cm ,;;;;;;;;;;;;Zarzuelas (Literatura) --  //;;;;;;;"821.134.2-293""18""  //";;;;;;;;;;;;;;;sp;spa;;;Libro;;T/17410 //;http://bdh-rd.bne.es/viewer.vm?id=0000202539&page=1 **;http://bdh-rd.bne.es/text.vm?id=0000202539&first=1&last=55 **
bimo0000803498;Echegaray, Miguel , 1848-1927  //;;;El último drama : comedia en dos actos y en verso;;original de Miguel Echegaray;;Sucesores de Rodríguez Odriózola;;Madrid;1897;73 p. , 21 cm ,;;;"""Estrenada en el Teatro Lara el 19 de diciembre""  //";;;;;;;;;;;;;;;;"821.134.2-22""18""  //";;;;;;;;;;;;;;;sp;spa;;;Libro;;T/20943 //;http://bdh-rd.bne.es/viewer.vm?id=0000202537&page=1 **;http://bdh-rd.bne.es/text.vm?id=0000202537&first=1&last=79 **
bimo0000803501;Echegaray, Miguel , 1848-1927  //;;;La viejecita : zarzuela cómica en un acto y dos cuadros, en verso;;"letra de Miguel Echegaray ; música del maestro Manuel Fernández Caballero";;[Florencio Fiscowich]  V. Vela, sucesor de J. Rodriguez;;[S.l.] , Madrid;1897;49 p. , 21 cm ,;El teatro : colección de obras dramáticas y líricas //;;"""Estrenada en el Teatro La Zarzuela, la noche del 30 de abril de 1897""  //";;;;;;;;;Zarzuelas (Literatura) --  //;;;;;;;"821.134.2-293""18""  //";;;;;;;;;;;;;;;sp;spa;;;Libro;;T/2302 //;http://bdh-rd.bne.es/viewer.vm?id=0000202920&page=1 **;http://bdh-rd.bne.es/text.vm?id=0000202920&first=1&last=67 **
bimo0000804901;Eguílaz, Luis de , 1830-1874  //;;;Alarcón drama original en tres actos y en verso;;por Luis de Eguilaz;;[s.n.]  Imp. del Seminario e Ilustración;;[S.l.] , Madrid;1853;90 p. , 23 cm ,;Hispanoamérica // Lingüística. Literatura // Literatura española //;;;;;;;;;;;;;;;;;;"821.134.2-23""18""  //";;;;;;;;;;;;;;;sp;spa;;;Libro;;HA/14685 //;http://bdh-rd.bne.es/viewer.vm?id=0000095818&page=1 **;http://bdh-rd.bne.es/text.vm?id=0000095818&first=1&last=100 **
bimo0000804911;Eguílaz, Luis de , 1830-1874  //;;;"Mariana la Barlu : parodia del drama de Scribe titulado ""Adriana Lecouvreur""";;por el licenciado Scribe;;[s.n.]  Imp. y Estereoripia de M. Rivadeneyra;;[S.l.] , Madrid;1852;24 p. , 18 cm ,;;;"""Representada con extraordinario aplauso en el Teatro de la Cruz, el 4 de mayo de 1852""  //";;;;;;;;;;;;;;;;"821.134.2-22""18""  //";;;;;;;;;;;;;;;sp;spa;;;Libro;;T/10464 //;http://bdh-rd.bne.es/viewer.vm?id=0000133581&page=1 **;http://bdh-rd.bne.es/text.vm?id=0000133581&first=1&last=31 **
bimo0000806049;Eleizalde, Luis de , 1878-1923  //;;;Landibar : cuadros novelescos del País Vasco;;Luis de Eleizalde;;[s.n.]  Imp. de Fuentes y Marquínez;;[S.l.] , Gasteiz (Vitoria);1918;378 p. , 17 cm ,;;;;;;;;;;;;Cuentos --  //;;;;;;;"821.134.2-32""19""  //";;;;;;;;;;;;;;;sp;spa;;;Libro;;1/74969 //;http://bdh-rd.bne.es/viewer.vm?id=0000203025&page=1 **;http://bdh-rd.bne.es/text.vm?id=0000203025&first=1&last=397 **
bimo0000809242;Elola, José de , 1859-1933  //;;;Bosquejos : novelas cortas, cuentos, leyendas e impresiones;;José de Elola;;"Librería de Victoriano Suárez  Librería de Fernando Fé  Estab. Tip. ""El Trabajo"", a cargo de H. Sevilla";;Madrid , Madrid;1900;370 p. , 18 cm ,;;;;;;;;;;;;;;;;;;;"821.134.2-34""18""  //";;;;;;;;;;;;;;;sp;spa;;;Libro;;1/19020 //;http://bdh-rd.bne.es/viewer.vm?id=0000191882&page=1 **;http://bdh-rd.bne.es/text.vm?id=0000191882&first=1&last=391 **
bimo0000809251;Elola, José de , 1859-1933  //;;;La clave del crimen;;por El Coronel Ignotus;;[s.n.];;[Madrid];1923;112 p. , il. , 25 cm ,;Biblioteca novelesco-científica, 14 // El Crimen del rápido 373, 2º y último episodio // Elola, José de, 2º y último episodio //;;;;;;;;;;;;;;;;;;"821.134.2-31""18""  //";;;;;;;;;;;;;;;sp;spa;;;Libro;;1/245258 //;http://bdh-rd.bne.es/viewer.vm?id=0000191761&page=1 **;http://bdh-rd.bne.es/text.vm?id=0000191761&first=1&last=114 **
bimo0000809252;Elola, José de , 1859-1933  //;;;El mundo-luz : aventuras extraterrestres;;por El Coronel Ignotus, José de Elola;;Librería Rivadeneyra;;Madrid;1921;108 p. , il. col. , 25 cm ,;Biblioteca novelesco-científica // La desterrada de la tierra, 1ª etapa // Elola, José de, 1ª etapa //;;;;;;;;;;;;;;;;;;"821.134.2-31""18""  //";;;;;;;;;;;;;;;sp;spa;;;Libro;;AHM/678792 //;http://bdh-rd.bne.es/viewer.vm?id=0000201842&page=1 **;http://bdh-rd.bne.es/text.vm?id=0000201842&first=1&last=127 **
bimo0000809254;Elola, José de , 1859-1933  //;;;El guardian de la paz;;por El Coronel Ignotus;;[s.n.];;[S.l.];1924;104 p. , il. , 24 cm ,;Biblioteca novelesco-científica // Tierras resucitadas, 3ª jornada //;;;;;;;;;;;;;;;;;;"821.134.2-31""18""  //";;;;;;;;;;;;;;;sp;spa;;;Libro;;7/18009 //;http://bdh-rd.bne.es/viewer.vm?id=0000200865&page=1 **;http://bdh-rd.bne.es/text.vm?id=0000200865&first=1&last=115 **
bimo0000809257;Elola, José de , 1859-1933  //;;;Los modernos prometeos;;por el Coronel Ignotus, José de Elola;;Librería Rivadeneyra;;Madrid;1922;114 p., [4] h. de lám. col. , 25 cm ,;Biblioteca novelesco-científica, 9 // La mayor conquista, 3º episodio // Elola, José de, 3º episodio //;;;;;;;;;;;;;;;;;;"821.134.2-31""18""  //";;;;;;;;;;;;;;;sp;spa;;;Libro;;7/18006 //;http://bdh-rd.bne.es/viewer.vm?id=0000200858&page=1 **;http://bdh-rd.bne.es/text.vm?id=0000200858&first=1&last=135 **
bimo0000809266;Elola, José de , 1859-1933  //;;;El hijo de Sara;;por el Coronel Ignotus (Jose de Elola);;[s.n.];;[Madrid];1921;112 p. , il. , 24 cm ,;Biblioteca novelesco-científica, 16 // Segundo viaje planetario. Segunda etapa //;;;;;;;;;;;;;;;;;;"821.134.2-31""18""  //";;;;;;;;;;;;;;;sp;spa;;;Libro;;7/18013 //;http://bdh-rd.bne.es/viewer.vm?id=0000200867&page=1 **;http://bdh-rd.bne.es/text.vm?id=0000200867&first=1&last=123 **
bimo0000809268;Elola, José de , 1859-1933  //;;;Los naúfragos del glaciar;;por el Coronel Ignotus, José de Elola;;[s.n.];;[S.l.];1923;119 p. , il. col. , 25 cm ,;Biblioteca novelesco-científica // Tierras resucitadas, 1ª jornada //;;;;;;;;;;;;;;;;;;"821.134.2-31""18""  //";;;;;;;;;;;;;;;sp;spa;;;Libro;;7/18007 //;http://bdh-rd.bne.es/viewer.vm?id=0000200860&page=1 **;http://bdh-rd.bne.es/text.vm?id=0000200860&first=1&last=139 **
bimo0000809271;Elola, José de , 1859-1933  //;;;El mundo venusiano : novela de aventuras;;por el Coronel Ignotus, José de Elola;2ª ed.;Librería Rivadeneyra;;Madrid;1921;119 p., [5] h. de lám. col. , 25 cm ,;Biblioteca novelesco-científica // Viajes planetarios en el siglo XXII, 3ª etapa // Elola, José de, 3ª etapa //;;;;;;;;;;;;;;;;;;"821.134.2-31""18""  //";;;;;;;;;;;;;;;sp;spa;;;Libro;;7/5608 //;http://bdh-rd.bne.es/viewer.vm?id=0000201062&page=1 **;http://bdh-rd.bne.es/text.vm?id=0000201062&first=1&last=141 **
bimo0000809990;Emerson, Ralph Waldo , 1803-1882  // Valenti Camp, Santiago , 1875-1934 -traductor  //;;[Essays. Español] //;Historia y política;;"Ralp Waldo Emerson ; versión castellana por Santiago Valentí Camp";;Minerva;;Barcelona;1930;220 p. , 18 cm ,;Biblioteca de cultura moderna y contemporánea //;;;;;;;;;;;;;;;;;;"821.111(73)-4""18""  //";;;;;;;;;;;;;;;sp;spa;eng;spa //;Libro;;4/114453 //;http://bdh-rd.bne.es/viewer.vm?id=0000200534&page=1 **;http://bdh-rd.bne.es/text.vm?id=0000200534&first=1&last=227 **
bimo0000810967;Palacio Valdés, Armando , 1853-1938 -homenajeado  //;;;En memoria del homenaje que al eximio novelista Armando Palacio Valdés dedicaron el jueves 5 de Abril de 1906 los alumnos de la Universidad de Oviedo;;;;[s.n.]  Compañía Asturiana de Artes Gráf.;;[S.l.] , Gijón;1906;30 p. , il. , 28 cm ,;;;Título tomado de la cubierta  //;;;;;;;;Palacio Valdés, Armando -- Homenajes --  //;;;;;;;;929 Palacio Valdés, Armando  //  821.134.2 Palacio Valdés, Armando 1.07(082.2)  //;;;;;;;;;;;;;;;sp;spa;;;Libro;;VC/252/23 //;http://bdh-rd.bne.es/viewer.vm?id=0000236132&page=1 **;http://bdh-rd.bne.es/text.vm?id=0000236132&first=1&last=35 **
bimo0000811016;;;;Romance;En la visita a Jerez de S.M. el Rey D. Alfonso XII el dia 27 de febrero de 1882  //;;;[s.n.]  Imp. delm Guadalete, a cargo de Tomás Bueno;;[S.l.] , Jerez;1882;[8] p. , 27 cm ,;;;;;;;;;;;Alfonso -- XII, -- Rey de España -- Poesías --  //;Poesías laudatorias --  // Romances --  //;;;;;;;"821.134.2-14""18""  //  929 Alfonso (460) XII (0:82)  //";;;;;;;;;;;;;;;sp;spa;;;Libro;;VC/12088/3 //;http://bdh-rd.bne.es/viewer.vm?id=0000235877&page=1 **;http://bdh-rd.bne.es/text.vm?id=0000235877&first=1&last=11 **
bimo0000813022;Entrala, Francisco de P.  //;;[Los hombres de la época] //;Los hombres de la época o La rueda de la fortuna : novela de costumbres;La rueda de la fortuna  //;por Francisco de P. Entrala;;Librería de León Pablo Villaverde;;Madrid;1864 - 1865;4 v. , 19 cm ,;;;;;;;;;;;;;;;;;;;"821.134.2-31""18""  //";;;;;;;;;;;;;;;sp;spa;;;Libro;;1/73874_V.1 // 1/73875_V.2 // 1/73876_V.3 // 1/73877_V.4 //;http://bdh-rd.bne.es/viewer.vm?id=0000056514&page=1 ** http://bdh-rd.bne.es/viewer.vm?id=0000056514&page=300 ** http://bdh-rd.bne.es/viewer.vm?id=0000056514&page=575 ** http://bdh-rd.bne.es/viewer.vm?id=0000056514&page=846 **;http://bdh-rd.bne.es/text.vm?id=0000056514&first=1&last=299 ** http://bdh-rd.bne.es/text.vm?id=0000056514&first=300&last=574 ** http://bdh-rd.bne.es/text.vm?id=0000056514&first=575&last=845 ** http://bdh-rd.bne.es/text.vm?id=0000056514&first=846&last=1124 **
bimo0000813848;Ercilla y Zúñiga, Alonso de , 1533-1594  //;;;La Araucana poema de Don Alonso de Ercilla y Zúñiga;;;;Baudry, Librería Europea;;París;1840;IV, 216 p., [1] h. de lám. , 22 cm ,;Hispanoamérica // Lingüística. Literatura // Literatura española //;;"""En un tomo""  //";;;;;;;;;;;;;;;;"821.134.2-13""15""  //";;;;;;;;;;;;;;;fr;spa;;;Libro;;1/15663 //;http://bdh-rd.bne.es/viewer.vm?id=0000077693&page=1 **;http://bdh-rd.bne.es/text.vm?id=0000077693&first=1&last=237 **
bimo0000814599;Escalante, Eduardo , 1834-1895  //;;;La senserrá del mercat : juguete bilingüe en un acto y en verso;;original de Eduardo Escalante;;Librería de Juan Mariana y Sanz, Editor;;Valencia;1871;30 p. , 20 cm ,;;;;;;;;;;;;;;;;;;;"821.134.1-22""18""  //";;;;;;;;;;;;;;;sp;cat;;;Libro;;T/24246 //;http://bdh-rd.bne.es/viewer.vm?id=0000202896&page=1 **;http://bdh-rd.bne.es/text.vm?id=0000202896&first=1&last=35 **
bimo0000814643;Escalante Gómez, Manuel , 1878-1931  // Rey Rivadeneyra, Miguel  //;;;La patria grande : entremés cómico en prosa;;original de Manuel Escalante Gómez y Miguel Rey Rivadeneira;;[s.n.]  Estab. Tip. de los Hijos de F. Marqués;;Madrid;1908;7 p. , 19 cm ,;;;;;;;;;;;;;;;;;;;"821.134.2-22""19""  //";;;;;;;;;;;;;;;sp;spa;;;Libro;;T/17780 //;http://bdh-rd.bne.es/viewer.vm?id=0000187713&page=1 **;http://bdh-rd.bne.es/text.vm?id=0000187713&first=1&last=27 **
bimo0000814879;Escamilla, Pedro  //;;;A buen rey mejor alcalde : comedia histórica en un acto y en verso, original;;Pedro escamilla;;[s.n.]  Imp. de Julián Peña;;[S.l.] , Madrid;1870;27 p. , 19 cm ,;El coliseo //;;"""Estrenada con aplauso en el Teatro del Recreo el 26 de abril de 1869""  //";;;;;;;;;;;;;;;;"821.134.2-22""18""  //";;;;;;;;;;;;;;;sp;spa;;;Libro;;T/10262 //;http://bdh-rd.bne.es/viewer.vm?id=0000047770&page=1 **;http://bdh-rd.bne.es/text.vm?id=0000047770&first=1&last=43 **
bimo0000814880;Escamilla, Pedro  //;;;Aguilera y Aguilar : juguete cómico en un acto, original y en verso;;por Pedro Escamilla;;[s.n.]  Estab. Tip. de Pedro Abienzo;;[S.l.] , Madrid;1871;23 p. , 20 cm ,;Administración lírico-dramática //;;"""Estrenado con buen éxito en el Teatro de Variedades el 11 de noviembre de 1869""  //";;;;;;;;;;;;;;;;"821.134.2-22""18""  //";;;;;;;;;;;;;;;sp;spa;;;Libro;;T/6540 //;http://bdh-rd.bne.es/viewer.vm?id=0000133437&page=1 **;http://bdh-rd.bne.es/text.vm?id=0000133437&first=1&last=35 **
bimo0000814881;Escamilla, Pedro  //;;;El álbum y el ramillete : comedia en un acto y en verso;;original de Pedro Escamilla;;[s.n.]  Estab. Tip. de P. Abienzo;;[S.l.] , Madrid;1873;36 p. , 20 cm ,;;;"""Representada con extraordinario éxito en el Teatro Salón Eslava, el día 19 de diciembre de 1872""  //";;;;;;;;;;;;;;;;"821.134.2-22""18""  //";;;;;;;;;;;;;;;sp;spa;;;Libro;;T/2903 //;http://bdh-rd.bne.es/viewer.vm?id=0000133410&page=1 **;http://bdh-rd.bne.es/text.vm?id=0000133410&first=1&last=47 **
bimo0000814884;Escamilla, Pedro  //;;;Con la cena y sin cenar : juguete cómico en un acto y en prosa;;original de Pedro Escamilla;;Enrique Arregui, ed.  Imp. de Álvarez Hermanos;;Madrid;1879;21 p. , 19 cm ,;Biblioteca lírico-dramática //;;"""Estrenado con buen éxito en el Teatro de Eslava el día 25 de enero de 1879, a beneficio de D. José Mesejo""  //";;;;;;;;;;;;;;;;"821.134.2-22""18""  //";;;;;;;;;;;;;;;sp;spa;;;Libro;;T/10273 //;http://bdh-rd.bne.es/viewer.vm?id=0000047755&page=1 **;http://bdh-rd.bne.es/text.vm?id=0000047755&first=1&last=37 **
bimo0000814885;Escamilla, Pedro  // Ducange, Victor , 1783-1833  //;;;Las consecuencias del juego : drama en tres actos dividido en seis cuadros, en verso, arreglado del francés;;por Pedro Escamilla;;J.M.G  Imp. de Cristóbal González;;Madrid;1864;112 p. , 19 cm ,;El coliseo //;;Adaptación de: Treinta años / Victor Ducange  //;;;;;;;;;;;;;;;;"821.134.2-23""18""  //";;;;;;;;;;;;;;;sp;spa;;;Libro;;T/5310 //;http://bdh-rd.bne.es/viewer.vm?id=0000043010&page=1 **;http://bdh-rd.bne.es/text.vm?id=0000043010&first=1&last=121 **
bimo0000814887;Escamilla, Pedro  //;;;Cuestiones de gabinete : farsa en un acto y en verso;;original de Pedro Escamilla;2ª ed.;[s.n.]  Imp. de M.P. Montoya;;[S.l.] , Madrid;1890;32 p. , 20 cm ,;Teatro cómico. Galería lírico-dramática //;;"""Estrenado en el Teatro de Variedades el 10 de septiembre de 1872""  //";;;;;;;;;;;;;;;;"821.134.2-22""18""  //";;;;;;;;;;;;;;;sp;spa;;;Libro;;T/3475 //;http://bdh-rd.bne.es/viewer.vm?id=0000043030&page=1 **;http://bdh-rd.bne.es/text.vm?id=0000043030&first=1&last=47 **
bimo0000814888;Escamilla, Pedro  //;;;La chinela y el retrato : juguete en un acto y en verso;;original de Pedro Escamilla;;[s.n.]  Estab. Tip. de M.P. Montoya y Compañía;;[S.l.] , Madrid;1883;31 p. , 20 cm ,;;;"""Estrenado con aplauso en Madrid, el 13 de agosto de 1881""  // ""Administración Lírico-Dramática""--Cubierta  //";;;;;;;;;;;;;;;;"821.134.2-22""18""  //";;;;;;;;;;;;;;;sp;spa;;;Libro;;T/6521 //;http://bdh-rd.bne.es/viewer.vm?id=0000133435&page=1 **;http://bdh-rd.bne.es/text.vm?id=0000133435&first=1&last=43 **
bimo0000814889;Escamilla, Pedro  //;;;El desenlace de un drama : comedia original en un acto y en verso;;por Pedro Escamilla;;J.M.G.  Imp. y Fundición de Manuel Tello;;[S.l.] , Madrid;1875;23 p. , 20 cm ,;;;"""Estrenada con gran éxito el 8 de noviembre de 1869 en el Teatro de Novedades""  // ""Administración Lírico-Dramática""--Cubierta  //";;;;;;;;;;;;;;;;"821.134.2-22""18""  //";;;;;;;;;;;;;;;sp;spa;;;Libro;;T/6535 //;http://bdh-rd.bne.es/viewer.vm?id=0000001606&page=1 **;http://bdh-rd.bne.es/text.vm?id=0000001606&first=1&last=35 **
bimo0000814893;Escamilla, Pedro  //;;;El hijo de don Damián : juguete cómico en un acto y en verso;;original de Pedro Escamilla;;Carlos Calvacho  Imp. de José Rodríguez;;[Madrid];1873;34 p. , 20 cm ,;;;"""Estrenado con extraordinario éxito en el Teatro Martín, la noche del 9 de noviembre de 1873""  // ""Número 13""  // ""Administración Lírico-Dramática""--Cubierta  //";;;;;;;;;;;;;;;;"821.134.2-22""18""  //";;;;;;;;;;;;;;;sp;spa;;;Libro;;T/6502 //;http://bdh-rd.bne.es/viewer.vm?id=0000133457&page=1 **;http://bdh-rd.bne.es/text.vm?id=0000133457&first=1&last=47 **
bimo0000814894;Escamilla, Pedro  //;;;El loro de mi mujer : juguete en un acto, original y en verso;;de Pedro Escamilla;;J.M.G.  Imp. de Julián Peña;;[Madrid];1868;26 p. , 19 cm ,;El Coliseo //;;"""Estrenado el 1º de junio de 1868 en el Circo de Paul, Teatro de Verano""  //";;;;;;;;;;;;;;;;"821.134.2-22""18""  //";;;;;;;;;;;;;;;sp;spa;;;Libro;;T/5790 //;http://bdh-rd.bne.es/viewer.vm?id=0000133461&page=1 **;http://bdh-rd.bne.es/text.vm?id=0000133461&first=1&last=37 **
bimo0000814895;Escamilla, Pedro  //;;;Madrid en el 2 de mayo : drama de costumbres populares en tres actos y en verso;;original de Pedro Escamilla;;[s.n.]  Imp. de Julián Peña;;[S.l.] , Madrid;1869;68 p. , 19 cm ,;El coliseo: colección de obras dramáticas y lírico-dramáticas de J.M.G. //;;"""Estrenado con extraordinario éxito el 1º de mayo de 1868 en el Teatro de Verano del Circo de Paul""  //";;;;;;;;;;;;;;;;"821.134.2-23""18""  //";;;;;;;;;;;;;;;sp;spa;;;Libro;;T/11279 //;http://bdh-rd.bne.es/viewer.vm?id=0000047743&page=1 **;http://bdh-rd.bne.es/text.vm?id=0000047743&first=1&last=83 **
bimo0000814898;Escamilla, Pedro  //;;;Las matanzas de Orán : apropósito dramático en un acto, original y en verso;;de Pedro Escamilla;;Jesús Graciá  Estab. Tip. de M.P. Montoya y Compañía;;Madrid;1881;31 p. , 20 cm ,;;;;;;;;;;;;;;;;;;;"821.134.2-23""18""  //";;;;;;;;;;;;;;;sp;spa;;;Libro;;T/7216 //;http://bdh-rd.bne.es/viewer.vm?id=0000152638&page=1 **;http://bdh-rd.bne.es/text.vm?id=0000152638&first=1&last=43 **
bimo0000814899;Escamilla, Pedro  //;;;Un matrimonio a muerte : juguete cómico en un acto y en verso;;original de Pedro Escamilla;;[s.n.]  Estab. Tip. de M.P. Montoya y Compañía;;[S.l.] , Madrid;1883;32 p. , 20 cm ,;Administración lírico-dramática //;;"""Representado con extraordinario éxito en el Teatro de la Comedia, la noche del 29 de noviembre de 1883""  //";;;;;;;;;;;;;;;;"821.134.2-22""18""  //";;;;;;;;;;;;;;;sp;spa;;;Libro;;T/9359 //;http://bdh-rd.bne.es/viewer.vm?id=0000152761&page=1 **;http://bdh-rd.bne.es/text.vm?id=0000152761&first=1&last=43 **
bimo0000814900;Escamilla, Pedro  //;;;La muñeca : juguete cómico hasta cierto punto original, en un acto y en prosa;;de Pedro Escamilla;;[s.n.]  Imp. de José Rodríguez;;[S.l.] , Madrid;1878;23 p. , 20 cm ,;Administración lírico-dramática //;;"""Estrenado con extraordinario éxito en el Teatro de Eslava la noche del 24 de octubre de 1878""  //";;;;;;;;;;;;;;;;"821.134.2-22""18""  //";;;;;;;;;;;;;;;sp;spa;;;Libro;;T/11626 //;http://bdh-rd.bne.es/viewer.vm?id=0000047749&page=1 **;http://bdh-rd.bne.es/text.vm?id=0000047749&first=1&last=35 **
bimo0000814901;Escamilla, Pedro  //;;;El orangután : juguete cómico en un acto y en prosa;;original de Pedro Escamilla;;Enrique Arregui, ed.  Imp. de Álvarez Hermanos;;Madrid;1879;23 p. , 19 cm ,;Biblioteca lírico-dramática //;;"""Extrenado con éxito en el Teatro de Eslava la noche del 8 de febrero de 1879""  //";;;;;;;;;;;;;;;;"821.134.2-22""18""  //";;;;;;;;;;;;;;;sp;spa;;;Libro;;T/5352 //;http://bdh-rd.bne.es/viewer.vm?id=0000043047&page=1 **;http://bdh-rd.bne.es/text.vm?id=0000043047&first=1&last=39 **
bimo0000814903;Escamilla, Pedro  //;;;Perales y compañía : juguete cómico en un acto y en prosa;;original de Pedro Escamilla;;Enrique Arregui, ed.  Imp. a cargo de Ignacio Moraleda;;Madrid;1879;17 p. , 20 cm ,;Biblioteca lírico-dramática //;;"""Estrenado con éxito en el Teatro Eslava, en la noche del 21 de noviembre de 1878""  //";;;;;;;;;;;;;;;;"821.134.2-22""18""  //";;;;;;;;;;;;;;;sp;spa;;;Libro;;T/9953 //;http://bdh-rd.bne.es/viewer.vm?id=0000152768&page=1 **;http://bdh-rd.bne.es/text.vm?id=0000152768&first=1&last=31 **
bimo0000814904;Escamilla, Pedro  //;;;Por lo flamenco : comedia en un acto y en verso;;original de Pedro Escamilla;;J.M.G.  Imp. y Fundición de Manuel Tello;;[S.l.] , Madrid;1875;23 p. , 20 cm ,;;;"""Estrenada con extraordinario éxito en el Teatro Martín el 19 de enero de 1874""  //";;;;;;;;;;;;;;;;"821.134.2-22""18""  //";;;;;;;;;;;;;;;sp;spa;;;Libro;;T/2318 //;http://bdh-rd.bne.es/viewer.vm?id=0000042985&page=1 **;http://bdh-rd.bne.es/text.vm?id=0000042985&first=1&last=35 **
bimo0000814905;Escamilla, Pedro  //;;;Ruperto el pobre diablo : (parodia de la ópera Roberto el Diablo) : en un acto y cuatro cuadros, en verso;;"original de Pedro Escamilla ; arreglada la música por el maestro Mangiagalli";;[s.n.]  Estab. Tip. de M.P. Montoya y Cª;;[S.l.] , Madrid;1883;29 p. , 20 cm ,;Administración lírico-dramática //;;"""Estrenada en Madrid el 31 de marzo de 1883""  //";;;;;;;;;;;;;;;;"821.134.2-293""18""  //";;;;;;;;;;;;;;;sp;spa;;;Libro;;T/2335 //;http://bdh-rd.bne.es/viewer.vm?id=0000042978&page=1 **;http://bdh-rd.bne.es/text.vm?id=0000042978&first=1&last=43 **
bimo0000814907;Escamilla, Pedro  //;;;Se desea un señor solo : juguete cómico en un acto y en verso;;original de Pedro Escamilla;;Enrique Arregui;;Madrid;1880;27 p. , 20 cm ,;Biblioteca Lírico-Dramática //;;"""Estrenado con gran éxito en el Teatro Martín la noche del 11 de noviembre de 1880""  //";;;;;;;;;;;;;;;;"821.134.2-22""18""  //";;;;;;;;;;;;;;;sp;spa;;;Libro;;T/9950 //;http://bdh-rd.bne.es/viewer.vm?id=0000133488&page=1 **;http://bdh-rd.bne.es/text.vm?id=0000133488&first=1&last=39 **
bimo0000814908;Escamilla, Pedro  //;;;Se suplica el coche : comedia en un acto y en prosa;;original de Pedro Escamilla;;Enrique Arregui  Imp. de Álvarez Hermanos;;Madrid;1881;23 p. , 19 cm ,;Biblioteca Lírico-Dramática //;;"""Estrenada con buen éxito en el Teatro Martín la noche del 13 de diciembre de 1880""  //";;;;;;;;;;;;;;;;"821.134.2-22""18""  //";;;;;;;;;;;;;;;sp;spa;;;Libro;;T/13232 //;http://bdh-rd.bne.es/viewer.vm?id=0000047953&page=1 **;http://bdh-rd.bne.es/text.vm?id=0000047953&first=1&last=35 **
bimo0000814909;Escamilla, Pedro  //;;;Sin comerlo ni beberlo : juguete cómico en un acto y en verso;;original de Pedro Escamilla;;Enrique Arregui  Imp. a cargo de Ignacio Moraleda;;Madrid;1879;26 p. , 20 cm ,;Biblioteca Lírico-Dramática //;;"""Estrenado con gran éxito en el Teatro de Eslava en la noche del 30 de noviembre de 1878""  //";;;;;;;;;;;;;;;;"821.134.2-22""18""  //";;;;;;;;;;;;;;;sp;spa;;;Libro;;T/13981 //;http://bdh-rd.bne.es/viewer.vm?id=0000048000&page=1 **;http://bdh-rd.bne.es/text.vm?id=0000048000&first=1&last=37 **
bimo0000814911;Escamilla, Pedro  //;;;La verdad y la mentira : correría mágico-fantástica en tres actos y en verso;;por Pedro Escamilla;;J.M.G.  Imp. de Julián Peña;;Madrid;1869;96 p. , 19 cm ,;;;"""Estrenada con aplauso en el Teatro de Novedades en la noche del 17 de enero de 1869""  //";;;;;;;;;;;;;;;;"821.134.2-22""18""  //";;;;;;;;;;;;;;;sp;spa;;;Libro;;T/6558 //;http://bdh-rd.bne.es/viewer.vm?id=0000152637&page=1 **;http://bdh-rd.bne.es/text.vm?id=0000152637&first=1&last=105 **
bimo0000814912;Escamilla, Pedro  // Beltrán, José (letrista)  //;;;Verónica y volapié : juguete lírico en un acto y en verso;;"original de los señores Pedro Escamilla y José Beltrán ; música de Tomás Reig";;[s.n.]  Estab. Tip. de M.P. Montoya y Compañía;;[S.l.] , Madrid;1885;34 p. , 20 cm ,;;;"""Estrenado con extraordinario éxito en el Teatro de Apolo, de Madrid, en la noche del 26 de marzo de 1885""  // ""Administración Lírico-Dramática""--Cubierta  //";;;;;;;;;;;;;;;;"821.134.2-22""18""  //";;;;;;;;;;;;;;;sp;spa;;;Libro;;T/9324 //;http://bdh-rd.bne.es/viewer.vm?id=0000152760&page=1 **;http://bdh-rd.bne.es/text.vm?id=0000152760&first=1&last=45 **
bimo0000814913;Escamilla, Pedro  //;;;La vida del hombre malo : aleluyas cómico-filosóficas en verso, divididas en tres actos;;por Pedro Escamilla;;J.M.G.  Estab. Tip. de Pedro Abienzo;;Madrid;1871;59 p. , 20 cm ,;El coliseo //;;;;;;;;;;;;;;;;;;"821.134.2-22""18""  //";;;;;;;;;;;;;;;sp;spa;;;Libro;;T/6464 //;http://bdh-rd.bne.es/viewer.vm?id=0000043031&page=1 **;http://bdh-rd.bne.es/text.vm?id=0000043031&first=1&last=71 **
bimo0000815045;Escardó, Florencio  //;;;No especulen en papel juguete cómico en un acto;;por Florencio Escardó;;"[s.n.]  Imp. de ""El Nacional""";;[S.l.] , Montevideo;1876;20 p. , 19 cm ,;Lingüística. Literatura // Literatura hispanoamericana //;;;;;;;;;;;;;;;;;;"(82)  //  821.134.2(82)-22""18""  //  821.134.28  //";;;;;;;;;;;;;;;uy;spa;;;Libro;;T/11315 //;http://bdh-rd.bne.es/viewer.vm?id=0000073092&page=1 **;http://bdh-rd.bne.es/text.vm?id=0000073092&first=1&last=29 **
bimo0000815880;Escribano, Eugenio , 1877-1951  // Loygorri Pimentel, José  //;;;El peregrino : leyenda premiada por el Real Consistorio Hispano-Americano del Gay Saber, en agosto de 1924;;"por Eugenio Escribano ... ; prólogo de Julio Cejador ; dibujos de Loygorri";;[s.n.]  Tall. Voluntad;;[S.l.] , Madrid;1925;VIII, 232 p. , il. , 19 cm ,;;;;;;;;;;;;;;;;;;;"821.134.2-14""19""  //";;;;;;;;;;;;;;;sp;spa;;;Libro;"Acceso y/o uso restringido. La presente obra presenta restricciones en cuanto a su reproducción, distribución, comunicación pública o transformación; no obstante y en virtud del artículo 37 del Texto refundido de la Ley de Propiedad Intelectual (TRLPI), la Biblioteca Nacional de España está autorizada a la reproducción y a la comunicación de obras, mediante red cerrada e interna, a efectos de investigación (artículo 37, RDL 1/1996, de 12 de abril, revisada el 5 noviembre de 2015); sin perjuicio de las copias que puedan obtenerse en la BNE para uso privado, para ejercer cualquier otro de los derechos de explotación previstos en la TRLPI, el usuario deberá contactar con el correspondiente titular o la entidad de gestión encargada de representar al titular.//";2/72177 //;http://bdh-rd.bne.es/viewer.vm?id=0000192840&page=1 **;http://bdh-rd.bne.es/text.vm?id=0000192840&first=1&last=251 **
bimo0000835154;Espina, Concha , 1869-1955  //;;;Agua de nieve : (novela);;Concha Espina;3ª ed.;[s.n.]  Imp. de Juan Pueyo;;[S.l.] , Madrid;1919;355 p. , 19 cm ,;;;;;;;;;;;;;;;;;;;"821.134.2-31""19""  //";;;;;;;;;;;;;;;sp;spa;;;Libro;"Acceso y/o uso restringido. La presente obra presenta restricciones en cuanto a su reproducción, distribución, comunicación pública o transformación; no obstante y en virtud del artículo 37 del Texto refundido de la Ley de Propiedad Intelectual (TRLPI), la Biblioteca Nacional de España está autorizada a la reproducción y a la comunicación de obras, mediante red cerrada e interna, a efectos de investigación (artículo 37, RDL 1/1996, de 12 de abril, revisada el 5 noviembre de 2015); sin perjuicio de las copias que puedan obtenerse en la BNE para uso privado, para ejercer cualquier otro de los derechos de explotación previstos en la TRLPI, el usuario deberá contactar con el correspondiente titular o la entidad de gestión encargada de representar al titular.//";1/83737 //;http://bdh-rd.bne.es/viewer.vm?id=0000132247&page=1 **;http://bdh-rd.bne.es/text.vm?id=0000132247&first=1&last=368 **
bimo0000835981;Espronceda, José de , 1808-1842  //;;;El arrepentimiento y la desesperación;;por José Espronceda;;Tip. y Librería Vda. de Montero;;Valladolid;1923;15 p. , 15 cm ,;Lingüística. Literatura // Literatura española //;;;;;;;;;;;;;;;;;;"821.134.2-14""18""  //";;;;;;;;;;;;;;;sp;spa;;;Libro;;VC/2887(32) // VC/2887/32 //;http://bdh-rd.bne.es/viewer.vm?id=0000125216&page=1 **;http://bdh-rd.bne.es/text.vm?id=0000125216&first=1&last=18 **
bimo0000837483;Estelrich, Juan Luis , 1856-1923  //;;;Saludos;;J.L. Estelrich;;[s.n.]  Imp. Biblioteca Popular;;[S.l.] , Palma;1887;123 p. , il. , 13 cm ,;;;;;;;;;;;;Poesías --  //;;;;;;;"821.134.2-14""18""  //";;;;;;;;;;;;;;;sp;spa;;;Libro;;VC/128/13 //;http://bdh-rd.bne.es/viewer.vm?id=0000205400&page=1 **;http://bdh-rd.bne.es/text.vm?id=0000205400&first=1&last=133 **
bimo0000837648;Esteso, Luis , 1881-1928  //;;;"El asesinato de la cupletista ""Ombliguete"" : novela terrorífica y de varietés";;Luis Esteso;;[s.n.]  Imp. Artística Española;;[S.l.] , Madrid;1910;30 p. , 19 cm ,;;;;;;;;;;;;;;;;;;;"821.134.2-32""19""  //";;;;;;;;;;;;;;;sp;spa;;;Libro;;VC/434/26 //;http://bdh-rd.bne.es/viewer.vm?id=0000249357&page=1 **;http://bdh-rd.bne.es/text.vm?id=0000249357&first=1&last=35 **
bimo0000837654;Esteso, Luis , 1881-1928  //;;;Los caminos del amor : (poemas);;Luis Esteso;;[s.n.]  Imp. de Juan Pueyo;;[S.l.] , Madrid;1913;48 p. , 19 cm ,;Obras completas, 7 //;;;;;;;;;;;;;;;;;;"821.134.2-14""19""  //";;;;;;;;;;;;;;;sp;spa;;;Libro;;VC/2190/22 //;http://bdh-rd.bne.es/viewer.vm?id=0000249230&page=1 **;http://bdh-rd.bne.es/text.vm?id=0000249230&first=1&last=51 **
bimo0000837667;Esteso, Luis , 1881-1928  // Esteso, Luis , 1881-1928  //;;;Conferencias cómicas y El atrevido Aquilino;El atrevido Aquilino;originales de Luis Esteso;;Sociedad de Autores Españoles;;Madrid;1910;16 p. , 19 cm ,;Teatro fácil //;;;;;;;;;;;;;;;;;;"821.134.2-7""19""  //  821.134.2-4/-9  //";;;;;;;;;;;;;;;sp;spa;;;Libro;;T/23411 //;http://bdh-rd.bne.es/viewer.vm?id=0000248213&page=1 **;http://bdh-rd.bne.es/text.vm?id=0000248213&first=1&last=19 **
bimo0000837672;Esteso, Luis , 1881-1928  //;;;Chascarrillos picarescos;;Luis Esteso;;Sociedad de Autores Españoles;;Madrid;1910;15 p. , 21 cm ,;Teatro fácil //;;;;;;;;;;;;;;;;;;"821.134.2-7""19""  //  821.134.2-4/-9  //";;;;;;;;;;;;;;;sp;spa;;;Libro;;T/21526 //;http://bdh-rd.bne.es/viewer.vm?id=0000248204&page=1 **;http://bdh-rd.bne.es/text.vm?id=0000248204&first=1&last=27 **
bimo0000837682;Esteso, Luis , 1881-1928  //;;[Obra selecta] //;"León ; Consulta gratis ; y La Morcilla : teatro fácil";Consulta gratis  // La morcilla;Luis Esteso;;Sociedad de Autores Españoles;;Madrid;1916;32 p. , 20 cm ,;;;;;;;;;;;;;;;;;;;"821.134.2-22""19""  //";;;;;;;;;;;;;;;sp;spa;;;Libro;;T/23412 //;http://bdh-rd.bne.es/viewer.vm?id=0000250447&page=1 **;http://bdh-rd.bne.es/text.vm?id=0000250447&first=1&last=35 **
bimo0000837690;Esteso, Luis , 1881-1928  // Benavente, Jacinto , 1866-1954 -prologuista  //;;;Monólogos picarescos;;"de Luis Esteso ; con un juicio crítico de Benavente";;[s.n.]  Imp. Artística Española;;[S.l.] , Madrid;1910;31 p. , 20 cm ,;;;Título tomado de la cubierta  //;;;;;;;;;Obras humorísticas --  // Monólogos (Teatro) --  //;;;;;;;"821.134.2-27""19""  //  821.134.2-7""19""  //";;;;;;;;;;;;;;;sp;spa;;;Libro;"Acceso y/o uso restringido. La presente obra presenta restricciones en cuanto a su reproducción, distribución, comunicación pública o transformación; no obstante y en virtud del artículo 37 del Texto refundido de la Ley de Propiedad Intelectual (TRLPI), la Biblioteca Nacional de España está autorizada a la reproducción y a la comunicación de obras, mediante red cerrada e interna, a efectos de investigación (artículo 37, RDL 1/1996, de 12 de abril, revisada el 5 noviembre de 2015); sin perjuicio de las copias que puedan obtenerse en la BNE para uso privado, para ejercer cualquier otro de los derechos de explotación previstos en la TRLPI, el usuario deberá contactar con el correspondiente titular o la entidad de gestión encargada de representar al titular.//";T/18908 // T/18908 //;http://bdh-rd.bne.es/viewer.vm?id=0000233684&page=1 **;http://bdh-rd.bne.es/text.vm?id=0000233684&first=1&last=47 **
bimo0000837709;Esteso, Luis , 1881-1928  //;;;Para que rían las mujeres;;Luis Esteso;;[s.n.]  Imp. de Juan Pueyo;;Madrid;1913;64 p. , 19 cm ,;Obras completas, 6 // Esteso, Luis, 6 //;;;;;;;;;;;Monólogos (Teatro) --  // Obras humorísticas --  //;;;;;;;"821.134.2-7""19""  //  821.134.2-27""19""  //";;;;;;;;;;;;;;;sp;spa;;;Libro;;VC/487/38 // VC/487/38 //;http://bdh-rd.bne.es/viewer.vm?id=0000233597&page=1 **;http://bdh-rd.bne.es/text.vm?id=0000233597&first=1&last=67 **
bimo0000837719;Esteso, Luis , 1881-1928  //;Sociedad de Autores Españoles  //;;Los recién casados : entremés en prosa, original;;Luis Esteso;;Sociedad de Autores Españoles  R. Velasco, imp.;;Madrid , Madrid;1910;13 p. , 20 cm ,;;;;;;;;;;;;;;;;;;;"821.134.2-22""19""  //";;;;;;;;;;;;;;;sp;spa;;;Libro;;T/27067 //;http://bdh-rd.bne.es/viewer.vm?id=0000248219&page=1 **;http://bdh-rd.bne.es/text.vm?id=0000248219&first=1&last=15 **
bimo0000837891;Estévanez, Nicolás , 1838-1914  //;;;Rastros de la vida : artículos y remembranzas;;;;Garnier Hermanos;;Paris;1913;VIIII, 252 p. , 18 cm ,;;;;;;;;;;;;;;;;;;;"821.134.2-4/-9  //  821.134.2-92""18""  //";;;;;;;;;;;;;;;fr;spa;;;Libro;;4/84961 //;http://bdh-rd.bne.es/viewer.vm?id=0000132346&page=1 **;http://bdh-rd.bne.es/text.vm?id=0000132346&first=1&last=267 **
bimo0000838654;M.  //;;;La estrella de las niñas : variadas composiciones en verso : obrita dedicada a los padres de familia, a las señoras directoras de enseñanza, y a cuantas personas tengan a su cargo la educación e instrucción de una niña;;por M.;;[s.n.]  Imp. de Manuel Sauri;;[S.l.] , Barcelona;1848;126 p. , il. , 13 cm ,;;;;;;;;;;;;;;;;;;;"821.134.2-14""18""  //";;;;;;;;;;;;;;;sp;spa;;;Libro;;1/17773 //;http://bdh-rd.bne.es/viewer.vm?id=0000141147&page=1 **;http://bdh-rd.bne.es/text.vm?id=0000141147&first=1&last=141 **
bimo0000839712;Eulate, Manuel  //;;;En la inauguración del Museo Naval;;por Manuel Eulate;;[s.n.]  Imp. del Vapor;;[S.l.] , Madrid;1853;10 p. , 21 cm ,;;;;;;;;;;;;;;;;;;;"821.134.2-14""18""  //";;;;;;;;;;;;;;;sp;spa;;;Libro;;VC/745/26 //;http://bdh-rd.bne.es/viewer.vm?id=0000088337&page=1 **;http://bdh-rd.bne.es/text.vm?id=0000088337&first=1&last=16 **
bimo0000839844;Eurípides  // Buckley, Theodore Alois  //;;[Obra selecta. Inglés] //;The tragedies of Euripides;;literally translated or revised, with critical and explanatory notes by Theodore Alois Buckley;;Henry G. Bohn;;London;1850;2 v. , 1 retr. , 19 cm ,;Lingüística. Literatura // Literatura //;"v.1. Hecuba ; Orestes ; Phaenissae ... (XI, 402, 40 p.) -- v.2. Hercules Furens ; Troades ; Ion ... (334, 40 p.)// v.1. Hecuba ; Orestes ; Phaenissae ... (XI, 402, 40 p.) -- v.2. Hercules Furens ;Troades ; Ion ... (334, 40 p.)//";;;;;;;;;;Tragedias --  //;;;;;;;"821.14-21""-04""  //";;;;;;;;;;;;;;;xx;eng;;;Libro;;U/8958 // U/8959 //;http://bdh-rd.bne.es/viewer.vm?id=0000046579&page=1 ** http://bdh-rd.bne.es/viewer.vm?id=0000046579&page=468 **;http://bdh-rd.bne.es/text.vm?id=0000046579&first=1&last=467 ** http://bdh-rd.bne.es/text.vm?id=0000046579&first=468&last=852 **
bimo0000841128;Hernández Villaescusa, Modesto , 1869-1936  //;;;La tórtola herida : novela;;Modesto Hernández Villaescusa;2ª ed.;Imp. y Librería de La Hormiga de Oro;;Barcelona;1892;269 p. , 19 cm ,;;;;;;;;;;;;;;;;;;;"821.134.2-31""19""  //";;;;;;;;;;;;;;;sp;spa;;;Libro;;1/242689 //;http://bdh-rd.bne.es/viewer.vm?id=0000250300&page=1 **;http://bdh-rd.bne.es/text.vm?id=0000250300&first=1&last=277 **
bimo0000844481;Fajardo, Heraclio C. , 1833-1867  // Fumi, Wenceslao  //;;;La indígena melodrama en 3 actos tomado de la Atala de Chateaubriand;;"por H. C. Fajardo ; puerto en música por el maestro Wenceslao Fumi";;[s.n.]  Imp. y litografia a vapor de Bernheim y Bones;;[S.l.] , Buenos Aires;1862;32 p. , 16 cm ,;Lingüística. Literatura // Literatura hispanoamericana //;;;;;;;;;;;;;;;;;;"821.134.2(899)-23""18""  //  821.134.28  //";;;;;;;;;;;;;;;ag;spa;;;Libro;;T/14947 //;http://bdh-rd.bne.es/viewer.vm?id=0000073142&page=1 **;http://bdh-rd.bne.es/text.vm?id=0000073142&first=1&last=41 **
bimo0000845173;Hurtado, Antonio , 1825-1878  //;;;Los fanfarrones del vicio : drama en tres actos;;arreglado a nuestra escena por Antonio Hurtado;;[s.n.]  Imp. de José Rodríguez;;[S.l.] , Madrid;1858;63 p. , 19 cm ,;;;;;;;;;;;;;;;;;;;"821.134.2-23""18""  //";;;;;;;;;;;;;;;sp;spa;;;Libro;;T/10288 //;http://bdh-rd.bne.es/viewer.vm?id=0000191308&page=1 **;http://bdh-rd.bne.es/text.vm?id=0000191308&first=1&last=75 **
bimo0000845500;Farina, Salvatore , 1846-1918  // Farina, Salvatore , 1846-1918 Español  // Godó i Llorens, Francesc Xavier , 1858-1915 -traductor  //;;[Amore bendato. Español] //;"Amor vendado ; Amor mentiroso";Amor mentiroso;"Salvador Farina ; versión española de Francisco Javier Godó";;Maucci;;Barcelona;1913;255 p. , 19 cm ,;;;;;;;;;;;;Novelas por entregas --  //;;;;;;;"821.131.1-31""18""  //";;;;;;;;;;;;;;;sp;spa;ita;spa //;Libro;;1/66047 //;http://bdh-rd.bne.es/viewer.vm?id=0000201564&page=1 **;http://bdh-rd.bne.es/text.vm?id=0000201564&first=1&last=271 **
bimo0000845501;Farina, Salvatore , 1846-1918  // Godó i Llorens, Francesc Xavier , 1858-1915 -traductor  //;;[Pe'belli occhi della gloria, scene quasi vere. Español] //;Los bellos ojos de la gloria : escenas casi reales;;"Salvador Farina ; versión española de Francisco Javier Godó";;Maucci;;Barcelona;1913;217 p. , 19 cm ,;Obras escogidas de Salvador Farina //;;Título original: Pe'belli occhi della gloria, scene quasi vere  //;;;;;;;;;novelas //  //;;;;;;;"821.131.1-31""18""  //";;;;;;;;;;;;;;;sp;spa;ita;spa //;Libro;;1/65413 //;http://bdh-rd.bne.es/viewer.vm?id=0000201571&page=1 **;http://bdh-rd.bne.es/text.vm?id=0000201571&first=1&last=239 **
