idBNE;Autor Personas;Autor Entidades;Título uniforme;Título;Otros Títulos;Información asociada al título;Edición;Editorial;Editor musical;Lugar de publicación;Fecha de publicación;Descripción física;Serie;Contenido;Descripción y notas;Citas o referencias;transcripciones de interés;Procedencia;Intérpretes;Resumen;Premios;Periodicidad;Tema;Género/Forma;Lugar relacionado;Forma de la composición sonora;Forma de la composición notada;tipo material cartográfico;Proyección del mapa;Escala del mapa;CDU;Otra clasificación;id registros relacionados;información asociada a registros relacionados;id otras ediciones;información asociada a otras ediciones;id título anterior;información asociada a título anterior;id título posterior;información asociada a título posterior;ISBN;ISSN;Depósito Legal;Otros Números Normalizados;Número Bibliografía Nacional;País de publicación;Lengua de publicación;Lengua original;otras lenguas;Tipo de documento;Condiciones de uso;signatura;version_digital;texto_OCR
bimo0001436713;Sentenach, Narciso , 1856-1925  //;;;El retrato de Cervantes : carta segunda;;por Narciso Sentenach;;"[s.n.]  Tip. de la ""Revista de Archivos, Bibliotecas y Museos""";;[S.l.] , Madrid;1916;16 p. , 25 cm ,;;;"""(De la ""Revista de Archivos, Bibliotecas y Museos"")""  //";;;;;;;;Cervantes Saavedra, Miguel de -- Retratos --  // Jáuregui, Juan de --  //;;;;;;;;929  //  75 Jáuregui, Juan de  //  929 Cervantes Saavedra, Miguel de (0:75)  //;;;;;;;;;;;;;;;sp;spa;;;Libro;;BA/5354/7 //;http://bdh-rd.bne.es/viewer.vm?id=0000191134&page=1 **;http://bdh-rd.bne.es/text.vm?id=0000191134&first=1&last=20 **
bimo0001645681;Avecilla, Pablo Alonso de la , 1810-1860  //;;;Poética trágica;;por Pablo Alonso de la Avecilla;;[s.n.]  Imp. que fue de Bueno;;[S.l.] , Madrid;1834;125 p. , 15 cm ,;;;;;;;;;;;Tragedia -- Teoría y técnica --  //;;;;;;;;808.1:82-21  //;;;;;;;;;;;;;;;sp;spa;;;Libro;;1/28172 // DGMICRO/35951 //;http://bdh-rd.bne.es/viewer.vm?id=0000242829&page=1 **;http://bdh-rd.bne.es/text.vm?id=0000242829&first=1&last=135 **
bimo0001649442;Barrantes, Vicente , 1829-1898  //;;;Baladas españolas;;Vicente Barrantes;2ª ed.;[s.n.]  Imp. de Prudencio Cuartero;;Madrid;1865;XXXII, 302 p. , 16 cm ,;;;;;;;;;;;;;;;;;;;"821.134.2-14""18""  //";;;;;;;;;;;;;;;sp;spa;;;Libro;;1/27139 // DGmicro/14723 //;http://bdh-rd.bne.es/viewer.vm?id=0000242803&page=1 **;http://bdh-rd.bne.es/text.vm?id=0000242803&first=1&last=315 **
bimo0001650646;Blasco, Cosme , 1838-1900  //;;;Resúmen de geografía histórica antigua;;"escrito por los alumnos de la carrera de Filosofía y Letras ; por Cosme Blasco y Val";;[s.n.]  Estab. Tip. de Calisto Ariño;;[S.l.] , Zaragoza;1866;435 p. , 25 cm ,;;;;;;;;;;;Geografía antigua --  //;;;;;;;;91  //  913(3)  //;;;;;;;;;;;;;;;sp;spa;;;Libro;;1/60934 //;http://bdh-rd.bne.es/viewer.vm?id=0000201441&page=1 **;http://bdh-rd.bne.es/text.vm?id=0000201441&first=1&last=453 **
bimo0001652658;Blasco, Cosme , 1838-1900  //;;;Diccionario latino español y español latino : para los alumnos de 1º y 2º año de latín y castellano y de retórica y poética;;por Cosme Blasco;;Imp. y Librería de José Iglesias;;Huesca;1871;158 p. , 23 cm ,;;;;;;;;;;;Lengua latina -- Diccionarios -- Español --  // Lengua española -- Diccionarios -- Latín --  //;;;;;;;;(038)=124=134.2  //  811.124  //;;;;;;;;;;;;;;;sp;spa;;;Libro;;1/40442 //;http://bdh-rd.bne.es/viewer.vm?id=0000201515&page=1 **;http://bdh-rd.bne.es/text.vm?id=0000201515&first=1&last=173 **
Mimo0001010777;Salomón Ibn Verga  // Cantera Burgos, Francisco , 1901-1978  //;;[Shévet Yehudá. Español] //;Chébet Jehuda (La vara de Judá);;de Salomón ben Verga. Traducción española con un estudio preliminar por Francisco Cantera Burgos;;Lib. López Guevara;;Granada;1927;310 p. , 25 cm ,;;;;;;;;;;;Judíos -- Historia -- 70-1789 --  // Judíos -- Portugal --  // Judíos -- España --  //;;;;;;;;;;;;;;;;;;;;;;;sp;spa;;;Libro;"Acceso y/o uso restringido. La presente obra presenta restricciones en cuanto a su reproducción, distribución, comunicación pública o transformación; no obstante y en virtud del artículo 37 del Texto refundido de la Ley de Propiedad Intelectual (TRLPI), la Biblioteca Nacional de España está autorizada a la reproducción y a la comunicación de obras, mediante red cerrada e interna, a efectos de investigación (artículo 37, RDL 1/1996, de 12 de abril, revisada el 5 noviembre de 2015); sin perjuicio de las copias que puedan obtenerse en la BNE para uso privado, para ejercer cualquier otro de los derechos de explotación previstos en la TRLPI, el usuario deberá contactar con el correspondiente titular o la entidad de gestión encargada de representar al titular.//";3/94901 //;http://bdh-rd.bne.es/viewer.vm?id=0000202803&page=1 **;http://bdh-rd.bne.es/text.vm?id=0000202803&first=1&last=323 **
Mimo0001371334;;;;La danza de la popa;;;;Publicaciones Alegres;;Barcelona;1910;24 p. , il. , 16 cm ,;Colección Placer //;;Título tomado de la cubierta  //;;;;;;;;;;;;;;;;"821.134.2-32""19""  //";;;;;;;;;;;;;;;sp;spa;;;Libro;;1/233703 // DGMICRO/59991 //;http://bdh-rd.bne.es/viewer.vm?id=0000242933&page=1 **;http://bdh-rd.bne.es/text.vm?id=0000242933&first=1&last=27 **
a4467630;Viader y Payrachs, José Antonio  // Oliva, Antonio -imp.  //;;;Reflexiones sobre las enfermedades que afligen las Tropas del Real Exercito de Rosellón;;por el Dr. Josef Antonio Viader y Payrachs ...;;por Antonio Oliva;;Gerona;1794;XVI, 86 p., [2] en bl. , 8º ,;;;Sign.: [ ]⁸, A-E⁸, F⁴  // Portada con grabado xilográfico  //;;;;;;;;Enfermedades --  // Rosellón -- Historia -- S.XVIII --  //;;Gerona, España //;;;;;;;;;;;;;;;;;;;;;sp;spa;;;Libro;;R/40326 //;http://bdh-rd.bne.es/viewer.vm?id=0000133506&page=1 **;http://bdh-rd.bne.es/text.vm?id=0000133506&first=1&last=56 **
a5384307;Briet, Philippe , 1601-1668  // Muguet, François , 1630?-1702 -imp.  //;;[Annales mundi, sive Chronicon universale ...] //;Segmentum alterum partis secundae tomi primi : continens res gestasa primo bello punico, ad Christum natum;Chronicon universale  //;autore Philippo Brietio ...;;;;Parisiis;1662;351, [17] p. , 12º ,;;;Colofón en la h. [Q]12 v.  // Sign.: A⁴, B-Q¹²  //;;;;;;;;;;París, Francia //;;;;;;;;;;;;;;;;;;;;;fr;lat;;;Libro;;3/72045 //;http://bdh-rd.bne.es/viewer.vm?id=0000242867&page=1 **;http://bdh-rd.bne.es/text.vm?id=0000242867&first=1&last=375 **
a5449935;Serrano, Gregorio , S. XVII -ptf  // Ginoves, Lauro -demandado  //;;;Por Gregorio Serrano, vezino de la Ciudad de Segouia. Con el Doctor Lauro Ginoues : la Pretension del dicho Gregorio Serrano es, que la sentencia de la justicia ordinaria de la ciudad de Segouia, en quanto por ella mandò se guardasse la escritura de compañia hecha entre las partes en catorze de Agosto del año passado de 1618 se ha de confirmar ...;Por Gregorio Serrano, vecino de la ciudad de Segovia. Con el doctor Lauro Ginoves  //;;;[s.n.];;[S.l.];1621;10 h. , Fol. ,;;;"Se ha respetado la puntuación original  // Parte del título tomado del comienzo del texto  // Precede al título: ""Iesus, Maria, Ioseph"", dentro de orla tipográfica  // Fecha deducida del texto, en h. 1 r figura, ""Março del año passado de 1620""  // Sign.: A-E²  // Inicial grabada y apostillas numerales  //";;;;;;;;Jabones -- Fabricación -- España --  //;Alegaciones en derecho --  //;;;;;;;;;;;;;;;;;;;;;;sp;spa;;;Libro;;PORCONES/506<1>(19) //;http://bdh-rd.bne.es/viewer.vm?id=0000168244&page=1 **;http://bdh-rd.bne.es/text.vm?id=0000168244&first=1&last=11 **
bima0000010328;Thevenat, Melchisedech -ed  // Boivin, Jean -ed.  //;;;Veterum mathematicorum Athanaci, Apollodori, Philonis, Bitonis, Heronis et aliorum opera;;graece et latine pleraque nunc primum edita;;ex Tipographia Regia [curante Ioanne Anisson];;, Parisiis;1693;XVI, 365, [9] p. , il. , Fol. ,;;;Texto en latín y griego  // Colofón  // Marca tip. en port.  // Sign.: a±4÷, ~e ±4÷, A-2Y±4÷, 2X±2÷  // Texto a dos col.  // Grab. calc. en p. 5 y al principio y fin de cada capitulo aparecen diferentes versiones del escudo Real frances en grab. calc  // Grab. xil. intercalados en el texto  //;;;;;;;;Matemáticas -- Obras ilustradas --  //;;;;;;;;;;;;;;;;;;;;;;;fr;lat;;lat // grc //;Libro;;3/70388 //;http://bdh-rd.bne.es/viewer.vm?id=0000242897&page=1 **;http://bdh-rd.bne.es/text.vm?id=0000242897&first=1&last=387 **
bima0000024303;Bossuet, Jacques Bénigne , 1627-1704  //;;;Politique tirée des propres paroles de l'Ecriture- Sainte. A Monseigneur le Dauphin;;Ourage posthume de Messire Jacques Benigne Bossuet;;Pierre Cot;;Paris;1709;2 v. , 12º ,;;;;;;;;;;;;;;;;;;;;;;;;;;;;;;;;;;fr;fre;;;Libro;;3/70340_V.1 // 3/70341_V.2 //;http://bdh-rd.bne.es/viewer.vm?id=0000242903&page=1 ** http://bdh-rd.bne.es/viewer.vm?id=0000242903&page=392 **;http://bdh-rd.bne.es/text.vm?id=0000242903&first=1&last=391 ** http://bdh-rd.bne.es/text.vm?id=0000242903&first=392&last=746 **
bima0000039508;Erasmus, Desiderius , 1467-1536  // Le Clerc, Jean , 1657-1736  // Augustin, Johann Friedrich Sigmund , 1739-1818 -ed. lit.  //;Haude und Spener -imp.  //;;Desiderii Erasmi Roterodami Paraphrases in Novum Testamentum;Paraphrases in Novum Testamentum  //;"ex recensione Ioannis Clerici ; curavit Io. Frid. Sigism. Augustin ; volumen primum [-tertium]";;sumtibus Haude et Speneri;;Berolini;1780;"3 t. (XXXVI, 546 p. ; XXII, 714 ; XLIV, 995 p., [1] en bl.) , 8º ,";;;"En el pie de imprenta de la portada del volumen secundum , la fecha es de 1778  // Sign.: a-b⁸, c², A-Z⁸, 2A-2L⁸, 2M²⁻¹ ; a⁸, b⁴⁻¹, A-Z⁸, 2A-2X⁸, 2Y⁶⁻¹ ; a-b⁸, c⁶, A-Z⁸, 2A-2Z⁸, 3A-3Q⁸, 3R²  // Portada con adorno tipográfico que representa un pequeño retrato con el lema: ""Sapere Aude""  //";;;;;;;;Biblia. --  //;;Berlin, Alemania //;;;;;;;;;;;;;;;;;;;;;gw;lat;;;Libro;;U/73-U/74 //;http://bdh-rd.bne.es/viewer.vm?id=0000052636&page=1 ** http://bdh-rd.bne.es/viewer.vm?id=0000052636&page=525 ** http://bdh-rd.bne.es/viewer.vm?id=0000052636&page=816 **;http://bdh-rd.bne.es/text.vm?id=0000052636&first=1&last=524 ** http://bdh-rd.bne.es/text.vm?id=0000052636&first=525&last=815 ** http://bdh-rd.bne.es/text.vm?id=0000052636&first=816&last=1185 **
bima0000058789;Kellerius, Adamus  //;;;De Officiis jurídico-politicis chiragogicis libri tres;;Opera Adami Kelleri...;;Nidua Leonhardi Straub  Sumpt. Auctoris;;Constantiae;1607;8 h., 690 p., 10 h. , 4º ,;;;;;;;;;;;;;;;;;;;;;;;;;;;;;;;;;;fr;lat;;;Libro;;3/70436 //;http://bdh-rd.bne.es/viewer.vm?id=0000242858&page=1 **;http://bdh-rd.bne.es/text.vm?id=0000242858&first=1&last=743 **
bima0000091972;;;;Relación verídica de la injusta y escandalosa prisión del ... Mariscal de Campo D. Francisco Palafox y Melzi, sucedida en Añón, partido de Borja de Aragon el dia 6 de agosto de ... 1810;;;;[s.n.];;[S.l];1810?;7 p. , 4º ,;;;Título tomado de la cabecera del texto  // Fecha aproximada de impresión deducida del título  //;;;;;;;;Palafox y Melci, José de, -- Duque de Zaragoza --  // España -- Historia -- 1808-1814 (Guerra de la Independencia) --  //;;;;;;;;929  //  94(460)  //;;;;;;;;;;;;;;;xx;spa;;;Libro;;R/60924 //;http://bdh-rd.bne.es/viewer.vm?id=0000168902&page=1 **;http://bdh-rd.bne.es/text.vm?id=0000168902&first=1&last=8 **
bima0000110871;Velázquez Pinto, Antonio Eugenio , 1610-1668  //;;;Tesoro de los christianos que para cada día les dexó Christo en el verdadero Maná Sacramentado;;por el Pe. Antº Velazqz. Pinto...;;Diº Díaz de la Carrª;;M[adri]d;1663;8 h., 452 p., 17 h. , 4º ,;;;Port. grab.  //;;;;;;;;;;;;;;;;;;;;;;;;;;;;;;;sp;spa;;;Libro;;3/70453 //;http://bdh-rd.bne.es/viewer.vm?id=0000242868&page=1 **;http://bdh-rd.bne.es/text.vm?id=0000242868&first=1&last=489 **
bimo0000678136;Campo, Antonio Manuel del  //;;;El renegado de Francia;;;;s.n.]  Impr. de Francisco Garcia Onorato y San Miguel;;[S.l. , Al fin= Salamanca;1720;p. , 4º ,;;;Precede al tít.: La gran comedia  //;;;;;;;;;;;;;;;;;;;;;;;;;;;;;;;sp;spa;;;Libro;;t/2649 //;http://bdh-rd.bne.es/viewer.vm?id=0000171192&page=1 **;http://bdh-rd.bne.es/text.vm?id=0000171192&first=1&last=28 **
bimo0000681283;Cánovas del Castillo, Antonio , 1828-1897  //;;;La campana de Huesca crónica del siglo XII;;"por Antonio Cánovas del Castillo ; con cierto prólogo cortado al uso, y ajustado con mano amiga al cuerpo de la obra, por El Solitario";;[s.n.]  Imp. de la Biblioteca Nueva;;[S.l.] , Madrid;1894;326 p., [3] h. de lám. , 22 cm ,;;;;;;;;;;;;;;;;;;;"821.134.2-31""18""  //";;;;;;;;;;;;;;;sp;spa;;;Libro;;1/20407 // DGMICRO/14699 //;http://bdh-rd.bne.es/viewer.vm?id=0000242916&page=1 **;http://bdh-rd.bne.es/text.vm?id=0000242916&first=1&last=363 **
bimo0000780364;Díaz de Lamarque, Antonia , 1827-1892  //;;;Poesías de la señora Dª Antonia Díaz de Lamarque, entre los árcades de Roma, Eufrosina Elisea. Tomo I;;;;[s.n.]  Imp. de Manuel P. Salvador;;[S.l.] , Sevilla;1867;LXVII, 312 p. , 1 retr. , 21 cm ,;;;;;;;;;;;;;;;;;;;"821.134.2-14""18""  //";;;;;;;;;;;;;;;sp;spa;;;Libro;;1/19844 // DGMICRO/73187 //;http://bdh-rd.bne.es/viewer.vm?id=0000242914&page=1 **;http://bdh-rd.bne.es/text.vm?id=0000242914&first=1&last=403 **
bimo0000810045;;Instituto de Reformas Sociales (España)  //;;La emigración : información legislativa y bibliográfica de la Sección Primera Técnico-Administrativa : antecedentes parlamentarios, legislación española, la Comisión de Reformas Sociales, el Instituto de Reformas Sociales ...;;;;[s.n.]  Imp. de la Sucesora de M. Minuesa de los Ríos;;[S.l.] , Madrid;1905;VIII, 269 p. , 23 cm ,;;;Bibliografía: p. [253]-164  // Precede al título: Instituto de Reformas Sociales  //;;;;;;;;Emigración e inmigración -- Órdenes, reglamentos, etc. -- España --  //;;;;;;;;351.756(460)  //;;;;;;;;;;;;;;;sp;spa;;;Libro;;1/18192 // DGMICRO/36781 //;http://bdh-rd.bne.es/viewer.vm?id=0000242851&page=1 **;http://bdh-rd.bne.es/text.vm?id=0000242851&first=1&last=291 **
bimo0000985050;Hermosa y Aledo, Gregorio  //;;;Pirotecnia modernista : tratado fundamental de fuegos artificiales;;por Gregorio Hermosa y Aledo;;[s.n.]  Tip. de El Correo de Levante;;[S.l.] , Murcia;1902;166 p. , 21 cm ,;;;;;;;;;;;Fuegos artificiales --  //;;;;;;;;662.1  //;;;;;;;;;;;;;;;sp;spa;;;Libro;;1/19514 // DGMICRO/48221 //;http://bdh-rd.bne.es/viewer.vm?id=0000242911&page=1 **;http://bdh-rd.bne.es/text.vm?id=0000242911&first=1&last=188 **
bimo0001141276;Maragall, Joan , 1860-1911  //;;;Visions & cants;;Joan Maragall;;"[s.n.]  Tip. ""L'Avenç""";;[S.l.] , Barcelona;1900;84 p. , 23 cm ,;;;;;;;;;;;;;;;;;;;"821.134.1-14""18""  //";;;;;;;;;;;;;;;sp;cat;;;Libro;;1/18211 // DGMICRO/26424 //;http://bdh-rd.bne.es/viewer.vm?id=0000242896&page=1 **;http://bdh-rd.bne.es/text.vm?id=0000242896&first=1&last=101 **
bimo0001153766;Martínez Albacete, José , 1884-1910  //;;;Estrofas;;José Martínez Albacete;;"[s.n.]  Tip. ""El Magisterio""";;[S.l.] , Murcia;1903;157 p. , 1 retr. , 18 cm ,;;;;;;;;;;;;;;;;;;;"821.134.2-1  //  821.134.2-14""18""  //";;;;;;;;;;;;;;;sp;spa;;;Libro;;1/18697 // DGMICRO/56893 //;http://bdh-rd.bne.es/viewer.vm?id=0000242902&page=1 **;http://bdh-rd.bne.es/text.vm?id=0000242902&first=1&last=175 **
bimo0001201661;Mora, José Joaquín de , 1783-1864  //;;;Poesías;;de José Joaquín de Mora;;[s.n.];;"Madrid ;París";1853;VIII, 557 p. , 23 cm ,;;;;;;;;;;;;;;;;;;;"821.134.2-14""18""  //";;;;;;;;;;;;;;;sp;spa;;;Libro;;1/21423 // DGMICRO/15317 //;http://bdh-rd.bne.es/viewer.vm?id=0000242920&page=1 **;http://bdh-rd.bne.es/text.vm?id=0000242920&first=1&last=579 **
bimo0001254632;Fernández y González, Francisco , 1833-1917  //;;;Ordenamiento formado por los procuradores de las aljamas hebreas, pertenecientes al territorio de los Estados de Castilla, en la asamblea celebrada en Valladolid el año 1432 texto hebreo rabínico mezclado de aljamía castellana;;traducido, anotado e ilustrado con una introducción histórica por el doctor Francisco Fernández y González;;[s.n.]  Imp. de Fortanet;;[S.l.] , Madrid;1886;115 p. , 24 cm ,;;;"Texto en hebreo y español; introducción en español  // Publicado por primera vez en el ""Boletín de la Real Academia de la Historia""  //";;;;;;;;Derecho judío -- España --  // Judíos -- España -- Historia -- S.XV --  //;;;;;;;;"348  //  348.9:296(460)""14""  //  94(=411.16:460)""14""  //";;;;;;;;;;;;;;;sp;spa;heb;spa // heb //;Libro;;1/23067 // DGMICRO/17096 //;http://bdh-rd.bne.es/viewer.vm?id=0000242929&page=1 **;http://bdh-rd.bne.es/text.vm?id=0000242929&first=1&last=131 **
a4540381;Corominas, Buenaventura , m. 1841 -imp.  //;;;Goigs de Nostra Senyora de Butsenit, en la horta de Lleyda, parroquia de San Llorens;;;;en la Estampa de Banaventura Corminas Estamper y Llibrater;;Lleyda;entre 1816 y 1841?;[1] h. , 32 cm. ,;;;Fecha de impresión deducida de los años de trabajo del impresor  // Texto a tres columnas y con orla tipográfica  // Hoja impresa por una sola cara  // Grabado xilográfico en cabecera  //;;;;;;;;Virgen de Butsènit -- Poesías //;Gozos --  //;Lérida, España //;;;;;;27-312.47 Virgen de Butsènit  //  27-312.47(0:82)  //;;;;;;;;;;;;;;;sp;cat;;;Libro;;VE/1444/10 //;http://bdh-rd.bne.es/viewer.vm?id=0000152769&page=1 **;http://bdh-rd.bne.es/text.vm?id=0000152769&first=1&last=2 **
a5449948;Serrano, Gregorio , S. XVII -ptf  // Ginoves, Lauro -demandado  //;;;Por Gregorio Serrano, vezino de la Ciudad de Segouia. Con el Doctor Lauro Ginoues : la Pretension del dicho Gregorio Serrano es, que se ha de confirmar la sentencia dada por el Teniente de Corregidor de la ciudad de Segouia, en quanto por ella mandò se guardasse la escritura de compañia hecha entre las partes en catorze de Agosto del año passado de 1618 ...;Por Gregorio Serrano, vecino de la ciudad de Segovia. Con el doctor Lauro Ginoves  //;;;[s.n.];;[S.l.];1621;10 h. , Fol. ,;;;"Se ha respetado la puntuación original  // Precede al título: ""Iesus, Maria, Ioseph""  // Fecha deducida del texto, en h. 1 r figura, ""Março del año passado de 1620""  // Sign.: A-E²  // Texto con apostillas marginales  // Inicial grabada  //";;;;;;;;Jabones -- Fabricación -- España --  //;Alegaciones en derecho --  //;;;;;;;;;;;;;;;;;;;;;;sp;spa;;;Libro;;PORCONES/506<1>(20) //;http://bdh-rd.bne.es/viewer.vm?id=0000168246&page=1 **;http://bdh-rd.bne.es/text.vm?id=0000168246&first=1&last=11 **
bima0000027049;Cárdenas de la Concepción, Francisco de  //;Viuda e Hijo de Pedro Marín -imp.  //;;Compendio de la historia de España para la instruccion de los niños;;por el padre Francisco Cárdenas de la Concpecion ...;;en la imprenta de la viuda e hijo de Marin;;En Madrid;1799;[8], 168, [8] p. , 8º ,;Geografía. Biografías. Historia // Historia de España //;;Sign.:[ ]⁴, A-L⁸  //;Aguilar Piñal.Bib.S.XVIII v. 2, 1667  //;;;;;;;España -- Historia --  //;;Madrid, España //;;;;;;;;;;;;;;;;;;;;;sp;spa;;;Libro;;2/24765 //;http://bdh-rd.bne.es/viewer.vm?id=0000143528&page=1 **;http://bdh-rd.bne.es/text.vm?id=0000143528&first=1&last=191 **
bima0000110021;;;;Variorum Carminum libri quatuor;;S. F. S. T.;;[s.n.];;[S.l.];1680;p. , 8º mlla. ,;;;;;;;;;;;;;;;;;;;;;;;;;;;;;;;;;;xx;lat;;;Libro;;2/23522 //;http://bdh-rd.bne.es/viewer.vm?id=0000171484&page=1 **;http://bdh-rd.bne.es/text.vm?id=0000171484&first=1&last=61 **
bima0000118611;Alvarado, Francisco , 1756-1814  // Nistáctes, Irenéo  //;Imprenta de la Junta de Provincia (Cádiz) -impresor  //;;Carta decima sexta del Filósofo Rancio : quinta á Ireneo Nistactes, procurador general del Jansenismo;;;;Imprenta de la Junta de Provincia, en la Casa de Misericordia;;Cádiz;1812;32 p. , 4º ,;Lingüística. Literatura // Literatura española //;;Filósofo Rancio es el seudónimo de Francisco Alvarado  // Signaturizado  //;;;;;;;;Liberalismo -- España -- S.XIX --  // Jansenismo -- Obras de controversia --  //;;Cádiz, España //;;;;;;;;;;;;;;;;;;;;;sp;spa;;;Libro;;U/10611(5) //;http://bdh-rd.bne.es/viewer.vm?id=0000088902&page=1 **;http://bdh-rd.bne.es/text.vm?id=0000088902&first=1&last=32 **
bima0000118625;Alvarado, Francisco , 1756-1814  //;Imprenta de la Junta de Provincia (Cádiz) -impresor  //;;Carta XXII del Filósofo Rancio : continúa la impugnacion del Diccionario crítico burlesco;;;;Imprenta de la Junta de Provincia, en la Casa de Misericordia;;Cádiz;1812;37 p., [1] en bl. , 4º ,;Lingüística. Literatura // Literatura española //;;Filósofo Rancio es el seudónimo de Francisco Alvarado  // Signaturizado  //;;;;;;;;Gallardo, Bartolomé José --  // Liberalismo -- España -- S.XIX --  // Anticlericalismo -- España --  //;;Cádiz, España //;;;;;;;;;;;;;;;;;;;;;sp;spa;;;Libro;;U/10612(3) //;http://bdh-rd.bne.es/viewer.vm?id=0000088730&page=1 **;http://bdh-rd.bne.es/text.vm?id=0000088730&first=1&last=38 **
bima0000118652;Alvarado, Francisco , 1756-1814  //;Imprenta de la Junta de Provincia (Cádiz) -impresor  //;;Carta XXXIII del Filósofo Rancio : y primera contra el dictámen de las comisiones sobre el restablecimiento y reforma de las casas religiosas;;;;Imprenta de la Junta de Provincia  en la Casa de Misericordia;;Cádiz;1813;40 p. , 4º ,;Lingüística. Literatura // Literatura española //;;Filósofo Rancio es el seudónimo de Francisco Alvarado  // Signaturizado  //;;;;;;;;Liberalismo -- España -- S.XIX --  // Iglesia y Estado -- España -- S.XIX --  //;;Cádiz, España //;;;;;;;;;;;;;;;;;;;;;sp;spa;;;Libro;;U/10614(1) //;http://bdh-rd.bne.es/viewer.vm?id=0000088743&page=1 **;http://bdh-rd.bne.es/text.vm?id=0000088743&first=1&last=40 **
bima0000118656;Alvarado, Francisco , 1756-1814  //;Imprenta de la Junta de Provincia (Cádiz) -impresor  //;;Carta XXXV del Filósofo Rancio : y tercera contra el dictámen de las comisiones sobre el restablecimiento y reforma de las casas religiosas;;;;Imprenta de la Junta de Provincia en la Casa de Misericordia;;Cádiz;1813;42 p., [1] h. de lám. , 4º ,;Lingüística. Literatura // Literatura española //;;Filósofo Rancio es el seudónimo de Francisco Alvarado  // Signaturizado  //;;;;;;;;Liberalismo -- España -- S.XIX --  // Iglesia y Estado -- España -- S.XIX --  //;;Cádiz, España //;;;;;;;;;;;;;;;;;;;;;sp;spa;;;Libro;;U/10614(3) //;http://bdh-rd.bne.es/viewer.vm?id=0000089871&page=1 **;http://bdh-rd.bne.es/text.vm?id=0000089871&first=1&last=42 **
bima0000118658;Alvarado, Francisco , 1756-1814  //;Imprenta de la Junta de Provincia (Cádiz) -impresor  //;;Carta XXXVI del Filósofo Rancio : y tercera contra el dictámen de las comisiones sobre restablecimiento y reforma de las casas religiosas;;;;Imprenta de la Junta de Provincia en la Casa de Misericordia;;Cádiz;1813;35 p. , 4º ,;Lingüística. Literatura // Literatura española //;;Filósofo Rancio es el seudónimo de Francisco Alvarado  // Signaturizado  //;;;;;;;;Liberalismo -- España -- S.XIX --  // Iglesia y Estado -- España -- S.XIX --  //;;Cádiz, España //;;;;;;;;;;;;;;;;;;;;;sp;spa;;;Libro;;U/10614(4) //;http://bdh-rd.bne.es/viewer.vm?id=0000089869&page=1 **;http://bdh-rd.bne.es/text.vm?id=0000089869&first=1&last=36 **
bima0000118660;Alvarado, Francisco , 1756-1814  //;Imprenta de la Junta de Provincia (Cádiz) -impresor  //;;Carta XXXVII del Filósofo Rancio : y quarta contra el dictámen de las comisiones sobre el restablecimiento y reforma de las casas religiosas : incluye una representacion relativa al asunto;;;;Imprenta de la Junta de Provincia en la Casa de Misericordia;;Cádiz;1813;43 p. , 19 cm ,;Lingüística. Literatura // Literatura española //;;Filósofo Rancio es el seudónimo de Francisco Alvarado  // Existe un estado sin lugar de impresión  // Signaturizado  //;;;;;;;;Liberalismo -- España -- S.XIX --  // Iglesia y Estado -- España -- S.XIX --  //;;Cádiz, España //;;;;;;;;;;;;;;;;;;;;;sp;spa;;;Libro;;U/10614(5) //;http://bdh-rd.bne.es/viewer.vm?id=0000089876&page=1 **;http://bdh-rd.bne.es/text.vm?id=0000089876&first=1&last=44 **
bima0000118662;Alvarado, Francisco , 1756-1814  //;Imprenta de la Junta de Provincia (Cádiz) -impresor  //;;Carta XXXVIII del Filósofo Rancio : en que convence la legítima é indisputable propiedad que tiene la Iglesia en sus bienes y que estos no están sujetos á la disposicion de la autoridad civil : contra los sofismas sacrílegos del impío folleto intitulado Juicio histórico, canónico, político de la autoridad de las naciones sobre los bienes eclesiásticos, escrito en Alicante por el Solitario;;;;Imprenta de la Junta de Provincia en la Casa de Misericordia;;Cádiz;1813;43 p. , 4º ,;Lingüística. Literatura // Literatura española //;;Filósofo Rancio es el seudónimo de Francisco Alvarado  // Signaturizado  //;;;;;;;;Liberalismo -- España -- S.XIX --  // Iglesia y Estado -- España -- S.XIX --  //;;Cádiz, España //;;;;;;;;;;;;;;;;;;;;;sp;spa;;;Libro;;U/10613(1) //;http://bdh-rd.bne.es/viewer.vm?id=0000088745&page=1 **;http://bdh-rd.bne.es/text.vm?id=0000088745&first=1&last=44 **
bimo0000052182;Buchaca y Freire, José  //;;;Poesías eróticas dedicadas al bello sexo;;por José Buchaca y Freire;;[s.n.]  Imp. de Ildefonso Mompie;;[S.l.] , Valencia;1856;76 p., 8 h. de lám. , 12 cm ,;;;;;;;;;;;;;;;;;;;"821.134.2-14""18""  //";;;;;;;;;;;;;;;sp;spa;;;Libro;;VC/18594/1 // DGMICRO/41801 //;http://bdh-rd.bne.es/viewer.vm?id=0000243024&page=1 **;http://bdh-rd.bne.es/text.vm?id=0000243024&first=1&last=107 **
bimo0000709574;;;;Consejos sanitarios para los milicianos sobre las enfermedades venéreas e higiene general;;;;"Ediciones del ""Comité de Editoriales y Librerías del Frente Popular""  Alianza de Intelectuales Antifascistas  Gráficas Reunidas";;Madrid;1936;15 p. , 17 cm ,;;;"Ediciones del ""Comité de Editoriales y Librerias del Frente Popular"" y ""Alianza de Intelectuales Antifascistas""  //";;;;;;;;;;;;;;;;;;;;;;;;;;;;;;;sp;spa;;;Libro;;VC/2893/22 // DGMICRO/44435 //;http://bdh-rd.bne.es/viewer.vm?id=0000243021&page=1 **;http://bdh-rd.bne.es/text.vm?id=0000243021&first=1&last=19 **
bimo0000835983;Espronceda, José de , 1808-1842  //;;;La desesperación delirio;;por José Espronceda;;[s.n.]  Imp. Española;;[S.l.] , París;1871;8 p. , 16 cm ,;;;;;;;;;;;;;;;;;;;"821.134.2-14""18""  //";;;;;;;;;;;;;;;fr;spa;;;Libro;;VC/2508/35 // DGMICRO/69076 //;http://bdh-rd.bne.es/viewer.vm?id=0000242958&page=1 **;http://bdh-rd.bne.es/text.vm?id=0000242958&first=1&last=15 **
bimo0000922957;Goizet, Louis-Henri  // Cruz y Vázquez, Juan  //;;[Force et santé. Español] //;Fuerza y salud : la vida prolongada por el método Brown-Sequard : nuevos horizontes al tratamiento de las enfermedades con las inyecciones de líquidos orgánicos;Método Brown-Sequard  //;"por el Dr. L.H. Goizet ; traducido por el Ilmo. Sr. Juan Cruz y Vázquez";;A. de San Martín;;Madrid;1893;XX, 244 p. , 17 cm ,;;;Título original: Force et santé  //;;;;;;;;Fluidoterapia --  //;;;;;;;;615  //  615.362  //;;;;;;;;;;;;;;;sp;spa;fre;spa //;Libro;;1/47693 //;http://bdh-rd.bne.es/viewer.vm?id=0000189473&page=1 **;http://bdh-rd.bne.es/text.vm?id=0000189473&first=1&last=279 **
bimo0001394872;Burgos, Carmen de , 1867-1932  // Puyol  //;;;¡La piscina! ¡La piscina!;;"por Carmen de Burgos (Colombine) ; ilustraciones de Puyol";;Atlántida;;Madrid;1930;64 p. , il. , 15 cm ,;La novela de hoy, año 9, n. 417 //;;;;;;;;;;;;;;;;;;"821.134.2-32""18""  //";;;;;;;;;;;;;;;sp;spa;;;Libro;"Acceso y/o uso restringido. La presente obra presenta restricciones en cuanto a su reproducción, distribución, comunicación pública o transformación; no obstante y en virtud del artículo 37 del Texto refundido de la Ley de Propiedad Intelectual (TRLPI), la Biblioteca Nacional de España está autorizada a la reproducción y a la comunicación de obras, mediante red cerrada e interna, a efectos de investigación (artículo 37, RDL 1/1996, de 12 de abril, revisada el 5 noviembre de 2015); sin perjuicio de las copias que puedan obtenerse en la BNE para uso privado, para ejercer cualquier otro de los derechos de explotación previstos en la TRLPI, el usuario deberá contactar con el correspondiente titular o la entidad de gestión encargada de representar al titular.//";1/234748 // DGMICRO/44856 //;http://bdh-rd.bne.es/viewer.vm?id=0000242935&page=1 **;http://bdh-rd.bne.es/text.vm?id=0000242935&first=1&last=67 **
bimo0001398367;Rubió y Ors, Joaquín , 1818-1899  //;;;"Memoria crítica literaria sobre ""El judío errante"" : leída en la sesión pública de la Sociedad Filomática el 30 de noviembre de 1845 por D. Joaquín Rubió, individuo de la misma";;;;[s.n.]  Imp. de José Rubió;;[S.l.] , Barcelona;1845;24 p. , 21 cm ,;;;;;;;;;;;Sue, Eugène --  //;;;;;;;;821.133.1 Sue, Eugène 7 Juif errant.07  //;;;;;;;;;;;;;;;sp;spa;;;Libro;;VC/2521/68 // DGMICRO/56264 //;http://bdh-rd.bne.es/viewer.vm?id=0000242966&page=1 **;http://bdh-rd.bne.es/text.vm?id=0000242966&first=1&last=27 **
bimo0001652200;Vega, Ventura de la , 1807-1865  //;;;Una boda improvisada : comedia en un acto;;arreglada al teatro español por Ventura de la Vega;;M.D.  Imp. de José María Repullés;;Madrid , Madrid;1848;28 p. , 19 cm ,;;;;;;;;;;;;;;;;;;;"821.134.2(82)-22""18""  //  821.134.282  //";;;;;;;;;;;;;;;sp;spa;;;Libro;;T/13253 //;http://bdh-rd.bne.es/viewer.vm?id=0000181904&page=1 **;http://bdh-rd.bne.es/text.vm?id=0000181904&first=1&last=18 **
bimo0002299216;;Cámara Sindical Española del Automovilismo y Ciclismo  //;;Estatutos de la Cámara Sindical Española del Automovilismo y Ciclismo;;;;[s.n.]  Gráf. Excelsior;;[S.l.] , Madrid;1918;20 p. , 13 cm ,;;;;;;;;;;;Cámara Sindical Española del Automovilismo y Ciclismo -- Estatutos--  //;;;;;;;;331.105.42(460.27 M.)(060.13)  //;;;;;;;;;;;;;;;sp;spa;;;Libro;;VC/2583/25 // DGMICRO/24232(1) //;http://bdh-rd.bne.es/viewer.vm?id=0000242990&page=1 **;http://bdh-rd.bne.es/text.vm?id=0000242990&first=1&last=23 **
Mimo0001648467;;Banco Industrial y Mercantil  //;;Catálogo general de la librería española y francesa del Banco Industrial y Mercantil;;;;B.I. y M.;;Madrid;1866;40 p. , 22 cm ,;;;;;;;;;;;Banco Industrial y Mercantil -- Catálogos--  //;;;;;;;;017.42(460.27 M.)  //;;;;;;;;;;;;;;;sp;spa;;;Libro;;VC/2623/54 // DGMICRO/28928 //;http://bdh-rd.bne.es/viewer.vm?id=0000243012&page=1 **;http://bdh-rd.bne.es/text.vm?id=0000243012&first=1&last=55 **
Mimo0002193657;Colmeiro, Manuel , 1818-1894  //;;;Discurso de los políticos y arbitristas españoles de los siglos XVI y XVII y su influencia en la gobernación del Estado;;leído por el doctor Don Manuel Colmeiro en el acto de tomar posesión de la plaza de académico de número de la Real Academia de la Historia;;[s.n.]  Imp. de Gabriel Alhambra;;[S.l.] , Madrid;1857;36 p. , 25 cm ,;;;;;;;;;;;Arbitrismo --  //;;;;;;;;330.812(460)  //;;;;;;;;;;;;;;;sp;spa;;;Libro;;VC/2671/36 // DGMICRO/23899 //;http://bdh-rd.bne.es/viewer.vm?id=0000243033&page=1 **;http://bdh-rd.bne.es/text.vm?id=0000243033&first=1&last=47 **
a4315965;Martínez de Gálvez, Ginés  //;;;Letras de los villancicos, y chanzonetas, que se cantaron en los Maytines de la Immaculada Concepcion de Nuestra Señora ... en la Colegial del Señor San Salvador de Sevilla;;"ompuestos por Gines Martinez de Galvez, Maestro de Capilla de dicha Iglesia ; esta año de 1662";;s.n.;;[Sevilla?;1662?;[8] p. , 4º ,;;;Lugar y fecha de imp. deducidos del tít.  // Texto a dos col.  // Signatura: A⁴  //;;"""Ola, Marineros, ola..."" ""Quiē es la q̄ hermosa y bella..."" ""Desafiando las Luzes..."" ""O que bien vuela..."" ""Como caer en las sombras..."" ""De Sayago venimos aora"" ""Con mil Gracias sale..."" ""Quiso prender una Noche..."" ""No es dudable, no...""";;;;;;;Villancico -- Sevilla -- 1662 //;Sevilla, España //;;;;;;;;;;;;;;;;;;;;;sp;spa;;;Libro;;VE/92/33 //;http://bdh-rd.bne.es/viewer.vm?id=0000100484&page=1 **;http://bdh-rd.bne.es/text.vm?id=0000100484&first=1&last=12 **
a4568399;;Imprenta y Librería de Lorenzo Corominas (fl. 1848-1893) -Imp.  //;;Gozos de Nuestra Señora de Butsenit venerada en la huerta extramuros de la ciudad de Lérida, y parroquia de San Lorenzo;;;;Imp. de Corominas, impresor F. Fontanals;;Lérida;entre 1859 y 1871?;[1] h. , 32 cm ,;;;Fechas de impresión deducidas de los datos de actividad del impresor F. Fontanals  // Texto a tres columnas y con orla tipográfica  // Hoja impresa por una sola cara  // Grabado xilográfico en cabecera  //;;;;;;;;Virgen de Butsènit -- Poesías //;Gozos --  //;Lleida, España //;;;;;;27-312.47 Virgen de Butsènit  //  27-312.47(0:82)  //;;;;;;;;;;;;;;;sp;spa;;;Libro;;VE/1445/199 //;http://bdh-rd.bne.es/viewer.vm?id=0000153738&page=1 **;http://bdh-rd.bne.es/text.vm?id=0000153738&first=1&last=2 **
bima0000016240;García Rodríguez, Rafael , 1805-1844 -imp.  //;;[Pierre de Provence. Español] //;Historia del esforzado Caballero Pierres de Provenza, y de la hermosa Magalona;;;;en la Oficina de D. Rafael García Rodríguez;;Córdoba;entre 1805 y 1844?;40 p. , 4º ,;Lingüística. Literatura // Literatura española //;;Fechas de impresión tomada de la actividad conocida del impresor  //;;;;;;;;;;Córdoba, España //;;;;;;;;;;;;;;;;;;;;;sp;spa;;;Libro;;U/10089 //;http://bdh-rd.bne.es/viewer.vm?id=0000130317&page=1 **;http://bdh-rd.bne.es/text.vm?id=0000130317&first=1&last=51 **
bima0000029777;;;;Cartes des Pays-Bas et des frontieres de France;;;;---;;Bruxelles;1712;p. , Fol. mlla. ,;;;;;;;;;;;;;;;;;;;;;;;;;;;;;;;;;;be;fre;;;Libro;;GMG/1086 //;http://bdh-rd.bne.es/viewer.vm?id=0000001774 **
bima0000118577;Alvarado, Francisco , 1756-1814  // Nistáctes, Irenéo  //;Imprenta de la Junta de Provincia (Cádiz) -impresor  //;;Carta primera del Filósofo Rancio al jansenismo en la persona de su procurador general Ireneo Nistactes : duodécima de las publicadas;;;;imprenta de la Junta de Provincia, en la casa de Misericordia;;Cadiz;1812;52 p. , 4º ,;Lingüística. Literatura // Literatura española //;;Filósofo Rancio es el seudónimo de Francisco Alvarado  // Signaturizado  //;CCPB 000075277-0 (25-05-2018)  //;;;;;;;Liberalismo -- España -- S.XIX --  // Jansenismo -- Obras de controversia --  //;;Cádiz, España //;;;;;;;;;;;;;;;;;;;;;sp;spa;;;Libro;;U/10611(1) //;http://bdh-rd.bne.es/viewer.vm?id=0000089674&page=1 **;http://bdh-rd.bne.es/text.vm?id=0000089674&first=1&last=52 **
bima0000118579;Alvarado, Francisco , 1756-1814  // Nistáctes, Irenéo  //;Imprenta de la Junta de Provincia (Cádiz) -impresor  //;;Carta segunda del Filósofo Rancio al jansenismo en la persona de su procurador general Ireneo Nistactes : decimatercia de las publicadas;;;;imprenta de la Junta de Provincia, en la casa de Misericordia;;Cádiz;1812;46, [1] p. , 4º ,;Lingüística. Literatura // Literatura española //;;Filósofo Rancio es el seudónimo de Francisco Alvarado  // Signaturizado  //;CCPB 000075280-0 (25-05-2018)  //;;;;;;;Liberalismo -- España -- S.XIX --  // Jansenismo -- Obras de controversia --  //;;Cádiz, España //;;;;;;;;;;;;;;;;;;;;;sp;spa;;;Libro;;U/10611(2) //;http://bdh-rd.bne.es/viewer.vm?id=0000089665&page=1 **;http://bdh-rd.bne.es/text.vm?id=0000089665&first=1&last=48 **
bima0000118608;Alvarado, Francisco , 1756-1814  // Nistáctes, Irenéo  //;Viuda de Manuel Comes -impresor  //;;Carta decima quinta del Filósofo Rancio : quarta al Jansenismo en la persona de su procurador general Ireneo Nistactes;;;;en la Imprenta de la viuda de Comes;;Cádiz;1812;28 p. , 4º ,;Lingüística. Literatura // Literatura española //;;Filósofo Rancio es el seudónimo de Francisco Alvarado  // Signaturizado numérico  //;;;;;;;;Liberalismo -- España -- S.XIX --  // Jansenismo -- Obras de controversia --  //;;Cádiz, España //;;;;;;;;;;;;;;;;;;;;;sp;spa;;;Libro;;U/10611(4) //;http://bdh-rd.bne.es/viewer.vm?id=0000089667&page=1 **;http://bdh-rd.bne.es/text.vm?id=0000089667&first=1&last=28 **
bima0000118642;Alvarado, Francisco , 1756-1814  // Murguía, Antonio de -impresor  //;;;Carta XXVIII del Filósofo Rancio : impugnacion del informe que la Comision de Constitucion presentó a las Córtes sobre el Tribunal de la Inquisicion y del proyecto de decreto acerca de los Tribunales Protectores de la Religion;;;;impreso por D. Antonio de Murguía;;Cádiz;1813;32 p. , 4º ,;Lingüística. Literatura // Literatura española //;;Filósofo Rancio es el seudónimo de Francisco Alvarado  // Signaturizado numérico  //;;;;;;;;Liberalismo -- España -- S.XIX --  // Inquisición -- España -- S.XIX --  //;;Cádiz, España //;;;;;;;;;;;;;;;;;;;;;sp;spa;;;Libro;;U/10612(4) //;http://bdh-rd.bne.es/viewer.vm?id=0000088733&page=1 **;http://bdh-rd.bne.es/text.vm?id=0000088733&first=1&last=32 **
bima0000118654;Alvarado, Francisco , 1756-1814  //;Imprenta de la Junta de Provincia (Cádiz) -impresor  //;;Carta XXXIV del Filósofo Rancio : y segunda contra el dictámen de las comisiones sobre el restablecimiento y reforma de las casas religiosas;;;;Imprenta de la Junta de Provincia en la Casa de Misericordia;;Cádiz;1813;38 p., [1] h. de lám. , 4º ,;Lingüística. Literatura // Literatura española //;;Filósofo Rancio es el seudónimo de Francisco Alvarado  // Signaturizado  //;;;;;;;;Liberalismo -- España -- S.XIX --  // Iglesia y Estado -- España -- S.XIX --  //;;Cádiz, España //;;;;;;;;;;;;;;;;;;;;;sp;spa;;;Libro;;U/10614(2) //;http://bdh-rd.bne.es/viewer.vm?id=0000089891&page=1 **;http://bdh-rd.bne.es/text.vm?id=0000089891&first=1&last=38 **
bima0000118668;Alvarado, Francisco , 1756-1814  //;Imprenta de la Junta de Provincia (Cádiz) -impresor  //;;Carta XLI del Filósofo Rancio : en que continúa convenciendo la legítima é indisputable propiedad que tiene la Iglesia en sus bienes, y que estos no están sujetos á la disposicion de la autoridad civil : contra los impíos sofismas del sacrílego folleto intitulado Juicio histórico, canónico, político de la autoridad de las naciones sobre los bienes eclesiásticos escrito en Alicante por El Solitario;;;;Imprenta de la Junta de Provincia en la Casa de Misericordia;;Cádiz;1814;48 p. , 4º ,;Lingüística. Literatura // Literatura española //;;Filósofo Rancio es el seudónimo de Francisco Alvarado  // Signaturizado  //;;;;;;;;Liberalismo -- España -- S.XIX --  // Iglesia y Estado -- España -- S.XIX --  //;;Cádiz, España //;;;;;;;;;;;;;;;;;;;;;sp;spa;;;Libro;;U/10613(4) //;http://bdh-rd.bne.es/viewer.vm?id=0000088751&page=1 **;http://bdh-rd.bne.es/text.vm?id=0000088751&first=1&last=48 **
bima0000118670;Alvarado, Francisco , 1756-1814  // Valvidares, Manuel -editor  //;Correo Político y Mercantil, El -impresor  //;;Carta XLII del Filósofo Rancio : en que continúa convenciendo la legítima é indisputable propiedad que tiene la Iglesia en sus bienes, y que estos no están sujetos á la disposicion de la autoridad civil : contra los impíos sofismas del sacrílego folleto intitulado Juicio histórico, canónico, político de la autoridad de las naciones sobre los bienes eclesiásticos escrito en Alicante por El Solitario;;;;Imprenta nueva del Correo Político, calle Vizcaínos  á cargo de D. Manuel Valvidares;;Sevilla;1814;36 p. , 4º ,;Lingüística. Literatura // Literatura española //;;Filósofo Rancio es el seudónimo de Francisco Alvarado  // Signaturizado  //;;;;;;;;Liberalismo -- España -- S.XIX --  // Iglesia y Estado -- España -- S.XIX --  //;;Sevilla, España //;;;;;;;;;;;;;;;;;;;;;sp;spa;;;Libro;;U/10613(5) //;http://bdh-rd.bne.es/viewer.vm?id=0000088750&page=1 **;http://bdh-rd.bne.es/text.vm?id=0000088750&first=1&last=36 **
bima0000118672;Alvarado, Francisco , 1756-1814  // Valvidares, Manuel -editor  //;Correo Político y Mercantil, El -impresor  //;;Carta XLIII del Filósofo Rancio : varias reflexîones con que se deshace lo que oponen a las doctrinas expuestas en las cartas antecedentes;;;;en la Imprenta del Correo Político, calle Vizcaynos  á cargo de D. Manuel Valvidares;;Sevilla;1814;47 p. , 4º ,;Lingüística. Literatura // Literatura española //;;Filósofo Rancio es el seudónimo de Francisco Alvarado  // Signaturizado  //;;;;;;;;Liberalismo -- España -- S.XIX --  //;;Sevilla, España //;;;;;;;;;;;;;;;;;;;;;sp;spa;;;Libro;;U/10613(6) //;http://bdh-rd.bne.es/viewer.vm?id=0000088749&page=1 **;http://bdh-rd.bne.es/text.vm?id=0000088749&first=1&last=48 **
bima0000118674;Alvarado, Francisco , 1756-1814  // Valvidares, Manuel -editor  //;Correo Político y Mercantil, El -impresor  //;;Carta XLIV del Filósofo Rancio : explica el legítimo sentido de la proposicion Los frayles estan muertos al mundo y da una idea genuina de los serviles y liberales;;;;en la Imprenta del Correo Político y Mercantil, calle Vizcainos  á cargo de D. Manuel Valvidares;;Sevilla;1814;62 p., [1] h. en bl. , 4º ,;Lingüística. Literatura // Literatura española //;;Filósofo Rancio es el seudónimo de Francisco Alvarado  // Signaturizado  //;;;;;;;;Liberalismo -- España -- S.XIX --  //;;Sevilla, España //;;;;;;;;;;;;;;;;;;;;;sp;spa;;;Libro;;U/10613(7) //;http://bdh-rd.bne.es/viewer.vm?id=0000088756&page=1 **;http://bdh-rd.bne.es/text.vm?id=0000088756&first=1&last=64 **
bima0000118676;Alvarado, Francisco , 1756-1814  // Valvidares, Manuel -editor  //;Correo Político y Mercantil, El -impresor  //;;Carta XLV del Filósofo Rancio : sobre el dictamen de las comisiones acerca de la edad en que deberá hacerse la profesion religiosa;;;;en la Imprenta del Correo Político y Mercantil, calle Vizcainos  á cargo de D. Manuel Valvidares;;Sevilla;1814;64 p. , 4º ,;Lingüística. Literatura // Literatura española //;;Filósofo Rancio es el seudónimo de Francisco Alvarado  // Signaturizado  //;;;;;;;;Liberalismo -- España -- S.XIX --  // Iglesia y Estado -- España -- S.XIX --  //;;Sevilla, España //;;;;;;;;;;;;;;;;;;;;;sp;spa;;;Libro;;U/10613(8) //;http://bdh-rd.bne.es/viewer.vm?id=0000088755&page=1 **;http://bdh-rd.bne.es/text.vm?id=0000088755&first=1&last=64 **
bima0000118680;Alvarado, Francisco , 1756-1814  //;Imprenta de Padrino -impresor  //;;Constitucion filosófica que el Filósofo Rancio transformado en Filósofo Liberal escribió ántes que las llamadas Córtes Extraordinarias sancionasen su Constitucion Política de la Monarquía Española : primera parte [-segunda];;;;Imprenta de Padrino;;Sevilla;1816;"2 pt. en 1 v. (39 p., [1] p. en bl. ; 40 p.) , 4º ,";Lingüística. Literatura // Literatura española //;;Filósofo Rancio es el seudónimo de Francisco Alvarado  // Signaturizado  //;;;;;;;;Liberalismo -- España -- S.XIX --  // Iglesia y Estado -- España -- S.XIX --  //;;Sevilla, España //;;;;;;;;;;;;;;;;;;;;;sp;spa;;;Libro;;U/10610(2) //;http://bdh-rd.bne.es/viewer.vm?id=0000089661&page=1 **;http://bdh-rd.bne.es/text.vm?id=0000089661&first=1&last=80 **
bimo0000569090;;"Asociación de Obreros y Empleados de los Ferrocarriles Andaluces ""La Locomotora"" (Jerez)  //";;"Reglamento de la Asociación de Obreros y Empleados de los Ferrocarriles Andaluces titulada ""La Locomotora""";;;;[s.n.]  Imp. de Crespo Hermanos;;[S.l.] , Jerez;1904;25 p. , 15 cm ,;;;;;;;;;;;"Asociación de Obreros y Empleados de los Ferrocarriles Andaluces ""La Locomotora"" (Jerez) -- Reglamentos--  //";;;;;;;;656.2:331.105.44(460.355 Jerez)(060.13)  //;;;;;;;;;;;;;;;sp;spa;;;Libro;;VC/2890/92 // DGMICRO/41305 //;http://bdh-rd.bne.es/viewer.vm?id=0000243020&page=1 **;http://bdh-rd.bne.es/text.vm?id=0000243020&first=1&last=27 **
bimo0000579035;Baudelaire, Charles , 1821-1867  // González-Blanco, Pedro , 1879-1961 -traductor  //;;[Les paradis artificiels. Español] //;Los paraísos artificiales;;"Carlos Baudelaire ; traducción de Pedro González-Blanco";;F. Sempere y Compañía;;"Valencia ;Madrid";1905;201 p. , 19 cm ,;;;Título original: Les paradis artificiels  //;;;;;;;;Hachís --  // Opio --  //;;;;;;;;"821.133.1-4""18""  //";;;;;;;;;;;;;;;sp;spa;fre;spa //;Libro;"Acceso y/o uso restringido. La presente obra presenta restricciones en cuanto a su reproducción, distribución, comunicación pública o transformación; no obstante y en virtud del artículo 37 del Texto refundido de la Ley de Propiedad Intelectual (TRLPI), la Biblioteca Nacional de España está autorizada a la reproducción y a la comunicación de obras, mediante red cerrada e interna, a efectos de investigación (artículo 37, RDL 1/1996, de 12 de abril, revisada el 5 noviembre de 2015); sin perjuicio de las copias que puedan obtenerse en la BNE para uso privado, para ejercer cualquier otro de los derechos de explotación previstos en la TRLPI, el usuario deberá contactar con el correspondiente titular o la entidad de gestión encargada de representar al titular.//";1/34843 //;http://bdh-rd.bne.es/viewer.vm?id=0000194960&page=1 **;http://bdh-rd.bne.es/text.vm?id=0000194960&first=1&last=227 **
bimo0000652477;;Pedro Turró (Firma)  //;;Catálogo general ilustrado : somieres, camas y catres perfeccionados de todas clases y sistemas : tejidos metálicos para todos los usos : muelles de acero para muebles y somiers ...;;Pedro Turró;;Xalapeira;;Barcelona;1899;74 p. , il. , 12 cm ,;;;;;;;;;;;Pedro Turró (Firma) -- Catálogos--  // Camas -- Catálogos --  //;;;;;;;;684.422(085)  //;;;;;;;;;;;;;;;sp;spa;;;Libro;;VC/2894/1 // DGMICRO/53695 //;http://bdh-rd.bne.es/viewer.vm?id=0000243023&page=1 **;http://bdh-rd.bne.es/text.vm?id=0000243023&first=1&last=41 **
bimo0000670748;Cambronero, Manuela  //;;;Días de convalecencia colección de poesías y novelas originales;;de Manueal Cambronero;;[s.n.]  Imp. de Domingo Puga;;[S.l.] , Coruña;1852;79, 52, 26 p. , 22 cm ,;;;;;;;;;;;;;;;;;;;"821.134.2-14""18""  //  821.134.2-32""18""  //";;;;;;;;;;;;;;;sp;spa;;;Libro;;VC/2509/12 // DGMICRO/21776 //;http://bdh-rd.bne.es/viewer.vm?id=0000242963&page=1 **;http://bdh-rd.bne.es/text.vm?id=0000242963&first=1&last=177 **
bimo0000679503;;;;Canal de navegación desde la Bahía de Cádiz a Chiclana, pasando por San Fernando importancia y bases de esta empresa tan productiva como interesante al país;;;;[s.n.]  Imp. de J. Martín Alegría;;[S.l.] , Madrid;1849;32 p. , 21 cm ,;;;;;;;;;;;Canales -- Cádiz (Provincia) --  //;;;;;;;;626.1(460.355)  //;;;;;;;;;;;;;;;sp;spa;;;Libro;;VC/2819/5 // DGMICRO/42527 //;http://bdh-rd.bne.es/viewer.vm?id=0000243000&page=1 **;http://bdh-rd.bne.es/text.vm?id=0000243000&first=1&last=35 **
bimo0000693093;;Compañía de los Ferrocarriles de Madrid a Zaragoza y a Alicante  //;;Exposición elevada a las Cortes por la Compañía de los Ferro-Carriles de Madrid a Zaragoza y a Alicante : con motivo de los impuestos que el proyecto de Ley de presupuestos para 1872 a 73 establece sobre las tarifas de viajeros y la renta de las obligaciones de las compañías de ferro-carriles;;;;[s.n.]  Estab. Tip. de Manuel Minuesa;;[S.l.] , Madrid;1872;[4] p. , 30 cm ,;;;;;;;;;;;Compañía de los Ferrocarriles de Madrid a Zaragoza y a Alicante --  // Transportes ferroviarios -- Impuestos -- España --  //;;;;;;;;656.2:061.5(460.5(460.27 M.)  //  656.2:351.713(460)  //;;;;;;;;;;;;;;;sp;spa;;;Libro;;VC/2629/38 // DGMICRO/19053 //;http://bdh-rd.bne.es/viewer.vm?id=0000243017&page=1 **;http://bdh-rd.bne.es/text.vm?id=0000243017&first=1&last=11 **
bimo0000721454;Crespo, Rafael José de  //;;;Poética;;de Rafael José de Crespo;;[s.n.]  Imp. de Benito Monfort;;[S.l.] , Valencia;1839;46 p. , 16 cm ,;;;;;;;;;;;;;;;;;;;"821.134.2-14""18""  //";;;;;;;;;;;;;;;sp;spa;;;Libro;;VC/1484/109 // DGMICRO/5557 //;http://bdh-rd.bne.es/viewer.vm?id=0000242951&page=1 **;http://bdh-rd.bne.es/text.vm?id=0000242951&first=1&last=55 **
bimo0000859951;Fernández Baeza, Pascual  //;;;A la quinta de Bregondo propiedad del Excmo. Sr. Don Apolinar Suárez de Deza;;por el Excmo. Señor Don Pascual Fernández Baeza;;[s.n.]  Imp. de Victoriano Hernando;;[S.l.] , Madrid;1860;15 p. , 15 cm ,;;;;;;;;;;;;;;;;;;;"821.134.2-14""18""  //";;;;;;;;;;;;;;;sp;spa;;;Libro;;VC/2727/25 // DGMICRO/14948 //;http://bdh-rd.bne.es/viewer.vm?id=0000242967&page=1 **;http://bdh-rd.bne.es/text.vm?id=0000242967&first=1&last=19 **
bimo0000859959;Fernández Baeza, Pascual  //;;;Oda que leyó en 24 de julio del presente año su autor D. Pascual Fernández Baeza ...;;;;[s.n.]  Imp. de Pujol;;[S.l.] , Lugo;1834;7 p. , 21 cm ,;;;Título tomado de la cabecera  //;;;;;;;;;;;;;;;;"821.134.2-14""18""  //";;;;;;;;;;;;;;;sp;spa;;;Libro;;VC/1630/13 // DGMICRO/14950 //;http://bdh-rd.bne.es/viewer.vm?id=0000242993&page=1 **;http://bdh-rd.bne.es/text.vm?id=0000242993&first=1&last=11 **
bimo0000859960;Fernández Baeza, Pascual  //;;;Oraciones;;puestas en verso por el Excmo. Sr. D. Pascual Fernández Baeza;;[s.n.]  Imp. y Estereotipia de M. Rivadeneyra;;[S.l.] , Madrid;1859;[11] p. , 15 cm ,;;;;;;;;;;;Oraciones --  //;;;;;;;;"243(0:82)  //  821.134.2-14""18""  //";;;;;;;;;;;;;;;sp;spa;;;Libro;;VC/2791/24 // DGMICRO/16095 //;http://bdh-rd.bne.es/viewer.vm?id=0000242978&page=1 **;http://bdh-rd.bne.es/text.vm?id=0000242978&first=1&last=15 **
bimo0000865878;Fernández Villabrille, Francisco , 1811-1864  //;;;Inauguración de la Escuela Superior Normal para instrucción de los aspirantes al profesorado en la enseñanza especial de sordo-mudos y de ciegos . Y Discurso leído en dicho acto solemne;;por Francisco Fernández Villabrille;;[s.n.]  Imp. del Colegio de Sordo-Mudos y de Ciegos;;[S.l.] , Madrid;1857;32 p. , 26 cm ,;;;"""Escuela Normal establecida en el Colegio de Sordo-Mudos y de Ciegos de Madrid en 26 de abril de 1857""--Anteportada  //";;;;;;;;Colegio Nacional de Sordo-Mudos y de Ciegos de Madrid -- Historia--  //;;;;;;;;376  //  376.1-056.262(460.27 M.)  //  376.1-056.263(460.27 M.)  //;;;;;;;;;;;;;;;sp;spa;;;Libro;;VC/2693/81 // DGMICRO/55932 //;http://bdh-rd.bne.es/viewer.vm?id=0000243035&page=1 **;http://bdh-rd.bne.es/text.vm?id=0000243035&first=1&last=35 **
bimo0001403468;Burgos, Carmen de , 1867-1932  // Augusto  //;;;Cuando la ley lo manda : novela;;"por Carmen de Burgos ""Colombine"" ; ilustraciones de Augusto";;Ed. Atlántida;;Madrid;1932;63 p. , il. , 15 cm ,;La novela de hoy, año 11, n. 518 //;;;;;;;;;;;;;;;;;;"821.134.2-32""18""  //";;;;;;;;;;;;;;;sp;spa;;;Libro;"Acceso y/o uso restringido. La presente obra presenta restricciones en cuanto a su reproducción, distribución, comunicación pública o transformación; no obstante y en virtud del artículo 37 del Texto refundido de la Ley de Propiedad Intelectual (TRLPI), la Biblioteca Nacional de España está autorizada a la reproducción y a la comunicación de obras, mediante red cerrada e interna, a efectos de investigación (artículo 37, RDL 1/1996, de 12 de abril, revisada el 5 noviembre de 2015); sin perjuicio de las copias que puedan obtenerse en la BNE para uso privado, para ejercer cualquier otro de los derechos de explotación previstos en la TRLPI, el usuario deberá contactar con el correspondiente titular o la entidad de gestión encargada de representar al titular.//";1/234850 // DGMICRO/45711 //;http://bdh-rd.bne.es/viewer.vm?id=0000242938&page=1 **;http://bdh-rd.bne.es/text.vm?id=0000242938&first=1&last=67 **
bimo0001515449;Úbeda y Correal, José , 1857-1918  //;;;Estudio crítico de las preparaciones opoterápicas : memoria premiada;;escrita por José Úbeda y Correal;;[s.n.]  Tipolit. de J. Corrales;;[S.l.] , Madrid;1900;141 p. , 21 cm ,;;;Precede al título: Colegio de Farmacéuticos de Madrid, concurso de premios de 1900  //;;;;;;;;Opoterapia --  //;;;;;;;;615  //  615.361  //;;;;;;;;;;;;;;;sp;spa;;;Libro;;1/67605 //;http://bdh-rd.bne.es/viewer.vm?id=0000201568&page=1 **;http://bdh-rd.bne.es/text.vm?id=0000201568&first=1&last=149 **
bimo0001571940;Vignau y Ballester, Vicente , 1834-1919  //;;;Programa de la asignatura de Gramática Comparada de las lenguas neolatinas en el período de su formación;;;;[s.n.]  Imp. de T. Fortanet;;[S.l.] , Madrid;1876;19 p. , 22 cm ,;;;Autor (p. 19): Vicente Vignau  // Precede al título: Universidad Central, Escuela Superior de Diplomática Especial del Cuerpo Facultativo de Bibliotecarios, Archiveros y Anticuarios  //;;;;;;;;Lenguas románicas -- Programación --  //;;;;;;;;811.13:378.141.4  //;;;;;;;;;;;;;;;sp;spa;;;Libro;;VC/2527/37 // DGMICRO/69085 //;http://bdh-rd.bne.es/viewer.vm?id=0000242971&page=1 **;http://bdh-rd.bne.es/text.vm?id=0000242971&first=1&last=27 **
bimo0001605094;Weyler y Laviña, Fernando  //;;;Apuntes biográficos para servir a la redacción del elogio fúnebre de Don Pablo Bouvy de Schorremberg;;recogidos por Fernando Weyler;;[s.n.]  Imp. de Pedro José Gelabert;;[S.l.] , Palma;1868;27 p. , 22 cm ,;;;;;;;;;;;Bouvy, Pablo --  //;;;;;;;;929 Bouvy, Pablo  //;;;;;;;;;;;;;;;sp;spa;;;Libro;;VC/2309/19 // DGMICRO/38755 //;http://bdh-rd.bne.es/viewer.vm?id=0000243047&page=1 **;http://bdh-rd.bne.es/text.vm?id=0000243047&first=1&last=35 **
Mimo0002196192;Olmedilla y Puig, Joaquín , 1842-1912  //;;;Higiene de las pasiones (sucintas generalidades acerca de este asunto);;por el doctor en Farmacia y graduado de doctor en Medicina, Joaquín Olmedilla y Puig;;[s.n.]  Imp. de la Sucesora de M. Minuesa de los Ríos;;[S.l.] , Madrid;1905;48 p. , 17 cm ,;;;;;;;;;;;Pasiones --  //;;;;;;;;159.942.6  //;;;;;;;;;;;;;;;sp;spa;;;Libro;;VC/11859/5 // DGMICRO/23148 //;http://bdh-rd.bne.es/viewer.vm?id=0000243099&page=1 **;http://bdh-rd.bne.es/text.vm?id=0000243099&first=1&last=51 **
a4794399;Carranza, Jerónimo de  // Carranza, Jerónimo de -editor  //;;;Libro de Hieronimo de Carança natural de Seuilla, que trata de la Philosophia de las armas y de su destreza y de la aggressio[n] y defension christiana;Philosophia de las armas y de su destreza y de la aggressio[n] y defension christiana  //;;;en casa del mesmo autor ...;;Imprimiosse en ... Sanlucar de Barrameda;1582;[34], 9-280, [14] h. , 4º ,;;;Pie de imprenta tomado del colofón en h. 280  // Sing.: [ ]², ¶⁸, A-B², C⁸, A¹², B-Z⁸, Aa-Mm⁸, ¶⁸, 2¶⁶  // Portada con grabado xilográfico  // Texto con apostillas marginales  // Grabado xilográfico con un escudo de armas de la Casa de Medina Sidonia en h. [ ]₂  //;Palau III, 44969  //;;;;;;;Armas --  //;;Sanlúcar de Barrameda, España //;;;;;;;;;;;;;;;;;;;;;sp;spa;;;Libro;;R/919 //;http://bdh-rd.bne.es/viewer.vm?id=0000195093&page=1 **;http://bdh-rd.bne.es/text.vm?id=0000195093&first=1&last=649 **
bimo0000635514;Aza, Vital , 1851-1912  // Manso  //;;;Los reyes del chiste florilogio [sic] de chistes y situaciones cómicas, sacado de las mejores obras de este aplaudido autor;;"Vital Aza ; caricatura, portada de Fresno ; retrato de Compañy ; ilustraciones de Manso";;Administración del Noticiero-Guía de Madrid;;Madrid;1912;57 p. , il. , 14 cm ,;"Biblioteca ""Para todos"", v. 58 //";;;;;;;;;;;;;;;;;;"821.134.2-22""18""  //";;;;;;;;;;;;;;;sp;spa;;;Libro;;VC/10259/8 // DGMICRO/9935 //;http://bdh-rd.bne.es/viewer.vm?id=0000243092&page=1 **;http://bdh-rd.bne.es/text.vm?id=0000243092&first=1&last=67 **
bimo0000718470;Costa, Joaquín , 1846-1911  //;;;"[A la Real Academia de la Historia, con motivo de no habérsele admitido en el concurso ""Fermin Caballero"" de 14 de enero de 1898, al que presentó su monografia histórica ""Colectivismo agrario en España: hechos y doctrinas""]";;;;[s.n.]  Imp. de San Francisco de Sales;;[Madrid?];1898;17 p. , 24 cm ,;;;;;;;;;;;Costa, Joaquín -- Procesos --  // Real Academia de la Historia (España) --  //;;;;;;;;34.096 Costa, Joaquín  //  930:061.22(460.27 M.)  //;;;;;;;;;;;;;;;sp;spa;;;Libro;;VC/1028/8 // DGMICRO/25502 //;http://bdh-rd.bne.es/viewer.vm?id=0000243093&page=1 **;http://bdh-rd.bne.es/text.vm?id=0000243093&first=1&last=23 **
bimo0000755679;Chao, Eduardo , 1821-1887  //;;;Resumen de la controversia sobre el proyecto de puerto comercial de Vigo, que estudió D. Melitón Martín, hecho para conocimiento de la Junta Consultiva de Caminos, Canales y Puertos;;por E. Chao;;[s.n.]  Imp. de Enrique Rubiños;;[S.l.] , Madrid;1884;24 p. , 23 cm ,;;;;;;;;;;;Puerto de Vigo --  //;;;;;;;;627.21(460.115 Vigo)  //;;;;;;;;;;;;;;;sp;spa;;;Libro;;VC/385/8 // DGMICRO/68380(2) //;http://bdh-rd.bne.es/viewer.vm?id=0000243063&page=1 **;http://bdh-rd.bne.es/text.vm?id=0000243063&first=1&last=27 **
bimo0000972427;Gutiérrez de Alba, José María , 1822-1897  //;;;El amor y los ratones poema vulgar leído en el Ateneo de Madrid el 15 de diciembre de 1889;;José María Gutiérrez de Alba;;Fernando Fé  Leocadio López;;Madrid;1889;31 p. , 20 cm ,;;;;;;;;;;;;;;;;;;;"821.134.2-14""18""  //";;;;;;;;;;;;;;;sp;spa;;;Libro;;VC/12591/1 // DGMICRO/10737 //;http://bdh-rd.bne.es/viewer.vm?id=0000243102&page=1 **;http://bdh-rd.bne.es/text.vm?id=0000243102&first=1&last=43 **
bimo0000972451;Gutiérrez de Alba, José María , 1822-1897  //;;;La política en imágenes colección de fábulas originales de José María Gutiérrez de Alba;;;;[s.n.]  Imp. de Manuel Minuesa;;[S.l.] , Madrid;1868;143 p. , 15 cm ,;;;;;;;;;;;;;;;;;;;"821.134.2-191""18""  //";;;;;;;;;;;;;;;sp;spa;;;Libro;;VC/10244/2 // DGMICRO/10777 //;http://bdh-rd.bne.es/viewer.vm?id=0000243086&page=1 **;http://bdh-rd.bne.es/text.vm?id=0000243086&first=1&last=147 **
bimo0001141225;Maragall, Joan , 1860-1911  //;;;Elogio de la palabra;;Juan Maragall;;[s.n.]  Imp. Alsina;;[S.l.] , San José de Costa Rica, C.A.;1914;65 p. , 18 cm ,;Colección Ariel, cuaderno 1 //;;;;;;;;;;;;;;;;;;"821.134.2-4""18""  //";;;;;;;;;;;;;;;cr;spa;;;Libro;;VC/491/7 // DGMICRO/28516 //;http://bdh-rd.bne.es/viewer.vm?id=0000243080&page=1 **;http://bdh-rd.bne.es/text.vm?id=0000243080&first=1&last=71 **
bimo0001218821;Muro y López-Salgado, José  //;;;Discurso leído ante el Claustro de la Universidad Central en el solemne acto de recibir la investidura de doctor en filosofía y letras;;por José Muro López-Salgado;;[s.n.]  Imp. a cargo de José Fernández Cancela;;[S.l.] , Madrid;1863;29 p. , 26 cm ,;;;;;;;;;;;El Cid --  //;;;;;;;;929  //  929 Cid  //;;;;;;;;;;;;;;;sp;spa;;;Libro;;VC/492/47 // DGMICRO/10722 //;http://bdh-rd.bne.es/viewer.vm?id=0000243082&page=1 **;http://bdh-rd.bne.es/text.vm?id=0000243082&first=1&last=27 **
bimo0001241685;Nogales, José , 1860-1908  //;;;El Rocío cartas literarias premiadas por el Ateneo y Sociedad de Excursiones de Sevilla en el Certamen de 1900;;José Nogales;;[s.n.]  Imp. de F. de P. Diaz;;[S.l.] , Sevilla;1900;47 p. , 14 cm ,;;;;;;;;;;;;;;;;;;;"821.134.2-6""18""  //";;;;;;;;;;;;;;;sp;spa;;;Libro;;VC/129/2 // DGMICRO/13413 //;http://bdh-rd.bne.es/viewer.vm?id=0000243107&page=1 **;http://bdh-rd.bne.es/text.vm?id=0000243107&first=1&last=51 **
bimo0001639822;Abellán y Antá, Rafael , 1863-1933  // Palacio, Manuel del , 1831-1906  //;;;Notas de una lira : con un soneto-prólogo de Manuel del Palacio;;Rafael Abellán;;[s.n.]  Imp. de Enrique Rubiños;;[S.l.] , Madrid;1892;31 h. , 20 cm ,;;;;;;;;;;;;;;;;;;;"821.134.2-14""18""  //";;;;;;;;;;;;;;;sp;spa;;;Libro;;VC/124/1 // DGMICRO/39303 //;http://bdh-rd.bne.es/viewer.vm?id=0000243101&page=1 **;http://bdh-rd.bne.es/text.vm?id=0000243101&first=1&last=67 **
bimo0001644293;Fernández de Moratín, Leandro , 1760-1828  //;;;Arte de brujería y relación del auto de fé celebrado en la ciudad de Logroño en los días 7 y 8 de noviembre de 1610, siendo Inquisidor General el Cardenal Arzobispo de Toledo, D. Bernardo de Sandoval y Rojas;;;5ª ed.,/enriquecida con lindas notas por Moratín;[s.n.]  Imp. de Verdaguer;;[S.l.] , barcelona;1836;91 p. , 17 cm ,;;;Título tomado de la cubierta  //;;;;;;;;Brujería -- España -- S.XVII --  // Autos de fe -- Logroño --  //;;;;;;;;"272(460.21 L.)""16""  //  398.47(460)""16""  //";;;;;;;;;;;;;;;sp;spa;;;Libro;;VC/531/15 // DGMICRO/73895(1) //;http://bdh-rd.bne.es/viewer.vm?id=0000243090&page=1 **;http://bdh-rd.bne.es/text.vm?id=0000243090&first=1&last=46 **
bimo0001645323;Álvarez, Miguel de los Santos , 1818-1892  // Espronceda, José de , 1808-1842  //;;;El diablo mundo, poema de don José de Espronceda, continuación y últimos versos de aquel auto;;por Miguel de los Santos Álvarez;;Libreria de Leocadio López;;Madrid;1868;36 p. , lám. , 25 cm ,;Biblioteca de Ferrocarriles //;;;;;;;;;;;;;;;;;;"821.134.2-14""18""  //";;;;;;;;;;;;;;;sp;spa;;;Libro;;VC/13432/19 // DGmicro/14781 //;http://bdh-rd.bne.es/viewer.vm?id=0000243109&page=1 **;http://bdh-rd.bne.es/text.vm?id=0000243109&first=1&last=39 **
bima0000004852;Castillo, Antonio del , m. 1699  // Mureto, Antoine -imp.  //;;;El devoto peregrino y viage de Tierra Santa;;compuesto por el R.P.F. Antonio de Castillo...;;por Antonio Mureto...;;, En Paris;1664;[16], 683, [5], 43, [12] p., [11] h. de grab. pleg. , il. , 4º ,;;;Sign.: ¶-2¶±4÷, A-Z±4÷, 2A-2Z±4÷, 3A-3Z±4÷, 4A-4R±4÷, a-g±4÷  // Port. a dos tintas  // Grabs. y hojas pleg. calc.  //;;;;;;;;Palestina -- Descripción --  //;;París, Francia //;;;;;;;;;;;;;;;;;;;;;fr;spa;;;Libro;;3/33184 //;http://bdh-rd.bne.es/viewer.vm?id=0000202569&page=1 **;http://bdh-rd.bne.es/text.vm?id=0000202569&first=1&last=796 **
bima0000028334;Cecina Rica y Fergel, Pablo  // Villanueva, Blas de , fl. 1712-1724 -imp.  //;;;Medula eutropelica calculatoria que enseña a jugar a las damas con espada y broquel : dividida en tres tratados ...;;Sacala a la luz D. Pablo Cecina Rica y Fergel;;por Blas de Villa Nueva ...;;En Madrid;1718;[8], 214 p. , 8º ,;Juegos. Espectáculos. Deportes //;;Sign.: A-N⁸, O⁴  // Portada con orla tipográfica  //;Aguilar Piñal. Bib. S. XVIII v. 4, 6  //;;;;;;;Damas (Juego) --  //;;;;;;;;;;;;;;;;;;;;;;;sp;spa;;;Libro;;3/58606 //;http://bdh-rd.bne.es/viewer.vm?id=0000049297&page=1 **;http://bdh-rd.bne.es/text.vm?id=0000049297&first=1&last=231 **
bima0000095754;Ruano, Francisco , 1704-1767  // Ribadas, Juan , fl. 1779 -dib.  // Rodríguez de la Torre, Juan , n. 1736 -imp.  //;;;Casa de Cabrera en Cordoba obra genealogica-historica ...;;;;en la Oficina de D. Juan Rodriguez, calle de la Librería;;Cordoba;1779;[8], 558, [29] p., [1] en bl., [1] h. de lám. , Fol. ,;Geografía. Biografías. Historia // Biografías. Heráldica. Genealogía //;;"Autor tomado de Aguilar Piñal  // Sign.: [ ]⁴, A-Z⁴, 2A-2Z⁴, 3A-3Z⁴, 4A¹⁰, 4B-4C⁴  // Anteportada  // La h. de lám. es un grabado calcográfico con el escudo nobiliario: ""Joannes Ribadas. Sculp. Cª Aº. 1779""  //";Aguilar Piñal. Bib. S.XVIII v. 7, 2195  //;;;;;;;Genealogía --  //;;Córdoba, España //;;;;;;;;;;;;;;;;;;;;;sp;spa;;;Libro;;2/23158 //;http://bdh-rd.bne.es/viewer.vm?id=0000101737&page=1 **;http://bdh-rd.bne.es/text.vm?id=0000101737&first=1&last=605 **
bimo0000593118;Bernis, Francisco , 1877-1933  //;;;Las tarifas de los ferrocarriles españoles : contribución al estudio de nuestros problemas ferroviarios;;Francisco Bernis;;"[Societat d'Estudis Econòmics]  Tip. ""La Académica"" de Serra Hnos y Russell";;[S.l.];1915;44 p. , 25 cm ,;;;Precede al titulo: Societat d'estudis economies  // Trabajos publicados en la Revista Estvdio  //;;;;;;;;Transporte de mercancías por ferrocarril -- España --  // Transportes ferroviarios -- España -- Tarifas --  //;;;;;;;;656.22.025.4(460)  //  656.2.03(460)  //;;;;;;;;;;;;;;;sp;spa;;;Libro;;VC/1393/20 //;http://bdh-rd.bne.es/viewer.vm?id=0000203097&page=1 **;http://bdh-rd.bne.es/text.vm?id=0000203097&first=1&last=47 **
bimo0001144421;Eza, Luis Marichalar y Monreal, Vizconde de , 1873-1945  //;;;Conferencia pronunciada en el Teatro Centro de Madrid el día 13 de marzo de 1920, por el... Vizconde de Eza;;;;El Debate;;[Madrid;1920;16 p. , 22 cm ,;Curso de Conferencias Sociales. Conferencia III //;;;;;;;;;;;;;;;;;;;;;;;;;;;;;;;;;sp;spa;;;Libro;"Acceso y/o uso restringido. La presente obra presenta restricciones en cuanto a su reproducción, distribución, comunicación pública o transformación; no obstante y en virtud del artículo 37 del Texto refundido de la Ley de Propiedad Intelectual (TRLPI), la Biblioteca Nacional de España está autorizada a la reproducción y a la comunicación de obras, mediante red cerrada e interna, a efectos de investigación (artículo 37, RDL 1/1996, de 12 de abril, revisada el 5 noviembre de 2015); sin perjuicio de las copias que puedan obtenerse en la BNE para uso privado, para ejercer cualquier otro de los derechos de explotación previstos en la TRLPI, el usuario deberá contactar con el correspondiente titular o la entidad de gestión encargada de representar al titular.//";3/105708 //;http://bdh-rd.bne.es/viewer.vm?id=0000220795&page=1 **;http://bdh-rd.bne.es/text.vm?id=0000220795&first=1&last=19 **
bima0000036105;Bizarrón, Antonio -editor  //;;;Descripcion geografica historica de el reyno de Portugal;;;aumentada y corregida en esta segunda impression;à expensas de Antonio Bizarrón;;En Madrid;1707;15 p. , 4º ,;Geografía. Biografías. Historia // Atlas // Geografía //;;Datos de publicación tomados de colofón  // Fecha aproximada de impresión deducida de las fechas de actividad del editor  // Sign.: A⁸  //;Aguilar Piñal. Bib. S.XVIII T. IX, n. 1701  //;;;;;;;Geografía -- Obras anteriores a 1800 --  // Portugal -- Descripción --  //;;Madrid, España //;;;;;;;;;;;;;;;;;;;;;sp;spa;;;Libro;;GMm/1583 // GMm/1583 //;http://bdh-rd.bne.es/viewer.vm?id=0000000942 **
a4974616;Zanchi, Girolamo , 1516-1590  // Sturm, Johannes , 1507-1589  // Harnisch, Mathaeus -imp.  //;;;H. Zanchii Ad cuiusdam Ariani libellum cui titulus est, Antithesis doctrinæ Christi et Antichristi, de vno vero Deo responsio ad Joan. Sturmium V. Ampl. A.A.P.;Ad cuiusdam Ariani libellum cui titulus est, Antithesis doctrinæ Christi et Antichristi, de vno vero Deo  // Antithesis doctrinæ Christi et Antichristi, de vno vero Deo  //;;;typis M. Harnisch;;Neostadii Palatinorum;1592;[12], 98, [2] h. , 4º ,;Religión. Teología //;;Marca tipográfica en portada  // Sign.: α-γ⁴, A-Z⁴, 2A-2B⁴  // Verso de la última hoja en blanco  //;;;;;;;;Jesucristo -- Obras de controversia --  // Arrianismo --  //;;Neustadt an der Haardt, Alemania //;;;;;;;;;;;;;;;;;;;;;gw;lat;;;Libro;;U/5205 //;http://bdh-rd.bne.es/viewer.vm?id=0000079189&page=1 **;http://bdh-rd.bne.es/text.vm?id=0000079189&first=1&last=235 **
a5100806;Sala, Bernardo Clemente de  // Espinosa de los Monteros, Manuel , 1713-1781 -impresor  //;;;La mayor felicidad de España : elogio mysterioso, pronunciado en el Monasterio de Santa María de Cádiz;;por el ... Fr. Bernardo Clemente de Sala ... , día 17. de diciembre del año 1778;;por Don Manuél Espinosa de los Monteros, impresor de la Real Marina, Calle de San Francisco;;En Cadiz;entre 1778 y 1779?;38 p., [2] en bl. , 4º ,;Religión. Teología //;;Fechas de impresión tomadas de título y de los datos de actividad del impresor (fl. 1757-1779)  // Sign.: A-E⁴  // Iniciales xilográficas  //;Aguilar Piñal. Bib. S.XVIII v. 7, n. 2601  //;;;;;;;Sermones -- S.XVIII --  //;;Cádiz, España //;;;;;;;;;;;;;;;;;;;;;sp;spa;;;Libro;;VE/361/19 //;http://bdh-rd.bne.es/viewer.vm?id=0000084692&page=1 **;http://bdh-rd.bne.es/text.vm?id=0000084692&first=1&last=38 **
Mimo0001706944;Martínez Salazar, Andrés , 1846-1923  //;;;El cerco de La Coruña en 1589 y Mayor Fernández Pita : (apuntes y documentos);;A. Martínez Salazar;;Andrés Martínez, ed.  Tip. de la Sra. Viuda de Ferrer e Hijo;;La Coruña;1889;240, p., [2] h. pleg. de facs. , 19 cm ,;Biblioteca gallega //;;;;;;;;;;Pita, María --  // La Coruña -- Historia -- 1589 (Sitio) --  //;;;;;;;;"94(460)  //  929 Pita, María  //  94(460.111 C.)""1589""  //";;;;;;;;;;;;;;;sp;spa;;;Libro;;1/36980 // DGMICRO/29998 //;http://bdh-rd.bne.es/viewer.vm?id=0000243152&page=1 **;http://bdh-rd.bne.es/text.vm?id=0000243152&first=1&last=273 **
a4463041;Casas, Bartolomé de las , 1474-1566 -aut  // Winghe, Jodocus , ca. 1542-1603 aut  // Bry, Johann Theodor de , 1561-1623 -ed.  // Galler, Hieronymus , fl. 1610-1627 -ed.  //;;;Narratio regionum indicarum per hispanos quosdam deuastatarum verissima;;per Episcopum Bartolomaeum Casaum, natione Hispanum Hispanicè conscripta & Hispali Hispanicè, pòstalibi latinè excusa;Jam verò dennuò iconibus illustrata edita est;sumptibus Johan Theodo. de Bry : Typis Hieronymi Galleri;;Oppenheimii;1614;138 p., [2] en bl. , il. , 4º ,;;;"Sign.: A-Q⁴, R²  // Error de páginación, de p.11 pasa a p. 20  // Portada grabada calcográfica  // Ilustraciones calcográficas a lo largo del texto: ""Iodo a Wigne in."", alusivas al trato recibido por los indios durante la colonizacion de América  //";;;;;;;;Indios de América -- Trato recibido -- S.XVI --  // América española -- Historia -- 1492-1600 (Descubrimiento y conquista) --  //;;Oppenheim, Alemania //;;;;;;;;;;;;;;;;;;;;;gw;lat;;;Libro;;R/40217 //;http://bdh-rd.bne.es/viewer.vm?id=0000172864&page=1 **;http://bdh-rd.bne.es/text.vm?id=0000172864&first=1&last=142 **
a4563641;Fortuny y Madrazo, Mariano , 1871-1949  //;;;[Paisaje con bancales y árbol a la derecha];;;;s.n.;;[S.l.;entre 1890 y 1949?;1 estampa , aguafuerte y ruleta eléctrica con tinta bistre , huella de 79 x 127 en h. de 570 x 415 mm ,;;;"Tít. tomado de: Fortuny gravats. Palau Antiguitats. 2007  // Firma manuscrita a lápiz en el ángulo inferior derecho fuera de la plancha: ""Mariano Fortuny y Madrazo""  //";Fortuny gravats. Palau Antiguitats. 2007  // Tesoros al descubierto, 2009 p. 29  //;;;;;;;Paisaje --  //;Grabados de paisaje --  // Grabados calcográficos -- España -- S.XIX --  //;;;;;;;;;;;;;;;;;;;;;;sp;spa;;;Libro;;INVENT/80490 //;http://bdh-rd.bne.es/viewer.vm?id=0000143787 **
a5024075;Andres, Tomás de (O. de M.)  // Tirado, Félix -editor  // Monfort, Benito , 1715-1785 -impresor  // Monfort y Asensi, Manuel , 1736-1806 -dibujante  //;;;Pronostico de felicidades que anuncia a la monarquia de España la oracion panegirica gratulatoria que en ... la ... Proclamacion de nuestro ... Monarca D. Carlos Tercero;;"dixo en ... Castellón de la Plana el M.R.P. Fr. Thomas de Andres ... ; sacale a luz publica ... D. Felix Tirado ...";;por Benito Monfort, junto al Hospital de los Estudiantes;;En Valencia;1760;[10], 18 p. , il. , 4º ,;Religión. Teología // Cristianismo. Historia eclesiástica //;;"Sign.: A-C², D⁸  // Portada con viñeta xilográfica  // Iniciales grabadas (historiadas), frisos xilográficos y apostillas marginales  // Grabado calcográfico alegórico, con el escudo real, en cabecera de la p. [3], firmado: ""Monfort ft.""  //";Aguilar Piñal. Bib. S.XVIII v. 1, n. 1649  //;;;;;;;Carlos -- III, -- Rey de España -- Panegíricos // España --  //;Panegíricos //  //;Valencia, España //;;;;;;;;;;;;;;;;;;;;;sp;spa;;;Libro;;VE/361/22 //;http://bdh-rd.bne.es/viewer.vm?id=0000084693&page=1 **;http://bdh-rd.bne.es/text.vm?id=0000084693&first=1&last=28 **
a5183962;Marti de Prat, Francisco -aut -pra  // Generas, Francesc , 1727-1802 -impresor  // Cases, Francesc -dibujante  // Moles, Pascual Pedro , 1741-1797 -grabador  //;;;"Dissertacion sobre la antigua obra mosaica que se admira en el suelo de la Iglesia Parroquial del Arcangel San Miguel sita dentro la ciudad de Barcelona : con una estampa, en que no solo se publica el como actualmente se conserva ; si que se infiere en gran parte, y se evidencia el como estava antes";;escrita por Don Francisco Marti de Prat, sacerdote ...;;por Francisco Generas impresor, en la Bajada de la Carcel;;En Barcelona;1765;[4], XXXVII p., [1] h. de lám. pleg. , 4º ,;;;"Fecha de la licencia: 1765  // Sign.: A²²  // La hoja de lámina plegada es un grabado calcográfico, firmado: ""Fran.us Cases del. 1765"", ""P.P. Mòles sculp.""  //";Aguilar Piñal. Bib. S.XVIII v. 5, n. 3038  //;;;;;;;Mosaicos romanos -- España --  // Obras de arte -- Restauración -- Cataluña --  // Barcelona -- Restos arqueológicos romanos --  //;;Barcelona, España //;;;;;;738  //;;;;;;;;;;;;;;;sp;spa;;;Libro;;VE/319/15 //;http://bdh-rd.bne.es/viewer.vm?id=0000040430&page=1 **;http://bdh-rd.bne.es/text.vm?id=0000040430&first=1&last=46 **
a5445344;Villegas, Sancho de -redactor  // Quirós, Francisco Bernardo de -demandado  // Sánchez, Francisco , fl. 1641-1672 -impresor  //;España Chancillería de Granada Fiscal de Su Majestad  // Imprenta Real (Granada) -impresor  //;;Por la Iurisdicion Real. El Licenciado D. Sancho de Villegas, Fiscal de su Magestad en esta Real Chancilleria de Granada. Contra Francisco Bernardo de Quiros, preso en la carcel Real de esta Corte, por auer dado muerte aleuosa al Licenciado don Christoual Fernando de Martos, Clerigo Presbytero. Sobre si el Iuez Eclesiastico de esta Santa Iglesia y Arçobispado haze fuerça en conocer y proceder en esta causa contra los señores Alcaldes de el Crimen de esta Corte, en la causa de inmunidad Eclesiastica de que pretende valerse el dicho Francisco Bernardo;Por la Jurisdicion Real. El licenciado D. Sancho de Villegas, fiscal de su Majestad en esta Real Chancillería de Granada. Contra Francisco Bernardo de Quirós, preso en la cárcel Real de esta Corte, por aver dado muerte alevosa al licenciado don Christóval Fernando de Martos, clérigo presbítero. Sobre si el juez eclesiástico de esta santa Iglesia y Arzobispado hace fuerça en conocer y proceder en esta causa contra los señores Alcaldes de el Crimen de esta Corte, en la causa de inmunidad eclesiástica de que pretende valerse el dicho Francisco Bernardo  //;;;en la Imprenta Real  por Francisco Sánchez, enfrente del Hospital del Corpus;;En Granada;1656;14 h. , Fol. ,;;;"Se ha respetado la puntuación original  // Texto firmado por: ""Lic. Don Sancho de Villegas""  // Sign.: [A]-G²  // Portada con escudo xilográfico real  // Inicial grabada  //";;;;;;;;Conflictos de jurisdicción y competencia -- España --  // Inmunidad eclesiástica --  // Homicidio -- España -- Alegaciones en derecho --  //;Alegaciones en derecho --  //;Granada, España //;;;;;;;;;;;;;;;;;;;;;sp;spa;;;Libro;;PORCONES/901(22) //;http://bdh-rd.bne.es/viewer.vm?id=0000168298&page=1 **;http://bdh-rd.bne.es/text.vm?id=0000168298&first=1&last=15 **
bima0000014717;Alcedo y LLano, José Faustino de  // Peleguer, Manuel , m. 1831 -impresor -grabador  //;Orden Seglar Dominicana  //;;Elogio funebre que en las solemnes exequias que la Orden Tercera de Santo Domingo de esta ciudad, celebrò en la Iglesia de Predicadores el dia 21 de Mayo del año 1783, a la buena memoria de su director el V. P. presentado fr. Gabriel Ferrandiz, prior que fue de este real convento y difinidor de esta provincia;;"dixo el dr. dn. Joseph Faustino de Alcedo y LLano, colegial que fue en el mayor de S. Ildefonso, Universidad de Alcalà  ... ; publicalo, con las licencias necesarias, la misma Orden Tercera";;en la Fundicion è Imprenta de d. Manuel Peleguer, en la Plateria;;En Valencia;1784;[8], 84 p., [1] h. de lám. , 4º ,;Religión. Teología // Cristianismo. Historia eclesiástica //;;"Sign: *-**², A-K⁴, L²  // Portada con el verso en blanco  // Texto con apostillas marginales.  // La hoja de lámina que precede a la p. 1 es un grabado calcográfico: "" Verdadero retrato del V.P. Pre. F. Gabriel Ferrandiz"", firmado : ""M. Peleguer""  //";Aguilar Piñal. Bib. S.XVIII V. 1, n. 696  //;;;;;;;Ferrandiz, Gabriel -- Exequias --  // Exequias -- Valencia --  //;Panegíricos --  //;Valencia, España //;;;;;;;;;;;;;;;;;;;;;sp;spa;;;Libro;;VE/347/15 //;http://bdh-rd.bne.es/viewer.vm?id=0000085733&page=1 **;http://bdh-rd.bne.es/text.vm?id=0000085733&first=1&last=94 **
bima0000026784;Pablo de San Nicolás  //;;;Oracion funebre en las reales exequias que consagraron a la memoria de los ... Delphines de Francia Luis XVI y Maria Adelehida de Saboya nuestros catholicos Reyes Philipo V y Maria Gabriela ... en el Real Monasterio de San Geronimo de Madrid, el dia 19 de agosto de 1712;;dixola ... Pablo de San Nicolàs ...;;[s.n.];;En Madrid;1712;43 p. , 4º ,;Religión. Teología //;;Sign.: A-E⁴, F²  // Portada con orla tipográfica  // Texto con apostillas marginales  //;Aguilar Piñal. Bib. S.XVIII v. 6, n. 1728  //;;;;;;;Bourbon, Louis de, -- duc de Bourgogne, Dauphin de France -- Exequias --  // Savoia, Marie Adelaide di, -- duchesse de Bourgogne -- Exequias --  //;Sermones fúnebres //  //;Madrid, España //;;;;;;;;;;;;;;;;;;;;;sp;spa;;;Libro;;R/38672(2) // VE/1271/6 //;http://bdh-rd.bne.es/viewer.vm?id=0000076275&page=1 **;http://bdh-rd.bne.es/text.vm?id=0000076275&first=1&last=23 **
bima0000030376;Cirilo, Santo, Obispo de Jerusalén  //;;;S. Cyrilli Archiepiscopi hierosolymitani Opera que exstant omnia, et ejus nomine circumferuntur...;;illustrata... cura & studio... Antonii-Augustini Touttée... Benedictini... [En griego y latin];;Jacobus Vincent;;Parisiis;1720;8 h. + CCLXVIII-472 p. + 1 h. , Fol. mlla. ,;;;;;;;;;;;;;;;;;;;;;;;;;;;;;;;;;;fr;grc;;grc // lat //;Libro;;3/70562 //;http://bdh-rd.bne.es/viewer.vm?id=0000243175&page=1 **;http://bdh-rd.bne.es/text.vm?id=0000243175&first=1&last=637 **
bima0000030905;Cohaussen, Joannes Henrichus  //;;;Mausoleum gloriae politico-panegyricum... in quo principis pacis christiano-politici idea in gloriosae memoriae Principe Friderico Christiano Monasteriensium Episcopo sexagesimo Sistitur et appensis symbolicis nerae nobilitatis & praeclare gestorum imaginibus spectanda ex hibetur;;á Joanne Henrico Cohausen...;;Bartholomaeus Haustatt;;Coesfeldiae;1714;8 h. + 136 p. , 4º ,;;;;;;;;;;;;;;;;;;;;;;;;;;;;;;;;;;gw;lat;;;Libro;;3/71027 //;http://bdh-rd.bne.es/viewer.vm?id=0000243287&page=1 **;http://bdh-rd.bne.es/text.vm?id=0000243287&first=1&last=81 **
bima0000040004;José I, Rey de España  // Urquijo, Mariano Luis Vicente de , 1768-1817  //;España Rey (1808-1813: José I)  // España Rey (1808-1813: José I) Decreto, 1809-12-29  //;[Traslado, 1810-01-03] //;El Rey se ha servido expedir el Real Decreto siguiente: Extracto de las minutas de la Secretaria de Estado. En nuestro Palacio de Madrid á 29 de diciembre de 1809. Don Josef Napoleon ... Despues de haber ordenado por nuestros Decretos de 26 de Octubre y de este dia que se establezca en todas las capitales de Intendencias del Reyno ... casas de educacion dstinadas á la instruccion de la juventud de ambos sexôs ... visto el informe de nuestro Ministro del Interior ... hemos decretado y decretamos los siguiente ...;;;;[s.n.];;[S.l.];1810?;[3] h., [1] h. en bl. , 4º ,;;;"Traslado fechado el 3-1-1810 del Real Decreto con fecha 29-12-1809 firmado por el Ministro Secretario de Estado Mariano Luis de Urquijo  // Precede al título: “Ministerio de Hacienda. Bienes Nacionales""  // Título tomado del texto  // Se ha respetado la puntuación original  // Fecha de impresión tomada del traslado, firmado por el Conde de Cabarrus  //";;;;;;;;Educación --  // España -- Historia -- 1808-1814 (Guerra de la Independencia) --  //;;;;;;;;37  //  94(460)  //;;;;;;;;;;;;;;;sp;spa;;;Libro;;R/60922 //;http://bdh-rd.bne.es/viewer.vm?id=0000168900&page=1 **;http://bdh-rd.bne.es/text.vm?id=0000168900&first=1&last=8 **
bima0000042129;Fénelon, François de Salignac de La Mothe , 1651-1715  //;;;Abrege des vies des anciens philosophes : avec un recueil de leurs plus belles marimes;;Par M.D.F.;;[Al fin: G.F. Guillan Fils];;Paris;1726;4 h. 495 p. , 12º ,;;;"Encabezamiento tomado de: Pág. 496  // El boceto de esta obra es de Fenelón ; pero otro le dió forma, las vidas de Sócrates y Platón son del jesuita P. Jean Antoine du Cerceau.- J.M. Querard: Les supercheries litteraires devoilées. Paris, 1869. I, 931.- Biblioth. de la Compagnie de Jésus, par Carlos Sommervogel. Bruxelles, 1896, II, 977  //";;;;;;;;;;;;;;;;;;;;;;;;;;;;;;;fr;fre;;;Libro;;3/70510 //;http://bdh-rd.bne.es/viewer.vm?id=0000243163&page=1 **;http://bdh-rd.bne.es/text.vm?id=0000243163&first=1&last=511 **
bima0000043524;Fisher, George  //;;;"The Instructor or Young man's best companion containing spelling, reading, writing, and arithmetic ... ; To which is added, The family's best companion with Instructions for Marting ou Limen ...";Young man´s best companion  // The family´s best companion;by George Fisher ...;The twenty-seventh edition, corrected and improved;printed for T. Lougman, B. Law and son ...;;London;1794;"XII, 359 p.; [5] h. de lám. , 12º ,";Ciencias sociales // Educación. Enseñanza //;;Sign.: A⁶, B-Q¹²  // Las hojas de lámina son grabados calcográficos  //;;;;;;;;Educación --  //;;Londres, Reino Unido //;;;;;;;;;;;;;;;;;;;;;xx;eng;;;Libro;;U/7831 //;http://bdh-rd.bne.es/viewer.vm?id=0000096389&page=1 **;http://bdh-rd.bne.es/text.vm?id=0000096389&first=1&last=393 **
bima0000052412;Helvétius, Claude-Adrien  //;;;De l'homme, de ses facultés intellectuelles, et de son éducation;;"ouvrage posthume de M. Helvetius ; tome premier [-troisieme]";;chez la Société Typographique;;Londres;1792;"3 v. (XL, 152 p. ; [2], 198 p. ; 236 p.) , 12º mlla. ,";;;"Sign.: a¹², b⁸, A⁴, B-G¹² ; [ ]¹, A-H¹², I³ ; A-H¹², K¹⁰  //";;;;;;;;Educación --  // Ontología --  //;;Londres, Reino Unido //;;;;;;;;;;;;;;;;;;;;;xx;fre;;;Libro;;U/9595-U/9597 // U/9595_V.1 // U/9596_V.2 // U/9597_V.3 //;http://bdh-rd.bne.es/viewer.vm?id=0000235514&page=1 ** http://bdh-rd.bne.es/viewer.vm?id=0000235514&page=198 ** http://bdh-rd.bne.es/viewer.vm?id=0000235514&page=405 **;http://bdh-rd.bne.es/text.vm?id=0000235514&first=1&last=197 ** http://bdh-rd.bne.es/text.vm?id=0000235514&first=198&last=404 ** http://bdh-rd.bne.es/text.vm?id=0000235514&first=405&last=645 **
bima0000053857;Holden, Henry  //;;;Divinae Fidei analysis, seu De Fidei Christianae resolutione libri duo;;Auctore Henrico Holden... Adaditae sunt ejusdem Auctoris vita & aliguot Epistolae;Editio novissima, ... mendis repurgata...;J. Barbou;;Parisiis;1767;XXIV, 420 p. , 12º ,;;;;;;;;;;;;;;;;;;;;;;;;;;;;;;;;;;fr;lat;;;Libro;;3/70547 //;http://bdh-rd.bne.es/viewer.vm?id=0000243166&page=1 **;http://bdh-rd.bne.es/text.vm?id=0000243166&first=1&last=228 **
bima0000074750;Montiano y Luyando, Agustín de , 1697-1764 -aut  //;;;Dissertation sur les Tragedies Espagnoles;;Traduites de l'Espagnol de Don Augustin de Montiano y Luyando... par M. D'Hermilly;;Chez J.F. Quillau;;Paris;1754;2 t. en un v. , 12º mlla. ,;;;El trad. es Vaonette D'Hermilly  //;;;;;;;;;;;;;;;;;;;;;;;;;;;;;;;fr;fre;spa;fre //;Libro;;3/71077 //;http://bdh-rd.bne.es/viewer.vm?id=0000243308&page=1 **;http://bdh-rd.bne.es/text.vm?id=0000243308&first=1&last=258 **
bima0000087672;Possevino, Giovanni Battista , fl. 1593  //;;;Del oficio de Cvras : libro de oro...;;"compuesto en lengua latina por Juan Baptista Bernardino Posseuino... ; traducido en lengua Castellana por el Licenciado Domingo Bueno...";;[Por la Vda. de Luis Sanchez]  Imp. del Rey;;[S.l] , Madrid;1629;4 h., 351 f., 15 h. , 4º ,;;;;;;;;;;;;;;;;;;;;;;;;;;;;;;;;;;sp;spa;lat;spa //;Libro;;3/71035 //;http://bdh-rd.bne.es/viewer.vm?id=0000243293&page=1 **;http://bdh-rd.bne.es/text.vm?id=0000243293&first=1&last=274 **
bima0000102822;Sousa, Manuel Caetano de , 1658-1734  //;;;Opusculo Hispano-Latino Mariano-Jacobeo, por la tradición de la historia, en que se afirma la venida de Nuestra Señora en carne mortal á la ciudad de Zaragoza á visitar al apostol Santiago el Mayor, quien de su mandato, con assistencia de ángeles, y de sus discípulos, le erigio capilla, que es la que hasta oy con tanto culto se venera;;"fundado en la oración académico-mariana, en que... dio cuenta de sus estudios... Don Manuel Caetano de Sousa ; traducida de portugués en español ; con observaciones latinas á los dos anagramas latinos, sobre la Salutacion Angelica, y la Antifona Salve Regina, por Don Pedro Geronimo Hernández y Marzo";;[s.n.]  Juan de Zúñiga;;[S.l] , Madrid;1729;10 h., 280 p. , 4º ,;;;;;;;;;;;;;;;;;;;;;;;;;;;;;;;;;;sp;spa;por;spa //;Libro;;3/71050 //;http://bdh-rd.bne.es/viewer.vm?id=0000243297&page=1 **;http://bdh-rd.bne.es/text.vm?id=0000243297&first=1&last=156 **
bima0000107884;Metastasio, Pietro , 1698-1782  // Mojados, Lorenzo Francisco -impresor  //;;[Semiramide riconosciuta. Español] //;Semiramis conocida: opera dramatica para representarse en el Real Coliseo del Buen-Retiro, festejandose el gloriosissimo dia natalicio de su magestad catholica el rey nuestro señor D. Fernando VI, por orden de su magestad catholica la reyna nuestra señora, año de MDCCLIII;;;;en la imprenta de Lorenzo Mojados, calle angosta de S. Bernardo;;En Madrid;1753;179 p. , 4º ,;;;Portada adicional y texto también en italiano  // Lugar y nombre del impresor tomados del colofón  // Fecha probable de impresión deducida del título  //;;;;;;;;;Libretos --  //;Madrid, España //;;;;;;782  //  782.1.089  //  821.131.1-2  //;;;;;;;;;;;;;;;sp;spa;ita;spa // ita //;Libro;;T/19861 //;http://bdh-rd.bne.es/viewer.vm?id=0000227717&page=1 **;http://bdh-rd.bne.es/text.vm?id=0000227717&first=1&last=180 **
bimo0000658684;;;;Primer certamen convocado por la redacción de El Profesorado;;;;[s.n.]  Imp. de Paulino Ventura Sabatel;;[S.l.] , Granada;1877;48 p. , 21 cm ,;Ciencias aplicadas. Tecnología // Agricultura. Selvicultura. Ganaderia. Caza. Pesca //;;;;;;;;;;Pedagogía --  //;;;;;;;;37.013  //;;;;;;;;;;;;;;;sp;spa;;;Libro;;VC/2704/8 //;http://bdh-rd.bne.es/viewer.vm?id=0000075297&page=1 **;http://bdh-rd.bne.es/text.vm?id=0000075297&first=1&last=54 **
bimo0000920277;Giner de los Ríos, Francisco , 1839-1915  //;;;Ensayos sobre educación;;por Francisco Giner de los Rios;;Ediciones de La Lectura;;[Madrid];1913;XV, 354 p., , 23 cm ,;Ciencia y educación. Sección general //;;;;;;;;;;Educación --  //;;;;;;;;37  //  37 (081) Giner de los Ríos, Francisco  //;;;;;;;;;;;;;;;sp;spa;;;Libro;;1/70251 //;http://bdh-rd.bne.es/viewer.vm?id=0000202921&page=1 **;http://bdh-rd.bne.es/text.vm?id=0000202921&first=1&last=381 **
bimo0001130691;Navarrete, Ramón de , 1818-1897  // Blasco, Eusebio , 1844-1903  //;;;Madrid por dentro y por fuera guía de forasteros incautos;;dirigido por Eusebio Blasco, y escrito por Asmodeo, A. Sánchez Pérez, Andrés Corzuelo ... [et al.];;A. de San Martín :  Agustín Jubera;;Madrid;1873;507 p. , 22 cm ,;;;;;;;;;;;Madrid -- Descripción --  // Madrid -- Usos y costumbres --  //;;;;;;;;"821.134.2-92""18""  //  39(460.27 M.)""18""(0:82)  //  913(460.27 M.)""18""  //";;;;;;;;;;;;;;;sp;spa;;;Libro;;DGMICRO/12794 // 1/39883 //;http://bdh-rd.bne.es/viewer.vm?id=0000243149&page=1 **;http://bdh-rd.bne.es/text.vm?id=0000243149&first=1&last=517 **
bimo0001154267;Martínez Baselga, Pedro , 1862-1925  //;;;Sociología y Pedagogía;;por Pedro Martínez Baselga;;[s.n.]  Gambón;;[S.l.] , Zaragoza;1932;193, IV p. , 21 cm ,;;;;;;;;;;;Pedagogía --  // España -- Situación social --  //;;;;;;;;37.013  //  308(460)  //;;;;;;;;;;;;;;;sp;spa;;;Libro;;2/88921 //;http://bdh-rd.bne.es/viewer.vm?id=0000231668&page=1 **;http://bdh-rd.bne.es/text.vm?id=0000231668&first=1&last=215 **
bimo0001201660;Mora, José Joaquín de , 1783-1864  //;;[Poesía] //;Poesías;;de José Joaquín de Mora;;Librería de Feros;;Cádiz;1836;250 p. , 16 cm ,;;;;;;;;;;;;;;;;;;;"821.134.2-14""18""  //";;;;;;;;;;;;;;;sp;spa;;;Libro;;1/35881 // DGMICRO/31810 //;http://bdh-rd.bne.es/viewer.vm?id=0000243150&page=1 **;http://bdh-rd.bne.es/text.vm?id=0000243150&first=1&last=263 **
bimo0001366813;Dorio de Gádex , 1887-1924  // Dorio de Gádex , 1887-1924  //;;;Tregua : novela;Bello propósito;"Dorio de Gádex ; prólogo de Adolfo Bonilla y San Martín";;[s.n.];;[S.l.];1908;100 p. , 1 retr. , 19 cm ,;;;Incluye (p. [97]-100): Bello propósito  //;;;;;;;;;;;;;;;;"821.134.2-32""18""  //";;;;;;;;;;;;;;;sp;spa;;;Libro;;DGMICRO/1550 // 1/41930 //;http://bdh-rd.bne.es/viewer.vm?id=0000243159&page=1 **;http://bdh-rd.bne.es/text.vm?id=0000243159&first=1&last=125 **
bimo0001369033;Ribot y Fontseré, Antonio  //;;[El romancero del Conde-Duque] //;El romancero del Conde-Duque o La nueva rejencia;La nueva rejencia  //;por A. Ribot y Fontseré;;Librería de Ignacio Oliveres;;Barcelona;1842;246 p. , 14 cm ,;;;;;;;;;;;Espartero, Baldomero -- Poesías --  // España -- Historia -- 1833-1840 (Regencia de María Cristina de Borbón) -- Poesías --  //;;;;;;;;"821.134.2-1  //  821.134.2-14""18""  //  929 Espartero, Baldomero (0:82)  //  94(460)""1833/40""(0:82)  //";;;;;;;;;;;;;;;sp;spa;;;Libro;;DGMICRO/36722 // 1/41438 //;http://bdh-rd.bne.es/viewer.vm?id=0000243158&page=1 **;http://bdh-rd.bne.es/text.vm?id=0000243158&first=1&last=271 **
bimo0001425093;Saralegui y Medina, Leandro de , 1839-1910  //;;;Tratado de economía política;;por Leandro de Saralegui y Medina;2ª ed.;[s.n.]  Estab. Tip. de R. Pita;;[S.l.] , Ferrol;1885;402 p. , 26 cm ,;;;;;;;;;;;Economía --  //;;;;;;;;33  //;;;;;;;;;;;;;;;sp;spa;;;Libro;;1/42627 // DGMICRO/16694 //;http://bdh-rd.bne.es/viewer.vm?id=0000243298&page=1 **;http://bdh-rd.bne.es/text.vm?id=0000243298&first=1&last=431 **
bimo0001430147;Fontanella, Agustín , 1873-1944  //;;;¡Venganza! drama nacional, en dos actos y diez cuadros;;original de Agustín Fontanella;;Andrés Pérez;;Buenos Aires;1910;39 p. , 1 retr. , 18 cm ,;;;;;;;;;;;;;;;;;;;"821.134.2(82)-23""19""  //";;;;;;;;;;;;;;;ag;spa;;;Libro;;1/237228 //;http://bdh-rd.bne.es/viewer.vm?id=0000206525&page=1 **;http://bdh-rd.bne.es/text.vm?id=0000206525&first=1&last=43 **
