idBNE;Autor Personas;Autor Entidades;Título uniforme;Título;Otros Títulos;Información asociada al título;Edición;Editorial;Editor musical;Lugar de publicación;Fecha de publicación;Descripción física;Serie;Contenido;Descripción y notas;Citas o referencias;transcripciones de interés;Procedencia;Intérpretes;Resumen;Premios;Periodicidad;Tema;Género/Forma;Lugar relacionado;Forma de la composición sonora;Forma de la composición notada;tipo material cartográfico;Proyección del mapa;Escala del mapa;CDU;Otra clasificación;id registros relacionados;información asociada a registros relacionados;id otras ediciones;información asociada a otras ediciones;id título anterior;información asociada a título anterior;id título posterior;información asociada a título posterior;ISBN;ISSN;Depósito Legal;Otros Números Normalizados;Número Bibliografía Nacional;País de publicación;Lengua de publicación;Lengua original;otras lenguas;Tipo de documento;Condiciones de uso;signatura;version_digital;texto_OCR
bimo0001104865;Linares Rivas, Manuel , 1867-1938  //;;;Los Rikaldy Tragicomedia en tres actos;;Manuel Linares Rivas y Astray y José de Urquía;;[Prensa popular];;Madrid;1924;106 p. , 8º mlla. (19 cm) ,;;;;;;;;;;;;;;;;;;;;;;;;;;;;;;;;;;sp;spa;;;Libro;;T/28422 //;http://bdh-rd.bne.es/viewer.vm?id=0000248230&page=1 **;http://bdh-rd.bne.es/text.vm?id=0000248230&first=1&last=123 **
bimo0001104869;Linares Rivas, Manuel , 1867-1938  //;;;Sancho Avendaño Drama en tres actos;;Manuel Linares Rivas;1ª ed.;"""La Enseñanza""";;Madrid;1930;76 p. , 19 cm ,;;;;;;;;;;;;;;;;;;;;;;;;;;;;;;;;;;sp;spa;;;Libro;;T/29700 //;http://bdh-rd.bne.es/viewer.vm?id=0000248235&page=1 **;http://bdh-rd.bne.es/text.vm?id=0000248235&first=1&last=85 **
bimo0001115241;López Silva, José , 1861-1925  // Díaz Huertas , 1866-1937  //;;;Gente de tufos coleccion de poesías;;"J. López Silva ; con un prólogo de Vicente Blasco Ibáñez ; ilustraciones de Huertas, Sileno, Sancha... [et al.]";;Librería de Fernando Fe;;Madrid;1905;243 p. , il. , 19 cm ,;;;;;;;;;;;;;;;;;;;"821.134.2-14""18""  //";;;;;;;;;;;;;;;sp;spa;;;Libro;;1/22445 // DGMICRO/32280 //;http://bdh-rd.bne.es/viewer.vm?id=0000242924&page=1 **;http://bdh-rd.bne.es/text.vm?id=0000242924&first=1&last=252 **
bimo0001115242;López Silva, José , 1861-1925  // Bueno, Manuel , 1874-1936  //;;;Los hijos de Madrid;;"J. López Silva ; prólogo de Manuel Bueno";;Librería de Fernando Fé;;Madrid;1910;XVI, 230 p. , 19 cm ,;;;;;;;;;;;;;;;;;;;"821.134.2-14""18""  //";;;;;;;;;;;;;;;sp;spa;;;Libro;;1/57147 // DGMICRO/37273 //;http://bdh-rd.bne.es/viewer.vm?id=0000245179&page=1 **;http://bdh-rd.bne.es/text.vm?id=0000245179&first=1&last=263 **
bimo0001115245;López Silva, José , 1861-1925  //;;;Los Madriles;;con un prólogo de Jacinto Octavio Picón;2ª ed.;[s.n.]  Tipografia de los Hijos de M.G. Hernandez;;Madrid;1898;p. , 8º m. ,;;;;;;;;;;;;;;;;;;;;;;;;;;;;;;;;;;sp;spa;;;Libro;;DGMICRO/63600 //;http://bdh-rd.bne.es/viewer.vm?id=0000050021&page=1 **;http://bdh-rd.bne.es/text.vm?id=0000050021&first=1&last=248 **
bimo0001117982;Lozano de Vilchez, Enriqueta , 1829-1895  //;;;Un mar sin puerto;;Enriqueta Lozano;;López-Guevara;;Granada;1926;636 p. , 21 cm ,;;;;;;;;;;;;;;;;;;;"821.134.2-31""18""  //";;;;;;;;;;;;;;;sp;spa;;;Libro;;10/187768 // DGMICRO/64172 //;http://bdh-rd.bne.es/viewer.vm?id=0000244752&page=1 **;http://bdh-rd.bne.es/text.vm?id=0000244752&first=1&last=647 **
bimo0001125584;Llorens Asensio, Vicente , 1869-1930  //;;;Los restos de Colón defensa de la autenticidad de los que reposan en la Catedral de Sevilla;;por Vicente Llorens Asensio;;[s.n.]  Tip. de E. López y Cª;;[S.l.] , Sevilla;1899;88 p. , 16 cm ,;Hispanoamérica // Geografía. Biografías. Historia // Biografías. Heráldica. Genealogía //;;;;;;;;;;Colón, Cristóbal -- Muerte y entierro --  //;;;;;;;;929 Colón, Cristóbal  //;;;;;;;;;;;;;;;sp;spa;;;Libro;;VC/365/7 //;http://bdh-rd.bne.es/viewer.vm?id=0000094542&page=1 **;http://bdh-rd.bne.es/text.vm?id=0000094542&first=1&last=96 **
bimo0001130064;Madariaga, José María de , 1853-1934  //;;;Telegrafía y Telefonía eléctricas sin conductores;;por J.M. de Madariaga;;[s.n.]  Est. tip. de E. Teodoro;;Madrid;1899;30 p. , 24 cm ,;;;;;;;;;;;;;;;;;;;;;;;;;;;;;;;;;;sp;spa;;;Libro;;VC/2680/60 //;http://bdh-rd.bne.es/viewer.vm?id=0000248286&page=1 **;http://bdh-rd.bne.es/text.vm?id=0000248286&first=1&last=35 **
bimo0001138678;Urcullu, José de , 1790-1852  //;;;El manto verde de Venecia : historia verdadera;;traducida del inglés por José Urcullu;;[s.n.]  Imp. de la Viuda e Hijos de Gorchs;;[S.l.] , Barcelona;1831;88 p., [1] h. de lám. , 15 cm ,;;;;;;;;;;;;;;;;;;;"821.111-32""18""  //";;;;;;;;;;;;;;;sp;spa;eng;spa //;Libro;;2/3023 //;http://bdh-rd.bne.es/viewer.vm?id=0000107405&page=1 **;http://bdh-rd.bne.es/text.vm?id=0000107405&first=1&last=101 **
bimo0001160968;Maseras, Alfons , 1884-1939  //;;;Eglogues seguides de El poema dels camins;;;;[s.n.]  Oliva de Vilanova, imp.;;Barcelona;1918;72 p. , grab. col. , 23 cm ,;;;;;;;;;;;;;;;;;;;"849.9-14""19""  //";;;;;;;;;;;;;;;sp;cat;;;Libro;;VC/12681/13 //;http://bdh-rd.bne.es/viewer.vm?id=0000253207&page=1 **;http://bdh-rd.bne.es/text.vm?id=0000253207&first=1&last=73 **
bimo0001169358;Medina, Vicente , 1866-1937  //;Ateneo de Madrid  //;;Velada poética;;por Vicente Medina, presentación de D. Miguel de Unamuno, el 13 de febrero 1932;;Bolaños y Aguilar;;Madrid;1932;15 p. , 22 cm ,;;;Sin portada. Los datos constan al principio y al fin del folleto  // Precede al tít.: Ateneo de Madrid  //;;;;;;;;;;;;;;;;;;;;;;;;;;;;;;;sp;spa;;;Libro;;VC/1675/17 //;http://bdh-rd.bne.es/viewer.vm?id=0000228045&page=1 **;http://bdh-rd.bne.es/text.vm?id=0000228045&first=1&last=25 **
bimo0001178521;Mesa, Enrique de , 1878-1929  //;;;Flor pagana;;Enrique de Mesa;;"[s.n.]  Tip. de la ""Revista de Archivos""";;[S.l.] , Madrid;1905;174 p. , 19 cm ,;;"Bíblica ; Serranas ; De la vida ; Del ensueño//";;;;;;;;;;;;;;;;;"821.134.2-34""19""  //";;;;;;;;;;;;;;;sp;spa;;;Libro;;1/23474 // DGMICRO/53199 //;http://bdh-rd.bne.es/viewer.vm?id=0000244560&page=1 **;http://bdh-rd.bne.es/text.vm?id=0000244560&first=1&last=191 **
bimo0001178527;Mesa, Enrique de , 1878-1929  //;;;Tierra y alma;;Enrique de Mesa;;[s.n.]  Imp. Ibérica;;Madrid;1906;100 p. , 17 cm ,;;;;;;;;;;;;;;;;;;;"821.134.2-1  //  821.134.2-14""19""  //";;;;;;;;;;;;;;;sp;spa;;;Libro;;1/62440 // DGMICRO/52288 //;http://bdh-rd.bne.es/viewer.vm?id=0000245457&page=1 **;http://bdh-rd.bne.es/text.vm?id=0000245457&first=1&last=119 **
bimo0001178528;Mesa, Enrique de , 1878-1929  //;;;Tragicomedia;;por Enrique de Mesa;;[s.n.]  Viuda de Rodríguez Serra;;[S.l.] , Madrid;1910;94 p. , il. , 13 cm ,;Biblioteca Mignon, 54 //;;;;;;;;;;;;;;;;;;"821.134.2-3  //  821.134.2-32""19""  //";;;;;;;;;;;;;;;sp;spa;;;Libro;;4/1800 // DGMICRO/53060 //;http://bdh-rd.bne.es/viewer.vm?id=0000246497&page=1 **;http://bdh-rd.bne.es/text.vm?id=0000246497&first=1&last=111 **
bimo0001191157;Miró, Gabriel , 1879-1930  //;;;Glosas de Sigüenza;;Gabriel Miró;;Espasa-Calpe Argentina;;"Buenos Aires ;México";1952;148 p. , 18 cm ,;Colección Austral, 1102 //;;;;;;;;;;;;;;;;;;"821.134.2-4""19""  //  821.134.2-4/-9  //";;;;;;;;;;;;;;;ag;spa;;;Libro;;VC/2615/2 //;http://bdh-rd.bne.es/viewer.vm?id=0000203297&page=1 **;http://bdh-rd.bne.es/text.vm?id=0000203297&first=1&last=82 **
bimo0001191171;Miró, Gabriel , 1879-1930  //;;;La mujer de Ojeda : (ensayo de novela);;"Gabriel Miró ; prefacio de L. Pérez Bueno";;[s.n.]  Imp. de Juan José Carratalá;;[S.l.] , Alicante;1901;XII, 304 p. , 19 cm ,;;;;;;;;;;;;;;;;;;;"821.134.2-31""19""  //";;;;;;;;;;;;;;;sp;spa;;;Libro;;1/19273 // DGMICRO/26290 //;http://bdh-rd.bne.es/viewer.vm?id=0000244257&page=1 **;http://bdh-rd.bne.es/text.vm?id=0000244257&first=1&last=333 **
bimo0001191181;Miró, Gabriel , 1879-1930  //;;;Nuestro Padre San Daniel : novela de capellanes y devotos;;Gabriel Miró;[1ª ed. con retrato y autógrafo del autor];[s.n.]  Imp. Clásica Española;;[S.l.] , Madrid;1921;343 p. , 1 retr. , 16 cm ,;Publicaciones Atenea, v. 35 // Autores españoles, v. 12 //;;;;;;;;;;;;;;;;;;"821.134.2-31""19""  //";;;;;;;;;;;;;;;sp;spa;;;Libro;;1/80908 // DGMICRO/57338 //;http://bdh-rd.bne.es/viewer.vm?id=0000245628&page=1 **;http://bdh-rd.bne.es/text.vm?id=0000245628&first=1&last=361 **
bimo0001191182;Miró, Gabriel , 1879-1930  //;;;Nuestro Padre San Daniel : (novela de capellanes y devotos);;;2ª ed.;Biblioteca Nueva;;Madrid;1930;298 p. , 19 cm ,;Obras Completas de Gabriel Miró, v. IX // Miró, Gabriel //;;;;;;;;;;;;;;;;;;"821.134.2-31""19""  //";;;;;;;;;;;;;;;sp;spa;;;Libro;;7/94946 //;http://bdh-rd.bne.es/viewer.vm?id=0000251056&page=1 **;http://bdh-rd.bne.es/text.vm?id=0000251056&first=1&last=309 **
bimo0001191189;Miró, Gabriel , 1879-1930  //;;;El Obispo leproso : novela : segunda parte de nuestro padre San Daniel;;;3ª ed.;Biblioteca Nueva;;Madrid;1928;332 p. , 20 cm ,;Obras Completas de Gabriel Miró, v. X // Miró, Gabriel //;;;;;;;;;;;;;;;;;;"821.134.2-31""19""  //";;;;;;;;;;;;;;;sp;spa;;;Libro;;7/94632 //;http://bdh-rd.bne.es/viewer.vm?id=0000251052&page=1 **;http://bdh-rd.bne.es/text.vm?id=0000251052&first=1&last=355 **
bimo0001191190;Miró, Gabriel , 1879-1930  //;;;El obispo leproso : novela : segunda parte de nuestro padre San Daniel;;;4ª ed.;Biblioteca Nueva;;Madrid;1928;314 p. , 18 cm ,;Obras completas de Gabriel Miró, v. X // Miró, Gabriel //;;;;;;;;;;;;;;;;;;"821.134.2-31""19""  //";;;;;;;;;;;;;;;sp;spa;;;Libro;;7/119902 //;http://bdh-rd.bne.es/viewer.vm?id=0000251045&page=1 **;http://bdh-rd.bne.es/text.vm?id=0000251045&first=1&last=329 **
bimo0001195044;Molina y Rico, Joaquín  //;;;Apuntes historicos de Segovia;;;;s.n.]  Imp. Provincial;;[Segovia;1888;p. , 4º ,;;;"sin paginación  // El autor se reserva publicar la 2ª pte. de esta obra segun la ""advertencia"" que pone al fin  //";;;;;;;;;;;;;;;;;;;;;;;;;;;;;;;sp;spa;;;Libro;;DGMICRO/62899 //;http://bdh-rd.bne.es/viewer.vm?id=0000079304&page=1 ** http://bdh-rd.bne.es/viewer.vm?id=0000079304&page=205 **;http://bdh-rd.bne.es/text.vm?id=0000079304&first=1&last=204 ** http://bdh-rd.bne.es/text.vm?id=0000079304&first=205&last=408 **
bimo0001206460;Moreno Campo, Gabriel  //;;;Canales interoceánicos del Darien al Tehuantepec : estudio presentado al Congreso Hispanoamericano;;por Gabriel M. Campo;;[s.n.]  Estab. Tip. de Antonio Marzo;;[S.l.] , Madrid;1900;16 p., 2 h. pleg. , 15 cm ,;Hispanoamérica // Ciencias aplicadas. Tecnología // Ingeniería. Minería //;;;;;;;;;;Canal de Panamá --  //;;;;;;;;626.9(265.159)  //  (728.7)  //;;;;;;;;;;;;;;;sp;spa;;;Libro;;HA/15188 //;http://bdh-rd.bne.es/viewer.vm?id=0000096290&page=1 **;http://bdh-rd.bne.es/text.vm?id=0000096290&first=1&last=22 **
bimo0001218006;Mur Ventura, Luis , 1878-1939  //;;;Genealogía de los Mur;;;;[s.n.]  Tip. de la Rev. de Archivos, Bibliotecas y Museos;;Madrid;1927;81 p. , 25 cm ,;;;;;;;;;;;Mur (Familia) -- Genealogía --  //;;;;;;;;929.2 Mur  //;;;;;;;;;;;;;;;sp;spa;;;Libro;;VC/13300/17 //;http://bdh-rd.bne.es/viewer.vm?id=0000253211&page=1 **;http://bdh-rd.bne.es/text.vm?id=0000253211&first=1&last=87 **
bimo0001223747;Nata Gayoso, Luis , n. 1827  //;;;Programa de las nociones de ciencias naturales para las escuelas de 1ª enseñanza;;por Luis Nata y Gayoso;[3ª ed.];Librería de Juan Bastinos e Hijo, editores;;Barcelona;1866;110 p. , 16 cm ,;Ciencia Natural //;;;;;;;;;;Ciencias naturales --  //;;;;;;;;502/504  //;;;;;;;;;;;;;;;sp;spa;;;Libro;;2/3002 //;http://bdh-rd.bne.es/viewer.vm?id=0000076835&page=1 **;http://bdh-rd.bne.es/text.vm?id=0000076835&first=1&last=114 **
bimo0001244244;;;;Novena en honra y culto del Sagrado Corazón de María;;;;[s.n.]  Pedro Martínez;;[S.l.] , Habana;1835;19 p. , 16 cm ,;Hispanoamérica // Religión. Teología // Teología //;;;;;;;;;;Sagrado Corazón de María -- Novenas --  //;;;;;;;;(729.1)  //  243  //;;;;;;;;;;;;;;;cu;spa;;;Libro;;HA/15157 //;http://bdh-rd.bne.es/viewer.vm?id=0000123033&page=1 **;http://bdh-rd.bne.es/text.vm?id=0000123033&first=1&last=26 **
bimo0001246309;Núñez de Arce, Gaspar , 1834-1903  //;;;Discurso leído por el Excmo. Señor D. Gaspar Núñez de Arce el día 8 de noviembre de 1886 en el Ateneo Científico y Literario de Madrid con motivo de la apertura de sus cátedras;;;;"[s.n.]  Estab. Tip. ""Sucesores de Rivadeneyra""";;[S.l.] , Madrid;1886;54 p. , 24 cm ,;;;;;;;;;;;Nacionalismo -- Cataluña -- S.XIX --  // Nacionalismo -- País Vasco -- S.XIX --  // Nacionalismo -- Galicia --  //;;;;;;;;"323.17(460.11)""18""  //  323.17(460.15)""18""  //  323.17(460.23)""18""  //";;;;;;;;;;;;;;;sp;spa;;;Libro;;VC/411/31 // DGMICRO/32534 //;http://bdh-rd.bne.es/viewer.vm?id=0000247244&page=1 **;http://bdh-rd.bne.es/text.vm?id=0000247244&first=1&last=59 **
bimo0001246344;Núñez de Arce, Gaspar , 1834-1903  // Carcedo Martín, Primitivo , 1856- -ilustrador  //;;;Sancho Gil : (novela fantástica);;"Gaspar Núñez de Arce ; ilust. de P. Carcedo";;B. Rodríguez Serra;;Madrid;1901;112 p. , il. , 14 cm ,;Biblioteca Mignon, 16 //;;;;;;;;;;;;;;;;;;"821.134.2-32""18""  //";;;;;;;;;;;;;;;sp;spa;;;Libro;;5/14415<16> //;http://bdh-rd.bne.es/viewer.vm?id=0000251026&page=1 **;http://bdh-rd.bne.es/text.vm?id=0000251026&first=1&last=139 **
bimo0001246356;Núñez de Arce, Gaspar , 1834-1903  //;;;La selva oscura : Poema;;;24ª ed.;Hijos de M.G. Hernández;;Madrid;1898;p. , 8º m. ,;;;;;;;;;;;;;;;;;;;;;;;;;;;;;;;;;;sp;spa;;;Libro;;DGMICRO/63543 //;http://bdh-rd.bne.es/viewer.vm?id=0000050025&page=1 **;http://bdh-rd.bne.es/text.vm?id=0000050025&first=1&last=64 **
bimo0001246369;Núñez de Arce, Gaspar , 1834-1903  //;;;Última lamentación de Lord Byron;;Gaspar Núñez de Arce;;[s.n.]  Imp. de Thompson y Moreau;;[S.l.] , New York;1879;52 p. , il. , 21 cm ,;;;;;;;;;;;;;;;;;;;"821.134.2-14""18""  //";;;;;;;;;;;;;;;xx;spa;;;Libro;;VC/2547/7 //;http://bdh-rd.bne.es/viewer.vm?id=0000250360&page=1 **;http://bdh-rd.bne.es/text.vm?id=0000250360&first=1&last=61 **
bimo0001246380;Núñez de Arce, Gaspar , 1834-1903  //;;;El vértigo : poema;;Gaspar Núñez de Arce;52ª ed.;[s.n.]  Tip. Católica;;Madrid;1920;39 p. , 19 cm ,;;;;;;;;;;;;;;;;;;;"821.134.2-14""18""  //";;;;;;;;;;;;;;;sp;spa;;;Libro;;VC/1795/3 //;http://bdh-rd.bne.es/viewer.vm?id=0000250336&page=1 **;http://bdh-rd.bne.es/text.vm?id=0000250336&first=1&last=43 **
bimo0001246381;Núñez de Arce, Gaspar , 1834-1903  //;;;La visión de Fray Martin poema;;Gaspar Núñez de Arce;27ª ed.;Librería de Mariano Murillo  Librería de Fernando Fe;;Madrid;1880;64 p. , 20 cm ,;;;;;;;;;;;;;;;;;;;"821.134.2-14""18""  //";;;;;;;;;;;;;;;sp;spa;;;Libro;;1/244348 // DGMICRO/50874 //;http://bdh-rd.bne.es/viewer.vm?id=0000244343&page=1 **;http://bdh-rd.bne.es/text.vm?id=0000244343&first=1&last=67 **
bimo0001254062;;;;Opúsculo sobre la vida militar y política del conquistador de Nueva-España Hernan Cortés ... y descripción de la casa donde murió, propiedad de SS. AA. RR. los Sermos. Sres. Infantes Duques de Montpensier;;por D. M.M.B.;;[s.n.]  Francisco Alvarez y Cª, impresores de SS. AA. RR. y honorarios de Cámara de S. M.;;[S.l.] , Sevilla;1855;93 p. , 16 cm ,;Hispanoamérica // Geografía. Biografías. Historia // Biografías. Heráldica. Genealogía //;;;;;;;;;;Cortés, Hernán --  //;;;;;;;;(72)  //  929 Cortés, Hernán  //;;;;;;;;;;;;;;;sp;spa;;;Libro;;HA/15155 //;http://bdh-rd.bne.es/viewer.vm?id=0000084681&page=1 **;http://bdh-rd.bne.es/text.vm?id=0000084681&first=1&last=98 **
bimo0001265300;Orts Ramos, Tomás , 1866-1939  //;;;Chicuelo;;Uno al sesgo [seud.];;Alfa;;Madrid;1922;24 p. , 19 cm ,;;;;;;;;;;;Jiménez Moreno, Manuel --  //;;;;;;;;;;;;;;;;;;;;;;;sp;spa;;;Libro;;VC/13830/1 //;http://bdh-rd.bne.es/viewer.vm?id=0000253216&page=1 **;http://bdh-rd.bne.es/text.vm?id=0000253216&first=1&last=27 **
bimo0001265310;Orts Ramos, Tomás , 1866-1939  //;;;Félix Rodríguez Ruiz;;por Uno al Sesgo [seud.];;La Fiesta Brava;;Barcelona;1929;[24] p. , il. , 18 cm ,;Los ases del toreo //;;;;;;;;;;Rodríguez, Félix --  //;;;;;;;;;;;;;;;;;;;;;;;sp;spa;;;Libro;;VC/13744/3 //;http://bdh-rd.bne.es/viewer.vm?id=0000253213&page=1 **;http://bdh-rd.bne.es/text.vm?id=0000253213&first=1&last=27 **
bimo0001265314;Orts Ramos, Tomás , 1866-1939  //;;;"Francisco Vega de los Reyes ""Gitanillo de Triana""";;por Uno al Sesgo [seud.];;La Fiesta Brava;;Barcelona;1929;[24] p. , 18 cm ,;Los ases del toreo //;;;;;;;;;;Vega de los Reyes, Francisco --  //;;;;;;;;;;;;;;;;;;;;;;;sp;spa;;;Libro;;VC/13830/5 //;http://bdh-rd.bne.es/viewer.vm?id=0000253219&page=1 **;http://bdh-rd.bne.es/text.vm?id=0000253219&first=1&last=27 **
bimo0001265321;Orts Ramos, Tomás , 1866-1939  //;;;José Ortiz Puga;;Uno al sesgo [seud.];;Edic. de la Fiesta Brava;;[Barcelona];1931;[24] p. , 19 cm ,;;;;;;;;;;;Ortiz Puga, José --  //;;;;;;;;;;;;;;;;;;;;;;;sp;spa;;;Libro;;VC/13760/3 //;http://bdh-rd.bne.es/viewer.vm?id=0000253214&page=1 **;http://bdh-rd.bne.es/text.vm?id=0000253214&first=1&last=27 **
bimo0001265325;Orts Ramos, Tomás , 1866-1939  //;;;Juan Belmonte García;;Uno al sesgo [seud.];;Librería Granada;;Barcelona;1920;31 p. , 19 cm ,;;;;;;;;;;;Belmonte, Juan --  //;;;;;;;;;;;;;;;;;;;;;;;sp;spa;;;Libro;;VC/13760/6 //;http://bdh-rd.bne.es/viewer.vm?id=0000253238&page=1 **;http://bdh-rd.bne.es/text.vm?id=0000253238&first=1&last=35 **
bimo0001265328;Orts Ramos, Tomás , 1866-1939  //;;;Luis Freg;;Uno al sesgo [seud.];;Gas Hnos. & Mercader;;Barcelona;1921;32 p. , 19 cm ,;;;;;;;;;;;Freg, Luis --  //;;;;;;;;;;;;;;;;;;;;;;;sp;spa;;;Libro;;VC/13830/2 //;http://bdh-rd.bne.es/viewer.vm?id=0000253217&page=1 **;http://bdh-rd.bne.es/text.vm?id=0000253217&first=1&last=31 **
bimo0001265351;Orts Ramos, Tomás , 1866-1939  //;;;Varelito;;Uno al Sesgo [Seud.;;Gas Hnos. & Mercader;;Barcelona;1921;32 p. , 19 cm ,;Los ases del toreo //;;;;;;;;;;Varé García, Manuel --  //;;;;;;;;;;;;;;;;;;;;;;;sp;spa;;;Libro;;VC/13760/7 //;http://bdh-rd.bne.es/viewer.vm?id=0000253215&page=1 **;http://bdh-rd.bne.es/text.vm?id=0000253215&first=1&last=33 **
bimo0001265539;Ory, Eduardo de , 1884-1939  //;;;Intimidades literarias;;Eduardo de Ory y Sevilla;;Sucesor de M. Álvarez;;Cádiz;1937;96 p., 1 lám., 1 h. , 19 cm ,;;;;;;;;;;;;;;;;;;;;;;;;;;;;;;;;;;sp;spa;;;Libro;;VC/1311/4 //;http://bdh-rd.bne.es/viewer.vm?id=0000253209&page=1 **;http://bdh-rd.bne.es/text.vm?id=0000253209&first=1&last=101 **
bimo0001265541;Ory, Eduardo de , 1884-1939  //;;;Luciérnagas ideas, observaciones, reflexiones;;;;"Ed. ""La Vida Literaria""";;Cádiz;1900;48, XV p. , 19 cm ,;;;;;;;;;;;;;;;;;;;"860-84""19""  //";;;;;;;;;;;;;;;sp;spa;;;Libro;;VC/11903/10 //;http://bdh-rd.bne.es/viewer.vm?id=0000253200&page=1 **;http://bdh-rd.bne.es/text.vm?id=0000253200&first=1&last=67 **
bimo0001265959;Ossendowski, Ferdynand  // Dubón, Jaime  //;;;La sombra aterradora del Este;;"Fernando Ossendowski ; traducción del inglés de J. Dubón";;M. Aguilar;;Madrid;entre 1920 y 1929?;294 p. , 19 cm ,;Colección Literaria. Viajes, Novelas, Aventuras //;;;;;;;;;;Rusia -- Civilización --  // Rusia -- Situación social --  //;;;;;;;;;;;;;;;;;;;;;;;sp;spa;eng;spa //;Libro;"Acceso y/o uso restringido. La presente obra presenta restricciones en cuanto a su reproducción, distribución, comunicación pública o transformación; no obstante y en virtud del artículo 37 del Texto refundido de la Ley de Propiedad Intelectual (TRLPI), la Biblioteca Nacional de España está autorizada a la reproducción y a la comunicación de obras, mediante red cerrada e interna, a efectos de investigación (artículo 37, RDL 1/1996, de 12 de abril, revisada el 5 noviembre de 2015); sin perjuicio de las copias que puedan obtenerse en la BNE para uso privado, para ejercer cualquier otro de los derechos de explotación previstos en la TRLPI, el usuario deberá contactar con el correspondiente titular o la entidad de gestión encargada de representar al titular.//";3/97518 //;http://bdh-rd.bne.es/viewer.vm?id=0000226023&page=1 **;http://bdh-rd.bne.es/text.vm?id=0000226023&first=1&last=305 **
bimo0001270361;Palau, Gabriel , 1863-1939  //;;;La acción social del sacerdote un campo de acción;;conferencia del R.P. Gabriel Paláu, S.J. dada en la Asociación de Eclesiasticos para el Apostolado Popular en 16 de enero y 20 de febrero de 1907;;Gustavo Gili;;Barcelona;1907;30 p. , 17 cm ,;;;;;;;;;;;Sacerdocio --  //;;;;;;;;254  //;;;;;;;;;;;;;;;sp;spa;;;Libro;;VC/12162/8 //;http://bdh-rd.bne.es/viewer.vm?id=0000253240&page=1 **;http://bdh-rd.bne.es/text.vm?id=0000253240&first=1&last=35 **
bimo0001275914;;;;El Partido Liberal de Cuba;;;;[s.n.]  Imp. A. de J. Alaria;;[S.l.] , Madrid;1882;70 p. , 16 cm ,;Hispanoamérica // Ciencias sociales // Política //;;Precede al título: La política en las Antillas  //;;;;;;;;Partido Liberal (Cuba) --  //;;;;;;;;329(729.1)  //;;;;;;;;;;;;;;;sp;spa;;;Libro;;VC/2898/17 //;http://bdh-rd.bne.es/viewer.vm?id=0000085747&page=1 **;http://bdh-rd.bne.es/text.vm?id=0000085747&first=1&last=76 **
bimo0001276682;Pascual de Sanjuán, Pilar , m. 1899  //;;;La moral de la historia : colección de cuadros históricos con su aplicación moral al alcance de los niños;;por Pilar Pascual de Sanjuán;2ª ed.;Librería de Juan Bastinos e Hijo, ed.;;Barcelona;1869;198 p. , 16 cm ,;;;;;;;;;;;Historia universal -- Libros infantiles --  //;;;;;;;;94  //  087.5:94(100)  //  94(100):17  //;;;;;;;;;;;;;;;sp;spa;;;Libro;;2/3005 //;http://bdh-rd.bne.es/viewer.vm?id=0000075921&page=1 **;http://bdh-rd.bne.es/text.vm?id=0000075921&first=1&last=207 **
bimo0001313755;Piferrer, Francisco , 1813-1863  //;;;El idioma francés puesto al alcance de todos, o Método natural para aprender el francés de un modo fácil y agradable sin cansar la memoria;Método natural para aprender el francés de un modo fácil y agradable sin cansar la memoria  //;por Francisco Piferrer;;[s.n.];;Madrid;1847;47, 44, 132 p. , 25 cm ,;;"Método para aprender el francés: principios gramaticales ; Método para aprender el francés: tratado de los verbos//";;;;;;;;;Lengua francesa -- Métodos --  //;;;;;;;;811.133.1(075.4)  //;;;;;;;;;;;;;;;sp;spa;fre;spa // fre //;Libro;;1/43848 // DGMICRO/21381 //;http://bdh-rd.bne.es/viewer.vm?id=0000245007&page=1 **;http://bdh-rd.bne.es/text.vm?id=0000245007&first=1&last=241 **
bimo0001315437;Pintado Arroyo, Sidonio , 1886-1939  //;;;Decroly biografía, ideas pedagógicas, bibliografía;;por Sidonio Pintado Arroyo;2ª ed.;Magisterio Español;;Madrid;1933;35 p. , 18 cm ,;Colección Cartillas Pedagógicas //;;;;;;;;;;Decroly, Ovide --  //;;;;;;;;;;;;;;;;;;;;;;;sp;spa;;;Libro;;VC/1324/9 //;http://bdh-rd.bne.es/viewer.vm?id=0000253210&page=1 **;http://bdh-rd.bne.es/text.vm?id=0000253210&first=1&last=39 **
bimo0001337564;Pueyo Salamero, Sebastián , 1873-1937  //;;;Religión y Moral;;"D. Sebastián Pueyo Salamero... ; segundo año";Ed. oficial;[s.n.]  Joaquín Horta, imp.;;Barcelona;1928;231 p. , 21 cm ,;;;Precede al tít.: Ministerio de Instrucción Pública y Bellas Artes...  //;;;;;;;;Religión --  // Ética --  //;;;;;;;;17(075.3)  //  2(075.3)  //;;;;;;;;;;;;;;;sp;spa;;;Libro;;4/43369 //;http://bdh-rd.bne.es/viewer.vm?id=0000253231&page=1 **;http://bdh-rd.bne.es/text.vm?id=0000253231&first=1&last=249 **
bimo0001342996;Rahola, Carles , 1881-1939  //;;;Xavier Montsalvatge assaig per a una biografia sentimental;;;;Rahola;;Girona;1934;47 p., 1 retr. , 24 cm. ,;;;;;;;;;;;;;;;;;;;;;;;;;;;;;;;;;;sp;cat;;;Libro;;VC/1341/18 //;http://bdh-rd.bne.es/viewer.vm?id=0000253212&page=1 **;http://bdh-rd.bne.es/text.vm?id=0000253212&first=1&last=55 **
bimo0001355997;;Sociedad Económica de Amigos del País (Puerto Rico)  //;;Reglamento interior de la Sociedad Económica de Amigos del País de Puerto Rico;;;;[s.n.];;[Puerto Rico];1885;15 p. , 16 cm ,;Hispanoamérica // Ciencia y cultura en general // Instituciones científicas. Exposiciones. Museos //;;;;;;;;;;Sociedad Económica de Amigos del País (Puerto Rico) -- Reglamentos--  //;;;;;;;;061.235(729.5 S.J.)(060.13)  //  (729.5)  //;;;;;;;;;;;;;;;pr;spa;;;Libro;;HA/15176 //;http://bdh-rd.bne.es/viewer.vm?id=0000097972&page=1 **;http://bdh-rd.bne.es/text.vm?id=0000097972&first=1&last=18 **
bimo0001356002;;Liceo de La Habana  //;;Reglamento de la Sociedad anónima El Liceo de la Habana;;;;[s.n.]  Imp. La Cubana;;[S.l.] , Habana;1857;9 p. , 15 cm ,;Hispanoamérica // Ciencia y cultura en general // Instituciones científicas. Exposiciones. Museos //;;;;;;;;;;Liceo de La Habana -- Reglamentos--  //;;;;;;;;061.237(729.1 H.)(061.13)  //  (729.1)  //;;;;;;;;;;;;;;;cu;spa;;;Libro;;HA/15183 //;http://bdh-rd.bne.es/viewer.vm?id=0000084665&page=1 **;http://bdh-rd.bne.es/text.vm?id=0000084665&first=1&last=12 **
bimo0001356120;;;;Reglamento de uniformidad para los cuerpos del arma de caballería del ejército de la isla de Cuba;;;;[s.n.]  Imp. del Gobierno y Capitanía general;;[S.l.] , Habana;1864;62 p. , 16 cm ,;Hispanoamérica // Ciencias sociales // Derecho. Administración pública //;;;;;;;;;;Caballería -- Cuba -- Uniformes -- Reglamentos --  //;;;;;;;;355.14(729.1):357.1  //  34  //;;;;;;;;;;;;;;;cu;spa;;;Libro;;HA/15177 //;http://bdh-rd.bne.es/viewer.vm?id=0000097973&page=1 **;http://bdh-rd.bne.es/text.vm?id=0000097973&first=1&last=68 **
bimo0001361650;Núñez de Arce, Gaspar , 1834-1903  //;;;El haz de leña : drama en 5 actos y en verso;;de Gaspar Núñez de Arce;;Ediciones Teatrales Selectas;;Buenos Aires;1920;39 p. , 20 cm ,;El teatro universal. Año 1, n. 28 //;;Título tomado de la cabecera  //;;;;;;;;;;;;;;;;"821.134.2-23""18""  //";;;;;;;;;;;;;;;ag;spa;;;Libro;;1/232952 //;http://bdh-rd.bne.es/viewer.vm?id=0000250296&page=1 **;http://bdh-rd.bne.es/text.vm?id=0000250296&first=1&last=43 **
bimo0001367391;Reyes y Florentino, Isabelo de los , 1864-1938  //;;;"La religión del ""Katipúnan"", o sea, la antigua de los filipinos tal como ahora la resucita la asociación de los hijos del pueblo (""Katipúnan""), la promovedora de la revolución filipina : apuntes para un ensayo de teodicea filipina";;por Isabelo de los Reyes Florentino;;Delegación Filipina en Europa;;[Madrid?];1899;39 p. , 16 cm ,;Religión. Teología // Religiones no cristianas. Mitología //;;;;;;;;;;Katipunan --  // Filipinas -- Religión --  //;;;;;;;;(599)  //  061.233(599)  //  299.9(599)  //  061.236.6(599)  //;;;;;;;;;;;;;;;sp;spa;;;Libro;;VC/2620/11 //;http://bdh-rd.bne.es/viewer.vm?id=0000091311&page=1 **;http://bdh-rd.bne.es/text.vm?id=0000091311&first=1&last=44 **
bimo0001374648;Rikr, E.  //;;;Diccionario humorístico-filipino;;por E. Rikr;;[s.n.]  Imp. de Ramírez y Giraudier;;[S.l.] , Manila;1871;52 p. , 16 cm ,;Hispanoamérica // Lingüística. Literatura // Literatura hispanoamericana //;;;;;;;;;;;;;;;;;;"(599)  //  821.134.2(599)-17""18""  //  821.134.28  //";;;;;;;;;;;;;;;ph;spa;;;Libro;;2/30824 //;http://bdh-rd.bne.es/viewer.vm?id=0000067409&page=1 **;http://bdh-rd.bne.es/text.vm?id=0000067409&first=1&last=63 **
bimo0001379603;Robles Dégano, Felipe , 1863-1939  //;;;Introductio ad logicam;;auctore Philippo Robles Degano;;[s.n.]  Typis Sigviani Diaz;;Abulae;1931;1 h., 90 p. , 21 cm ,;;;;;;;;;;;;;;;;;;;;;;;;;;;;;;;;;;sp;lat;;;Libro;;VC/1154/13 //;http://bdh-rd.bne.es/viewer.vm?id=0000253197&page=1 **;http://bdh-rd.bne.es/text.vm?id=0000253197&first=1&last=95 **
bimo0001395047;Burgos, Carmen de , 1867-1932  //;;;Se quedó sin ella : novela por Carmen de Burgos (Colombine);;ilustraciones de Esteban;;Atlántida;;Madrid;1929;64 p. , il. , 15 cm ,;La novela de hoy, año 8, n. 352 //;;;;;;;;;;;;;;;;;;"821.134.2-32""18""  //";;;;;;;;;;;;;;;sp;spa;;;Libro;;1/234683 // DGMICRO/41618 //;http://bdh-rd.bne.es/viewer.vm?id=0000247126&page=1 **;http://bdh-rd.bne.es/text.vm?id=0000247126&first=1&last=67 **
bimo0001404216;Sabater, M.  //;;;Melodías sin pauta apuntes para la historia, cuentos artísticos, críticas...;;por M. Sabater;;Hijos de A. Gullón;;Madrid;1880;71 p. , il. , 12 cm apais. ,;La Solta //;;;;;;;;;;;;;;;;;;;;;;;;;;;;;;;;;sp;spa;;;Libro;;7/11981 //;http://bdh-rd.bne.es/viewer.vm?id=0000229751&page=1 **;http://bdh-rd.bne.es/text.vm?id=0000229751&first=1&last=87 **
bimo0001408280;Salazar Alonso, Rafael , 1895-1936  //;;;Carta sin sobrescrito al Señor Ossorio y Gallardo;;por Rafael Salazar Alonso;;[s.n.]  Roca;;Madrid;1929;20 p. , 17 cm ,;;;;;;;;;;;Independencia judicial -- España --  //;;;;;;;;342.56.072.1(460)  //;;;;;;;;;;;;;;;sp;spa;;;Libro;;VC/1458/13 //;http://bdh-rd.bne.es/viewer.vm?id=0000228675&page=1 **;http://bdh-rd.bne.es/text.vm?id=0000228675&first=1&last=23 **
bimo0001421796;Durão, José de Santa Rita  //;;;O Caramurú poema epico do descubrimento da Bahia;;composto por Fr. José de Santa Rita Durao;2ª ed. corr., e com uma estampa;[s.n.]  Imp. Nacional;;[S.l.] , Lisboa;1836;307 p., [1] h. de lám. , 15 cm ,;Lingüística. Literatura // Literatura //;;;;;;;;;;;;;;;;;;"(81)  //  821.134.1(81)-13""17""  //";;;;;;;;;;;;;;;po;por;;;Libro;;2/2990 //;http://bdh-rd.bne.es/viewer.vm?id=0000088116&page=1 **;http://bdh-rd.bne.es/text.vm?id=0000088116&first=1&last=321 **
bimo0001424168;Sanz y Escartín, Eduardo , 1855-1939  //;;;La educación moral. Memoria;;;;[s.n.]  Imp. de E. Raso López;;Madrid;1910;60 p. , 23 cm ,;;;Precede al tít.: Junta para ampliación de Estudios e Investigaciones Científicas  //;;;;;;;;Educación moral --  //;;;;;;;;17:37.03(04)  //  37.03:17(04)  //;;;;;;;;;;;;;;;sp;spa;;;Libro;;VC/11993/12 //;http://bdh-rd.bne.es/viewer.vm?id=0000253201&page=1 **;http://bdh-rd.bne.es/text.vm?id=0000253201&first=1&last=67 **
bimo0001460738;Sotos Ochando, Bonifacio , 1785-1869  //;;[Traducción del francés, sin maestro] //;Traducción del francés, sin maestro o El incrédulo conducido a la fe por la razón : obra compuesta según un método especial, recomendado con mucha particularidad por la Sociedad de Métodos de Enseñanza establecida en París;El incrédulo conducido a la fe por la razón  //;su autor el Dr. D. Bonifacio Sotos;;en casa del autor  Imp. de Bacquenois;;París;1835;515 p., [1] h. pleg. , 18 cm ,;;;"Texto en francés; introducción y notas en español  //";;;;;;;;Lengua francesa -- Traducción al español --  //;;;;;;;;811.133.1'25=134.2  //;;;;;;;;;;;;;;;fr;spa;fre;spa //;Libro;;1/55718 // DGMICRO/35460 //;http://bdh-rd.bne.es/viewer.vm?id=0000243290&page=1 **;http://bdh-rd.bne.es/text.vm?id=0000243290&first=1&last=263 **
bimo0001478819;Tenreiro, Ramón María , 1879-1939  //;;;La balada del viento novela;;ilustraciones de Varela de Seijas;;[s.n.]  Rivadeneyra, Gráf.;;Madrid;1927;56 p. , il. , 17 cm ,;La Novela Mundial, 82 //;;;;;;;;;;;;;;;;;;"860-31""19""  //";;;;;;;;;;;;;;;sp;spa;;;Libro;;VC/12294/10 //;http://bdh-rd.bne.es/viewer.vm?id=0000253204&page=1 **;http://bdh-rd.bne.es/text.vm?id=0000253204&first=1&last=67 **
bimo0001573629;Villa-Amil y Castro, José , 1833-1910  //;;;Ensayo de un catálogo sistemático y crítico de algunos libros, folletos y papeles así impresos como manuscritos que tratan en particular de Galicia;;por José Villa-Amil y Castro;;[s.n.]  Imp. de T. Fortanet;;[S.l.] , Madrid;1875;XXIII, 309 p. , 23 cm ,;;;;;;;;;;;Galicia -- Bibliografías --  //;;;;;;;;016(460.11)  //;;;;;;;;;;;;;;;sp;spa;;;Libro;;1/59203 // DGMICRO/35575 //;http://bdh-rd.bne.es/viewer.vm?id=0000247392&page=1 **;http://bdh-rd.bne.es/text.vm?id=0000247392&first=1&last=363 **
bimo0001641830;Almirall, Valentí , 1841-1904  // Núñez de Arce, Gaspar , 1834-1903  //;;;Contestación al discurso leído por D. Gaspar Núñez de Arce en el Ateneo de Madrid con motivo de la apertura de sus cátedras en el año corriente;;por Valentín Almirall;;"Librería de Antonio Sanmartín ;  Librería de I. López";;MadridBarcelona;entre 1851 y 1900?;67 p. , 24 cm ,;;;;;;;;;;;Núñez de Arce, Gaspar --  // Nacionalismo -- Cataluña -- S.XIX --  //;;;;;;;;323  //  323.17(460.23)  //  929 Núñez de Arce, Gaspar  //;;;;;;;;;;;;;;;sp;spa;;;Libro;;4/139489 // DGMICRO/32526 //;http://bdh-rd.bne.es/viewer.vm?id=0000243876&page=1 **;http://bdh-rd.bne.es/text.vm?id=0000243876&first=1&last=75 **
bimo0001646381;Nombela, Julio , 1836-1919  //;;;La piedra filosofal : historia de un doctor que ha resuelto el problema de vivir sin comer;;por J. Obleman;;[s.n.]  Imp. de la Biblioteca Universal Económica;;[S.l.] , Madrid;1868;254 p. , 18 cm ,;Biblioteca económica de instucción y recreo //;;;;;;;;;;;;;;;;;;"821.134.2-31""18""  //";;;;;;;;;;;;;;;sp;spa;;;Libro;;1/212915 //;http://bdh-rd.bne.es/viewer.vm?id=0000250279&page=1 **;http://bdh-rd.bne.es/text.vm?id=0000250279&first=1&last=263 **
bimo0001647358;Poe, Edgar Allan , 1809-1849  // Alarcón, Pedro Antonio de , 1833-1891  //;;[The adventures of Hans Pfall. Español] //;Historias extraordinarias. Segunda serie;Soy, tengo y quiero;de Edgard Poe;;[s.n.]  Imp. de El Atalaya;;[S.l.] , Madrid;1859;154 p. , 15 cm ,;Biblioteca de viaje, 5 //;;Incluye ([135]-154): Soy, tengo y quiero / de Pedro Antonio de Alarcón  // Contiene Aventura sin igual de un tal Hans Pfaall, aunque en portada aparece también Viaje a la luna a despecho de la gravitación, la presión atmosférica y otras zarandajas  // Título original: The adventures of Hans Pfall  //;;;;;;;;;;;;;;;;"821.111(73)-34""18""  //  821.134.2-32""18""  //";;;;;;;;;;;;;;;sp;spa;eng;spa //;Libro;;12/787935 // 12/787935 //;http://bdh-rd.bne.es/viewer.vm?id=0000242523&page=1 **;http://bdh-rd.bne.es/text.vm?id=0000242523&first=1&last=167 **
bimo0001649446;Barrantes, Vicente , 1829-1898  // Trueba, Antonio de , 1819-1889  //;;;Días sin sol;;"por Vicente Barrantes ; con una carta de Antonio de Trueba";;Administración Librerías Murillo, Durán, Bailly-Bailiere, etc;;Madrid;1875;229 p. , 18 cm ,;;;;;;;;;;;;;;;;;;;"821.134.2-14""18""  //";;;;;;;;;;;;;;;sp;spa;;;Libro;;1/43392 // DGMICRO/14470 //;http://bdh-rd.bne.es/viewer.vm?id=0000247364&page=1 **;http://bdh-rd.bne.es/text.vm?id=0000247364&first=1&last=243 **
bimo0001731057;Carricaburu, Alfredo  //;;;El recreo de la juventud : vocabulario español, inglés y francés;;por Alfredo Carricaburu;;[s.n.]  Imp. de los Niños Huérfanos;;[S.l.] , Habana;1891;32 p. , 16 cm ,;;;;;;;;;;;Lengua española -- Conversación y frases -- Inglés --  // Lengua española -- Conversación y frases -- Francés --  // Lengua inglesa -- Conversación y frases -- Español --  // Lengua francesa -- Conversación y frases -- Español --  //;;;;;;;;811  //  (038)=111=133.1=134.2  //;;;;;;;;;;;;;;;cu;eng;;eng // fre // spa //;Libro;;HA/15162 //;http://bdh-rd.bne.es/viewer.vm?id=0000105798&page=1 **;http://bdh-rd.bne.es/text.vm?id=0000105798&first=1&last=36 **
bimo0001735835;;;;Devoción y ejercicio para el diez y nueve de cada mes al Patriarca Señor San José sobre las nueve felicidades del Santo, abogado para la hora de la muerte añadido al fin los Gozos del Santo, en memoria de sus siete Dolores y Gozos;;;;[s.n.]  José Boloña;;[S.l.] , Habana;1846;22 p. , 16 cm ,;Religión. Teología // Teología //;;;;;;;;;;José, -- Santo -- Oraciones --  //;;;;;;;;243  //;;;;;;;;;;;;;;;cu;spa;;;Libro;;HA/15160 //;http://bdh-rd.bne.es/viewer.vm?id=0000110258&page=1 **;http://bdh-rd.bne.es/text.vm?id=0000110258&first=1&last=28 **
bimo0001739365;;;;Estatutos y reglamento de la Sociedad rural Argentina;;;;[s.n.]  Tip. el Censor;;Buenos aires;1889;17 p. , 16 cm ,;;;;;;;;;;;;;;;;;;;;;;;;;;;;;;;;;;ag;spa;;;Libro;;HA/15170 //;http://bdh-rd.bne.es/viewer.vm?id=0000237106&page=1 **;http://bdh-rd.bne.es/text.vm?id=0000237106&first=1&last=25 **
bimo0001739428;Estrada, Santiago , 1835-1891  //;;;Mefistófeles ópera de Arrigo Boito;;S. Estrada;;[s.n.]  Imp. de Pablo E. Coni;;[S.l.] , Buenos Aires;1881;23 p. , 16 cm ,;Bellas artes // Música //;;;;;;;;;;Boito, Arrigo --  //;;;;;;;;782.1 Boito, Arrigo. Mefistofele  //;;;;;;;;;;;;;;;ag;spa;;;Libro;;HA/15158 //;http://bdh-rd.bne.es/viewer.vm?id=0000055090&page=1 **;http://bdh-rd.bne.es/text.vm?id=0000055090&first=1&last=24 **
bimo0001739433;Estrada, Santiago , 1835-1891  //;;;La ambulancia del Salvador;;por S. Estrada;;[s.n.]  Imp. de Pablo Coni;;[S.l.] , Buenos Aires;1885;16 p. , 16 cm ,;Hispanoamérica // Geografía. Biografías. Historia // Historia de América Latina //;;Precede al título: Recuerdos de la guerra civil de 1880  //;;;;;;;;Buenos Aires (Argentina) -- Historia -- S.XIX -- Relatos personales --  //;;;;;;;;"94(821.1 B.A.)""18""(093.3)  //  (82)  //";;;;;;;;;;;;;;;ag;spa;;;Libro;;HA/15156 //;http://bdh-rd.bne.es/viewer.vm?id=0000097971&page=1 **;http://bdh-rd.bne.es/text.vm?id=0000097971&first=1&last=16 **
bimo0001739473;Estruch, Camilo Enrique  //;;;Cristobal Colón o El descubrimiento de América obra escrita con datos tomados del diario del insigne navegante;El descubrimiento de América  //;por Camilo E. Estruch;;[s.n.]  Tip. de Francisco Hernández;;[S.l.] , Madrid;1892;31 p. , 16 cm ,;Hispanoamérica // Geografía. Biografías. Historia // Exploraciones. Viajes //;;;;;;;;;;Colón, Cristóbal --  // América -- Descubrimientos y exploraciones -- Españoles --  //;;;;;;;;"910.4(7/8)""14""  //  929 Colón, Cristóbal  //";;;;;;;;;;;;;;;sp;spa;;;Libro;;HA/15178 //;http://bdh-rd.bne.es/viewer.vm?id=0000113639&page=1 **;http://bdh-rd.bne.es/text.vm?id=0000113639&first=1&last=36 **
bimo0001739547;Eugenio de la Santísima Trinidad  //;;;Trisagio seráfico y querúbico para venerar y alabar todos los días a la Beatísima y Augustísima Trinidad, y alcanzar de su propiedad inmensos y copiosos beneficios;;compuesto por ... Eugenio de la Santísima Trinidad;;[s.n.]  Tipo-litogr. Chofré y Cª;;[S.l.] , Manila;1883;16 p. , 16 cm ,;Religión. Teología // Teología //;;;;;;;;;;Trinidad -- Oraciones --  //;;;;;;;;(599)  //  243  //;;;;;;;;;;;;;;;ph;spa;;;Libro;;HA/15163 //;http://bdh-rd.bne.es/viewer.vm?id=0000123939&page=1 **;http://bdh-rd.bne.es/text.vm?id=0000123939&first=1&last=20 **
bimo0001743812;García y Gamo, Mariano  //;;;La verdad de lo que es el Brasil, o miscelánea de noticias y detalles de los incalculables veneros de riqueza que encierra tan importante como vasto Imperio en los tres reinos de la naturaleza ...;;por Mariano García y Gamo;;[s.n.]  Estab. Tip. de Francisco Nozal;;[S.l.] , Madrid;1887;26 p. , 15 cm ,;Hispanoamérica // Geografía. Biografías. Historia // Geografía //;;;;;;;;;;Brasil -- Descripción --  //;;;;;;;;"(81)  //  908(81)""18""  //";;;;;;;;;;;;;;;sp;spa;;;Libro;;HA/15182 //;http://bdh-rd.bne.es/viewer.vm?id=0000097930&page=1 **;http://bdh-rd.bne.es/text.vm?id=0000097930&first=1&last=36 **
bimo0001744778;Gómez y Gómez, Agapito  //;;;Eduardo y Adela diálogos patrióticos;;escritos por Agapito Gómez y Gómez;;"Imp. y Librería ""La Propagandista""";;Habana;1896;65 p. , 15 cm ,;Hispanoamérica // Geografía. Biografías. Historia // Historia de América Latina //;;;;;;;;;;Cuba -- Historia -- 1895-1898 (Guerra de la Independencia) --  //;;;;;;;;"(729.1)  //  94(729.1)""1895/98""  //";;;;;;;;;;;;;;;cu;spa;;;Libro;;HA/15180 //;http://bdh-rd.bne.es/viewer.vm?id=0000113638&page=1 **;http://bdh-rd.bne.es/text.vm?id=0000113638&first=1&last=72 **
bimo0001745951;Guijarro, Ricardo , 1838-1918  //;;;Canto épico a Colón;;por Ricardo Guijarro;;[s.n.]  Imp. El Atlántico;;[S.l.] , Santander;1892;43 p. , 16 cm ,;Hispanoamérica // Lingüística. Literatura // Literatura española //;;;;;;;;;;Colón, Cristóbal -- Poesías --  //;;;;;;;;"821.134.2-13""18""  //  929 Colón, Cristóbal (0:82)  //";;;;;;;;;;;;;;;sp;spa;;;Libro;;HA/15173 //;http://bdh-rd.bne.es/viewer.vm?id=0000096285&page=1 **;http://bdh-rd.bne.es/text.vm?id=0000096285&first=1&last=48 **
bimo0001782146;Verdes Montenegro y Montoro, José , 1865-1939  //;;;Contra la guerra;;José Verdes Montenegro;;Casa Edit. Monclús;;Tortosa;1917;78 p. , 17 cm ,;Biblioteca Avante, 6 //;;;;;;;;;;Guerra -- Aspectos morales --  //;;;;;;;;;;;;;;;;;;;;;;;sp;spa;;;Libro;;VC/12997/6 //;http://bdh-rd.bne.es/viewer.vm?id=0000253208&page=1 **;http://bdh-rd.bne.es/text.vm?id=0000253208&first=1&last=83 **
bimo0002083035;Pusalgas y Guerris, Ignacio Miguel  //;;;Lecciones de moral o sean preceptos de un buen padre a sus hijos;;por Ignacio Pusalgas y Guerris;2ª ed.;[s.n.]  Imp. de Indar;;[S.l.] , Barcelona;1848;VI, 141 p., [1] h. de lám. , 16 cm ,;Filosofía. Psicología // Ética //;;;;;;;;;;Moral práctica --  //;;;;;;;;171  //;;;;;;;;;;;;;;;sp;spa;;;Libro;;2/2993 //;http://bdh-rd.bne.es/viewer.vm?id=0000099152&page=1 **;http://bdh-rd.bne.es/text.vm?id=0000099152&first=1&last=163 **
Mima0000035930;Eguía y Muro, Joaquín Pío  // Zúñiga y Ontiveros, Felipe de , fl. 1764-1793 -imp.  //;;;Publicas Demostraciones de celebridad y júbilo que este Real Tribunal del Protomedicato de N.E. hace en la gloriosa proclamacion y exaltacion al trono supremo de las Españas de los señores Don Carlos Quarto y Doña Maria Luisa de Borbon su muy digna Esposa á quienes Dios guarde muchos años : Con dos Disertaciones sobre obstrucciones inflamatorias del hígado, que entre otras juzgó dicho Real Tribunal por mas dignas de la luz pública y en obsequio de esta celebridad premió á sus autores;;... el Doctor Don Joaquin Pio Eguia y Muro y el Licenciado Don Manuel Moreno;;por Don Felipe Zuñiga y Ontiveros ...;;En México;entre 1717 y 1793?;[4], 26 p. , 4º ,;Medicina. Farmacia //;;Felipe de Zúñiga y Ontiveros realiza su actividad como impresor en México entre 1788-1793  // Sign.: [ ]⁴, A-F⁴, G²⁻¹  // Adorno tipográfico en portada  //;;;;;;;;Medicina -- Obras anteriores a 1800 --  //;;México, Mexico //;;;;;;61  //;;;;;;;;;;;;;;;mx;spa;;;Libro;;2/46555 //;http://bdh-rd.bne.es/viewer.vm?id=0000081972&page=1 **;http://bdh-rd.bne.es/text.vm?id=0000081972&first=1&last=65 **
Mima0000038326;Pio de Saboya y Moura Corte-Real, Francisco , 1627-1723  // Texidó, Joseph -impresor  //;España Región Militar, IV Capitanía General  //;;Edicto general comprehensivo de todas las reales provisiones y ordenes y de los edictos, instrucciones y providencias generales dadas en este Principado de Cataluña para preservarle y resguardarle de la peste ò contagio que aflige a la Provenza;;[don Francisco Pio de Saboya Moura Corte Real y Moncada ... Governador y Capitan General del Exercito y Principado de Cataluña];;por Ioseph Texidó, Impressor del rey N. señor;;Barcelona;1721;[2], 92, [12] p. , Fol. ,;Medicina. Farmacia //;;Autor tomado de p. 1  // Fecha aproximada de impresión deducida de la data en p. 92: Barcelona, 1 de julio de 1721  // Sign.: A-Z², 2A²⁻¹, 2B-2D²  // Portada con orla tipográfica  //;Palau 78.399  //;;;;;;;Peste -- Obras anteriores a 1800 --  //;;Barcelona, España //;;;;;;61  //;;;;;;;;;;;;;;;sp;spa;;;Libro;;3/76800 //;http://bdh-rd.bne.es/viewer.vm?id=0000125413&page=1 **;http://bdh-rd.bne.es/text.vm?id=0000125413&first=1&last=109 **
Mima0000043864;Flores, José (médico)  // Zúñiga y Ontiveros, Felipe de , fl. 1764-1793 -impresor  //;;;Específico nuevamente descubierto en el Reyno de Goatemala para la curacion radical del horrible mal de cancro y otros mas frecuentes (experimentado ya favorablemente en esta Capital de México);;"su autor el Dr. Don Jose Flores ... ; dase al publico a expensas de un espíritu patriótico";;en la Imprenta de Felipe de Zúñiga y Ontiveros, calle del Espíritu Santo;;Reimpreso ... en Mexico;1782;[4], 15 p., [1] en bl. , 4º ,;;;Sign.: [ ]², 2-3⁴  // Inicial grabada y friso xilográfico  //;;;;;;;;Enfermedades de transmisión sexual -- Obras anteriores a 1800 --  // Medicina natural -- América española -- Fórmulas y recetas --  // Guatemala -- Usos y costumbres --  //;;México, México //;;;;;;61  //;;;;;;;;;;;;;;;mx;spa;;;Libro;;VE/1237/13 //;http://bdh-rd.bne.es/viewer.vm?id=0000187516&page=1 **;http://bdh-rd.bne.es/text.vm?id=0000187516&first=1&last=23 **
Mima0000049189;González Cañaveras, Juan Antonio  // Espinosa de los Monteros, Antonio , 1732-1812 -impresor  // Francés Caballero, Valentín -editor  //;;;Método fácil para aprender la lengua latina, para uso de la juventud;;"su autor D. Juan Antonio Gonzalez Cañaveras ... ; tomo I";;por don Antonio Espinosa, calle del Espejo  se hallará en la Librería de Francés, calle de las Carretas;;En Madrid;1798;[12], XXIV, 487 p., [1] h. de lám. pleg. , 8º ,;;;"Solo se publicó el Tomo I  // Sign.: *⁴⁺², a¹², A-Z⁸, Aa-Gg⁸, Hh⁴  // Viñetas xilográficas  // Incluye tablas e índices  // Notas a pie de página  // La h. de lám., es un grabado calcográfico del uso de la mano ""Para los rudimentos de la lengua latina""  //";Aguilar Piñal. Bib. S.XVIII v. 4, n. 1952  //;;;;;;;;;Madrid, España //;;;;;;811.124  //;;;;;;;;;;;;;;;sp;spa;;;Libro;;6/2140 //;http://bdh-rd.bne.es/viewer.vm?id=0000047469&page=1 **;http://bdh-rd.bne.es/text.vm?id=0000047469&first=1&last=543 **
Mima0000100786;Sessé y Lacasta, Martín de  // Zúñiga y Ontiveros, Felipe de , fl. 1764-1793 -impresor  //;;;Oracion inaugural, que para la abertura del Real y Nuevo Estudio de Botanica;;dixo ... Martin de Sesse y Lacasta ...;;por D. Felipe de Zúñiga y Ontiveros;;[México];1788;[4], 24 p. , 4º ,;Botánica //;;Lugar de impresión deducido de la sede de actividad del impresor  // Sign.: [A]-C⁴, D²  // Portada con adorno tipográfico  // Inicial grabada y notas a pie de página  //;Aguilar Piñal. Bib. S.XVIII v. 7, 4886  //;;;;;;;Botánica -- Enseñanza --  //;;Ciudad de México, México //;;;;;;58  //;;;;;;;;;;;;;;;mx;spa;;;Libro;;VE/1232/19 //;http://bdh-rd.bne.es/viewer.vm?id=0000042339&page=1 **;http://bdh-rd.bne.es/text.vm?id=0000042339&first=1&last=30 **
Mimo0001062319;Key, Ellen Karolina Sofia , 1849-1926  // Domenge Mir, Miguel , 1870-1936 -traductor  //;;[Barnets århundrade. Español] //;El siglo de los niños : (estudios);;"Ellen Key ; versión española por Miguel Domenge Mir";;[s.n.]  Imp. Heinrich y Compª en C.;;[S.l.] , Barcelona;1906;2 v. (167, 135 p.) , 16 cm ,;Biblioteca Sociológica Internacional //;;;;;;;;;;Padres e hijos --  // Educación de niños --  //;;;;;;;;173  //  173.5  //  37.04-053.2  //;;;;;;;;;;;;;;;sp;spa;swe;spa //;Libro;;6/8660<49>_V._1 // 6/8660<50>_V._2 // 6/8660<49>_V._1 // 6/8660<50>_V._2 //;http://bdh-rd.bne.es/viewer.vm?id=0000231906&page=1 ** http://bdh-rd.bne.es/viewer.vm?id=0000231906&page=184 **;http://bdh-rd.bne.es/text.vm?id=0000231906&first=1&last=183 ** http://bdh-rd.bne.es/text.vm?id=0000231906&first=184&last=338 **
Mimo0001641225;Alcolea y Tejera, José , m. 1899  //;;;Elementos de acústica y teoría física de la música precedidos de las indispensables nociones de física para uso de los alumnos de las escuelas y academias del arte musical;;por José Alcolea;;Imprenta de la Revista Médica, de D. Federico Joly;;Cádiz (Ceballos (antes Bomba), nº 1);1883;171 p. , 19 cm , 1 folleto (8 p.);Bellas artes // Música //;;En la anteport., propaganda de otras obras del autor  // Folleto del Programa de elementos de acústica y teoría física de la música, por D. José Alcolea  //;;;;;;;;Acústica musical --  //;;;;;;;;78  //;;;;;;;;;;;;;;;sp;spa;;;Libro;;M/3629 //;http://bdh-rd.bne.es/viewer.vm?id=0000128930&page=1 **;http://bdh-rd.bne.es/text.vm?id=0000128930&first=1&last=199 **
Mimo0001644713;Atienza y Huertos, Rafael, Marqués de Salvatierra , 1822-1902  //;;;La Munda de los romanos nuevos estudios;;por el Marqués de Salvatierra;;[s.n.]  Imp. de El Tajo y de la Biblioteca;;[S.l.] , Ronda;1889;214 p. , 23 cm ,;;;;;;;;;;;Batalla de Munda, 45 a.C. --  // Ronda -- Historia --  //;;;;;;;;94(460.356 Ronda)  //;;;;;;;;;;;;;;;sp;spa;;;Libro;;1/73371 // DGMICRO/29142 //;http://bdh-rd.bne.es/viewer.vm?id=0000243453&page=1 **;http://bdh-rd.bne.es/text.vm?id=0000243453&first=1&last=223 **
a4410867;Lozano, Raimundo , 1826-1897  //;;;Santa Mónica y su familia;;por el P. Fr. Raymundo Lozano;;[s.n.]  Imp. Amigos del País;;[S.l.] , Manila;1879;356 p. , 17 cm ,;Hispanoamérica // Geografía. Biografías. Historia // Biografías. Heráldica. Genealogía //;;;;;;;;;;Mónica, -- Santa --  // Agustín, -- Santo, Obispo de Hipona --  //;;;;;;;;929 Agustín, Santo, Obispo de Hipona  //  929 Mónica, Santa  //;;;;;;;;;;;;;;;ph;spa;;;Libro;;HA/9390 //;http://bdh-rd.bne.es/viewer.vm?id=0000124920&page=1 **;http://bdh-rd.bne.es/text.vm?id=0000124920&first=1&last=363 **
a5110110;Sartorio, José Manuel , 1746-1829  // Zúñiga y Ontiveros, Felipe de , fl. 1764-1793 -impresor  // Espínola, Cristobal -editor literario  //;España Rey (1788-1808: Carlos IV) -dedicatario  //;;La felicidad de Mexico en el establecimiento de la v. orden tercera de siervos de Maria : sermon que en la fiesta celebrada en accion de gracias por su fundacion el dia 2 de febrero de 1792;;"predicó ... Joseph Manuel Sartorio ... ; dalo a luz D. Christoval Espínola ... y lo dedica a ... Don Carlos IIII";;en la Imprenta de ... Felipe de Zúñiga y Ontiveros;;México;1792;[10], 21 p. , 4º ,;Religión. Teología // Cristianismo. Historia eclesiástica //;;Signaturizado  //;;;;;;;;México -- Historia --  //;Sermones panegíricos --  //;México, México //;;;;;;;;;;;;;;;;;;;;;mx;spa;;;Libro;;VE/683/1 //;http://bdh-rd.bne.es/viewer.vm?id=0000122227&page=1 **;http://bdh-rd.bne.es/text.vm?id=0000122227&first=1&last=32 **
a5119029;Torres y Arizala, José de  //;;;Oracion funebre en las reales exequias, que la ... ciudad de Segovia dedicò en la ... cathedral, dia 13 de Enero de mil setecientos y treinta y tres, á la perpetua memoria de ... Victor Amadeo, rey de Cerdeña, Duque de Saboya ...;;"dixola Joseph de Torres y Arizala ... ; se mandó imprimir por la ciudad quien la dedica á nuestro Catholico Monarca Felipe V ...";;[s.n.];;[S.l.];1733;[12], 20 p. , 4º ,;Religión. Teología // Cristianismo. Historia eclesiástica //;;Fecha de impresión deducida de la fecha de la aprobación  // Sign.: A-D⁴  // Portada con orla tipográfica  // Texto con apostillas marginales  //;Aguilar Piñal. Bib. S.XVIII v. 8, 590  //;;;;;;;Víctor Amadeo -- I, -- Rey de Cerdeña --  // Exequias --  //;;;;;;;;;;;;;;;;;;;;;;;sp;spa;;;Libro;;VE/692/38 //;http://bdh-rd.bne.es/viewer.vm?id=0000099314&page=1 **;http://bdh-rd.bne.es/text.vm?id=0000099314&first=1&last=32 **
a5120372;Vaca de Guzmán, José María , 1744-h. 1816  // Zúñiga y Ontiveros, Felipe de , fl. 1764-1793 -impresor  //;;;Las naves de Cortes destruidas : canto premiado por la Real Academia Española en Junta que celebró el dia 13 de Agosto de 1778;;su autor Don Joseph Maria Vaca de Guzman ...;;reimpreso por Don Felipe de Zuñiga y Ontiveros;;Mexico;1778;[2], 21 p., [1] en bl. , 4º ,;Lingüística. Literatura // Literatura española //;;Fecha de impresión tomada de título y cotejada con Aguilar Piñal  // Sign.: [A]-C⁴  // Portada con viñeta xilográfica  //;Aguilar Piñal. Bib. S.XVIII v. 8, n. 1821  //;;;;;;;Cortés, Hernán -- Poesías --  //;;México //;;;;;;;;;;;;;;;;;;;;;mx;spa;;;Libro;;VE/1215/14 //;http://bdh-rd.bne.es/viewer.vm?id=0000076004&page=1 **;http://bdh-rd.bne.es/text.vm?id=0000076004&first=1&last=24 **
a5488222;Martínez, José , S.XVII -aut  // Verdejo, José Buenaventura aut  // Domingo, Úrsula Francisca aut  // Tagell, Luis , 1580-1635 aut  // Marzal, Juan Bautista , fl. 1624-1645 aut  //;;;Por Iosef Martinez, tio de Iosef Bonauentura Verdejo con Vrsola Francisca Domingo, en la causa de la educacion del dicho Iosef Verdejo;;;;Por Iuan Bautista Marçal ...;;En Valencia;1627;[2], 11 h. , il. , Fol. ,;;;"Se ha respetado la puntuación original  // Texto firmado por: ""Luis Tagell""  // Sign.: [ ]2, A-D2, F4-1  // Inicial grabada  // Última hoja presumiblemente en blanco  // En portada grabado xilográfico que representa a San José con el Niño  //";;;;;;;;Tutela --  //;Alegaciones en derecho --  //;Valencia, España //;;;;;;;;;;;;;;;;;;;;;sp;spa;;;Libro;;PORCONES/982(19) //;http://bdh-rd.bne.es/viewer.vm?id=0000167521&page=1 **;http://bdh-rd.bne.es/text.vm?id=0000167521&first=1&last=25 **
a5488259;García de Cifuentes, Julián -aut  // Hurtado de las Roelas, Fernando aut  // Cruz Díaz, Carlos aut  // Ruíz de la Vega aut  //;;;Por Iulian Garcia de Cifuentes, tutor de las menores, hijas de Domingo Garcia de Cifuentes su hermano difunto. En el pleito executivo con Don Fernando Hurtado de las Roelas, Francisco Hurtado Nieto, Agustin de la Cuesta y consortes, fiadores de estar a derecho, y pagar juzgado y sentenciado, por diego de la Cruz Diaz, tutor que fue de las dichas menores;;;;[s.n.];;[S.l.];1637;9 h. , Fol. ,;;;"Se ha respetado la puntuación original  // Texto firmado por: ""El Lic. Ruiz de la Vega""  // Fecha deducida del texto, en h. 2 r. figura, ""Iulio de 637""  // Sign.: A-D2, E2-1  // Portada con anagrama IHS xilográfico  // Última hoja presumiblemente en blanco  //";;;;;;;;Tutela --  //;Alegaciones en derecho --  //;;;;;;;;;;;;;;;;;;;;;;sp;spa;;;Libro;;PORCONES/982(21) //;http://bdh-rd.bne.es/viewer.vm?id=0000167523&page=1 **;http://bdh-rd.bne.es/text.vm?id=0000167523&first=1&last=18 **
bima0000018681;Alonso de Santo Tomás O.C.D.  // Zúñiga y Ontiveros, Felipe de , fl. 1764-1793 -imp.  //;;;Devotisimo ofrecimiento de El Rosario de Nuestra Señora;;dispuesto por ... Fray Alonso de Santo Tomás ... del Orden de Predicadores;;en la Imprenta Nueva Madrileña de D. Felipe de Zuñiga y Ontiveros ...;;Reimpreso en Mexico;1777;[2], 45 p. , 16º ,;Religión. Teología // Hispanoamérica //;;Precede al texto: “christus”  // Adorno tipográfico en cabecera de texto  // Sign.: [A]-B⁴, C¹⁶  // Escudo xilográfico de la Cofradía de Nuestra Señora del Rosario en la última página  // La ilustración es un grabado xilográfico con la imagen de la Virgen del Rosario  //;;;;;;;;Virgen del Rosario --  //;;México, México //;;;;;;;;;;;;;;;;;;;;;mx;spa;;;Libro;;VE/1231/1 //;http://bdh-rd.bne.es/viewer.vm?id=0000076213&page=1 **;http://bdh-rd.bne.es/text.vm?id=0000076213&first=1&last=28 **
bima0000020445;Bartolache, José Ignacio , 1739-1790  // Zúñiga y Ontiveros, Felipe de , fl. 1764-1793 -imp.  //;;;Manifiesto satisfactorio anunciado en la Gazeta de Mexico (Tom. I. Núm. 53) opusculo guadalupano;;compuesto por ... Joseph Ignacio Bartolache ...;;Impreso ... por D. Felipe de Zúñiga y Ontiveros ...;;En México;1790;[14], 105, [1] en bl., 16, [12] p., [2] h. de lám. , 4º ,;;;Precede a la dedicatoria: “christus”  // Sign.: [1]-17⁴, [1]², 2⁴  // Adornos xilográficos en portada y al comienzo de cada parte y en las p. 105 y 16  // La paginación comienza en 2₄  // Iniciales grabadas  // Las h. de lámina son grabados calcográficos, una de ellas con la imagen de la Virgen de Guadalupe  //;;;;;;;;Virgen de Guadalupe --  //;;México, México //;;;;;;;;;;;;;;;;;;;;;mx;spa;;;Libro;;2/63092 // R/37482 //;http://bdh-rd.bne.es/viewer.vm?id=0000174711&page=1 **;http://bdh-rd.bne.es/text.vm?id=0000174711&first=1&last=159 **
bima0000021687;Antonio de Jesús, Fray  // Zúñiga y Ontiveros, Felipe de , fl. 1764-1793 -impresor  //;;;Oración funebre del ... Padre Fray Pedro Juan de Molina ... Ministro General de ... la Orden de San Francisco, que en nombre de su Santa Provincia de ... Valencia;;dixo el ... P. Fray Antonio de Jesus ... en el Convento de Nuestra Señora del Rosario de Villa- Real, en 16 de octubre de 1777;;en la Imprenta de Don Felipe Zúñiga y Ontiveros;;Reimpresa en México;1792;[2], 51 p. , 4º ,;Geografía. Biografías. Historia // Biografías. Heráldica. Genealogía // Hispanoamérica //;;Sign.: [1]-6⁴, 7⁴⁻¹  // Inicial grabada y friso tipográfico  //;Aguilar Piñal. Bib. S.XVIII v. 1, 1933  //;;;;;;;Molina, Pedro Juan de -- (O.F.M.) --  // Oraciones fúnebres --  //;Sermones fúnebres --  //;Ciudad de México, México //;;;;;;;;;;;;;;;;;;;;;mx;spa;;;Libro;;R/35929 //;http://bdh-rd.bne.es/viewer.vm?id=0000047962&page=1 **;http://bdh-rd.bne.es/text.vm?id=0000047962&first=1&last=54 **
bima0000029702;J. G. E.  //;Viuda de Vázquez y Compañía (fl. 1797-1834?) -imp.  //;;Carta de un sevillano al Tio Juan Porra, vecino de Castilleja, contestandole á las dudas que se le ofrecen sobre el contenido de los dos papeles, que con titulo de Preocupaciones Religiosas manifiesta a Sevilla libre M. L. C.;Preocupaciones Religiosas;[J. G. E.];;por la Viuda de Vazquez y Compañía;;En Sevilla;1812;[2] h. , 4º ,;;;Título tomado de la cabecera del texto  // El autor consta a final del texto  // Fecha de impresión tomada del final del texto  // Lugar e impresor tomados del colofón  //;;;;;;;;Monacato --  //;;Sevilla, España //;;;;;;27  //;;;;;;;;;;;;;;;sp;spa;;;Libro;;R/60179(37) //;http://bdh-rd.bne.es/viewer.vm?id=0000132631&page=1 **;http://bdh-rd.bne.es/text.vm?id=0000132631&first=1&last=6 **
bima0000057615;José de San Benito (O.C.D.)  // Zúñiga y Ontiveros, Felipe de , fl. 1764-1793 -imp.  //;;;Poemata sacra in candidatorum latinitatis gratiam;;per R.P.F. Josephum a S. Benedicto carmelitam nudipedem ... lucubrata;;ex nova Typ. Matritensi apud D. Philippum de Zuñiga & Ontiveros ...;;Mexici;1777;[18], 120, [2], 104 p. , 4º ,;;;Sign.: [ ]¹, *⁴, ¶⁴, 1-27⁴, 28⁴⁺¹  //;;;;;;;;Poesías cristianas latinas --  //;;México D.F., México //;;;;;;82-1  //;;;;;;;;;;;;;;;mx;lat;;;Libro;;2/2571 //;http://bdh-rd.bne.es/viewer.vm?id=0000168106&page=1 **;http://bdh-rd.bne.es/text.vm?id=0000168106&first=1&last=253 **
bima0000060763;Lara, Nicolás José de  // Zúñiga y Ontiveros, Felipe de , fl. 1764-1793 -impresor  //;;;Elogio de San Juan Apostol y Evangelista en la solemnidad ereccion del Colegio Real de Escribanos de Mexico celebrada en la Iglesia de ... S. Agustin el dia 27 de diciembre de 1792;;pronunciado por ... Fr. Nicolás Joseph de Lara del Orden del mismo Santo Patriarca ...;;por D. Felipe de Zúñiga y Ontiveros, Calle del Espiritu Santo;;México;1793;[10], 28, [2] p. , 4º ,;Religión. Teología // Hispanoamérica //;;Sig.: [ ]⁶⁻¹, A-C⁴, D⁴⁻¹  // Adorno tipográfico en portada  // Iniciales grabadas y fris otipográfico  // Notas a pie de página  //;;;;;;;;Juan Evangelista, -- Santo -- Panegíricos --  //;Panegíricos --  //;Ciudad de México, México //;;;;;;;;;;;;;;;;;;;;;mx;spa;;;Libro;;VE/1234/15 //;http://bdh-rd.bne.es/viewer.vm?id=0000076211&page=1 **;http://bdh-rd.bne.es/text.vm?id=0000076211&first=1&last=40 **
bima0000073515;Sanz y Muñoz, Angel  // Miquel y Micó, Félix  // Estevan y Cervera, Miguel , fl. 1795-1825 -imp.  //;;;Compendio de Medicina práctica : arreglado a las explicaciones del Doctor Don Félix Miquel Médico...;Compendio de medicina práctica de Sanz  //;"por Don Angel Sanz y Muñoz ... ; Tomo primero [- Tomo tercero]";Segunda edición corregida y aumentada;en la Imprenta de Estévan;;Valencia;1820;"3 v. (XV, [1], 388 p., [1] h. pleg.; 416 p., [2] h. pleg.; 552 p., [3] h. de lám.) , 8º ,";Medicina. Farmacia // Medicina. Farmacia. //;;"Marca tipográfica en portada  // Sign.: []⁸, 1-24⁸, 25² ; 1-26⁸ ; 1-34⁸, 35⁴  // Anteportada  //";;;;;;;;Medicina -- España -- S.XIX --  //;;Valencia, España //;;;;;;61  //;;;;;;;;;;;;;;;sp;spa;;;Libro;;1/63717 // 1/63718 // 1/63719 //;http://bdh-rd.bne.es/viewer.vm?id=0000051437&page=1 ** http://bdh-rd.bne.es/viewer.vm?id=0000051437&page=416 ** http://bdh-rd.bne.es/viewer.vm?id=0000051437&page=844 **;http://bdh-rd.bne.es/text.vm?id=0000051437&first=1&last=415 ** http://bdh-rd.bne.es/text.vm?id=0000051437&first=416&last=843 ** http://bdh-rd.bne.es/text.vm?id=0000051437&first=844&last=1416 **
bima0000074654;Montesinos, Fernando , m. 1651  // Cabrera, Pedro de -imp.  // Chirinos, Simón -ed.  //;;;Auto de la fé celebrado en Lima á 23 de Enero de 1639 ...;;por ... Fernando de Montesinos ...;;por Pedro de Cabrera : Vendese en la tienda de Simon Chirinos ...;;Impresso en Lima;1639;[32] h. , 4º ,;Hispanoamérica // Religión. Teología // Cristianismo. Historia eclesiástica // Geografía. Biografías. Historia // Historia de América Latina //;;Sign.: [ ]⁴, A-G⁴  // Portada fileteada  //;Medina: La imprenta en Lima T. I, nº 195  //;;;;;;;Autos de fe -- Perú --  //;;Lima, Perú //;;;;;;26  //;;;;;;;;;;;;;;;pe;spa;;;Libro;;R/9533 //;http://bdh-rd.bne.es/viewer.vm?id=0000116532&page=1 **;http://bdh-rd.bne.es/text.vm?id=0000116532&first=1&last=75 **
bima0000095273;Rosell, Basilio Tomás  // Faulí, Salvador -imp.  //;;;El monacato, o Tardes monasticas en que hablandose en general de las obligaciones, y costumbres de los monges, se desciende en particular à las de los Agustinianos;Tardes monasticas  //;su autor el R.P.Fr. Basilio Tomas Rosell ... de agustinos calzados ...;;en la Imprenta de Salvador Faulí, junto al Colegio de Corpus Christi;;En Valencia;1787;[16], 328, [2] p. , 4º ,;Religión. Teología // Cristianismo. Historia eclesiástica //;;Anteportada  // Sign.: [ ]⁴, *⁴, A-Z⁴, Aa-Ss⁴, [ ]¹  // Texto con notas a pie de página  // Portada con viñeta xilográfica  //;Aguilar Piñal. Bib. S.XVIII v. 7, 2130  //;;;;;;;Agustinos Calzados --  // Monacato --  // Vida cristiana --  //;;Valencia, España //;;;;;;;;;;;;;;;;;;;;;sp;spa;;;Libro;;3/11766 //;http://bdh-rd.bne.es/viewer.vm?id=0000081090&page=1 **;http://bdh-rd.bne.es/text.vm?id=0000081090&first=1&last=353 **
bima0000098402;Sanz y Muñoz, Angel  // Estevan y Cervera, Miguel , fl. 1795-1825 -imp.  //;;;Compendio de Medicina práctica : arreglado á las explicaciones del Dr. D. Félix Miguel ...;Compendio de medicina práctica de Sanz  //;"por Don Angel Sanz y Muñoz ; Tomo primero [- Tomo tercero]";Segunda edición corregida y aumentada;en la Imprenta de Estevan;;Valencia;1820;"3 v.(XV, [1], 388 p., [1] h. pleg.; 416 p. ; 552 p., [3] h. pleg.) , 8º ,";Medicina. Farmacia // Medicina. Farmacia. //;;"Marca tipográfica en portada  // Sign.: []⁸, 1-24⁸, 25² ;  //";;;;;;;;Medicina -- España -- S.XIX --  //;;Valencia, España //;;;;;;61  //;;;;;;;;;;;;;;;sp;spa;;;Libro;;1/3659 // 1/3660 // 1/3661 //;http://bdh-rd.bne.es/viewer.vm?id=0000051400&page=1 ** http://bdh-rd.bne.es/viewer.vm?id=0000051400&page=415 ** http://bdh-rd.bne.es/viewer.vm?id=0000051400&page=838 **;http://bdh-rd.bne.es/text.vm?id=0000051400&first=1&last=414 ** http://bdh-rd.bne.es/text.vm?id=0000051400&first=415&last=837 ** http://bdh-rd.bne.es/text.vm?id=0000051400&first=838&last=1403 **
bima0000098593;Sarriá, Francisco Javier de  // Zúñiga y Ontiveros, Felipe de , fl. 1764-1793 -imp.  //;;;Ensayo de metalurgia ó Descripcion por mayor de las catorce materias metálicas, del modo de ensayarlas, del latorío de las minas y del beneficio de los frutos minerales de la plata;Descripcion por mayor de las catorce materias metálicas, del modo de ensayarlas, del latorío de las minas y del beneficio de los frutos minerales de la plata  //;por D. Francisco Javier de Sarriá ...;;por D. Felipe de Zúñiga y Ontiveros ...;;Impreso en México;1784;[14], 170 p. , 12º ,;;;Es continuada por: Suplemento al ensayo de metalurgia  // Sign.: [ ]⁴, A-L⁸  // Adorno tipográfico en portada y en cabecera de texto  // El verso de la p. 137 en bl. incluida en la secuencia de paginación  //;;;;;;;;Metalurgia -- Obras anteriores a 1800 --  //;;México, México //;;;;;;669  //;;;;;;;;;;;;;;;mx;spa;;;Libro;;R/17457(1) // R/17457(1) //;http://bdh-rd.bne.es/viewer.vm?id=0000050976&page=1 **;http://bdh-rd.bne.es/text.vm?id=0000050976&first=1&last=184 **
bima0000098594;Sarriá, Francisco Javier de  // Zúñiga y Ontiveros, Felipe de , fl. 1764-1793  //;;;Suplemento al Ensayo de metalurgia;;por D. Francisco Javier de Sarriá ...;;por Don Felipe de Zúñiga Ontiveros;;México;1791;[8], 104 p. , 8º ,;;;Es continuación de: Ensayo de metalurgia  // Sign.: [ ]⁴, A-F⁸, G⁴  //;;;;;;;;Metalurgia -- Obras anteriores a 1800 --  //;;México, México //;;;;;;669  //;;;;;;;;;;;;;;;mx;spa;;;Libro;;R/17457(2) //;http://bdh-rd.bne.es/viewer.vm?id=0000050981&page=1 **;http://bdh-rd.bne.es/text.vm?id=0000050981&first=1&last=112 **
bimo0000559649;Apraiz, Julián , 1848-1910  //;Ateneo de Vitoria  //;;Discurso pronunciado por el expresidente del Ateneo Don Julián Apraiz en el Teatro principal de Vitoria, con motivo de la velada conmemorativa del III centenario de la aparición del Quijote, celebrada el 8 de mayo de 1905;Discurso acerca de Cervantes y América pronunciado por el expresidente del Ateneo de Vitoria Don Julián Apraiz  //;;;[s.n.]  Imp. de Domingo Sar;;[S.l.] , Vitoria;1905;19 p. , 23 cm ,;;;Incluye referencias bibliográficas  // Precede al título: Ateneo Científico, Literario y Artistíco de Vitoria  //;;;;;;;;Cervantes Saavedra, Miguel de -- Influencia --  // América -- En la literatura --  // América Latina -- Vida intelectual --  //;;;;;;;;821.134.2 Cervantes Saavedra, Miguel de 1.07  //  913(7/8)(0:82)  //  008(8=134)  //;;;;;;;;;;;;;;;sp;spa;;;Libro;;R/32381/19 //;http://bdh-rd.bne.es/viewer.vm?id=0000198511&page=1 **;http://bdh-rd.bne.es/text.vm?id=0000198511&first=1&last=23 **
bimo0000624530;Burguete, Ricardo , 1871-1937  //;;;Rectificaciones históricas : de Guadalete a Covadonga y primer siglo de la reconquista de Asturias : ensayo de un nuevo método de investigación é instrumento de comprobaciones para el estudio de la Historia;;General Burguete;;Sáenz de Jubera, Hermanos  Imp. Helénica;;Madrid;1915;321 p., VI h. pleg. de mapas , 19 cm ,;;;;;;;;;;;Batalla de Guadalete, 711 --  // España -- Historia -- 711-1492 (Reconquista) --  // Asturias (Reino) -- Historia --  //;;;;;;;;"94(460)""0711/0800""  //  94(460.12)""0711/088""  //";;;;;;;;;;;;;;;sp;spa;;;Libro;;1/69028 //;http://bdh-rd.bne.es/viewer.vm?id=0000229435&page=1 **;http://bdh-rd.bne.es/text.vm?id=0000229435&first=1&last=361 **
bimo0000710241;Álvarez Martínez, Cirilo , 1807-1878  //;;;Consulta que sobre los derechos pasivos de los empleados de ultramar dieron los Excmos. Licenciados D. Cirilo Álvarez, D. Estanislao Figueras, D. Manuel Alonso Martínez y D.S. Moret y Prendergast, abogados del Ilustre Colegio de Madrid;;;;[s.n.]  Estab. Tip. de Julián Peña;;[S.l.] , Madrid;1870;22 p. , 26 cm ,;Ciencias sociales // Derecho. Administración pública //;;;;;;;;;;Funcionarios coloniales -- Pensiones -- España --  //;;;;;;;;353.8(460).087.43  //;;;;;;;;;;;;;;;sp;spa;;;Libro;;VC/1537/16 //;http://bdh-rd.bne.es/viewer.vm?id=0000077687&page=1 **;http://bdh-rd.bne.es/text.vm?id=0000077687&first=1&last=28 **
bimo0000794875;Dovifat, Emil  // Schwedler, Wilhelm  //;;;Die Zeitungen;;von Emil Dovifat. Das Nachrichtenwesen / von Wilhelm Schwedler;;Flamberg Verlag;;Gotha;1925;220 p. , 22 cm ,;Die Deutsche Wirtschaft und Ihre Führer, band III //;;;;;;;;;;Prensa -- Alemania --  // Periódicos -- Alemania --  //;;;;;;;;;;;;;;;;;;;;;;;gw;ger;;;Libro;"Acceso y/o uso restringido. La presente obra presenta restricciones en cuanto a su reproducción, distribución, comunicación pública o transformación; no obstante y en virtud del artículo 37 del Texto refundido de la Ley de Propiedad Intelectual (TRLPI), la Biblioteca Nacional de España está autorizada a la reproducción y a la comunicación de obras, mediante red cerrada e interna, a efectos de investigación (artículo 37, RDL 1/1996, de 12 de abril, revisada el 5 noviembre de 2015); sin perjuicio de las copias que puedan obtenerse en la BNE para uso privado, para ejercer cualquier otro de los derechos de explotación previstos en la TRLPI, el usuario deberá contactar con el correspondiente titular o la entidad de gestión encargada de representar al titular.//";3/108015 //;http://bdh-rd.bne.es/viewer.vm?id=0000220470&page=1 **;http://bdh-rd.bne.es/text.vm?id=0000220470&first=1&last=231 **
bimo0000900647;García Barzanallana, Manuel, Marqués de Barzanallana , 1817-1892  //;;;La Batalla de Guadalete : memoria leída por su autor, D. Manuel G. Barzanallana y Salomón en el Ateneo Hispano-Portugués, el día 8 de marzo de 1890;;;;[s.n.]  Imp. de A. Pérez Dubrull;;[S.l.] , Madrid;1890;15 p. , 21 cm ,;;;;;;;;;;;Batalla de Guadalete, 711 --  //;;;;;;;;"94(460)  //  94(460)""0711""  //";;;;;;;;;;;;;;;sp;spa;;;Libro;;VC/358/10 //;http://bdh-rd.bne.es/viewer.vm?id=0000085112&page=1 **;http://bdh-rd.bne.es/text.vm?id=0000085112&first=1&last=20 **
bimo0000905261;García de la Torre, Victoriano  //;;;La cuestión de Oriente considerada bajo el aspecto político y moral;;por Victoriano García de la Torre;;[s.n.]  Imp. a cargo de Joaquin René;;[S.l.] , Madrid;1855;23 p. , 20 cm ,;Geografía. Biografías. Historia // Historia de distintos países //;;;;;;;;;;Cuestión de Oriente (Balcanes) --  // Guerra de Crimea, 1853-1856 --  //;;;;;;;;"94(100)""1853/56""  //  94(497)""18""  //";;;;;;;;;;;;;;;sp;spa;;;Libro;;VC/2499/14 //;http://bdh-rd.bne.es/viewer.vm?id=0000049325&page=1 **;http://bdh-rd.bne.es/text.vm?id=0000049325&first=1&last=24 **
bimo0001207691;Moret, Segismundo , 1833-1913  // Silvela, Luis , 1841-1903  //;;;La familia foral y la familia castellana : memoria premiada por la Academia Matritense de Jurisprudencia y Legislación, en el concurso abierto en 20 de junio de 1861;;escrita por Segismundo Moret y Prendesgast [i.e. Prendergast] y Luis Silvela;;Imp. y Librería de la Señora Viuda e Hijos de José Cuesta;;Madrid;1863;215 p. , 23 cm ,;;;;;;;;;;;Fueros -- España --  // Derecho de familia -- España --  // Herencias y sucesiones -- España --  //;;;;;;;;347.6(460)  //;;;;;;;;;;;;;;;sp;spa;;;Libro;;1/3116 // DGMICRO/4883 //;http://bdh-rd.bne.es/viewer.vm?id=0000245116&page=1 **;http://bdh-rd.bne.es/text.vm?id=0000245116&first=1&last=225 **
bimo0001293692;Pérez Alonso, Juan José  //;;;Cavite o Cantos de la derrota (ensayo poético);Cantos de la derrota  //;Juan José Pérez Alonso;;"[s.n.]  Imp. de la ""Gaceta de Madrid""";;[S.l.] , Madrid;1905;37 p. , 20 cm ,;Lingüística. Literatura // Literatura española //;;;;;;;;;;Batalla de Cavite, 1898 -- Poesías --  //;;;;;;;;"(599)  //  821.134.2-14""19""  //  94(599)""1898""(0:82)  //";;;;;;;;;;;;;;;sp;spa;;;Libro;;VC/215/26 //;http://bdh-rd.bne.es/viewer.vm?id=0000115984&page=1 **;http://bdh-rd.bne.es/text.vm?id=0000115984&first=1&last=44 **
bimo0001298828;Perfecto, Mariano , 1853-1913  //;;;Novena sa mahimayaon nga Santa Mónica Iloy ni San Agustín;;guinbinisayá ni M. Perfecto;;[s.n.]  Imp. del Colegio de Sto. Tomás;;[S.l.] , Manila;1885;72 p., [2] h. de lám. , 16 cm ,;;;;;;;;;;;Mónica, -- Santa -- Novenas --  // Agustín, -- Santo, Obispo de Hipona -- Novenas --  //;;;;;;;;243  //;;;;;;;;;;;;;;;ph;phi;;;Libro;;HA/13031 //;http://bdh-rd.bne.es/viewer.vm?id=0000203188&page=1 **;http://bdh-rd.bne.es/text.vm?id=0000203188&first=1&last=76 **
bimo0001330157;Prim, Juan , 1814-1870  //;;;Memoria sobre el viaje militar a Oriente;;presentada al Gobierno de S.M. por el Exmo. Sr. General Don Juan Prim, Gefe de la Comisión ... nombrada en 1853 para seguir y estudiar las operaciones de la guerra entre Rusia y Turquia;;[s.n.]  Imp. de Tejado;;[S.l.] , Madrid;1855;XII p., 326 p., [1] h. pleg.de mapa , il., [3] h. pleg. , 25 cm ,;Exploraciones. Viajes // Geografía Biografía. Historia //;;;;;;;;;;Guerra de Crimea, 1853-1856 --  // Turquía -- Historia militar --  //;;;;;;;;"355.48(560)  //  355.48(100)""1853/56""  //  355/359  //  94  //  910  //";;;;;;;;;;;;;;;sp;spa;;;Libro;;1/42918 //;http://bdh-rd.bne.es/viewer.vm?id=0000037634&page=1 **;http://bdh-rd.bne.es/text.vm?id=0000037634&first=1&last=359 **
bimo0001353604;Redondo y Godino, Juan  //;;;Combate naval de Cavite impresiones de un médico : conferencia dada en la noche del 4 de diciembre de 1903 por Juan Redondo y Godino;;;;[s.n.]  R. Velasco, Impresor;;[S.l.] , Madrid;1904;33 p. , il., map. , 23 cm ,;Geografía. Biografías. Historia // Historia de América Latina //;;Precede al título: Centro del Ejército y de la Armada  //;;;;;;;;Batalla de Cavite, 1898 -- Aspectos sanitarios --  //;;;;;;;;"(599)  //  355.415.6(599)""1898""  //  94(599)""1898""  //";;;;;;;;;;;;;;;sp;spa;;;Libro;;VC/164/25 //;http://bdh-rd.bne.es/viewer.vm?id=0000115981&page=1 **;http://bdh-rd.bne.es/text.vm?id=0000115981&first=1&last=38 **
bimo0001369044;Ribot Serra, Manuel , 1859-1925  //;;;La base quinta;;;;Arxiu Central Lírich-Dramática de D. Rafel Ribas;;Barcelona;1884;29 p. , 21 cm ,;;;;;;;;;;;;;;;;;;;"849.9-223""18""  //";;;;;;;;;;;;;;;sp;spa;;;Libro;;T/45651 //;http://bdh-rd.bne.es/viewer.vm?id=0000248242&page=1 **;http://bdh-rd.bne.es/text.vm?id=0000248242&first=1&last=35 **
bimo0001418931;Sánchez Torres, Enrique  //;;;"Nueve Músicos clásicos (Beethoven, Mozart, Haydn, Wagner, Chopin, Mendelsohn, Schumann, Schubert, Gluck) ; y Seis Artistas españoles (Gayarre, La Cepeda, Mateu (Uetam), Labàn, Goula Sarasate)";;Característica por Enrique Sánchez Torres;;[s.n.]  Tip. Universal;;Barcelona;1891;96 p. , 17 cm ,;Biblioteca popular del filarmónico //;;;;;;;;;;Músicos --  //;;;;;;;;78  //;;;;;;;;;;;;;;;sp;spa;;;Libro;;VC/4895/65 // VC/4895/65 //;http://bdh-rd.bne.es/viewer.vm?id=0000242024&page=1 **;http://bdh-rd.bne.es/text.vm?id=0000242024&first=1&last=99 **
bimo0001642236;Álvarez Martínez, Cirilo , 1807-1878  //;Academia Matritense de Jurisprudencia y Legislación  //;;Discurso leído en la sesión inaugural de la Academia Matritense de Jurisprudencia y Legislación, celebrada el día 26 de octubre de 1872;;por ... Cirilo Álvarez Martínez;;[s.n.]  Estab. Tip. de Eduardo Cuesta;;[S.l.] , Madrid;1872;19 p. , 25 cm ,;Discursos leídos en la Academia Matritense de Juriaprudencia y Legislación //;;;;;;;;;;Pena de muerte --  //;;;;;;;;343.25  //;;;;;;;;;;;;;;;sp;spa;;;Libro;;VC/1246/3 //;http://bdh-rd.bne.es/viewer.vm?id=0000092448&page=1 **;http://bdh-rd.bne.es/text.vm?id=0000092448&first=1&last=24 **
bimo0001642237;Álvarez Martínez, Cirilo , 1807-1878  //;Academia Matritense de Jurisprudencia y Legislación  //;;Discurso leído por el Excmo. Sr. D. Cirilo Álvarez Martínez, presidente de la Academia Matritense de Jurisprudencia y Legislación, en la apertura del curso académico de 1873 a 1874, celebrada el día 15 de noviembre de 1873;;;;[s.n.]  Imp. de Pedro Montero;;[S.l.] , Madrid;1873;24 p. , 25 cm ,;Discursos leídos en la Academia Matritense de Jurisprudencia y Legislación //;;;;;;;;;;Estado --  //;;;;;;;;342.2  //;;;;;;;;;;;;;;;sp;spa;;;Libro;;VC/1394/16 //;http://bdh-rd.bne.es/viewer.vm?id=0000092455&page=1 **;http://bdh-rd.bne.es/text.vm?id=0000092455&first=1&last=28 **
bimo0001642239;Álvarez Martínez, Cirilo , 1807-1878  //;;;Discurso leído por el Excmo. Sr. D. Cirilo Álvarez, Presidente del Tribunal Supremo, en la solemne apertura de los Tribunales celebrada en 15 de setiembre de 1875;;;;[s.n.]  Imp. del Ministerio de Gracia y Justicia;;[S.l.] , Madrid;1875;19 p., [1] h. pleg. , 25 cm ,;;;;;;;;;;;Derecho procesal -- España --  //;;;;;;;;347.9(460)  //;;;;;;;;;;;;;;;sp;spa;;;Libro;;VC/333/27 //;http://bdh-rd.bne.es/viewer.vm?id=0000092273&page=1 **;http://bdh-rd.bne.es/text.vm?id=0000092273&first=1&last=31 **
bimo0001642241;Álvarez Martínez, Cirilo , 1807-1878  //;España Tribunal Supremo  //;;Discurso leído por el Excmo. Sr. D. Cirilo Álvarez Martínez, Presidente del Tribunal en la solemne apertura de los tribunales celebrada en 16 de setiembre de 1878;;;;[s.n.]  Imp. del Ministerio de Gracia y Justicia;;[S.l.] , Madrid;1878;20 p., [1] h. pleg. , 22 cm ,;Discursos leídos en el Tribunal Supremo //;;;;;;;;;;Derecho penal -- España --  //;;;;;;;;343(460)  //;;;;;;;;;;;;;;;sp;spa;;;Libro;;VC/2871/71 //;http://bdh-rd.bne.es/viewer.vm?id=0000092271&page=1 **;http://bdh-rd.bne.es/text.vm?id=0000092271&first=1&last=31 **
bimo0001642245;Álvarez Martínez, Cirilo , 1807-1878  //;;;Instituciones de derecho civil;;por Cirilo Álvarez Martínez;;[s.n.]  Imp. de Julián Pastor;;[S.l.] , Valladolid;1840;XXX, 324 p. , 23 cm ,;;;;;;;;;;;Derecho civil -- España --  //;;;;;;;;347(460)  //;;;;;;;;;;;;;;;sp;spa;;;Libro;;2/20351 //;http://bdh-rd.bne.es/viewer.vm?id=0000060828&page=1 **;http://bdh-rd.bne.es/text.vm?id=0000060828&first=1&last=363 **
Mima0000001614;Nájara, Josè de (O.F.M. Cap.)  // Bastida, Mateo de la -ed.  //;;;Espejo mystico en que el hombre interior se mira ... para los conocimientos de Dios y el exercicio de las virtudes ...;;Fr. Ioseph de Naxara religioso Capuchino ...;;por Lucas Antonio de Bedmar  a costa de Mateo de la Bastida ...;;En Madrid;1672;[24], 404, [16] p., [1] h. de grab. , 4º ,;;;"Sign. : [calderòn]±8÷, [2 calderones]±4÷, A-Z±8÷, Aa-Cc±8÷, Dd±2÷ Texto a dos col.  // Un grab. calcogràfico en sign. []÷1±, representando a la Inmaculada Concepciòn, de ""P. F. Felix fecit""  //";;;;;;;;;;Madrid, España //;;;;;;24  //;;;;;;;;;;;;;;;sp;spa;;;Libro;;2/69143 //;http://bdh-rd.bne.es/viewer.vm?id=0000045745&page=1 ** http://bdh-rd.bne.es/viewer.vm?id=0000045745&page=111 ** http://bdh-rd.bne.es/viewer.vm?id=0000045745&page=222 ** http://bdh-rd.bne.es/viewer.vm?id=0000045745&page=333 **;http://bdh-rd.bne.es/text.vm?id=0000045745&first=1&last=110 ** http://bdh-rd.bne.es/text.vm?id=0000045745&first=111&last=221 ** http://bdh-rd.bne.es/text.vm?id=0000045745&first=222&last=332 ** http://bdh-rd.bne.es/text.vm?id=0000045745&first=333&last=446 **
