idBNE;Autor Personas;Autor Entidades;Título uniforme;Título;Otros Títulos;Información asociada al título;Edición;Editorial;Editor musical;Lugar de publicación;Fecha de publicación;Descripción física;Serie;Contenido;Descripción y notas;Citas o referencias;transcripciones de interés;Procedencia;Intérpretes;Resumen;Premios;Periodicidad;Tema;Género/Forma;Lugar relacionado;Forma de la composición sonora;Forma de la composición notada;tipo material cartográfico;Proyección del mapa;Escala del mapa;CDU;Otra clasificación;id registros relacionados;información asociada a registros relacionados;id otras ediciones;información asociada a otras ediciones;id título anterior;información asociada a título anterior;id título posterior;información asociada a título posterior;ISBN;ISSN;Depósito Legal;Otros Números Normalizados;Número Bibliografía Nacional;País de publicación;Lengua de publicación;Lengua original;otras lenguas;Tipo de documento;Condiciones de uso;signatura;version_digital;texto_OCR
bima0000116200;Caracciolus, Robertus  // Arrivabene, Giorgio -imp.  //;;;Sermones de laudibus sanctorum;;;;Georgius Arrivabene;;Venezia;1489;h. , 4º ,;Incunables //;;;HC 4477  // Pell 3285  // GW 6052  // Pol 4271  // BMC V, 383  // IGI 2459 (+Supl.)  // Goff C-144 (+Supl. 1972)  // IBP 1408  // CIH 908  // IDL 1131  // IBE 1448  //;;;;;;;;;Venezia, Italia //;;;;;;;;;;;;;;;;;;;;;it;lat;;;Libro;;;http://bdh-rd.bne.es/viewer.vm?id=0000097203&page=1 **;http://bdh-rd.bne.es/text.vm?id=0000097203&first=1&last=410 **
bima0000116206;Carcano, Michael de  // Scinzenzeler, Ulrich -imp.  // Peragalli, Raphael -ed.  //;;;Sermonarium de commendatione virtutum et reprobatione vitiorum;;;;Udalricus Scinzenzeler  impens. Raphaelis Peragalli;;Milano;1495;h. , 4º ,;Incunables //;;;HC 4505  // Pell 3298  // GW 6128  // Pol 1007 (+Supl.)  // BMC VI, 770  // IGI 2517 (+Supl.)  // Goff C-198  // IBP 1437  // CIH 930  // IDL 1149  // IBE 1480  //;;;;;;;;;Milano, Italia //;;;;;;;;;;;;;;;;;;;;;it;lat;;;Libro;;;http://bdh-rd.bne.es/viewer.vm?id=0000099300&page=1 **;http://bdh-rd.bne.es/text.vm?id=0000099300&first=1&last=528 **
bima0000116207;Carcano, Michael de  // Renner, Franz -imp.  // Nicolò da Francoforte -imp.  //;;;Sermonarium de peccatis per adventum et per duas quadragesimas;;;;Franciscus Renner et Nicolaus de Franckfordia;;Venezia;1476;Partes I-II , 4º ,;Incunables //;;;HC 4508  // C 1455  // Pell 3300  // GW 6129  // Pol 4273  // BMC V, 193  // IGI 2518 (+Supl.)  // Goff C-194 (+Supl. 1972)  // IBP 1432  // CIH 926  // IDL 1151  // IBE 1481  //;;;;;;;;;Venecia, Italia //;;;;;;;;;;;;;;;;;;;;;it;lat;;;Libro;;Inc/2112 //;http://bdh-rd.bne.es/viewer.vm?id=0000097201&page=1 **;http://bdh-rd.bne.es/text.vm?id=0000097201&first=1&last=897 **
bima0000116210;Carcano, Michael de  // Gregori, Gregorio de -imp.  // Gregori, Giovanni de -imp.  //;;;Sermonarium de decem praeceptis per quadragesimam;;;;Johannes et Gregorius de Gregoriis  impens. Alexandri Calcedonii;;Venezia;1492 - 1493;h. , 4º ,;Incunables //;;;HC 4504  // Pell 3297  // GW 6133  // Pol 1006 (+Supl.)  // BMC V, 343  // IGI 2522 (+Supl.)  // Goff C-193  // IBP 1436  // CIH 925  // IDL 1150  // IBE 1485  //;;;;;;;;;Venezia, Italia //;;;;;;;;;;;;;;;;;;;;;it;lat;;;Libro;;;http://bdh-rd.bne.es/viewer.vm?id=0000098122&page=1 **;http://bdh-rd.bne.es/text.vm?id=0000098122&first=1&last=462 **
bima0000116214;Casiano, Juan , ca. 360-435  // Amerbach, Johann -imp.  //;;;De institutis coenobiorum Collationes Sanctorum Patrum;;;;Johannes Amerbach;;Basel;1497;220 h. , 4º ,;Incunables //;;;HC 4564  // Pell 3338  // GW 6162  // Pol 1014  // IGI 2547 (+Supl.)  // Goff C-235  // IBP 1449  // CIH 935  // IDL 1161  // BMC III, 758  // IBE 1495  //;;;;;;;;;Basel, Suiza //;;;;;;;;;;;;;;;;;;;;;sz;lat;;;Libro;;Inc/387 //;http://bdh-rd.bne.es/viewer.vm?id=0000098018&page=1 **;http://bdh-rd.bne.es/text.vm?id=0000098018&first=1&last=440 **
bima0000116222;Cataneus, Johannes Lucidus  // Plannck, Stephan -imp.  //;;;Oratio ad Alexandrum VI;;;;Stephanus Plannck;;[Roma;1492?;h. , 4º ,;Incunables //;;;HC 4683  // C 1500  // Pell 3385  // GW 6216  // BMC IV, 96  // IGI 2576 (+Supl.)  // Goff C-276  // IBE 1517  //;;;;;;;;;Roma, Italia //;;;;;;;;;;;;;;;;;;;;;it;lat;;;Libro;;;http://bdh-rd.bne.es/viewer.vm?id=0000098370&page=1 **;http://bdh-rd.bne.es/text.vm?id=0000098370&first=1&last=14 **
bima0000116226;Pseudo Catón  // Huss, Mathias -imp.  // Schabeller, Johannes -imp.  //;;;Disticha moralia, cum commento «Summi Deus largitor praemii»;;;;Mathias Huss et Johannes Schabeller;;[Lyon;1485;h. , 4º ,;Incunables //;;;C 1524  // Pell 3410  // GW 6299  // Goff C-303  // IBE 1532  //;;;;;;;;;Lyon, Francia //;;;;;;;;;;;;;;;;;;;;;fr;lat;;;Libro;;;http://bdh-rd.bne.es/viewer.vm?id=0000098019&page=1 **;http://bdh-rd.bne.es/text.vm?id=0000098019&first=1&last=187 **
bima0000116297;Clichtove, Josse , 1472-1543  // Mercator, Guido -imp.  //;;;In terminorum cognitionem introductio De artium divisione introductio;;;;Guido Mercator;;Paris;1500;h. , 4º ,;Incunables //;;;H 5465  // Pell 3850  // GW 7133  // IGI 3047-A  // IBE 1699  //;;;;;;;;;Paris, Francia //;;;;;;;;;;;;;;;;;;;;;fr;lat;;;Libro;;;http://bdh-rd.bne.es/viewer.vm?id=0000098124&page=1 **;http://bdh-rd.bne.es/text.vm?id=0000098124&first=1&last=51 **
bima0000116304;Silber, Eucharius -imp.  //;;;Interrogationes et doctrinae pro confessoribus;;;;Eucharius Silber;;[Roma;1495;10 h. , 8º ,;Incunables //;;sign.: a±10÷. =8±o÷  // L. rom. (84R), 23 lín  // Inic. lombarda  // Hoj. lr., sign. a: // Interrogationes & doctrine quibus quilibet // sacerdos debet interrogare suu cofitentem. // (H)±2÷Ic sunt multa utilia pro confessoribus // adintroducendum gentes simplices. // Primo qualis debet esse confessor... // lín. 16: Rubrica. // Qualis debet esse confessor. // Primo debet esse dulcis in corrigendo... Hoj. l Or., lín. 19 ...talis potest absolui & precipere // ei q se faciatabsolui per superiorem cum po- // terit & cetera. // FINIS // Hoj. 10v., en bl  //;IBE 1727  //;;;;;;;;;Roma, Italia //;;;;;;;;;;;;;;;;;;;;;it;lat;;;Libro;;;http://bdh-rd.bne.es/viewer.vm?id=0000098355&page=1 **;http://bdh-rd.bne.es/text.vm?id=0000098355&first=1&last=20 **
bima0000116310;Conradus de Halberstadt  // Drach, Peter -imp.  //;;;Concordantiae Bibliorum;;;;Petrus Drach;;Speyer;1485?;h. , Fol. ,;Incunables //;;;HC 5631  // Pell 3934  // GW 7421  // Pol 4300  // BMC II, 493  // Goff C-852  // IBP 1694  // CIH 1070  // IBE 1738  //;;;;;;;;;Speyer, Alemania //;;;;;;;;;;;;;;;;;;;;;gw;lat;;;Libro;;;http://bdh-rd.bne.es/viewer.vm?id=0000098516&page=1 **;http://bdh-rd.bne.es/text.vm?id=0000098516&first=1&last=535 **
bima0000116333;Bonetti, Andrea -imp.  //;;;Liber sextus Decretalium Bonifacii Papae VIII.;;cum apparatu Johannis Andreae. [Praec.] Johannes Andreae: Super arboribus consanguinitatis et affinitatis;;Andreas de Bonetis;;Venezia;1486;h. , Fol. ,;Incunables //;;;HC 3611  // C 1207 (I)  // Pell 2753 (II)  // GW 4878  // BMC V, 362  // IGI 1978 (+Supl.)  // Goff B-1000  // IBP 1193  // CIH 772  // IBE 1828  //;;;;;;;;;Venezia, Italia //;;;;;;;;;;;;;;;;;;;;;it;lat;;;Libro;;;http://bdh-rd.bne.es/viewer.vm?id=0000098074&page=1 **;http://bdh-rd.bne.es/text.vm?id=0000098074&first=1&last=208 **
bima0000116334;Blavi, Tommaso de' -imp.  //;;;Liber sextus Decretalium Bonifacii Papae VIII.;;cum apparatu Johannis Andreae. [Praec.] Johannes Andreae: Super arboribus consanguinitatis et affinitatis;;Thomas de Blavis;;Venezia;1489;h. , 4º ,;Incunables //;;;HR 3615  // Pell 2744  // GW 4883  // IGI 1981 (+Supl.)  // Goff B-1003 (+Supl. 1972)  // CIH 775  // IDL 989  // IBE 1829  //;;;;;;;;;Venezia, Italia //;;;;;;;;;;;;;;;;;;;;;it;lat;;;Libro;;;http://bdh-rd.bne.es/viewer.vm?id=0000099331&page=1 **;http://bdh-rd.bne.es/text.vm?id=0000099331&first=1&last=308 **
bima0000116337;Jenson, Nicolas -imp.  //;;;Constitutiones Clementis Papae V;;cum apparatu Johannis Andreae.- Decretales extravagantes communes selectae (20) Bonifacii VIII., Benedicti XI., Clementis V.et Johannis XXII;;Nicolaus Jenson;;Venezia;1476;h. , Fol. ,;Incunables //;;;H 5417  // Pell 2735 (II)  // GW 7098  // IGI 3020 (+Supl.)  // Goff C-728  // IDL 1326  // IBE 1844  //;;;;;;;;;Venezia, Italia //;;;;;;;;;;;;;;;;;;;;;it;lat;;;Libro;;;http://bdh-rd.bne.es/viewer.vm?id=0000095945&page=1 **;http://bdh-rd.bne.es/text.vm?id=0000095945&first=1&last=153 **
bima0000116343;Siber, Johann -imp.  //;;;Institutiones Justiniani;;cum glossa Francisci Accursii;;Johannes Siber;;[Lyon;entre 1481 y 1483?;h. , Fol. ,;Incunables //;;;GW 7603  // Goff J-522  // IBE 1861  //;;;;;;;;;Lyon, Francia //;;;;;;;;;;;;;;;;;;;;;fr;lat;;;Libro;;;http://bdh-rd.bne.es/viewer.vm?id=0000095947&page=1 **;http://bdh-rd.bne.es/text.vm?id=0000095947&first=1&last=176 **
bima0000116344;Scoto, Ottaviano -imp.  //;;;Institutiones Justiniani;;cum glossa Francisci Accursii;;Octavianus Scotus;;Venezia;1483;h. , 4º ,;Incunables //;;;HC 9513  // GW 7608  // Pol 2349  // IGI 5506 (+Supl.)  // Goff J-524  // IBP 1724  // CIH 1088  // IBE 1862  //;;;;;;;;;Venezia, Italia //;;;;;;;;;;;;;;;;;;;;;it;lat;;;Libro;;;http://bdh-rd.bne.es/viewer.vm?id=0000098923&page=1 **;http://bdh-rd.bne.es/text.vm?id=0000098923&first=1&last=238 **
bima0000116368;Crescentius, Petrus de  // Drach, Peter -impresor  //;;;Ruralia commoda;;;;[Peter Drach];;[Speyer];entre 1490 y 1495?;[2], 3-153, [5] h. , Fol. ,;Incunables //;;Datos de impresión tomados de Martín Abad  // A⁸ B-Q⁶ R⁸ S-Z⁶ a-b⁶ [ ]⁴  // Letra gótica en 2 tamaños  // Texto a 2 columnas, 53 líneas  // Huecos para iniciales  // Grabados xilográficos intercalados en el texto  //;HCR 5826  // GW 7825  // Pol 3099 (Supl.)  // BMC II, 499  // IGI 3265  // Goff C-969  // IBP 1807  // CIH 1119  // IBE 1955  // ISTC ic00969000  // CIBN Madrid (1945) 639  // Martín Abad C-197  //;;;;;;;;;Speyer, Alemania //;;;;;;631  //;;;;;;;;;;;;;;;gw;lat;;;Libro;;INC/1429 //;http://bdh-rd.bne.es/viewer.vm?id=0000179076&page=1 **;http://bdh-rd.bne.es/text.vm?id=0000179076&first=1&last=164 **
bima0000116374;Chevrerius, Philippus  // Plannck, Stephan -imp.  //;;;Oratio ad Innocentium VIII;;;;Stephanus Plannck;;[Roma;1485?;h. , 4º ,;Incunables //;;;H 4947  // Pell 3542  // GW 6614  // Pol 1061 bis (+Supl.)  // BMC IV, 85  // IGI 2746 (+Supl.)  // Goff C-447 (+Supl. 1972)  // CIH 981  // IBE 1983  //;;;;;;;;;Roma, Italia //;;;;;;;;;;;;;;;;;;;;;it;lat;;;Libro;;;http://bdh-rd.bne.es/viewer.vm?id=0000097429&page=1 **;http://bdh-rd.bne.es/text.vm?id=0000097429&first=1&last=4 **
bima0000116378;Dalburgius, Johannes  // Plannck, Stephan -imp.  //;;;Gratulatio Innocentio VIII. dicta;;;;Stephanus Plannck;;[Roma;1485?;h. , 4º ,;Incunables //;;;HC 5909  // Pell 4090  // BMC IV, 86  // IGI 5256 (+Supl.)  // Goff D-1  // CIH 1899  // IBE 1998  //;;;;;;;;;Roma, Italia //;;;;;;;;;;;;;;;;;;;;;it;lat;;;Libro;;;http://bdh-rd.bne.es/viewer.vm?id=0000097434&page=1 **;http://bdh-rd.bne.es/text.vm?id=0000097434&first=1&last=9 **
bima0000116412;Díaz de Montalvo, Alfonso , 1405-1499  // Koberger, Anton , ca. 1440-1513 -imp.  //;;;Repertorium quaestionum super Nicolaum de Tudeschis in libros Decretalium;;;;Antonius Koberger;;[Nürnberg;1485;h. , Fol. ,;;;;HC 11567  // Pell 4229  // GW 8305  // Pol 1278  // BMC II, 431  // Goff D-174  // IBP 1890  // CIH 1159  // IBE 2083  //;;;;;;;;;Nürnberg, Alemania //;;;;;;;;;;;;;;;;;;;;;gw;lat;;;Libro;;INC/8(2) //;http://bdh-rd.bne.es/viewer.vm?id=0000060985&page=1 **;http://bdh-rd.bne.es/text.vm?id=0000060985&first=1&last=385 **
bima0000116439;Donatus, Ludovicus  // Schömberger, Johann -imp.  //;;;Oratio pro Sancti Augustini solemnitate habita;;;;Johannes Schoemberger;;[Roma;1482?;h. , 4º ,;Incunables //;;;H 6393  // Pell 4432  // GW 9040  // Pol 4336  // BMC IV, 132  // IGI 3569 (+Supl.)  // Goff D-356  // IBE 2182  //;;;;;;;;;Roma, Italia //;;;;;;;;;;;;;;;;;;;;;it;lat;;;Libro;;;http://bdh-rd.bne.es/viewer.vm?id=0000098565&page=1 **;http://bdh-rd.bne.es/text.vm?id=0000098565&first=1&last=7 **
bima0000116460;Durand, Guillaume , ca. 1237-1296  // Koberger, Anton , ca. 1440-1513 -imp.  //;;;Rationale divinorum officiorum;;;;Antonius Koberger;;Nürnberg;1494;h. , 4º ,;Incunables //;;;H 6497  // Pell 4516  // GW 9140  // Pol 1383 (+Supl.)  // BMC II, 439  // IGI 3644 (+Supl.)  // Goff D-438  // IBP 2030  // CIH 1245  // IDL 1662  // IBE 2240  //;;;;;;;;;Nürnberg, Alemania //;;;;;;;;;;;;;;;;;;;;;gw;lat;;;Libro;;;http://bdh-rd.bne.es/viewer.vm?id=0000097202&page=1 **;http://bdh-rd.bne.es/text.vm?id=0000097202&first=1&last=609 **
bima0000116483;Manuzio, Aldo -imp.  //;;;Epistolae diversorum philosophorum, oratorum et rhetorum (graece);;;;Aldus [Manutius];;Venezia;1499;Partes I-II. , 4º ,;Incunables //;;;HC 6659  // Pell 4613  // GW 9367  // Pol 1416 (+Supl.)  // BMC V, 560  // IGI 3707 (+Supl.)  // Goff E-64 (+Supl. 1972)  // IBP 2083  // CIH 1268  // IDL 1273  // IJL 134  // IBE 2289  //;;;;;;;;;Venezia, Italia //;;;;;;;;;;;;;;;;;;;;;it;grc;;;Libro;;;http://bdh-rd.bne.es/viewer.vm?id=0000097200&page=1 **;http://bdh-rd.bne.es/text.vm?id=0000097200&first=1&last=807 **
bima0000116485;Escobar, Andrés de  // Silber, Eucharius -imp.  //;;;Modus confitendi;;;;Eucharius Silber;;[Roma;1495;h. , 8º ,;Incunables //;;;Acc I, 12  // IGI 517  // IBE 2301  //;;;;;;;;;Roma, Italia //;;;;;;;;;;;;;;;;;;;;;it;lat;;;Libro;;;http://bdh-rd.bne.es/viewer.vm?id=0000098362&page=1 **;http://bdh-rd.bne.es/text.vm?id=0000098362&first=1&last=24 **
bima0000116493;Este, Nicolaus Maria de  // Plannck, Stephan -imp.  //;;;Oratio pro Hercule Estensi, Ferrariae duce, ad Alexandrum VI;;;;Stephanus Plannck;;Roma;1493;h. , 4º ,;Incunables //;;;H 6689  // GW 9396  // BMC IV, 97  // IGI 3718  // Goff E-110  // IBE 2324  //;;;;;;;;;Roma, Italia //;;;;;;;;;;;;;;;;;;;;;it;lat;;;Libro;;;http://bdh-rd.bne.es/viewer.vm?id=0000098365&page=1 **;http://bdh-rd.bne.es/text.vm?id=0000098365&first=1&last=8 **
bima0000116510;Albrecht von Eyb , 1420-1475  // Le Rouge, Jacques -imp.  //;;;Margarita poetica;;;;Johannes Rubeus];;[Venezia;1493;h. , Fol. ,;Incunables //;;;HC 6824  // GW 9536  // BMC V, 417  // IGI 3776 (+Supl.)  // Goff E-177 (+Supl. 1972)  // IDL 1766  // IBE 2369  //;;;;;;;;;Venezia, Italia //;;;;;;;;;;;;;;;;;;;;;it;lat;;;Libro;;;http://bdh-rd.bne.es/viewer.vm?id=0000095476&page=1 **;http://bdh-rd.bne.es/text.vm?id=0000095476&first=1&last=348 **
bima0000116512;Albrecht von Eyb , 1420-1475  // Mayer, Heinrich -imp.  //;;;Margarita poetica pars prima;;;;Henricus Mayer;;[Toulouse;1492;h. , 4º ,;Incunables //;;;GW 9541  // IBE 2371  //;;;;;;;;;Toulouse, Francia //;;;;;;;;;;;;;;;;;;;;;fr;lat;;;Libro;;;http://bdh-rd.bne.es/viewer.vm?id=0000098108&page=1 **;http://bdh-rd.bne.es/text.vm?id=0000098108&first=1&last=431 **
bima0000116521;Fernandes de Lucena, Vasco  // Plannck, Stephan -imp.  //;;;Oratio de oboedientia ad Innocentium VIII. anno 1485 habita;;;;Stephanus Plannck;;[Roma;entre 1488 y 1490?;h. , 4º ,;Incunables //;;;HC 15760  // C 2454  // GW 9785  // BGP II, 34  // BMC IV, 93  // IGI 10041  // Goff V-100  // IBE 2403  //;;;;;;;;;Roma, Italia //;;;;;;;;;;;;;;;;;;;;;it;lat;;;Libro;;;http://bdh-rd.bne.es/viewer.vm?id=0000097427&page=1 **;http://bdh-rd.bne.es/text.vm?id=0000097427&first=1&last=12 **
bima0000116522;Fernández de Santaella, Rodrigo , 1444-1509  // Plannck, Stephan -imp.  //;;;Oratio coram Sixto IV. in die Parasceve anni 1477 habita;;;;Stephanus Plannck;;[Roma;entre 1481 y 1487?;h. , 4º ,;Incunables //;;;HC 13931  // C 2456  // GW 9789  // Pol 4703  // BMC IV, 90  // IGI 8390  // Goff S-124  // CIH 3029  // IDL 4050  // IBE 2404  //;;;;;;;;;Roma, Italia //;;;;;;;;;;;;;;;;;;;;;it;lat;;;Libro;;;http://bdh-rd.bne.es/viewer.vm?id=0000097471&page=1 **;http://bdh-rd.bne.es/text.vm?id=0000097471&first=1&last=15 **
bima0000116527;Ferrariis, Johannes Petrus de  // Girardengo, Nicolò -imp.  //;;;Practica nova iudicialis;;;;Nicolaus de Girardengis;;[Pavia;entre 1482 y 1483?;h. , Fol. ,;Incunables //;;;(C)R 2465  // Pell 4770  // GW 9816  // IGI 3838 (+Supl.)  // IBE 2414  //;;;;;;;;;Pavia, Italia //;;;;;;;;;;;;;;;;;;;;;it;lat;;;Libro;;;http://bdh-rd.bne.es/viewer.vm?id=0000098669&page=1 **;http://bdh-rd.bne.es/text.vm?id=0000098669&first=1&last=374 **
bima0000116531;Ferrarius, Johannes Matthaeus  // Onate, Giovani Antonio -imp.  // Castiglione, Pietro Antonio -ed.  //;;;Opera medica seu Practica, vel commentarii libri noni ad Almansorem;;una cum textu Rhasis;;[Johannes Antonius de Honate]  impens. Petri Antonii de Castelliono;;Milano;1481;Partes I-II. , Fol. ,;Incunables //;;;H 7837  // Pell 5285  // GW 9831  // IGI 3845 (+Supl.)  // IBE 2420  //;;;;;;;;;Milano, Italia //;;;;;;;;;;;;;;;;;;;;;it;lat;;;Libro;;INC/674_PT._1 // INC/675_PT._2 //;http://bdh-rd.bne.es/viewer.vm?id=0000101052&page=1 ** http://bdh-rd.bne.es/viewer.vm?id=0000101052&page=426 **;http://bdh-rd.bne.es/text.vm?id=0000101052&first=1&last=425 ** http://bdh-rd.bne.es/text.vm?id=0000101052&first=426&last=887 **
bima0000116537;Ficino, Marsilio , 1433-1499  // Amerbach, Johann -imp.  //;;;De triplici vita;;;;Johannes Amerbach;;[Basel;1497;h. , 4º ,;Incunables //;;;HC 7063  // Pell 4798  // GW 9885  // Pol 4364  // BMC III, 759  // IGI 3872  // Goff F-160 (+Supl. 1972)  // IBP 2185  // CIH 1328  // IDL 1812  // IBE 2437  //;;;;;;;;;Basel, Suiza //;;;;;;;;;;;;;;;;;;;;;sz;lat;;;Libro;;Inc/1543 //;http://bdh-rd.bne.es/viewer.vm?id=0000010196&page=1 ** http://bdh-rd.bne.es/viewer.vm?id=0000010196&page=101 **;http://bdh-rd.bne.es/text.vm?id=0000010196&first=1&last=100 ** http://bdh-rd.bne.es/text.vm?id=0000010196&first=101&last=204 **
bima0000116539;Fírmico Materno, Julio  // Bevilacqua, Simone , 1485-1518 -imp.  //;;[Mathesis] //;Astronomica, seu Mathesis, alias De nativitatibus;;;;Simon Bevilaqua;;Venezia;1497;h. , Fol. ,;Incunables //;;;H 7121 bis  // Pell 4814  // GW 9980  // BMC V, 522  // IGI 3975 (+Supl.)  // Goff F-190  // IBP 2189  // CIH 1331  // IBE 2447  //;;;;;;;;;Venezia, Italia //;;;;;;;;;;;;;;;;;;;;;it;lat;;;Libro;;;http://bdh-rd.bne.es/viewer.vm?id=0000095931&page=1 **;http://bdh-rd.bne.es/text.vm?id=0000095931&first=1&last=238 **
bima0000116541;Fliscus, Hector  // Plannck, Stephan -imp.  //;;;Oratio ad Innocentium VIII;;;;Stephanus Plannck;;[Roma;1485?;h. , 4º ,;Incunables //;;;H 7133  // Pell 4816=4818  // GW 9997  // BMC IV, 85  // IGI 3978 (+Supl.)  // Goff F-196  // CIH 1333  // IBE 2451  //;;;;;;;;;Roma, Italia //;;;;;;;;;;;;;;;;;;;;;it;lat;;;Libro;;;http://bdh-rd.bne.es/viewer.vm?id=0000097431&page=1 **;http://bdh-rd.bne.es/text.vm?id=0000097431&first=1&last=11 **
bima0000116545;Meer, Jacob van der -imp.  //;;;Flores poetarum de virtutibus et vitiis, seu Sententiae egregiae;;;;[Jacobus van der Meer aut Christianus Snellaert];;Delf;1487;h. , 4º ,;Incunables //;;;HC 7178  // GW 10072  // Camp Kron. 751 (+Supl.) [Ch. Snellaert]  // HPT (II) p. 480  // Pool 1490 [=Camp. Kron.]  // IDL 1832  // IBE 2462  //;;;;;;;;;Holanda //;;;;;;;;;;;;;;;;;;;;;ne;lat;;;Libro;;Inc/966 //;http://bdh-rd.bne.es/viewer.vm?id=0000099294&page=1 **;http://bdh-rd.bne.es/text.vm?id=0000099294&first=1&last=178 **
bima0000116554;Quentell, Heinrich -imp.  //;;;Formularium instrumentorum ad usum Romanae Curiae;;;;Henricus Quentell;;Köln;1495;h. , 4º ,;Incunables //;;;H 7288  // Pell 4878  // GW 10214  // Pol 1503 (+Supl.)  // IGI 4033  // Goff F-261  // IBP 2216  // IDL 1843  // IBE 2486  //;;;;;;;;;Köln, Alemania //;;;;;;;;;;;;;;;;;;;;;gw;lat;;;Libro;;;http://bdh-rd.bne.es/viewer.vm?id=0000098005&page=1 **;http://bdh-rd.bne.es/text.vm?id=0000098005&first=1&last=372 **
bima0000116555;Francisco de Toledo  // Plannck, Stephan -imp.  //;;;Oratio in funere Leonardi de Robore;;;;Stephanus Plannck;;[Roma;entre 1481 y 1487?;h. , 4º ,;Incunables //;;;HC 7337  // Pell 4906  // GW 10278  // BMC IV, 89  // IGI 4086 (+Supl.)  // Goff F-302 (+Supl. 1972)  // IBE 2494  //;;;;;;;;;Roma, Italia //;;;;;;;;;;;;;;;;;;;;;it;lat;;;Libro;;;http://bdh-rd.bne.es/viewer.vm?id=0000098609&page=1 **;http://bdh-rd.bne.es/text.vm?id=0000098609&first=1&last=6 **
bima0000116559;Franciscus de Mayronis  // Pasquali, Pellegrino -impresor  //;;[Obra selecta] //;[Opera varia];;;;per Pelegrinum de Pasqualibus;;Impressus Venetiis;1493 - 1494;[10] 241 f. [i. e. 248] , 4º ,;;"Sermones de laudibus sanctorum ; Tractatus de baptismo ; Tractatus de angelis ; Tractatus de suffragiis defunctorum ; Tractatus super Pater noster ; Tractatus de penitentia ; Tractatus de articulis fidei ; Expositio super Magnificat ; Tractatus de Corpore Christi ; Tractatus de septem donis Spiritus Sancti ; Tractatus de ultimo iudicio ; .Tractatus super ""Missus est""//";Marca tipográfica xilografiada tras el colofón  // [10]a-z⁸ [tironiano]⁸ [cum]⁸ [rum]⁸ A-E⁸  // Letra gótica y romana  // Texto a 2 columnas, 48-49 líneas  // Numerosos errores de foliación  // Huecos para iniciales, algunas letras de aviso  // Apostillas marginales  // Texto a 2 tintas en f. 1r  //;GW M22448  // H 10531  // Pell 4909  // Pol 1514  // BMC V, 392  // IGI 6311 (+Supl.)  // Goff M-93 (+Supl.1972)  // IBP 3671  // CIH 2234  // IBE 2502  // ISTC im00093000  // CIBN Madrid (1945) 819  // Martín Abad M-85  //;;;;;;;;;Venezia, Italia //;;;;;;24  //;;;;;;;;;;;;;;;it;lat;;;Libro;;INC/1544(1) //;http://bdh-rd.bne.es/viewer.vm?id=0000177004&page=1 **;http://bdh-rd.bne.es/text.vm?id=0000177004&first=1&last=259 **
bima0000116560;Franchis, Philippus de  // Pietro da Colonia -imp.  // Giovanni da Bamberga -imp.  //;;;Lectura super Decretal De appellationibus. Repetitio cap. «Dilecto filio», eiusdem tituli, de materia nullitatis;;;;Petrus Petri de Colonia et Johannes Nicolai de Bamberga;;[Perugia;1472;h. , Fol. ,;Incunables //;;;HCR 7317  // Pell 4898  // GW 10242 [c. 1471-72]  // IGI 4075 (+Supl.)  // Veneziani 3  // IBE 2507  //;;;;;;;;;Perugia, Italia //;;;;;;;;;;;;;;;;;;;;;it;lat;;;Libro;;;http://bdh-rd.bne.es/viewer.vm?id=0000095465&page=1 **;http://bdh-rd.bne.es/text.vm?id=0000095465&first=1&last=651 **
bima0000116574;Gaguinus, Robertus  // Gerlier, Durand -editor  // Bocard, André -impresor  //;;;Compendium de origine et gestis Francorum;;;;impe[n]sis magistri Dura[n]di gerlerij diligenti vero accuratione Magistri Andree bocard.;;Imp[re]ssi Parisi;1497 - 1498;[4], CVIII, [2] h. , Fol. ,;Incunables //;;Sign.: a⁴, b⁸, cd⁶, e⁸, f⁶, g⁸, h⁶, i⁸, k⁶, l⁸, m⁶, n⁸, o⁶, p⁸, qr⁶  // Letra gótica de varios tamaños  // 55 líneas  // Portada a dos tintas  // Iniciales xilografiadas. Iniciales lombardas  //;HC 7411  // Pell 4970  // Pol 1538 (+Supl.)  // BMC VIII, 156  // IGI 4119  // Goff G-13  // CIH 1367  // IDL 1875  // GW 10453  // IBE 2540  // ISTC ig00013000  // Martín Abad G-4  //;;;;;;;;;Paris, Francia //;;;;;;94(4)  //;;;;;;;;;;;;;;;fr;lat;;;Libro;;INC/2082(1) //;http://bdh-rd.bne.es/viewer.vm?id=0000179004&page=1 **;http://bdh-rd.bne.es/text.vm?id=0000179004&first=1&last=123 **
bima0000116601;Geraldinus, Antonius  // Plannck, Stephan -imp.  //;;;Oratio in obsequio Ferdinandi et Elisabeth, Hispaniarum regis et reginae, ad Innocentium VIII. anno 1486 habita;;;;Stephanus Plannck;;[Roma;1486?;h. , 4º ,;Incunables //;;;HC 7612  // Pell 5059  // Pol 1578  // BMC IV, 87  // IGI: 4225  // Goff G-160 (+Supl. 1972)  // GW 10669  // IBE 2629  //;;;;;;;;;Roma, Italia //;;;;;;;;;;;;;;;;;;;;;it;lat;;;Libro;;;http://bdh-rd.bne.es/viewer.vm?id=0000097486&page=1 **;http://bdh-rd.bne.es/text.vm?id=0000097486&first=1&last=13 **
bima0000116603;Gerardus de Zutphania , Zutphen, 1367-Windsheim, 4 Diciembre 1398  // Amerbach, Johann -imp.  // Petri, Johann -imp.  //;;;De spiritualibus ascensionibus;;;;Johannes Amerbach et Johannes Petri;;[Basel;1489;h. , 8º ,;Incunables //;;;HC 16296  // Pell 5116  // Pol 1584 (+Supl.)  // BMC III, 752  // IGI 4234  // Goff G-177 (+Supl. 1972)  // IDL 1927  // GW 10689  // IBE 2637  //;;;;;;;;;Basel, Suiza //;;;;;;;;;;;;;;;;;;;;;sz;lat;;;Libro;;;http://bdh-rd.bne.es/viewer.vm?id=0000099323&page=1 **;http://bdh-rd.bne.es/text.vm?id=0000099323&first=1&last=135 **
bima0000116625;Gravina, Pietro  // Plannck, Stephan -imp.  //;;;Oratio de Cristi ad caelos ascensu apud Alexandrum VI. anno 1493 habita;;;;Stephanus Plannck;;[Roma;1493?;h. , 4º ,;Incunables //;;;HC 7925  // Pell 5343  // BMC IV, 98  // IGI 4418 (+Supl.)  // Goff G-393 (+Supl. 1972)  // IDL 2056  // GW 11392  // IBE 2702  //;;;;;;;;;Roma, Italia //;;;;;;;;;;;;;;;;;;;;;it;lat;;;Libro;;;http://bdh-rd.bne.es/viewer.vm?id=0000097472&page=1 **;http://bdh-rd.bne.es/text.vm?id=0000097472&first=1&last=8 **
bima0000116652;Guiba, Robertus  // Plannck, Stephan -imp.  //;;;Oratio ad Innocentium VIII. in oboedientiam praestandam;;;;Stephanus Plannck;;[Roma;1485?;h. , 4º ,;Incunables //;;;H 8154  // BMC IV, 85  // IGI 4549  // Goff G-550 (+Supl. 1972)  // CIH 1529  // IBE 2761  //;;;;;;;;;Roma, Italia //;;;;;;;;;;;;;;;;;;;;;it;lat;;;Libro;;;http://bdh-rd.bne.es/viewer.vm?id=0000097426&page=1 **;http://bdh-rd.bne.es/text.vm?id=0000097426&first=1&last=4 **
bima0000116656;Guido de Monte Rocherii  // Mayer, Heinrich -imp.  //;;;Manipulus curatorum;;;;Henricus Mayer];;[Toulouse;1484;h. , 4º ,;;;;H 8190  // Pell(Ms) 5542 [s.t.]  // IBE 2777  //;;;;;;;;;Toulouse, Francia //;;;;;;;;;;;;;;;;;;;;;fr;lat;;;Libro;;INC/2114 //;http://bdh-rd.bne.es/viewer.vm?id=0000172534&page=1 **;http://bdh-rd.bne.es/text.vm?id=0000172534&first=1&last=169 **
bima0000116672;Haedus, Petrus  // Leye, Geraert van der -imp.  //;;;Anterotica, seu De amoris generibus;;;;Gerardus [de Lisa] de Flandria;;Treviso;1492;h. , 4º ,;Incunables //;;;HC 8343  // Pol 1843 (+Supl.)  // BMC VI, 885  // IGI 4642 (+Supl.)  // Goff H-2 (+Supl. +Add. 1972)  // IBP 2667  // CIH 1604  // IDL 2197  // IBE 2827  //;;;;;;;;;Treviso, Italia //;;;;;;;;;;;;;;;;;;;;;it;lat;;;Libro;;;http://bdh-rd.bne.es/viewer.vm?id=0000097415&page=1 **;http://bdh-rd.bne.es/text.vm?id=0000097415&first=1&last=208 **
bima0000116679;Hermes Trismegisto  // Ficino, Marsilio , 1433-1499  // Butrici, Massimo -imp.  //;;[Corpus hermeticum. Latín] //;Pimander, seu De potestate et sapientia Dei (latine);;Marsilio Ficino interprete;;Maximus de Butricis;;Venezia;1491;h. , 4º ,;Incunables //;;;HC 8460  // IGI 4687 (+Supl.)  // Goff H-80  // IBP 2721  // IBE 2855  //;;;;;;;;Incunable //  //;Venezia, Italia //;;;;;;;;;;;;;;;;;;;;;it;lat;;;Libro;;INC/274(1) //;http://bdh-rd.bne.es/viewer.vm?id=0000095677&page=1 **;http://bdh-rd.bne.es/text.vm?id=0000095677&first=1&last=50 **
bima0000116680;Hermes Trismegisto  // Ficino, Marsilio , 1433-1499  // Higmann, Johann -imp.  // Hopyl, Woilfgang -imp.  //;;[Corpus hermeticum. Latín] //;Pimander, seu De potestate et sapientia Dei (latine);;Marsilio Ficino interprete;;[Johannes Higman et] Wolfgangus Hopyl;;Paris;1494;h. , 4º ,;Incunables //;;;HC 8462  // BMC VIII, 134  // Goff H-82  // IBP 2723  // IDL 2247  // IBE 2856  //;;;;;;;;;Paris, Francia //;;;;;;;;;;;;;;;;;;;;;fr;lat;;;Libro;;;http://bdh-rd.bne.es/viewer.vm?id=0000095648&page=1 **;http://bdh-rd.bne.es/text.vm?id=0000095648&first=1&last=76 **
bima0000116682;Herodiano  // Benedetti, Platone de' -imp.  //;;;Historia de Imperio post Marcum Aurelium (latine);;ab Angelo Politiano translata;;[Franciscus] Plato de Benedictis;;Bologna;1493;h. , Fol. ,;Incunables //;;;HC 8467  // BMC VI, 827  // IGI 4690  // Goff H-86 (+Supl. 1972)  // IBP 2725  // CIH 1643  // IBE 2859  //;;;;;;;;;Bologna, Italia //;;;;;;;;;;;;;;;;;;;;;it;lat;;;Libro;;;http://bdh-rd.bne.es/viewer.vm?id=0000095900&page=1 **;http://bdh-rd.bne.es/text.vm?id=0000095900&first=1&last=133 **
bima0000116690;Herolt, Johann  // Trechsel, Johann -imp.  //;;;Sermones Discipuli de tempore (I). et de sanctis. Promptuaria exemplorum et de miraculis Beatae Virginis Mariae. (II);;;;[Johannes Trechsel];;Lyon;1495;Partes I-II. , 4º ,;Incunables //;;;R 1536  // IGI 4716 (+Supl.)  // IBE 2881  //;;;;;;;;;Lyon, Francia //;;;;;;;;;;;;;;;;;;;;;fr;lat;;;Libro;;;http://bdh-rd.bne.es/viewer.vm?id=0000098008&page=1 **;http://bdh-rd.bne.es/text.vm?id=0000098008&first=1&last=838 **
bima0000116694;Hierocles de Alejandría  // Besicken, Johann -impresor  // Mayr, Segismund -impresor  //;;;In aureos versus Pythagorae opusculum;;Johanne Aurispa interprete;;per Ioha[n]nem Besicken & Sigismu[n]du[m] Mayer;;Impressu Rome;1493;[64] h. , 4º ,;;;a-h⁸  // Letra romana  // 27 líneas  // Iniciales xilografiadas  // Huecos para iniciales, letras de aviso  //;HC 8547  // BMC IV, 139  // IGI 4728 (+Supl.)  // Goff H-153  // CIH 1674  // IBE 2896  // ISTC ih00153000  // GW 12411  // CIBN Madrid (1945) 945  // Martín Abad H-25  //;;;;;;;;;Roma, Italia //;;;;;;;;;;;;;;;;;;;;;it;lat;;;Libro;;INC/367(9) //;http://bdh-rd.bne.es/viewer.vm?id=0000176318&page=1 **;http://bdh-rd.bne.es/text.vm?id=0000176318&first=1&last=70 **
bima0000116702;Holkot, Robertus  // Gran, Heinrich -imp.  //;;;Super sapientiam Salomonis;;;;[Henricus Gran];;Haguenau;1494;242 h. , Fol. ,;Incunables //;;;HC 8761  // Pol 1979  // BMC III, 683  // IGI 4793 (+Supl.)  // Goff H-293  // IBP 2835  // CIH 1713  // IDL 2344  // IBE 2927  //;;;;;;;;;Haguenau, Francia //;;;;;;;;;;;;;;;;;;;;;fr;lat;;;Libro;;Inc/150 //;http://bdh-rd.bne.es/viewer.vm?id=0000098032&page=1 **;http://bdh-rd.bne.es/text.vm?id=0000098032&first=1&last=481 **
bima0000116718;Meydenbach, Jacob -impresor  //;;;Hortus sanitatis, vel tractatus de herbis et plantis, de animalibus omnibus et de lapidibus;;Bartholomaeus Montagnana: Tractatus de urinis ac earum speciebus;;Jacobus Meydenbach;;Impressum est autem hoc ... in inclita ciuitate Moguntia dicta...;1491;[454] h. , Fol. ,;Incunables //;;A-C⁸ D⁶ E⁸ F⁶ G⁸ H⁶ I⁸ K⁶ L⁸ M⁶ N⁸ O⁶ P⁸ Q⁶ R⁸ S⁶ T⁸ U⁶ X⁸ Y⁶ Z⁸ a⁶ b⁸ c⁶ d⁸ e⁶ f⁸ g⁶ h⁸ i⁶ k⁸ l⁶ m-n⁸ o⁶ p⁸ q⁶ r⁸ s⁶ t⁸ u⁶ x⁸ y⁶ z⁸ [tironiano]⁸ aa⁶ bb⁸ cc⁶ dd⁸ ee⁶ ff⁸ gg⁶ hh⁸ ii-ll⁶ [ ]⁸ v⁶ A⁸ B-E⁶  // Letra gótica en 3 tamaños  // Texto a 2 columnas, 46-48 líneas  // Huecos para iniciales, letras de aviso  // Grabados xilográficos intercalados en el texto  //;HC 8944  // Pol 2003 (+Supl.)  // BMC I, 44  // IGI 4900  // Goff H-486 (+Supl. 1972)  // IBP 2873  // IDL 2404  // IJL 165  // IBE 2971  // ISTC ih00486000  // GW 13548  // CIBN Madrid (1945) 640 [atribuido a CUBA, Johannes de]  // Martín Abad H-58  //;;;;;;;;;Mainz, Alemania //;;;;;;;;;;;;;;;;;;;;;gw;lat;;;Libro;;INC/1178 //;http://bdh-rd.bne.es/viewer.vm?id=0000179084&page=1 **;http://bdh-rd.bne.es/text.vm?id=0000179084&first=1&last=461 **
bima0000116729;Leoviller, Johann -imp.  //;;;De imitatione Christi et de contemptu mundi;;Johannes Gerson: De meditatione cordis;;[Johannes Leoviller]  impens. Francisci de Madiis;;Venezia;1486;h. , 8º ,;Incunables //;;;HC (+Add). 9090  // Pol 2053 (+Supl.)  // BMC V, 406  // IGI 5111 (+Supl.)  // Goff I-11 (+Supl. 1972)  // CIH 3311  // IDL 4316  // IBE 3007  //;;;;;;;;;Venezia, Italia //;;;;;;;;;;;;;;;;;;;;;it;lat;;;Libro;;;http://bdh-rd.bne.es/viewer.vm?id=0000099328&page=1 **;http://bdh-rd.bne.es/text.vm?id=0000099328&first=1&last=131 **
bima0000116743;Inocencio IV, Papa  // Hamman, Johann -imp.  // Colonia, Johannes de -ed.  //;;;Apparatus super quinque libros Decretalium;;;;Johannes Hamman  impens.Johannis de Colonia sociorumque;;Venezia;1491;h. , Fol. ,;Incunables //;;;HC 9193  // Pol 2112  // BMC V, 424  // IGI 5155 (+Supl.)  // Goff I-97  // IDL 2486  // IBE 3040  //;;;;;;;;;Venezia, Italia //;;;;;;;;;;;;;;;;;;;;;it;lat;;;Libro;;;http://bdh-rd.bne.es/viewer.vm?id=0000098522&page=1 **;http://bdh-rd.bne.es/text.vm?id=0000098522&first=1&last=427 **
bima0000116760;Jacobo de Vorágine, Beato , 1230-1298  // Steinschaber, Adam -imp.  //;;;Legenda aurea sanctorum;;;;Adam Steinschaber;;Genève;1480;h. , Fol. ,;Incunables //;;;Pell(Ms) 6455  // Lokkos 10  // IBE 3087  //;;;;;;;;;Genève, Suiza //;;;;;;;;;;;;;;;;;;;;;sz;lat;;;Libro;;;http://bdh-rd.bne.es/viewer.vm?id=0000095866&page=1 **;http://bdh-rd.bne.es/text.vm?id=0000095866&first=1&last=360 **
bima0000116761;Jacobo de Vorágine, Beato , 1230-1298  // Scoto, Ottaviano -imp.  //;;;Legenda aurea sanctorum;;;;Octavianus Scotus;;Venezia;1483;h. , 4º ,;Incunables //;;;CR 6433  // BMC V, 278  // IGI 5020 (+Supl.)  // Goff J-106 (+Supl. 1972)  // CIH 1844  // IBE 3091  //;;;;;;;;;Venezia, Italia //;;;;;;;;;;;;;;;;;;;;;it;lat;;;Libro;;;http://bdh-rd.bne.es/viewer.vm?id=0000097147&page=1 **;http://bdh-rd.bne.es/text.vm?id=0000097147&first=1&last=490 **
bima0000116763;Jacobo de Vorágine, Beato , 1230-1298 -aut  // Kessler, Nikolaus -imp.  //;;;Legenda aurea sanctorum;;;;Nicolaus Kesler;;Basel;1486;h. , Fol. ,;Incunables //;;;C 6446  // BMC III, 763  // IGI 5024  // Goff J-114  // IBP 2998  // CIH 1848  // IDL 2568  // IBE 3094  //;;;;;;;;;Basel, Suiza //;;;;;;;;;;;;;;;;;;;;;sz;lat;;;Libro;;INC/1253 //;http://bdh-rd.bne.es/viewer.vm?id=0000175794&page=1 **;http://bdh-rd.bne.es/text.vm?id=0000175794&first=1&last=520 **
bima0000116765;Jacobo de Vorágine, Beato , 1230-1298  // Huss, Mathias -imp.  //;;;Legenda aurea sanctorum;;;;Mathias Huss];;[Lyon;1493;h. , 4º ,;Incunables //;;;C 6459  // Pol 2205  // Oates 3196  // Goff (Supl. 1972) J-130a  // IBE 3102  //;;;;;;;;;Lyon, Francia //;;;;;;;;;;;;;;;;;;;;;fr;lat;;;Libro;;;http://bdh-rd.bne.es/viewer.vm?id=0000099258&page=1 **;http://bdh-rd.bne.es/text.vm?id=0000099258&first=1&last=520 **
bima0000116770;Jacobo de Vorágine, Beato , 1230-1298  // Amerbach, Johann -imp.  //;;;Sermones de tempore et de sanctis;;;;Johannes Amerbach;;[Basel;1485;Partes I-II. , Fol. ,;Incunables //;;;C 6545  // Pol 2229  // BMC III, 748  // IGI 5064 (+Supl.) (I)  // Goff J-197 (+Supl. 1972)  // IBP 3023  // CIH 1869  // IDL 2602  // IBE 3118  //;;;;;;;;;Basel, Suiza //;;;;;;;;;;;;;;;;;;;;;sz;lat;;;Libro;;INC/1665_PT._1 // INC/1666_PT._2 //;http://bdh-rd.bne.es/viewer.vm?id=0000100947&page=1 ** http://bdh-rd.bne.es/viewer.vm?id=0000100947&page=420 **;http://bdh-rd.bne.es/text.vm?id=0000100947&first=1&last=419 ** http://bdh-rd.bne.es/text.vm?id=0000100947&first=420&last=897 **
bima0000116775;Jacobus de Forlivio  //;;;Expositio in primum librum Canonis Avicennae;;cum quaestionibus eiusdem Hugo Senensis: Quaestio de malitia complexionis diversae;;Christophorus de Canibus  impens. Hieronymi de Durantis;;Pavia;1488;h. , Fol. ,;Incunables //;;;HR 7243  // IGI 4985  // Goff J-51  // IBP 2933  // IBE 3133  //;;;;;;;;;Pavia, Italia //;;;;;;;;;;;;;;;;;;;;;it;lat;;;Libro;;;http://bdh-rd.bne.es/viewer.vm?id=0000098499&page=1 **;http://bdh-rd.bne.es/text.vm?id=0000098499&first=1&last=166 **
bima0000116777;Jacobus de Forlivio  // Herbort, Johann -imp.  //;;;Expositio in libros Tegni, sive in Artem medicam Galeni;;;;Johannes Herbort;;Padova;1475;h. , Fol. ,;Incunables //;;;HR 7237  // IGI 4992  // IBE 3136  //;;;;;;;;;Patavii, Italia //;;;;;;;;;;;;;;;;;;;;;it;lat;;;Libro;;;http://bdh-rd.bne.es/viewer.vm?id=0000098515&page=1 **;http://bdh-rd.bne.es/text.vm?id=0000098515&first=1&last=518 **
bima0000116788;Jerónimo, Santo  // Maximis, Francesco de -imp.  // Maximis, Pietro de -imp.  // Sweynheym, Conrad -imp.  // Pannartz, Arnold -imp.  // Rufino de Aquileya , 345-410  //;;[Obra selecta] //;Epistolae et tractatus (Contra Jovinianum haeresiarcham, etc. notata supra ad Hcr. 8551);;Seudo-Jeronimo: Epistolae. De fidei credulitate. De essentia divinitatis. [Omnibus praec.] Rufinus Aquileiensis: Expostio super Symbolum Apostolorum. (I). San Jeronimo: Epistolae et tractatus (De decem temptationibus in deserto.De viris illustribus. Vita S. Pauli primi eremitae. Vita S. Hilarionis). Seudo-Jeronimo: Epistolae. Ordo seu regula vivendi sanctimonialium. Origenes: Homiliaein Cantica canticorum (latine). Commentarius in Cantica canticorum (latine). Commentarius in Epistolam S. Pauli ad Romanos (latine). Seudo-Eusebio De Cremona: Epistola de morte B. Hieronymi. Seudo-Agustin: De laudibus B. Hieronymi. Seudo-Cirilo Hierosolimitano: De miraculis B. Hieronymi. (II);;in domo Petri et Francisci de Maximis, Conradus Sweynheym et Arnoldus Pannartz;;Roma;1470?;Partes I-II. , Fol. ,;Incunables //;;;HC 8552  // Pol 4433  // BMC IV, 10  // IGI 4736 (+Supl.)  // Goff H-164 (+Supl. 1972)  // IBE 3159  //;;;;;;;;;Roma, Italia //;;;;;;;;;;;;;;;;;;;;;it;lat;;;Libro;;;http://bdh-rd.bne.es/viewer.vm?id=0000098689&page=1 **;http://bdh-rd.bne.es/text.vm?id=0000098689&first=1&last=671 **
bima0000116791;Jerónimo, Santo  // Koberger, Anton , ca. 1440-1513 -imp.  // Rufino de Aquileya , 345-410  //;;[Obra selecta] //;Epistolae et tractatus (Contra Jovinianum haeresiarcham Contra Helvidium de Mariae virginitate Contra Vigilantium de veneratione reliquiarum Altercatio Luciferiani et Orthodoxi Dialogus contra Pelagium haeresiarcham Contra Johannem Hierosolymitanum assertorem Origenis Apologeticus adversus Rufinum Aquileiensem De situ et nominibus Hebraicorum De decem temptationibus in deserto De viris illustribus Vita S. Pauli primi eremitae Vita S. Hilarionis Regula monachorum, ex scriptis B. Hieronymi per Lupum de Olmeto collecta);;Seudo-Jeronimo: Epistolae. De fidei credulitate. De essentia divinitatis. Ordo seu regula vivendi sanctimonialium. San Agustin: De pastoribus Ecclesiae. (= Serm. 46). Seudo-Agustin: Adversus quinque haereses. Origenes: Homiliae in Cantica canticorum (latine). Commentarius in Cantica canticorum (latine). Commentarius in Epistolam S. Pauli adRomanos (latine). Seudo-Eusebio De Cremona: Epistola de morte B. Hieronymi. Seudo-Agustin:  De laudibus B. Hieronymi. Seudo-Cirilo Hierosolimitano: De miraculis B. Hieronymi. [Omnibus praec.] Rufinus Aquileiensis: Expositio en Symbolum Apostolorum;;Antonius Koberger;;Nürnberg;1495;h. , Fol. ,;Incunables //;;;H 8562  // Pol 1949  // BMC II, 440  // IGI 4743  // Goff H-174 (+Supl. 1972)  // IBP 2793  // CIH 1684  // IDL 2303  // IBE 3165  //;;;;;;;;;Nürnberg, Alemania //;;;;;;;;;;;;;;;;;;;;;gw;lat;;;Libro;;;http://bdh-rd.bne.es/viewer.vm?id=0000095462&page=1 **;http://bdh-rd.bne.es/text.vm?id=0000095462&first=1&last=746 **
bima0000116795;Jerónimo, Santo (Seudo)  // Scoto, Ottaviano -imp.  //;;;Vitae Sanctorum Patrum;;Adalgerus: De laude et effectu virtutum;;Octavianus Scotus;;Venezia;1483 - 1484;h. , 4º ,;Incunables //;;;HC 8599  // Pol 3995 (+Supl.)  // BMC V, 279  // IGI 4753 (+Supl.)  // Goff H-206 (+Supl.1972)  // CIH 1695.  // IBE 3173  //;;;;;;;;;Venezia, Italia //;;;;;;;;;;;;;;;;;;;;;it;lat;;;Libro;;;http://bdh-rd.bne.es/viewer.vm?id=0000098091&page=1 **;http://bdh-rd.bne.es/text.vm?id=0000098091&first=1&last=504 **
bima0000116801;Johannes de Aquila  // Quarengi, Piero -imp.  //;;;Sermones quadragesimales Lima vitiorum;;per Johannem de Aquilia et Danielem Vicentinum compilati;;Petrus de Quarengis;;Venezia;1499;h. , 8º ,;Incunables //;;;HC 1327  // Pell 930  // BMC V, 514  // IGI 5251 (+Supl.)  // Goff J-252 (+Supl. 1972)  // IBP 3081  // CIH 1882  // IBE 3195  //;;;;;;;;;Venezia, Italia //;;;;;;;;;;;;;;;;;;;;;it;lat;;;Libro;;;http://bdh-rd.bne.es/viewer.vm?id=0000098414&page=1 **;http://bdh-rd.bne.es/text.vm?id=0000098414&first=1&last=584 **
bima0000116807;Johannes Gallensis  // Arrivabene, Giorgio -imp.  //;;;Communiloquium, seu Summa collationum ad omne genus hominum Compendiloquium de vita et moribus antiquorum philosophorum. Breviloquium de philosophia sanctorum et de instructione vel de virtutibus antiquorum principum. Ordinarium sive Alphabetum vitae religiosae. (Omnia s. tit.:) Summa de regimine vitae humanae seu Margarita doctorum;;;;Georgius Arrivabene;;Venezia;1496;h. , 8º ,;Incunables //;;;H 7446  // C 3370  // Pol 2283 (+Supl.)  // BMC V, 386  // IGI 5266 (+Supl.)  // Goff J-333 (+Supl. 1972)  // IBP 3133  // CIH 1912  // IBE 3218  //;;;;;;;;;Venezia, Italia //;;;;;;;;;;;;;;;;;;;;;it;lat;;;Libro;;;http://bdh-rd.bne.es/viewer.vm?id=0000099287&page=1 **;http://bdh-rd.bne.es/text.vm?id=0000099287&first=1&last=738 **
bima0000116821;Regiomontanus, Johannes , 1436-1476  // Ratdolt, Erhard -impresor  //;;;Kalendarium;;;;Erhardi ratdolt viri solertis eximia industria [et] mira imp[ri]mendi arte;;Auguste vindelicorum;1492;[30] h. , 4º ,;Incunables //;;Sign.: a¹⁰, bc⁸, d⁴?  // Letra gótica de varios tamaños  // 38-39 líneas  // Iniciales xilografiadas. Grabados xilográficos y diagramas a dos tintas  //;HC 13781  // IGI 5314-A  // Goff R-98  // IBP 4696  // CIH 2917  // IBE 3262  // GW M37447  // ISTC ir00098000  // Martín Abad R-21  //;;;;;;;Astronomía -- Obras anteriores a 1800 --  //;Calendarios --  //;Augustae, Alemania //;;;;;;52  //;;;;;;;;;;;;;;;gw;lat;;;Libro;;INC/2133 //;http://bdh-rd.bne.es/viewer.vm?id=0000179050&page=1 **;http://bdh-rd.bne.es/text.vm?id=0000179050&first=1&last=35 **
bima0000116830;Giovanni da San Geminiano  // Clein, Johann -imp.  //;;;Sermones funebres;;;;Johannes Clein;;Lyon;1499;h. , 4º ,;Incunables //;;;HC (+Add). 7548  // Pol 2312  // BMC VIII, 338  // IGI 5358  // Goff J-432  // IBP 3239  // IBE 3283  //;;;;;;;;;Lyon, Francia //;;;;;;;;;;;;;;;;;;;;;fr;lat;;;Libro;;;http://bdh-rd.bne.es/viewer.vm?id=0000097403&page=1 **;http://bdh-rd.bne.es/text.vm?id=0000097403&first=1&last=418 **
bima0000116834;Trithemius, Johannes , 1462-1516  // Amerbach, Johann -imp.  //;;;De scriptoribus ecclesiasticis;;;;[Johannes Amerbach;;Basel;1494?;h. , Fol. ,;Incunables //;;;HC 15613  // Pol 3820 (+Supl.)  // BMC III, 755  // IGI 9715 (+Supl.)  // Goff T-452 (+Supl. 1972)  // IBP 5406  // CIH 3351  // IDL 4474  // IJL 285  // IBE 3295  //;;;;;;;;;Basel, Suiza //;;;;;;;;;;;;;;;;;;;;;sz;lat;;;Libro;;;http://bdh-rd.bne.es/viewer.vm?id=0000095475&page=1 **;http://bdh-rd.bne.es/text.vm?id=0000095475&first=1&last=296 **
bima0000116836;Joannes de Verdena  // Trechsel, Johann -imp.  //;;;Sermones Dormi secure de tempore et de sanctis;;;;Johannes Trechsel;;Lyon;1494 - 1495;Partes I-II. , 4º ,;Incunables //;;;C 5973  // BMC VIII, 296  // IGI 5364  // Goff J-466  // IBP 3268  // CIH 1966 (I)  // IBE 3309  //;;;;;;;;;Lyon, Francia //;;;;;;;;;;;;;;;;;;;;;fr;lat;;;Libro;;;http://bdh-rd.bne.es/viewer.vm?id=0000098025&page=1 **;http://bdh-rd.bne.es/text.vm?id=0000098025&first=1&last=405 **
bima0000116844;Joseph, Gulielmus  // Silber, Eucharius -imp.  //;;;Adhortatio in Christi Ascensione;;;;Eucharius Silber;;[Roma;1490;h. , 4º ,;Incunables //;;;HR 9448  // IGI 5384  // Goff J-480 [c. 1485]  // IBE 3327  //;;;;;;;;;Roma, Italia //;;;;;;;;;;;;;;;;;;;;;it;lat;;;Libro;;;http://bdh-rd.bne.es/viewer.vm?id=0000098574&page=1 **;http://bdh-rd.bne.es/text.vm?id=0000098574&first=1&last=8 **
bima0000116858;Juvenal, Decio Junio  // Persio Flaco, Aulo  // Spira, Wendelinus de -imp.  //;;[Satirae] //;Satyrae;;Persio: Satyrae;;Vindelinus de Spira;;[Venezia;1471;h. , 4º ,;Incunables //;;;HR 9672  // BMC V, 164  // IGI 5566 (+Supl.)  // Goff J-632 (+Supl. 1972)  // IBE 3386  //;;;;;;;;;Venezia, Italia //;;;;;;;;;;;;;;;;;;;;;it;lat;;;Libro;;;http://bdh-rd.bne.es/viewer.vm?id=0000098835&page=1 **;http://bdh-rd.bne.es/text.vm?id=0000098835&first=1&last=143 **
bima0000116860;Juvenal, Decio Junio  // Tacuino, Giovanni -imp.  //;;[Satirae] //;Satyrae;;cum commentariis Antonii Mancinelli, Domitii Calderini et Georgii Vallae;;Johannes Tacuinus;;Venezia;1494 - 1495;h. , Fol. ,;Incunables //;;;HC 9710  // Pol 4505  // BMC V, 529  // IGI 5598  // Goff J-663 (+Supl. 1972)  // IBP 3320  // CIH 2002  // IBE 3394  //;;;;;;;;;Venezia, Italia //;;;;;;;;;;;;;;;;;;;;;it;lat;;;Libro;;;http://bdh-rd.bne.es/viewer.vm?id=0000098922&page=1 **;http://bdh-rd.bne.es/text.vm?id=0000098922&first=1&last=405 **
bima0000116867;Lactancio, Lucio Celio Firmiano  //;;[Obra selecta] //;Opera (De divinis institutionibus adversus gentes De ira Dei De opificio Dei, seu De formatione hominis);;Seudo-Lactancio: De Phoenice carmen. Fortunato: DePascha vel de resurrectione Christi carmen;;Conradus Sweynheym et Arnoldus Pannartz;;Roma;1470;222 h. , Fol. ,;Incunables //;;;HCR 9808  // BMC IV, 10  // IGI 5621 (+Supl.)  // Goff L-3 (+Supl. 1972)  // IDL 2864  // IBE 3413  //;;;;;;;;;Roma, Italia //;;;;;;;;;;;;;;;;;;;;;it;lat;;;Libro;;Inc/1156 //;http://bdh-rd.bne.es/viewer.vm?id=0000098907&page=1 **;http://bdh-rd.bne.es/text.vm?id=0000098907&first=1&last=445 **
bima0000116869;Lactancio, Lucio Celio Firmiano  // Han, Ulrich -imp.  // Luca, Simon Nicolo da -imp.  //;;[Obra selecta] //;Opera (De divinis institutionibus adversus gentes De ira Dei De opificio Dei, seu De formatione hominis);;Seudo-Lactancio: De Phoenice carmen. Fortunato: DePascha vel de resurrectione Christi carmen;;Udalricus [Han=] Gallus et Simon Nicolai [Chardella] de Luca;;Roma;1474;h. , Fol. ,;Incunables //;;;HC 9811  // Pol 2420 (+Supl.)  // BMC IV, 24  // IGI 5624 (+Supl.)  // Goff L-6 (+Supl. 1972)  // CIH 2016  // IDL 2867  // IBE 3416  //;;;;;;;;;Roma, Italia //;;;;;;;;;;;;;;;;;;;;;it;lat;;;Libro;;;http://bdh-rd.bne.es/viewer.vm?id=0000098065&page=1 **;http://bdh-rd.bne.es/text.vm?id=0000098065&first=1&last=473 **
bima0000116877;Lanfrancus de Oriano  // Riessinger, Sixtus -imp.  //;;;De arbitris;;;;Sixtus Riessinger;;[Napoli];entre 1474 y 1475?;h. , Fol. ,;;;;R 231  // IGI 5669  // IBE 3437  //;;;;;;;;;Napoli, Italia //;;;;;;;;;;;;;;;;;;;;;it;lat;;;Libro;;INC/210(7) //;http://bdh-rd.bne.es/viewer.vm?id=0000188850&page=1 **;http://bdh-rd.bne.es/text.vm?id=0000188850&first=1&last=64 **
bima0000116878;Lanfrancus de Oriano  //;;;"Repetitiones aureae (cap. «Quoniam contra falsam», Decretal. De probationibus; cap. «Saepe», in Clem. De verborum significatione; cap. «Dispendiosam», in Clem. De iudiciis; in Clem. De causa possessionis et propietatis; cap. «Raynutius» et «Raynaldus», Decretal. De testamentis; leg. «Admonendi», Dig. De iureiurando; leg. «Centurio», Dig. De vulgari et pupilari substitutione Tractatus de interpretatione statutorum)";;;;Peregrinus [de Pasqualibus] Bononiensis;;Venezia;1489;h. , Fol. ,;;;;H 9883  // IGI 5675 (+Supl.)  // Goff L-56  // IBP 3367  // IBE 3442  //;;;;;;;;;Venezia, Italia //;;;;;;;;;;;;;;;;;;;;;it;lat;;;Libro;;INC/210(5) //;http://bdh-rd.bne.es/viewer.vm?id=0000188848&page=1 **;http://bdh-rd.bne.es/text.vm?id=0000188848&first=1&last=108 **
bima0000116887;León 001I, Papa, Santo  // Dominici, Lucas -imp.  //;;;Sermones et epistolae;;;;Lucas Dominici;;Venezia;1482;128 h. , Fol. ,;Incunables //;;;HC 10012  // Pol 4518  // BMC V, 281  // IGI 5725 (+Supl.)  // Goff L-134  // IBP 3394  // CIH 2047  // IBE 3475  //;;;;;;;;;Venecia, Italia //;;;;;;;;;;;;;;;;;;;;;it;lat;;;Libro;;Inc/1764 //;http://bdh-rd.bne.es/viewer.vm?id=0000098031&page=1 **;http://bdh-rd.bne.es/text.vm?id=0000098031&first=1&last=252 **
bima0000116889;Leonardus de Utino  // Renner, Franz -imp.  // Nicolò da Francoforte -imp.  //;;;Sermones quadragesimales, De legibus dicti;;;;Franciscus [Renner] de Hailbrun et Nicolaus de Franckfordia;;Venezia;1473;404 h. , Fol. ,;Incunables //;;;H 16117  // BMC V, 192  // IGI 5732 (+Supl.)  // Goff L-143 (+Supl. 1972)  // IBP 3397  // CIH 2059  // IBE 3477  //;;;;;;;;;Venecia, Italia //;;;;;;;;;;;;;;;;;;;;;it;lat;;;Libro;;Inc/640 //;http://bdh-rd.bne.es/viewer.vm?id=0000098873&page=1 **;http://bdh-rd.bne.es/text.vm?id=0000098873&first=1&last=809 **
bima0000116891;Leonardus de Utino  // Zainer, Johann -imp.  //;;;Sermones quadragesimales, De legibus dicti;;;;Johannes Zainer;;Ulm;1478;h. , Fol. ,;Incunables //;;;HC 16119  // Pol 4519  // BMC II, 525  // IGI 5733  // Goff L-146 (+Supl. 1972)  // IBP 3399  // CIH 2060  // IDL 2924  // IBE 3480  //;;;;;;;;;Ulm, Alemania //;;;;;;;;;;;;;;;;;;;;;gw;lat;;;Libro;;;http://bdh-rd.bne.es/viewer.vm?id=0000095484&page=1 **;http://bdh-rd.bne.es/text.vm?id=0000095484&first=1&last=408 **
bima0000116893;Leonardus de Utino  // Trechsel, Johann -imp.  //;;;Sermones quadragesimales, De legibus dicti;;;;Johannes Trechsel;;Lyon;1494;414 h. , 4º ,;Incunables //;;;HC 16122  // Pol 2476 (+Supl.)  // BMC VIII, 295  // IGI 5735 (+Supl.)  // Goff L-149  // IBP 3402  // CIH 2063  // IBE 3483  //;;;;;;;;;Lyon, Francia //;;;;;;;;;;;;;;;;;;;;;fr;lat;;;Libro;;Inc/342 //;http://bdh-rd.bne.es/viewer.vm?id=0000098004&page=1 **;http://bdh-rd.bne.es/text.vm?id=0000098004&first=1&last=828 **
bima0000116896;Leonardus de Utino  // Trechsel, Johann -imp.  //;;;Sermones aurei de sanctis;;;;Johannes Trechsel;;Lyon;1495 - 1496;222 h. , 4º ,;Incunables //;;;HC 16138  // Pol 2483  // BMC VIII, 298  // IGI 5744  // Goff L-164  // IBP 3415  // IDL 2921  // IBE 3491  //;;;;;;;;;Lyon, Francia //;;;;;;;;;;;;;;;;;;;;;fr;lat;;;Libro;;Inc/384 //;http://bdh-rd.bne.es/viewer.vm?id=0000095662&page=1 **;http://bdh-rd.bne.es/text.vm?id=0000095662&first=1&last=445 **
bima0000116915;Lollius, Antonius  // Guldinbeck, Bartholomaeus -imp.  //;;;Oratio in die Circumcisionis coram Innocentio VIII. habita, anno 1485;;;;Bartholomaeus Guldinbeck;;[Roma;1485?;h. , 4º ,;Incunables //;;;C 3633  // Pol 2513 (+Supl.)  // IGI 5795 (+Supl.)  // Goff L-274  // IBE 3543  //;;;;;;;;;Roma, Italia //;;;;;;;;;;;;;;;;;;;;;it;lat;;;Libro;;;http://bdh-rd.bne.es/viewer.vm?id=0000098576&page=1 **;http://bdh-rd.bne.es/text.vm?id=0000098576&first=1&last=11 **
bima0000116918;Lollius, Antonius  // Plannck, Stephan -imp.  //;;;Oratio in dominica Passionis coram Innocentio VIII. habita;;;;Stephanus Plannck;;[Roma;1486?;h. , 4º ,;Incunables //;;;H 10181  // BMC IV, 87  // IGI 5800 (+Supl.)  // Goff L-279 (+Supl. 1972)  // IBP 3445  // IBE 3546  //;;;;;;;;;Roma, Italia //;;;;;;;;;;;;;;;;;;;;;it;lat;;;Libro;;;http://bdh-rd.bne.es/viewer.vm?id=0000097474&page=1 **;http://bdh-rd.bne.es/text.vm?id=0000097474&first=1&last=23 **
bima0000116923;López de Carvajal, Bernardino , 1332-1407  // Plannck, Stephan -imp.  //;;;Oratio ad Alexandrum VI. nomine Ferdinandi et Isabellac, regis et reginae Hispaniensium;;;;Stephanus Plannck;;[Roma;1493?;h. , 4º ,;Incunables //;;;H 4545  // Pell 3326  // GW 6145  // BMC IV, 98  // IGI 2532.  // Goff C-221  // IBP 1441  // IBE 3552  //;;;;;;;;;Roma, Italia //;;;;;;;;;;;;;;;;;;;;;it;lat;;;Libro;;;http://bdh-rd.bne.es/viewer.vm?id=0000098374&page=1 **;http://bdh-rd.bne.es/text.vm?id=0000098374&first=1&last=16 **
bima0000116924;López de Carvajal, Bernardino , 1332-1407  // Plannck, Stephan -imp.  //;;;Oratio in die Circumcisionis anno 1484;;;;Stephanus Plannck;;[Roma;1484?;h. , 4º ,;Incunables //;;;H 4547  // Pell 3328  // GW 6146  // BMC IV, 83  // IGI 2533 (+Supl.)  // Goff C-222  // CIH 932  // IBE 3553  //;;;;;;;;;Roma, Italia //;;;;;;;;;;;;;;;;;;;;;it;lat;;;Libro;;;http://bdh-rd.bne.es/viewer.vm?id=0000097473&page=1 **;http://bdh-rd.bne.es/text.vm?id=0000097473&first=1&last=16 **
bima0000116926;López de Carvajal, Bernardino , 1332-1407  // Plannck, Stephan -imp.  //;;;Sermo in commemoratione victoriae Bacensis, anno 1490;;;;Stephanus Plannck;;[Roma;1493;h. , 4º ,;Incunables //;;;HC 4549  // Pell 3329  // GW 6153  // BMC IV, 98  // IGI 2540  // Goff C-229  // IBP 1445  // IBE 3557  //;;;;;;;;;Roma, Italia //;;;;;;;;;;;;;;;;;;;;;it;lat;;;Libro;;;http://bdh-rd.bne.es/viewer.vm?id=0000097406&page=1 **;http://bdh-rd.bne.es/text.vm?id=0000097406&first=1&last=22 **
bima0000116931;Lucanus, Bartolus  // Silber, Eucharius -imp.  //;;;Oratio ad Innocentium VIII;;;;Eucharius Silber;;[Roma];entre 1483 y 1490?;h. , 4º ,;Incunables //;;;H 10251  // BMC IV, 123  // IGI 5808  // Goff L-291  // CIH 2094  // IBE 3574  //;;;;;;;;;Roma, Italia //;;;;;;;;;;;;;;;;;;;;;it;lat;;;Libro;;;http://bdh-rd.bne.es/viewer.vm?id=0000097412&page=1 **;http://bdh-rd.bne.es/text.vm?id=0000097412&first=1&last=32 **
bima0000116950;Ludovicus Imolensis  // Guldinbeck, Bartholomaeus -imp.  //;;;Oratio in die Sancti Stephani;;;;Bartholomaeus Guldinbeck;;[Roma;1476;h. , 4º ,;Incunables //;;;H 9161  // Pell(Ms) 7287  // IGI 5888 (+Supl.)  // Goff L-374  // IBE 3620  //;;;;;;;;;Roma, Italia //;;;;;;;;;;;;;;;;;;;;;it;lat;;;Libro;;;http://bdh-rd.bne.es/viewer.vm?id=0000098628&page=1 **;http://bdh-rd.bne.es/text.vm?id=0000098628&first=1&last=12 **
bima0000116952;Ludovicus Imolensis  // Lauer, Georg -imp.  //;;;Oratio in funere Cardinalis Petri Ferrici;;;;Georgius Lauer;;[Roma;1479;h. , 4º ,;Incunables //;;;H 9160  // IGI 5892 (+Supl.)  // Goff L-377  // IBP 3485  // IBE 3623  //;;;;;;;;;Roma, Italia //;;;;;;;;;;;;;;;;;;;;;it;lat;;;Libro;;;http://bdh-rd.bne.es/viewer.vm?id=0000098616&page=1 **;http://bdh-rd.bne.es/text.vm?id=0000098616&first=1&last=11 **
bima0000116953;Ludovicus Imolensis  // Plannck, Stephan -imp.  //;;;Oratio in funere Cardinalis Petri Ferrici;;;;Stephanus Plannck;;[Roma;entre 1481 y 1487?;h. , 4º ,;Incunables //;;;HC 9159  // BMC IV, 90  // IGI 5891 (+Supl.)  // Goff L-378  // IBP 3486  // IDL 3026  // IBE 3624  //;;;;;;;;;Roma, Italia //;;;;;;;;;;;;;;;;;;;;;it;lat;;;Libro;;;http://bdh-rd.bne.es/viewer.vm?id=0000097480&page=1 **;http://bdh-rd.bne.es/text.vm?id=0000097480&first=1&last=8 **
bima0000116954;Macer Floridus  // Belot, Jean -imp.  //;;[De viribus herbarum] //;De viribus herbarum carmen;;;;Johannes Belot;;[Genève;1495;52 h. , 4º ,;Incunables //;;sign.: a-f±8÷ g±4÷. =4±o÷  // L. gót. de 2 tam. (113G 83B), 33 lín  // Esp. y min. p. iniciales  // Apostillas  // Grab (66+2 a pág. entera, 1 en portada)  // Hoj. 1r., sign. [a]: Macer floridus // De viribus herba2 // Famosissimus medicus et medico2 // Speculum. // Grabado.- Hoj. 1v., Grabado.- Hoj. 2r., sign. a2: Incipit liber macri de viribus // herbarum Et primo de Arthemisia // Grabado // [ ±3÷] Erbaru quasda dicturus carmie vires. // Herbaru matr~e dedit... Sign. b: [±2÷] St apium dictu qd apex hanc ferre solebat. // Victoris veteru fieret... Hoj. 52r., lín. 26... admisceda terendo // Vna diagridii sic apta solutio fiet. // Finis // Herbaru varias qui vis cognoscere vires // Macer adest disce: quo duce doctus eris. //Hoj. 52v., en bl  //;Goff M-6 [d. 1500]  // Klebs 637.3 [c. 1500]  // Lokkos 80  // IBE 3633  //;;;;;;;;;Genève, Suiza //;;;;;;;;;;;;;;;;;;;;;sz;lat;;;Libro;;;http://bdh-rd.bne.es/viewer.vm?id=0000099244&page=1 **;http://bdh-rd.bne.es/text.vm?id=0000099244&first=1&last=106 **
bima0000116966;Magninus Mediolanensis  // Baligault, Felix -imp.  // Jaumar, Claude -ed.  // Julian, Thomas -ed.  //;;;Regimen sanitatis;;Arnau De Vilanova: Phlebotomia. Seudo-Hipocrates: De medicorum astrologia, sive De esse aegrorum secundum lunam. Johannes De Zantuliete: Dediaetis. Nicolaus Salernitanus: Tractatus «Quid pro quo apothecariorum»;;Felix [Baligault]  impens. Claudii Jaumar et Thomae Julian;;[Paris];1500;h. , 4º ,;Incunables //;;;CR 3757  // IGI 5954 (I)  // Goff M-55 (+Supl. 1972)  // IBP 3515  // IBE 3671  //;;;;;;;;;Paris, Francia //;;;;;;;;;;;;;;;;;;;;;fr;lat;;;Libro;;;http://bdh-rd.bne.es/viewer.vm?id=0000098299&page=1 **;http://bdh-rd.bne.es/text.vm?id=0000098299&first=1&last=287 **
bima0000116972;Maino, Jason de  // Plannck, Stephan -imp.  //;;;Oratio pro Mediolanensium principe apud Alexandrum VI;;;;Stephanus Plannck;;[Roma;1492?;h. , 4º ,;Incunables //;;;H 10975  // BMC IV, 97  // IGI 6028 (+Supl.)  // Goff M-407 (+Supl. 1972)  // IBE 3709  //;;;;;;;;;Roma, Italia //;;;;;;;;;;;;;;;;;;;;;it;lat;;;Libro;;;http://bdh-rd.bne.es/viewer.vm?id=0000098373&page=1 **;http://bdh-rd.bne.es/text.vm?id=0000098373&first=1&last=22 **
bima0000116974;Maius, Junianus  // Mattia Moravo -imp.  //;;;De priscorum proprietate verborum;;;;Mathias Moravus;;Napoli;1475;h. , Fol. ,;Incunables //;;;H 10539  // IGI 6036  // Goff M-95 (+Supl. 1972)  // IBE 3725  //;;;;;;;;;Napoli, Italia //;;;;;;;;;;;;;;;;;;;;;it;lat;;;Libro;;;http://bdh-rd.bne.es/viewer.vm?id=0000097396&page=1 **;http://bdh-rd.bne.es/text.vm?id=0000097396&first=1&last=741 **
bima0000116980;Mancinellus, Antonius  // Silber, Eucharius -impresor  //;;;De poetica virtute et studio humanitatis;;;;[Eucharius Silber];;[Roma];1495;[12] h. , 4º ,;;;Datos de impresión tomados de Martín Abad  // a-b⁶  // Letra romana  // 30 líneas  // Inicial xilografiada  //;R 243  // IGI 6082  // Goff M-125  // IBE 3743  // ISTC im00125000  // GW M20372  // CIBN Madrid (1945) 1221  // Martín Abad M-20  //;;;;;;;;;Roma, Italia //;;;;;;;;;;;;;;;;;;;;;it;lat;;;Libro;;INC/367(8) //;http://bdh-rd.bne.es/viewer.vm?id=0000176317&page=1 **;http://bdh-rd.bne.es/text.vm?id=0000176317&first=1&last=14 **
bima0000116985;Mandeville, Jean , ca. 1300-1372  // Renchen, Ludwig von -imp.  //;;;Voyage a Jérusalem et autres lieux (en latín:) Itinerarius ab partes Hierosolimitanas et ad ulteriores transmarinas;;;;Ludovicus de Renchen;;[Köln;1485;h. , 4º ,;Incunables //;;;HC 10643  // BMC I, 100 (+nota)  // Goff M-161 [Strassburg, Typ. Vitas Patrum]  // CIH 2132 [=Goff]  // IBE 3757  //;;;;;;;;;Köln, Alemania //;;;;;;;;;;;;;;;;;;;;;gw;lat;;;Libro;;;http://bdh-rd.bne.es/viewer.vm?id=0000098132&page=1 **;http://bdh-rd.bne.es/text.vm?id=0000098132&first=1&last=140 **
bima0000116986;Manilius, Johannes Antonius  // Plannck, Stephan -imp.  //;;;Oratio pro Britonoriensibus ad Alexandrum VI;;;;Stephanus Plannck;;[Roma;1492;h. , 4º ,;Incunables //;;;HC 10700  // BMC IV, 96  // IGI 6123 (+Supl.)  // Goff M-200 (+Supl. 1972)  // IBE 3778  //;;;;;;;;;Roma, Italia //;;;;;;;;;;;;;;;;;;;;;it;lat;;;Libro;;;http://bdh-rd.bne.es/viewer.vm?id=0000097423&page=1 **;http://bdh-rd.bne.es/text.vm?id=0000097423&first=1&last=10 **
bima0000116987;Manilius, Johannes Antonius  // Fritag, Andreas -imp.  //;;;Oratio pro Britonoriensibus ad Alexandrum VI;;;;Andreas Fritag;;[Roma;entre 1492 y 1493?;h. , 4º ,;Incunables //;;;HC 10701  // BMC IV, 136  // IGI 6124  // Goff M-201  // IBE 3779  //;;;;;;;;;Roma, Italia //;;;;;;;;;;;;;;;;;;;;;it;lat;;;Libro;;;http://bdh-rd.bne.es/viewer.vm?id=0000098371&page=1 **;http://bdh-rd.bne.es/text.vm?id=0000098371&first=1&last=4 **
bima0000116999;Marchesinus, Johannes  // Jenson, Nicolas -imp.  //;;;Mammotrectus, seu Liber expositorius tam Bibliae quam aliorum librorum qui in ecclesia recitantur;;;;Nicolaus Jenson;;Venezia;1479;h. , Fol. ,;Incunables //;;;HC 10559  // Pol 2605 (+Supl.)  // BMC V, 180  // IGI 6147 (+Supl.)  // Goff M-239 (+Supl. 1972)  // IBP 3589  // CIH 2168  // IDL 3093  // IBE 3810  //;;;;;;;;;Venezia, Italia //;;;;;;;;;;;;;;;;;;;;;it;lat;;;Libro;;;http://bdh-rd.bne.es/viewer.vm?id=0000138703&page=1 **;http://bdh-rd.bne.es/text.vm?id=0000138703&first=1&last=522 **
bima0000117005;Marianus de Genazano  // Plannck, Stephan -imp.  //;;;Oratio coram Innocentio VIII. dominica tertia adventus habita;;;;Stephanus Plannck;;[Roma;1487?;h. , 4º ,;Incunables //;;;H 7553  // BMC IV, 88  // IGI 6184 (+Supl.)  // Goff G-128  // IBE 3828  //;;;;;;;;;Roma, Italia //;;;;;;;;;;;;;;;;;;;;;it;lat;;;Libro;;;http://bdh-rd.bne.es/viewer.vm?id=0000098580&page=1 **;http://bdh-rd.bne.es/text.vm?id=0000098580&first=1&last=11 **
bima0000117009;Maroldus, Marcus  // Guldinbeck, Bartholomaeus -imp.  //;;;Oratio de Epiphania;;;;Bartholomaeus Guldinbeck;;[Roma;1485;h. , 4º ,;Incunables //;;;C 3884  // Pell(Ms) 7568  // Goff M-278  // IBE 3838  //;;;;;;;;;Roma, Italia //;;;;;;;;;;;;;;;;;;;;;it;lat;;;Libro;;;http://bdh-rd.bne.es/viewer.vm?id=0000098624&page=1 **;http://bdh-rd.bne.es/text.vm?id=0000098624&first=1&last=11 **
bima0000117010;Maroldus, Marcus  // Plannck, Stephan -imp.  //;;;Sententia veritatis humanae redemptionis;;;;Stephanus Plannck;;[Roma;1481?;h. , 4º ,;Incunables //;;;H 10778  // BMC IV, 81  // IGI 6196 (+Supl.)  // Goff M-280  // IBP 3606  // CIH 2183  // IDL 3102  // IBE 3839  //;;;;;;;;;Roma, Italia //;;;;;;;;;;;;;;;;;;;;;it;lat;;;Libro;;;http://bdh-rd.bne.es/viewer.vm?id=0000098630&page=1 **;http://bdh-rd.bne.es/text.vm?id=0000098630&first=1&last=12 **
bima0000117011;Marsus, Petrus  // Guldinbeck, Bartholomaeus -imp.  //;;;Oratio in die Ascensionis de immortalitate animae;;;;Bartholomaeus Guldinbeck;;[Roma;1484?;h. , 4º ,;Incunables //;;;HC 10790  // R 251  // BMC IV, 71  // IGI 6204 (+Supl.)  // Goff M-286  // IBE 3841  //;;;;;;;;;Roma, Italia //;;;;;;;;;;;;;;;;;;;;;it;lat;;;Libro;;;http://bdh-rd.bne.es/viewer.vm?id=0000098627&page=1 **;http://bdh-rd.bne.es/text.vm?id=0000098627&first=1&last=12 **
bima0000117014;Marsus, Petrus  // Silber, Eucharius -imp.  //;;;Oratio in die Sancti Stephani;;;;Eucharius [Silber;;[Roma];1490;h. , 4º ,;Incunables //;;;H 10786  // IGI 6208 (+Supl.)  // Goff M-289  // IBE 3844  //;;;;;;;;;Roma, Italia //;;;;;;;;;;;;;;;;;;;;;it;lat;;;Libro;;;http://bdh-rd.bne.es/viewer.vm?id=0000098629&page=1 **;http://bdh-rd.bne.es/text.vm?id=0000098629&first=1&last=18 **
bima0000117015;Marsus, Petrus  // Silber, Eucharius -imp.  //;;;Panegyricus in memoriam Sancti Augustini;;;;Eucharius Silber;;[Roma;entre 1483 y 1490?;h. , 4º ,;Incunables //;;;H 10787  // IGI 6211  // Goff M-290  // IDL 3105  // IBE 3847  //;;;;;;;;;Roma, Italia //;;;;;;;;;;;;;;;;;;;;;it;lat;;;Libro;;;http://bdh-rd.bne.es/viewer.vm?id=0000098618&page=1 **;http://bdh-rd.bne.es/text.vm?id=0000098618&first=1&last=23 **
bima0000117016;Marsus, Petrus  // Guldinbeck, Bartholomaeus -imp.  //;;;Panegyricus in memoriam Sancti Johannis Evangelistae;;;;Bartholomaeus Guldinbeck;;[Roma;1484?;h. , 4º ,;Incunables //;;;HC 10788  // BMC IV, 71  // IGI 6212 (+Supl.)  // Goff M-291  // IBE 3848  //;;;;;;;;;Roma, Italia //;;;;;;;;;;;;;;;;;;;;;it;lat;;;Libro;;;http://bdh-rd.bne.es/viewer.vm?id=0000098621&page=1 **;http://bdh-rd.bne.es/text.vm?id=0000098621&first=1&last=14 **
bima0000117017;Marsus, Petrus  // Plannck, Stephan -imp.  //;;;Panegyricus in memoriam Sancti Johannis Evangelistae;;;;Stephanus Plannck;;[Roma;1484?;h. , 4º ,;Incunables //;;;H 10789  // BMC IV, 84  // IGI 6213  // Goff M-292  // CIH 2187  // IBE 3849  //;;;;;;;;;Roma, Italia //;;;;;;;;;;;;;;;;;;;;;it;lat;;;Libro;;;http://bdh-rd.bne.es/viewer.vm?id=0000097459&page=1 **;http://bdh-rd.bne.es/text.vm?id=0000097459&first=1&last=12 **
bima0000117048;Arnaldo da Bruxelles -imp.  //;;;Mirabilia civitatis Puteolorum et de balneis ibidem existentibus;;;;Arnoldus de Bruxella;;Napoli;1475;h. , 8º ,;Incunables //;;;HR 6585  // BMC VI, 858  // IGI 8242  // Goff M-590  // IBP 3742  // IBE 3954  //;;;;;;;;;Napoli, Italia //;;;;;;;;;;;;;;;;;;;;;it;lat;;;Libro;;;http://bdh-rd.bne.es/viewer.vm?id=0000098301&page=1 **;http://bdh-rd.bne.es/text.vm?id=0000098301&first=1&last=87 **
bima0000117067;Montanus, Nicolaus  // Plannck, Stephan -imp.  //;;;Oratio ad Luccenses;;;;Stephanus Plannck;;[Roma;entre 1481 y 1487?;h. , 4º ,;Incunables //;;;H 11573  // Pol 4584  // BMC IV, 90  // IGI 6709  // Goff M-826  // IBP 3848  // IBE 4019  //;;;;;;;;;Roma, Italia //;;;;;;;;;;;;;;;;;;;;;it;lat;;;Libro;;;http://bdh-rd.bne.es/viewer.vm?id=0000097424&page=1 **;http://bdh-rd.bne.es/text.vm?id=0000097424&first=1&last=15 **
bima0000117070;Mucagata, Philippus  // Silber, Eucharius -imp.  //;;;Oratio in die Epiphaniae coram Innocentio VIII. habita;;;;Eucharius Silber;;[Roma;1488?;h. , 4º ,;Incunables //;;;H 11625  // BMC IV, 109  // IGI 6757  // Goff M-868  // IBE 4035  //;;;;;;;;;Roma, Italia //;;;;;;;;;;;;;;;;;;;;;it;lat;;;Libro;;;http://bdh-rd.bne.es/viewer.vm?id=0000098625&page=1 **;http://bdh-rd.bne.es/text.vm?id=0000098625&first=1&last=8 **
bima0000117071;Museo  // Mousouros, Markos , ca. 1470-1517 -traductor  // Manuzio, Aldo -impresor  //;;;De Herone et Leandro;;cum traductione Marci Musuri;;[Aldo Manuzio];;[Venezia];entre 1495 y 1497?;[22] h. , il. , 4º ,;Incunables //;;Pie de imprenta tomado de Martín Abad  // Sign.: a¹⁰, b¹²  // Letra griega y romana  // 20 líneas  // Iniciales xilografiadas. Grabados xilográficos en b6v y b7r  //;HC 11653  // BMC V, 552  // IGI 6761  // Goff M-880 (+Supl. 1972)  // IBP 3863  // IBE 4037  // GW M25737  // ISTC im00880000  // Martín Abad M-142  //;;;;;;;;;Venezia, Italia //;;;;;;821.14'02  //;;;;;;;;;;;;;;;it;grc;;grc // lat //;Libro;;;http://bdh-rd.bne.es/viewer.vm?id=0000095643&page=1 **;http://bdh-rd.bne.es/text.vm?id=0000095643&first=1&last=43 **
bima0000117072;Natalibus, Petrus de , fl. 1370-1400  // Ca'Zeno, Enrico di -imp.  //;;;Catalogus sanctorum et gestorum eorum;;;;Henricus [Zeni] de Sancto Urso;;Vicenza;1493;h. , Fol. ,;Incunables //;;;HC 11676  // Pol 2796(+Supl.)  // BMC VII, 1047  // IGI 6769( +Supl.)  // Goff N-6(+Supl.1972)  // IBP 3866  // CIH 2350  // IDL .3311  // IBE 4041  //;;;;;;;;;Vicenza, Italia //;;;;;;;;;;;;;;;;;;;;;it;lat;;;Libro;;;http://bdh-rd.bne.es/viewer.vm?id=0000095461&page=1 **;http://bdh-rd.bne.es/text.vm?id=0000095461&first=1&last=661 **
bima0000117073;Natta, Georgius  // Párix, Juan -imp.  //;;;"Repetitio cap. ""Quamvis"" In Sect. De pactis";;;;Johannes [Parix] Germanus;;Toulouse;1479;h. , Fol. ,;;;;Pell(Ms) 8211  // IBE 4042  //;;;;;;;;;Toulouse, Francia //;;;;;;;;;;;;;;;;;;;;;fr;lat;;;Libro;;INC/1937(3) //;http://bdh-rd.bne.es/viewer.vm?id=0000172533&page=1 **;http://bdh-rd.bne.es/text.vm?id=0000172533&first=1&last=165 **
bima0000117082;Nicolaus de Ausmo  // Torresani, Andrea -imp.  // Blavi, Bartolomeo de' -imp.  // Paterbonis, Maffeo de' -imp.  //;;;Supplementum Summae Pisanellae;;Astesanus: Canones poenitentiales. Alexander De Nevo: Consilia contra Iudaeos foenerantes;;Andreas Torresanus, Bartholomaeus de Blavis et Maphaeus de Paterbonis;;Venezia;1481;h. , 4º ,;Incunables //;;;HC 2161  // Pell 1635  // Pol 2804(+Supl.)  // BMC V, 306  // IGI .6878(+Supl.)  // Goff N-73(+Supl.1972)  // IBP 3917  // CIH 2377  // IDL 3330  // IBE 4074  //;;;;;;;;;Venezia, Italia //;;;;;;;;;;;;;;;;;;;;;it;lat;;;Libro;;;http://bdh-rd.bne.es/viewer.vm?id=0000097191&page=1 **;http://bdh-rd.bne.es/text.vm?id=0000097191&first=1&last=671 **
bima0000117083;Nicolaus de Ausmo  // Suigo, Jacobino -imp.  //;;;Supplementum Summae Pisanellae;;Astesanus: Canones poenitentiales. Alexander De Nevo: Consilia contra Iudaeos foenerantes;;Jacobinus Suigus;;Vercelli;1485;h. , 8º ,;;;;HR 2167  // Pell 1640  // BMC VII, 1106  // IGI 6882(+Supl.)  // Goff N-77  // IBP 3922  // IBE 4078  //;;;;;;;;;Vercelli, Italia //;;;;;;;;;;;;;;;;;;;;;it;lat;;;Libro;;INC/2693 //;http://bdh-rd.bne.es/viewer.vm?id=0000164694&page=1 **;http://bdh-rd.bne.es/text.vm?id=0000164694&first=1&last=492 **
bima0000117087;Nicolaus de Hanapis -aut  // Mittelhus, Georg -impresor prt  // Gerlier, Duand -impresor prt  //;;;Auctoritates utriusque Testamenti, vel Exempla Sacrae Scripturae;;;;[GeorgMitthelhus, en parte para Durand Gerlier];;Impressa Parisius;1500;[104] h. , 8º ,;;;Marca de impresor en portada  // Impresor tomado de Martín Abad  // a-n⁸  // Letra gótica en 2 tamaños  // 31 líneas  // Huecos para iniciales letras de aviso  //;H 6766  // C 2365  // Pell 4661  // BMC VIII, 128(var.)  // Goff N-109  // IBE 4092  // ISTC in00109000  // GW M26449  // CIBN Madrid (1945) 765  // Martín Abad N-16  //;;;;;;;;;Paris, Francia //;;;;;;26  //;;;;;;;;;;;;;;;fr;lat;;;Libro;;INC/865(1) //;http://bdh-rd.bne.es/viewer.vm?id=0000179062&page=1 **;http://bdh-rd.bne.es/text.vm?id=0000179062&first=1&last=110 **
bima0000117088;Nicolas de Lyre  // Butzbach, Paul -imp.  //;;;Moralia super totam Bibliam;;;;Paulus de Butzbach;;Mantova;1481;h. , Fol. ,;Incunables //;;;HC 10375  // Pol 2824(+Supl.)  // BMC VII, 932  // IGI 6817(+ Supl.)  // Goff N-113(+Supl.1972)  // CIH 2399a  // IDL 3354  // IBE 4099  //;;;;;;;;;Mantova, Italia //;;;;;;;;;;;;;;;;;;;;;it;lat;;;Libro;;;http://bdh-rd.bne.es/viewer.vm?id=0000098034&page=1 **;http://bdh-rd.bne.es/text.vm?id=0000098034&first=1&last=539 **
bima0000117092;Nicolaus Modrusiensis  // Plannck, Stephan -imp.  //;;;Oratio in funere Petri Ferrici, Cardinalis Sancti Sixti;;;;Stephanus Plannck;;[Roma;entre 1481 y 1487?;h. , 4º ,;Incunables //;;;H 11771  // BMC IV, 90  // IGI 6853  // Goff N-50  // IBP 3961  // CIH 2412  // IBE 4117  //;;;;;;;;;Roma, Italia //;;;;;;;;;;;;;;;;;;;;;it;lat;;;Libro;;;http://bdh-rd.bne.es/viewer.vm?id=0000098614&page=1 **;http://bdh-rd.bne.es/text.vm?id=0000098614&first=1&last=12 **
bima0000117094;Nicolaus Pergamenus  // Belot, Jean -imp.  //;;;Dialogus creaturarum moralisatus, sive Destructorium vitiorum ex creaturarum exemplorum appropriatione;;;;Johannes Belot];;[Genève;1500;70 h. , Fol. ,;;;;H 6131=H.C.654  // GW I, col. 433(nota)  // Goff N-157(+Supl.1972)  // Lokkos 98  // IBE 4120  //;;;;;;;;;Ginebra, Suiza //;;;;;;;;;;;;;;;;;;;;;sz;lat;;;Libro;;Inc/927 //;http://bdh-rd.bne.es/viewer.vm?id=0000179071&page=1 **;http://bdh-rd.bne.es/text.vm?id=0000179071&first=1&last=77 **
bima0000117114;Oldradus de Ponte  // Frommolt, Eberhard -imp.  //;;;Consilia et quaestiones;;;;Eberhardus Frommolt;;[Wien];1481;h. , Fol. ,;Incunables //;;;HC 9935  // Pol 2916  // BMC VIII, 375  // Goff L-81  // CIH 2821  // IBE 4184  //;;;;;;;;;Austria //;;;;;;;;;;;;;;;;;;;;;au;lat;;;Libro;;;http://bdh-rd.bne.es/viewer.vm?id=0000098951&page=1 **;http://bdh-rd.bne.es/text.vm?id=0000098951&first=1&last=594 **
bima0000117115;Bulle, Johann -imp.  //;;;Oratio funebris in obitu Bernardi Heruli, Cardinalis Spoletani;;;;Johannes Bulle;;[Roma;1479?;h. , 4º ,;Incunables //;;;H 12022  // CR 2350  // BMC IV, 79  // IGI 7010  // Goff H-129  // IBE 4195  //;;;;;;;;;Roma, Italia //;;;;;;;;;;;;;;;;;;;;;it;lat;;;Libro;;;http://bdh-rd.bne.es/viewer.vm?id=0000098559&page=1 **;http://bdh-rd.bne.es/text.vm?id=0000098559&first=1&last=12 **
bima0000117116;Plannck, Stephan -imp.  //;;;Oratio funebris in obitu Bernardi Heruli, Cardinalis Spoletani;;;;Stephanus Plannck;;[Roma;1485;h. , 4º ,;Incunables //;;;HC 12021  // BMC IV, 89  // IGI 7011  // Goff H-131  // IBP 4044  // CIH 1671  // IBE 4197  //;;;;;;;;;Roma, Italia //;;;;;;;;;;;;;;;;;;;;;it;lat;;;Libro;;;http://bdh-rd.bne.es/viewer.vm?id=0000097482&page=1 **;http://bdh-rd.bne.es/text.vm?id=0000097482&first=1&last=8 **
bima0000117117;Orbellis, Nicolaus de  // Furter, Michael -impresor  //;;;Cursus librorum philosophiae naturalis secundum viam Scoti;;;;per Michaele[m] furter;;Basilee impressi;1494;[184] h. , 4º ,;;;Sign.: a-c⁸, d⁶, e⁸, f⁶, gh⁸, i⁴, k-y⁸, z¹⁰, []⁶  // Texto a dos columnas (48 líneas)  // Huecos para iniciales, letras de aviso  // Letra gótica de varios tamaños  // Grabados xilográficos intercalados  //;HCR 5864  // Pol 2921(+Supl.)  // BMC III, 783  // IGI 7017  // Goff O-74  // IBP 4047  // CIH 2470  // IBE 4200  // GW M28115  // ISTC io00074000  // Martín Abad O-11  //;;;;;;;;;Basel, Suiza //;;;;;;1  //;;;;;;;;;;;;;;;sz;lat;;;Libro;;INC/1284(2) //;http://bdh-rd.bne.es/viewer.vm?id=0000179067&page=1 **;http://bdh-rd.bne.es/text.vm?id=0000179067&first=1&last=172 **
bima0000117119;Orbellis, Nicolaus de  // Furter, Michael -impresor  //;;;Summulae philosophiae rationalis seu Logica;Expositio super Summulas Petri Hispani  //;;;per Michaele[m] furter;;Impressum Basilee;1494;[72] h. , 4º ,;;;Sign.: a⁸, b⁶, c-g⁸, h-k⁶  // Letra gótica de varios tamaños  // Texto a dos columnas (49 líneas)  // Marca tipográfica de Michael Furter en k5v  //;HC 12044  // Pol 2920  // BMC III, 782  // IGI 7022  // Goff O-80  // IBP 4050  // CIH 2472  // IBE 4204  // CIBN Madrid (1945) 1364  // GW M28126  // ISTC io00077800  // Martín Abad O-13  //;;;;;;;;;Basel, Suiza //;;;;;;16  //;;;;;;;;;;;;;;;sz;lat;;;Libro;;INC/1284(1) //;http://bdh-rd.bne.es/viewer.vm?id=0000179064&page=1 **;http://bdh-rd.bne.es/text.vm?id=0000179064&first=1&last=64 **
