idBNE;Autor Personas;Autor Entidades;Título uniforme;Título;Otros Títulos;Información asociada al título;Edición;Editorial;Editor musical;Lugar de publicación;Fecha de publicación;Descripción física;Serie;Contenido;Descripción y notas;Citas o referencias;transcripciones de interés;Procedencia;Intérpretes;Resumen;Premios;Periodicidad;Tema;Género/Forma;Lugar relacionado;Forma de la composición sonora;Forma de la composición notada;tipo material cartográfico;Proyección del mapa;Escala del mapa;CDU;Otra clasificación;id registros relacionados;información asociada a registros relacionados;id otras ediciones;información asociada a otras ediciones;id título anterior;información asociada a título anterior;id título posterior;información asociada a título posterior;ISBN;ISSN;Depósito Legal;Otros Números Normalizados;Número Bibliografía Nacional;País de publicación;Lengua de publicación;Lengua original;otras lenguas;Tipo de documento;Condiciones de uso;signatura;version_digital;texto_OCR
bimo0000716599;Cortada, Juan , 1805-1868  //;;;Lecciones de Historia de España;;por Juan Cortada;;[s.n.]  Imp. de Antonio Brusi;;[S.l.] , Barcelona;1846;497 p. , 21 cm ,;;;;;;;;;;;España -- Historia --  //;;;;;;;;94(460)  //;;;;;;;;;;;;;;;sp;spa;;;Libro;;1/45650 // DGMICRO/28835 //;http://bdh-rd.bne.es/viewer.vm?id=0000243292&page=1 **;http://bdh-rd.bne.es/text.vm?id=0000243292&first=1&last=507 **
bimo0000718841;Costa Maya, Fernando da  //;;;Tactica geral;;;;Ferin;;Lisboa;1905;3 h., 340 p. , 4º (23 cm) ,;;;Con grab. intercal.  //;;;;;;;;;;;;;;;;;;;;;;;;;;;;;;;po;por;;;Libro;;2/77616 //;http://bdh-rd.bne.es/viewer.vm?id=0000215742&page=1 **;http://bdh-rd.bne.es/text.vm?id=0000215742&first=1&last=357 **
bimo0000720558;Coy Cotonat, Agustín , 1859-1920  //;;;El vino en Cataluña : noticias históricas y disposiciones referentes al vino en la época antigua : importancia de la producción vinícola en Cataluña y el Panadés, particularmente en Villafranca;;Agustín Coy Cotonat;;[s.n.]  Imp. y Litografía de la Viuda J. Cunill;;[S.l.] , Barcelona;1911;30 p. , 21 cm ,;;;;;;;;;;;Industria vitivinícola -- Penedés (Barcelona y Tarragona, Comarca) -- Historia --  //;;;;;;;;338.45(460.23 Penedés):663.25(091)  //  663.25(460.23 Penedés)(091)  //;;;;;;;;;;;;;;;sp;spa;;;Libro;;4/140743 //;http://bdh-rd.bne.es/viewer.vm?id=0000204225&page=1 **;http://bdh-rd.bne.es/text.vm?id=0000204225&first=1&last=39 **
bimo0000727433;Caro, Elme-Marie , 1826-1887  //;;;El pesimismo en el siglo XIX un precursor de Schopenhauer, Leopardi;;por E[lme-M[arie]. Traducción de Armando Palacio Valdés;;[J.G. Conde y Compª;;Madrid;1878;141 p. , 8º (16 cm) ,;;;Fecha tomada del CCPB  //;;;;;;;;Schopenhauer, Arthur --  // Leopardi, Giacomo -- Crítica e interpretación --  // Pesimismo -- Historia --  //;;;;;;;;"141.22""18""  //  1 Schopenhauer, Arthur  //  821.131.1 Leopardi, Giacomo 1.07  //";;;;;;;;;;;;;;;sp;spa;;;Libro;;1/37338 //;http://bdh-rd.bne.es/viewer.vm?id=0000247728&page=1 **;http://bdh-rd.bne.es/text.vm?id=0000247728&first=1&last=159 **
bimo0000734236;Caso, José Indalecio  //;;;La Cuestión Cabrera;;;;[s.n.]  tip. Gregorio Estrada;;Madrid;1875;445 p., 1 h., XCV p. , 18 cm ,;;;;;;;;;;;Cabrera i Griñó, Ramón --  // Partido Carlista --  // España -- Historia -- 1833-1876 (Guerras carlistas) --  //;;;;;;;;;;;;;;;;;;;;;;;sp;spa;;;Libro;;3/91219 //;http://bdh-rd.bne.es/viewer.vm?id=0000223671&page=1 **;http://bdh-rd.bne.es/text.vm?id=0000223671&first=1&last=277 **
bimo0000739739;Claramunt y Romeo, Pablo  // Bernal, Julio  //;;;Compendio de la Historia de Zaragoza Sus hechos heróicos, glorias y tradiciones desde su fundación hasta nuestros días;;Con un prólogo del Licdo. D. Julio Bernal;2ª ed.;Manuel Sevilla;;Zaragoza;1904;206 p., 1 h. , 17 cm ,;;;;;;;;;;;Zaragoza -- Historia --  //;;;;;;;;;;;;;;;;;;;;;;;sp;spa;;;Libro;;3/96419 //;http://bdh-rd.bne.es/viewer.vm?id=0000224919&page=1 **;http://bdh-rd.bne.es/text.vm?id=0000224919&first=1&last=108 **
bimo0000741872;Clouard, Henri , 1889-1974  //;;;La poésie française moderne Des romantiques a nos jours;;;;Gauthier-Villars et Cie.;;Paris;1924;VI, 402 p. , 20 cm ,;Science et Civilisation //;;;;;;;;;;Poesía francesa -- S.XIX -- Historia y crítica --  // Poesía francesa -- S.XX -- Historia y crítica --  //;;;;;;;;"840-1.09""18/19""(04)  //";;;;;;;;;;;;;;;fr;fre;;;Libro;"Acceso y/o uso restringido. La presente obra presenta restricciones en cuanto a su reproducción, distribución, comunicación pública o transformación; no obstante y en virtud del artículo 37 del Texto refundido de la Ley de Propiedad Intelectual (TRLPI), la Biblioteca Nacional de España está autorizada a la reproducción y a la comunicación de obras, mediante red cerrada e interna, a efectos de investigación (artículo 37, RDL 1/1996, de 12 de abril, revisada el 5 noviembre de 2015); sin perjuicio de las copias que puedan obtenerse en la BNE para uso privado, para ejercer cualquier otro de los derechos de explotación previstos en la TRLPI, el usuario deberá contactar con el correspondiente titular o la entidad de gestión encargada de representar al titular.//";4/134013 //;http://bdh-rd.bne.es/viewer.vm?id=0000225225&page=1 **;http://bdh-rd.bne.es/text.vm?id=0000225225&first=1&last=415 **
bimo0000760464;Chiarlone, Quintín , 1814-1874  // Mallaina, Carlos  //;;;Historia de la farmacia;;por los Doctores D. Quintín Chiarlone y D. Carlos Mallaina;2ª ed.;[s.n.]  Imp. de José M. Ducazcal;;[S.l.] , Madrid;1865;962 p. , 30 cm ,;;;;;;;;;;;Farmacia -- Historia --  //;;;;;;;;615(091)  //;;;;;;;;;;;;;;;sp;spa;;;Libro;;4/141945 // DGMICRO/36003 //;http://bdh-rd.bne.es/viewer.vm?id=0000246507&page=1 **;http://bdh-rd.bne.es/text.vm?id=0000246507&first=1&last=975 **
bimo0000763050;Dalmau y Gratacós, Federico , 1874-1926  //;;;Balmes filósofo : discurso leído en la solemne velada dedicada al eminente filófoso catalán durante las fiestas del primer centenario de su natalicio celebradas en Vich;;por Federico Dalmáu y Gratacós;;Imp. y Librería Moderna;;Logroño;1910;33 p. , 23 cm ,;;;Incluye referencias bibliográficas  //;;;;;;;;Balmes, Jaime --  //;;;;;;;;1 Balmes, Jaime  //;;;;;;;;;;;;;;;sp;spa;;;Libro;;VC/649/27 //;http://bdh-rd.bne.es/viewer.vm?id=0000206094&page=1 **;http://bdh-rd.bne.es/text.vm?id=0000206094&first=1&last=37 **
bimo0000765151;Dato, Eduardo , 1856-1921  //;;;La venta de los montes;;por D. Eduardo Dato é Iradier;;[s.n.]  Imp. de Moreno y Rojas;;Madrid;1886;14 p. , 25 cm ,;;;Separata de la Revista de Montes  //;;;;;;;;Ordenación de montes -- España -- Historia --  //;;;;;;;;;;;;;;;;;;;;;;;sp;spa;;;Libro;;3/116812 //;http://bdh-rd.bne.es/viewer.vm?id=0000247956&page=1 **;http://bdh-rd.bne.es/text.vm?id=0000247956&first=1&last=19 **
bimo0000780666;Díaz y Pérez, Nicolás , 1841-1902  //;;;Historia de Talavera la Real villa de la provincia de Badajoz;;por Nicolás Díaz y Pérez;2ª ed. notablemente aum.;[s.n.]  Imp. de Manuel Ginés Hernández;;[S.l.] , Madrid;1879;XV, 354 p., 8 h. de lám. , 23 cm ,;;;Índices  //;;;;;;;;Talavera la Real -- Historia --  //;;;;;;;;94(460.253 Talavera)  //;;;;;;;;;;;;;;;sp;spa;;;Libro;;DGMICRO/65076 // 3/400 //;http://bdh-rd.bne.es/viewer.vm?id=0000239878&page=1 **;http://bdh-rd.bne.es/text.vm?id=0000239878&first=1&last=400 **
bimo0000793267;Donoso Cortés, Juan , 1809-1853  //;;;Carta al Emmo. Sr. Cardenal Fornari, sobre el principio generador de los más graves errores de nuestros días;;"por Juan Donoso Cortés ... ; publícalo La Armonía, sociedad literario-católica";;[s.n.]  Imp. de Tejado;;[S.l.] , Madrid;1865;33 p. , 19 cm ,;;;;;;;;;;;Naturalismo --  // Civilización -- S.XIX --  // Historia -- Aspectos religiosos -- Iglesia Católica --  //;;;;;;;;"008(100)""18""  //  165.73  //  94:23  //";;;;;;;;;;;;;;;sp;spa;;;Libro;;VC/731/31 // DGMICRO/6909 //;http://bdh-rd.bne.es/viewer.vm?id=0000244472&page=1 **;http://bdh-rd.bne.es/text.vm?id=0000244472&first=1&last=39 **
bimo0000834494;España Lledó, José , 1848-1901  //;;;Cuadros de historiografía de España precedidos de un resumen razonazo de la asignatura para la mejor inteligencia de los mismos;;por José España Lledó;;[s.n.]  Tip. Hospital de Santa Ana, 12;;[S.l.] , Granada;1894;56 p., [21] h. pleg. , 21 cm ,;;;;;;;;;;;España -- Historia --  //;;;;;;;;94(460)  //;;;;;;;;;;;;;;;sp;spa;;;Libro;;DGMICRO/3145 // 1/82635 //;http://bdh-rd.bne.es/viewer.vm?id=0000238578&page=1 **;http://bdh-rd.bne.es/text.vm?id=0000238578&first=1&last=74 **
bimo0000834499;España Lledó, José , 1848-1901  //;;;Elementos de historia de España;;por José España Lledó;;[s.n.]  Imp. de La Lealtad;;[S.l.] , Granada;1879;339 p. , 22 cm ,;;;;;;;;;;;España -- Historia --  //;;;;;;;;94(460)  //;;;;;;;;;;;;;;;sp;spa;;;Libro;;1/27977 // DGMICRO/71844 //;http://bdh-rd.bne.es/viewer.vm?id=0000242826&page=1 **;http://bdh-rd.bne.es/text.vm?id=0000242826&first=1&last=349 **
bimo0000834905;Espejo de Hinojosa, Ricardo , n. 1879  //;;;Elementos de historia de España;;por los Doctores D. Ricardo Espejo de Hinojosa ... y D. Joaquín García Naranjo;;[s.n.]  Imp. Clarasó;;[S.l.] , Barcelona;1928;405 p. , 20 cm ,;;;;;;;;;;;España -- Historia --  //;;;;;;;;94(460)  //;;;;;;;;;;;;;;;sp;spa;;;Libro;"Acceso y/o uso restringido. La presente obra presenta restricciones en cuanto a su reproducción, distribución, comunicación pública o transformación; no obstante y en virtud del artículo 37 del Texto refundido de la Ley de Propiedad Intelectual (TRLPI), la Biblioteca Nacional de España está autorizada a la reproducción y a la comunicación de obras, mediante red cerrada e interna, a efectos de investigación (artículo 37, RDL 1/1996, de 12 de abril, revisada el 5 noviembre de 2015); sin perjuicio de las copias que puedan obtenerse en la BNE para uso privado, para ejercer cualquier otro de los derechos de explotación previstos en la TRLPI, el usuario deberá contactar con el correspondiente titular o la entidad de gestión encargada de representar al titular.//";2/77386 // DGMICRO/64745 //;http://bdh-rd.bne.es/viewer.vm?id=0000243736&page=1 **;http://bdh-rd.bne.es/text.vm?id=0000243736&first=1&last=419 **
bimo0000838423;Estrada Catoira, Félix , 1853-1938  //;;;Historia de los ejércitos gallegos durante la Guerra de la Independencia;;por ... Félix Estrada Catoira ...;;[s.n.]  Tip. de El Eco Franciscano;;[S.l.] , Santiago;1916;VIII, 255 p., [2] h. de lám. , 25 cm ,;;;"""Trabajo laureado en el Certamen Histórico-Literario celebrado en Santiago el año 1909 con el premio de Su Majestad el Rey""  //";;;;;;;;Galicia -- Historia militar -- S.XIX --  // España -- Historia -- 1808-1814 (Guerra de la Independencia) --  //;;;;;;;;"355.351(460.11)""1808/14""  //  355.48(460)""1808/14""  //";;;;;;;;;;;;;;;sp;spa;;;Libro;;1/75058 //;http://bdh-rd.bne.es/viewer.vm?id=0000251109&page=1 **;http://bdh-rd.bne.es/text.vm?id=0000251109&first=1&last=277 **
bimo0000858214;Cañardo Alterachs, Juan  //;;;Historia antigua de Huesca;;Juan Cañardo Alterachs;;[s.n.]  Artes Gráf. Viuda Leandro Pérez;;[S.l. , Huesca;1908;203, VII p. , il. , 23 cm ,;;;;;;;;;;;Huesca -- Historia -- Hasta S.V --  //;;;;;;;;"946.022.2 H."".../04""  //";;;;;;;;;;;;;;;sp;spa;;;Libro;;1/247463 //;http://bdh-rd.bne.es/viewer.vm?id=0000206793&page=1 **;http://bdh-rd.bne.es/text.vm?id=0000206793&first=1&last=215 **
bimo0000866218;Ferrán, Ignacio María de , 1839-1880  //;;;El cambio mercantil, importancia de este contrato en el comerciol discurso leído en la Universidad Central por don Ignacio María de Ferrán ... en el solemne acto de recibir la investidura de doctor en la Facultad de Derecho, Sección de Derecho Civil y Canónico;;;;[s.n.]  Imp. de Tejado, a cargo de R. Ludeña;;[S.l.] , Madri;1864;31 p. , 25 cm ,;;;;;;;;;;;Contratos mercantiles -- Historia --  //;;;;;;;;347.74/.76(091)  //;;;;;;;;;;;;;;;sp;spa;;;Libro;;VC/2579/41 // DGMICRO/3560 //;http://bdh-rd.bne.es/viewer.vm?id=0000247135&page=1 **;http://bdh-rd.bne.es/text.vm?id=0000247135&first=1&last=35 **
bimo0000877146;Fonseca, Damián (O.P.)  //;;;Relación de la expulsión de los moriscos del Reino de Valencia;;"del M. Fr. Damián Fonseca ; publícala nuevamente la Sociedad Valenciana de Bibliófilos";;[s.n.]  Imp. de Manuel Alufre;;Valencia;1878;221 p. , 25 cm ,;;;;;;;;;;;Moriscos -- Historia -- 1609-1614 (Expulsión) --  //;;;;;;;;"94(460)  //  94(=411.21:460)""1609/14""  //";;;;;;;;;;;;;;;sp;spa;;;Libro;;R/19410 //;http://bdh-rd.bne.es/viewer.vm?id=0000236316&page=1 **;http://bdh-rd.bne.es/text.vm?id=0000236316&first=1&last=257 **
bimo0000877316;Font, Salvador , 1844-1908  //;;;Memoria acerca de las misiones de los P.P. Agustinos Calzados en las Islas Filipinas presentada al Excmo. Sr. Ministro de Ultramar en 1892 por el R.P. Comisario de la misma orden;;;;[s.n.]  Imp. de Don Luis Aguado;;[S.l.] , Madrid;1892;125 p. , 24 cm ,;Religión. Teología // Cristianismo. Historia eclesiástica //;;Autor (p. 7): Salvador Font  //;;;;;;;;Agustinos -- Filipinas -- Historia--  // Filipinas -- Historia --  //;;;;;;;;(599)  //  271.4(599)(091)  //  94(599)  //;;;;;;;;;;;;;;;sp;spa;;;Libro;;HA/32091 //;http://bdh-rd.bne.es/viewer.vm?id=0000120078&page=1 **;http://bdh-rd.bne.es/text.vm?id=0000120078&first=1&last=134 **
bimo0000904509;García Ruiz, Eugenio , 1819-1883  //;;;Desde mi campo neutral;;por Eugenio García Ruiz;;[s.n.]  Imp. de El Pueblo;;[S.l.] , Madrid;1870;54 p. , 18 cm ,;;;;;;;;;;;Republicanismo -- España -- S.XIX --  // España -- Historia -- 1868-1870 (Interregno revolucionario) --  //;;;;;;;;"329.23(460)""18""  //  94(460)""1868/70""  //";;;;;;;;;;;;;;;sp;spa;;;Libro;;VC/2592/71 // DGMICRO/16847 //;http://bdh-rd.bne.es/viewer.vm?id=0000247136&page=1 **;http://bdh-rd.bne.es/text.vm?id=0000247136&first=1&last=60 **
bimo0000905220;García Tejero, Alfonso , 1818-1890  //;;;La tempestad política : folleto crítico filosófico, en prosa y verso, en el que se describe la situación de Europa, y se combaten ciertas doctrinas anárquicas y antisociales;;por A. García de Tejero;;[s.n.]  Imp. de José Redondo Calleja;;[S.l.] , Madrid;1850;24 p. , 20 cm ,;;;;;;;;;;;Europa -- Historia -- 1848-1871 --  //;;;;;;;;"94(4)  //  94(4)""1848/71""  //";;;;;;;;;;;;;;;sp;spa;;;Libro;;VC/191/30 //;http://bdh-rd.bne.es/viewer.vm?id=0000236325&page=1 **;http://bdh-rd.bne.es/text.vm?id=0000236325&first=1&last=27 **
bimo0000906514;Garrido, Fernando , 1821-1883  //;;[La humanidad y sus progresos] //;La humanidad y sus progresos o La civilización antigua y moderna. Tomo I;La civilización antigua y moderna  //;por Alfonso Torres de Castilla;;Salvador Manero;;Barcelona;1867;784 p. , 27 cm ,;;;;;;;;;;;Civilización -- Historia --  //;;;;;;;;94  //  930.85  //;;;;;;;;;;;;;;;sp;spa;;;Libro;;1/13540_V._1 // DGMICRO/48571 //;http://bdh-rd.bne.es/viewer.vm?id=0000242704&page=1 **;http://bdh-rd.bne.es/text.vm?id=0000242704&first=1&last=817 **
bimo0000920860;Girbal, Enrique Claudio , 1839-1896  //;;;El Príncipe de Gerona : historia de este antiguo título y noticia de los personajes que lo usaron, precedido de varios y curiosos datos referentes al Ducado de la misma ciudad, con un apéndice de documentos;;por Enrique Claudio Girbal;;[s.n.]  Estab. Tip de Gerardo Cumané y Fabrellas;;[S.l.] , Gerona;1865;59 p. , 25 cm ,;;;"Texto en español; apéndice en latín  //";;;;;;;;Príncipe de Asturias (Título) -- Historia --  //;;;;;;;;929.731(460)(091)  //;;;;;;;;;;;;;;;sp;spa;;;Libro;;VC/1568/46 //;http://bdh-rd.bne.es/viewer.vm?id=0000236324&page=1 **;http://bdh-rd.bne.es/text.vm?id=0000236324&first=1&last=75 **
bimo0000924241;Gómez Imaz, Manuel , 1844-1922  //;;;Sevilla en 1808 : servicios patrióticos de la Suprema Junta en 1808 y Relaciones hasta ahora inéditas de los regimientos creados por ella;;escritos por sus coroneles Manuel Gomez Imaz;;[s.n.]  Imp. de Francisco de P. Díaz;;[S.l.] , Sevilla;1908;XII, 491 p., [4] h. de lám. , 22 cm ,;;;;;;;;;;;Sevilla -- Historia -- S.XIX --  // España -- Historia -- 1808-1814 (Guerra de la Independencia) --  //;;;;;;;;"94(460)  //  94(460)""1808/14""  //  94(460.353 S.)""18""  //";;;;;;;;;;;;;;;sp;spa;;;Libro;;7/18034 //;http://bdh-rd.bne.es/viewer.vm?id=0000231872&page=1 **;http://bdh-rd.bne.es/text.vm?id=0000231872&first=1&last=543 **
bimo0000925464;Gómez Villafranca, Román , 1864-1929  //;;;Extremadura en la Guerra de la Independencia española : memoria histórica y colección diplomática;;por Román Gomez Villafranca;;[s.n.]  Tall. de Tip., Lit. y Encuadernación de Uceda Hermanos;;[S.l.] , Badajoz;1908;304, 438 p. , 27 cm ,;;;;;;;;;;;Extremadura -- Historia -- S.XIX --  // España -- Historia -- 1808-1814 (Guerra de la Independencia) --  //;;;;;;;;"94(460)  //  94(460)""1808/14""  //  94(460.25)""18""  //";;;;;;;;;;;;;;;sp;spa;;;Libro;;1/48913 // DGMICRO/51525 //;http://bdh-rd.bne.es/viewer.vm?id=0000244837&page=1 **;http://bdh-rd.bne.es/text.vm?id=0000244837&first=1&last=752 **
bimo0000939312;Guillén-García, Guillermo J. de , 1846-1918  //;;;Apuntes para la historia de la Metalurgia. Primera parte, edades antigua y media;;por Guillermo J. de Guillén-García;;[s.n.]  Tip. La Académica;;[S.l.] , Barcelona;1901;80 p. , 22 cm ,;;;"Recoje artículos publicados en la revista ""Industria e Invenciones""  //";;;;;;;;Metalurgia -- Historia --  //;;;;;;;;669(091)  //;;;;;;;;;;;;;;;sp;spa;;;Libro;;12/810667 //;http://bdh-rd.bne.es/viewer.vm?id=0000203704&page=1 **;http://bdh-rd.bne.es/text.vm?id=0000203704&first=1&last=99 **
bimo0000951761;González-Blanco, Edmundo , 1877-1938  //;;;Historia del periodismo : desde sus comienzos hasta nuestra época;;Edmundo González-Blanco;;Biblioteca Nueva;;Madrid;1919;295 p. , 19 cm ,;;;Incluye referencias bibliográficas  //;;;;;;;;Periodismo -- Historia --  //;;;;;;;;070(091)  //;;;;;;;;;;;;;;;sp;spa;;;Libro;;3/112228 //;http://bdh-rd.bne.es/viewer.vm?id=0000251437&page=1 **;http://bdh-rd.bne.es/text.vm?id=0000251437&first=1&last=305 **
bimo0000957276;Gor'kiï, Maksim , 1868-1936  //;;;Como se forja un mundo nuevo La transformación social de Rusia;;Máximo Gorki;;Publicaciones Mundial;;Barcelona;?;170 p., 2 h. , 19 cm ,;Biblioteca Social //;;;;;;;;;;Rusia -- Historia -- 1917-1921 (Revolución) --  //;;;;;;;;;;;;;;;;;;;;;;;sp;spa;;;Libro;;3/95912 //;http://bdh-rd.bne.es/viewer.vm?id=0000225263&page=1 **;http://bdh-rd.bne.es/text.vm?id=0000225263&first=1&last=189 **
bimo0000989173;Herval, René  //;;;Huit mois de révolution russe (Juin 1917-janvier 1918);;;;Librairie Hachette et Cie.;;[Paris];1918;3 h., 216 p. , 19 cm ,;Mémoires et Récits de Guerre //;;;;;;;;;;Rusia -- Historia -- 1917-1921 (Revolución) --  //;;;;;;;;;;;;;;;;;;;;;;;fr;fre;;;Libro;;3/95924 //;http://bdh-rd.bne.es/viewer.vm?id=0000225286&page=1 **;http://bdh-rd.bne.es/text.vm?id=0000225286&first=1&last=119 **
bimo0001008169;Hume, Martin , 1847-1910  // González-Blanco, Edmundo , 1877-1938  //;;;Historia de la España contemporánea. 1788-1898;;por Martin Hume. Traducida del inglés por Edmundo González-Blanco;;La España Moderna;;Madrid;1905;3 h., 517 p. , 23 cm ,;Biblioteca de Jurisprudencia, Filosofía é Historia //;;;;;;;;;;España -- Historia -- 1788-1808 (Carlos IV) --  // España -- Historia -- S.XIX --  //;;;;;;;;"94(460)""1788/1808""  //  94(460)""18""  //";;;;;;;;;;;;;;;sp;spa;;;Libro;;3/90582 //;http://bdh-rd.bne.es/viewer.vm?id=0000223902&page=1 **;http://bdh-rd.bne.es/text.vm?id=0000223902&first=1&last=270 **
bimo0001039958;Jacquinet, Clemencia  //;;;Compendio de historia universal;Historia universal  //;por Clemencia Jacquinet;;Escuela Moderna  Imp. de La Campana y La Esquella;;Barcelona;1901 - 1902;3 v. , 19 cm ,;Publicaciones de la Escuela Moderna //;v. [1]. Primera Parte: Tiempos prehistóricos al Imperio Romano (223 p.) -- v. [2]. Segunda y tercera parte: La Edad Media y tiempos modernos (298 p.) -- v. [3]. Cuarta parte: La Revolución Francesa y sus consecuencias (261 p.)//;"""Cuarta y quinta parte: De la Revolución Francesa hasta nuestros días""--Cubierta del v. [3]  //";;;;;;;;Historia universal --  //;;;;;;;;94(100)  //;;;;;;;;;;;;;;;sp;spa;;;Libro;;AHMO/652445_V.1 // 12/819442_V.2 // 12/819443_V.3 //;http://bdh-rd.bne.es/viewer.vm?id=0000242503&page=1 ** http://bdh-rd.bne.es/viewer.vm?id=0000242503&page=236 ** http://bdh-rd.bne.es/viewer.vm?id=0000242503&page=547 **;http://bdh-rd.bne.es/text.vm?id=0000242503&first=1&last=235 ** http://bdh-rd.bne.es/text.vm?id=0000242503&first=236&last=546 ** http://bdh-rd.bne.es/text.vm?id=0000242503&first=547&last=825 **
bimo0001046578;Jiménez Catalán, Manuel , 1867-1932  //;;;Apuntes para la historia de Balaguer;;M. Jiménez Catalán;;[s.n.]  Imp. El Pallaresa;;[S.l.] , Lérida;1912;211 p. , 19 cm ,;;;"""Trabajo laureado con el único ""Accesit"" concedido a la prosa científica en los Jochs Florals celebrados en Balaguer el día 27 de mayo de 1912""  //";;;;;;;;Balaguer -- Historia --  //;;;;;;;;94(460)  //  94(460.231 Balaguer)  //;;;;;;;;;;;;;;;sp;spa;;;Libro;;1/65362 // DGMICRO/5193 //;http://bdh-rd.bne.es/viewer.vm?id=0000245516&page=1 **;http://bdh-rd.bne.es/text.vm?id=0000245516&first=1&last=116 **
bimo0001052853;Juderías, Julián , 1877-1918  //;;;España en tiempo de Carlos II el Hechizado;;por Julián Juderías;;"[s.n.]  Tip. de la ""Revista de Archivos, Bibl. y Museos""";;[S.l.] , Madrid;1912;340 p. , 25 cm ,;;;;;;;;;;;España -- Historia -- 1665-1700 (Carlos II) --  //;;;;;;;;"94(460)  //  94(460)""1665/1700""  //";;;;;;;;;;;;;;;sp;spa;;;Libro;;1/59422 // DGMICRO/39935 //;http://bdh-rd.bne.es/viewer.vm?id=0000245150&page=1 **;http://bdh-rd.bne.es/text.vm?id=0000245150&first=1&last=357 **
bimo0001052861;Juderías, Julián , 1877-1918  //;;;La leyenda negra y la verdad histórica : contribución al estudio del concepto de España en Europa, de las causas de este concepto y de la tolerancia religiosa y politica en los países civilizados;;Julián Juderías;;"[s.n.]  Tip. de la ""Rev. de Arch., Bibl. y Museos""";;[S.l.] , Madrid;1914;227 p. , 16 cm ,;;;;;;;;;;;España -- Historia -- Leyenda negra --  //;;;;;;;;"94(460)  //  94(460)""15/18""  //";;;;;;;;;;;;;;;sp;spa;;;Libro;;1/35859 // DGMICRO/66331 //;http://bdh-rd.bne.es/viewer.vm?id=0000244862&page=1 **;http://bdh-rd.bne.es/text.vm?id=0000244862&first=1&last=241 **
bimo0001072500;Labra, Rafael M. de , 1840-1918  //;;;España y América, 1812-1912 : estudios políticos, históricos y de derecho internacional;;por Rafael M. de Labra;;"[s.n.]  Tip. del ""Sindicato de Publicidad""";;[S.l.] , Madrid;1912;XV, 485 p. , 22 cm ,;;;;;;;;;;;España --  // España --  // América española -- Historia -- 1806-1830 (Guerras de la Independencia) --  // España -- Relaciones -- América Latina --  //;;;;;;;;"94(7/8)  //  327(460:8=134.2)""18/19""  //  328(460)""1810/13""  //  342.4(460)""1812""  //  94(8=134.2)""1806/30""  //";;;;;;;;;;;;;;;sp;spa;;;Libro;;1/1076 // DGMICRO/15882 //;http://bdh-rd.bne.es/viewer.vm?id=0000244284&page=1 **;http://bdh-rd.bne.es/text.vm?id=0000244284&first=1&last=257 **
bimo0001081767;Lara y Pedrajas, Antonio de  //;;;Del rey abajo ninguno;;"estudio crítico por A. de Lara y Pedrajas ; con prólogo de un diputado a Cortes";;[s.n.]  Estab. Tip. de Ricardo Fé;;[S.l.] , Madrid;1907;VII, 142 p. , 19 cm ,;;;Precede al título: La política española en 1906  //;;;;;;;;Instituciones políticas -- España --  // España -- Historia -- 1902-1931 (Alfonso XIII) --  //;;;;;;;;"342.5(460)  //  32(460)""1902/31""  //";;;;;;;;;;;;;;;sp;spa;;;Libro;;3/91022 // DGMICRO/18423 //;http://bdh-rd.bne.es/viewer.vm?id=0000246356&page=1 **;http://bdh-rd.bne.es/text.vm?id=0000246356&first=1&last=160 **
bimo0001091608;Lehnert, Josef  //;;;Um die Erde;;Reiseskizzen von der Erdumseglung mit J.M. Corvette... Erzherzog Friedrich... in den Jahren 1874, 1875 und 1876;;A. Hölder;;Wien;1878;2 v. , 8º d.m. ,;;;Mit 166 Original - Illustrationen und 2 Karten  // Al fin = Druck von Eduard Sieger  // ad. estamp. y dor. con forro  // Alrededor del Mundo. Croquis del viaje de circunnavegación de la Corbeta Imperial... Archiduque Federico... en los años 1874, 1875 y 1876  //;;;;;;;;;;;;;;;;;;;;;;;;;;;;;;;au;ger;;;Libro;;2/48094_V.1 // 2/48095_V.2 //;http://bdh-rd.bne.es/viewer.vm?id=0000248404&page=1 ** http://bdh-rd.bne.es/viewer.vm?id=0000248404&page=523 **;http://bdh-rd.bne.es/text.vm?id=0000248404&first=1&last=522 ** http://bdh-rd.bne.es/text.vm?id=0000248404&first=523&last=1172 **
bimo0001107880;Lobo, Eugenio Gerardo , 1679-1750  // Arias de la Vega, Pedro -imp.  //;;;Rasgo épico de la conquista de Orán que a la diversion de los oficiales de los Regimientos de guardias españolas, y vvalonas;;dedica don Eugenio Gerardo Lobo, Capitán de las Reales Guardias de Infanteria Española;;... por Pedro Arias;;[Cordoba] En Barcelona y por su original en Cordoba;1732?;45, [3] p. 1 h. de grab. , 4º ,;;;Fecha de imp. deducida de las fechas de actividad del impresor.  // Sign.: A-F⁴  // Portada con orla tipográfica.  // Texto con doble filete y apostillas marginales.  //;Aguilar Piñal. Bib. S.XVIII v. 4, n. 928 y v.5, n. 969  //;;;;;;;Orán -- Historia -- 1732 (Toma) -- Poesías --  //;;Córdoba, España //;;;;;;94(61)  //;;;;;;;;;;;;;;;sp;spa;;;Libro;;VC/4876/3 //;http://bdh-rd.bne.es/viewer.vm?id=0000132880&page=1 **;http://bdh-rd.bne.es/text.vm?id=0000132880&first=1&last=42 **
bimo0001118805;Luca, Pascuale de  //;;;I liberatori glorie e figure del risorgimento: 1821-1870;;Pasquale di Luca;Nuova ed. riv. ed ampl.;Istituto Italiano d'Arti Grafiche;;Bergamo;1909;337 p. , 27 cm ,;;;;;;;;;;;Italia -- Historia -- 1815-1870 --  //;;;;;;;;;;;;;;;;;;;;;;;it;ita;;;Libro;;3/115295 //;http://bdh-rd.bne.es/viewer.vm?id=0000223139&page=1 **;http://bdh-rd.bne.es/text.vm?id=0000223139&first=1&last=397 **
bimo0001120009;Faria, Antonio de Portugal de Faria, Marquês de  //;;;Cadix (étude historique);;Antonio de Portugal de Faria;;[s.n.]  Imp. de Eug. Dangu;;Sain-Valéry-en-Caux , Saint-Valéry-en-Caux;1898;219 p., [1] h. de lám. , 22 cm ,;;;;;;;;;;;Cádiz -- Historia --  //;;;;;;;;946.035.5 C.  //;;;;;;;;;;;;;;;fr;fre;;;Libro;;1/248754 //;http://bdh-rd.bne.es/viewer.vm?id=0000206899&page=1 **;http://bdh-rd.bne.es/text.vm?id=0000206899&first=1&last=231 **
bimo0001121945;Lummis, Charles F. , 1859-1928  // Cuyás Armengol, Arturo , 1845-1925 -traductor -editor literario  //;;[The Spanish pioneers. Español] //;Los exploradores españoles del siglo XVI : vindicación de la acción colonizadora española en América;;"obra escrita en inglés por Charles F. Lummis ; versión castellana con datos biográficos del autor por Arturo Cuyás ; prologo del General don Miguel Primo de Rivera";11ª ed.;Editorial Araluce;;Barcelona;1930;236 p., [1] h. de lám. , 20 cm ,;;;Título original: The Spanish pioneers  //;;;;;;;;América -- Descubrimientos y exploraciones -- Españoles --  // América española -- Historia -- 1492-1600 (Descubrimiento y conquista) --  //;;;;;;;;"910.4  //  910.4(7/8)""14/15""  //  94(8=134.2)""1492/1600""  //";;;;;;;;;;;;;;;sp;spa;eng;spa //;Libro;;2/82424 //;http://bdh-rd.bne.es/viewer.vm?id=0000210257&page=1 **;http://bdh-rd.bne.es/text.vm?id=0000210257&first=1&last=249 **
bimo0001125463;Llord, José  //;;;La lliçó de la historia : cap a un món nou;;Josep Llord;;[s.n.]  Castells;;Barcelona , Valls;1927;350 p. , 19 cm ,;;;;;;;;;;;Civilización -- Historia --  //;;;;;;;;930.85  //;;;;;;;;;;;;;;;sp;cat;;;Libro;"Acceso y/o uso restringido. La presente obra presenta restricciones en cuanto a su reproducción, distribución, comunicación pública o transformación; no obstante y en virtud del artículo 37 del Texto refundido de la Ley de Propiedad Intelectual (TRLPI), la Biblioteca Nacional de España está autorizada a la reproducción y a la comunicación de obras, mediante red cerrada e interna, a efectos de investigación (artículo 37, RDL 1/1996, de 12 de abril, revisada el 5 noviembre de 2015); sin perjuicio de las copias que puedan obtenerse en la BNE para uso privado, para ejercer cualquier otro de los derechos de explotación previstos en la TRLPI, el usuario deberá contactar con el correspondiente titular o la entidad de gestión encargada de representar al titular.//";2/77424 //;http://bdh-rd.bne.es/viewer.vm?id=0000231663&page=1 **;http://bdh-rd.bne.es/text.vm?id=0000231663&first=1&last=361 **
bimo0001147921;Márquez y Roco, Francisco de P.  // Aguilar y Vela, Antonio , 1820-1882  //;;;Discursos leídos ante la Real Academia de Ciencias Exactas, Físicas y Naturales en la recepción pública del Exmo. Sr. D. Francisco de P. Márquez y Roco, el día 17 de octubre de 1875;;;;[s.n.]  Imp. de la Viuda e Hijo de E. Aguado;;[S.l.] , Madrid;1875;94 p. , 25 cm ,;;;Incluye el discurso de contestación por Antonio Aguilar y Vela  //;;;;;;;;Astronomía náutica -- Historia --  //;;;;;;;;629.5.072.1(091)  //;;;;;;;;;;;;;;;sp;spa;;;Libro;;VC/2714/20 //;http://bdh-rd.bne.es/viewer.vm?id=0000241146&page=1 **;http://bdh-rd.bne.es/text.vm?id=0000241146&first=1&last=103 **
bimo0001149432;Martí, Gregorio  //;;;"Textos de historia universal para establecimientos de segunda enseñanza colección de artículos escritos por Gregorio Martí, publicados por la ""Nación"" y reproducidos por el ""Correo Español"" como réplica al Dr. Larsen, catedrático de Historia de la Universidad, y a D. Ramón Lista";;;;[s.n.]  Estab. Tip. de El Orden;;[S.l.] , Buenos Aires;1876;40 p. , 22 cm ,;;;;;;;;;;;Historia -- Libros escolares --  //;;;;;;;;94(100)(07)  //;;;;;;;;;;;;;;;ag;spa;;;Libro;;HA/14610 //;http://bdh-rd.bne.es/viewer.vm?id=0000203476&page=1 **;http://bdh-rd.bne.es/text.vm?id=0000203476&first=1&last=46 **
bimo0001149935;Martí-Miquel, Jaime , 1840-1910  //;;;La evolución y la revolución;;Jaime Martí-Miquel;;Manuel Fernández y Lasanta  Pacheco y Compañía, imp.;;Madrid;1893;255 p. , 20 cm ,;;;;;;;;;;;Republicanismo -- España -- S.XIX --  // España -- Historia -- 1874-1902 (Restauración) --  //;;;;;;;;"329  //  329.23(460)""18""  //  94(460)""1874/1902""  //";;;;;;;;;;;;;;;sp;spa;;;Libro;;DGMICRO/65590 // 2/31351 //;http://bdh-rd.bne.es/viewer.vm?id=0000239203&page=1 **;http://bdh-rd.bne.es/text.vm?id=0000239203&first=1&last=271 **
bimo0001153858;Martínez Aloy, José , 1855-1924  //;Valencia (Provincia) Diputación Provincial  //;;La Casa de la Diputación : monografía;;por José Martínez Aloy;;[s.n.]  Estab. Tip. Domenech;;[S.l.] , Valencia;1909 - 1910;XIII, 239 p., [1] h. pleg. de lám. , il. , 24 cm ,;;;Incluye referencias bibliográficas e índice  // Precede al título: Exma. Diputación Provincial de Valencia  //;;;;;;;;Palacio de la Generalidad (Valencia) -- Historia--  // Valencia -- Edificios, estructuras, etc. -- Historia --  //;;;;;;;;725  //  725.171(460.313 V.)(091)  //;;;;;;;;;;;;;;;sp;spa;;;Libro;;4/33612 //;http://bdh-rd.bne.es/viewer.vm?id=0000231500&page=1 **;http://bdh-rd.bne.es/text.vm?id=0000231500&first=1&last=361 **
bimo0001153860;Martínez Aloy, José , 1855-1924  //;;[La Casa de la Diputación. Valenciano] //;La casa de la Generalitat del Regne de València : refundició i traducció al valenciá de l'obra mestra d'en Josep Martínez Aloy La Casa de la Diputación;;;;Editorial Valenciana;;Valencia;1920;91 p., [1] h. pleg. , il. , 19 cm ,;Tresors valencians //;;Título original: La Casa de la Diputación  //;;;;;;;;Palacio de la Generalidad (Valencia) -- Historia--  // Valencia -- Edificios, estructuras, etc. -- Historia --  //;;;;;;;;725  //  725.171(460.313 V.)(091)  //;;;;;;;;;;;;;;;sp;cat;spa;cat //;Libro;;VC/2779/2 //;http://bdh-rd.bne.es/viewer.vm?id=0000203305&page=1 **;http://bdh-rd.bne.es/text.vm?id=0000203305&first=1&last=98 **
bimo0001160710;Más y Zaldúa, Leoncio , 1853-1910  // Macaulay, Thomas Babington Macaulay, Baron , 1800-1859  //;;;Federico el Grande según Macaulay;;por Leoncio Más y Zaldúa;;[s.n.]  Imp. del Cuerpo de Artillería;;[S.l.] , Madrid;1900;71 p. , 22 cm ,;"Publicaciones de los ""Estudios militares"" //";;;;;;;;;;Federico -- II, -- Rey de Prusia --  //;;;;;;;;929  //  929 Federico (431) II  //;;;;;;;;;;;;;;;sp;spa;;;Libro;;4/168136 //;http://bdh-rd.bne.es/viewer.vm?id=0000210250&page=1 **;http://bdh-rd.bne.es/text.vm?id=0000210250&first=1&last=83 **
bimo0001167390;Maya, Ricardo  // Graffigny, Henry de , 1863-1934  //;;;Manual práctico del conductor de automóviles;;"Obra original de Don Ricardo Maya... y Mr. Henry de Graffigny. Ilustrado con una lamina en colores, desmontable, representando un automovil marca ""Mercedes"" y 365 grabados intercalados en el texto";3ª ed. corr. y aum.;Casa editorial Bailly-Bailliere;;Madrid;1911;2 h., 586 p. , 8º mlla. (22 cm) ,;;;;;;;;;;;;;;;;;;;;;;;;;;;;;;;;;;sp;spa;;;Libro;;1/56602 //;http://bdh-rd.bne.es/viewer.vm?id=0000236499&page=1 **;http://bdh-rd.bne.es/text.vm?id=0000236499&first=1&last=605 **
bimo0001179938;Meyer, Ferdinand  //;;;Die Evangelische Gemeinde in Locarno, ihre Auswanderung nach Zurich und ihre weitern Schicksale ein Beitrag zur Geschichte der Schwreiz inc sechszehnten Jahrhundert;;von Ferdinand Meyer;;S. Höhr;;Zürich;1836;"2 v. (XXII, 530; VI, 433 p.) , 23 cm ,";Religión. Teología // Cristianismo. Historia eclesiástica //;;Índices  //;;;;;;;;Protestantes -- Locarno (Suiza) --  // Reforma -- Suiza --  // Locarno (Suiza) -- Historia eclesiástica --  //;;;;;;;;"27(494)""15""  //  27(494.5 Locarno)""15""  //  284(494.5 Locarno)""15""  //  26  //";;;;;;;;;;;;;;;sz;ger;;;Libro;;U/9163 // U/9164 //;http://bdh-rd.bne.es/viewer.vm?id=0000005277&page=1 ** http://bdh-rd.bne.es/viewer.vm?id=0000005277&page=560 **;http://bdh-rd.bne.es/text.vm?id=0000005277&first=1&last=559 ** http://bdh-rd.bne.es/text.vm?id=0000005277&first=560&last=1006 **
bimo0001181471;Middleton, Charles Theodore  //;;;A new and complete System of Geography a full, accurate, authentic, and interesting Account and Description of Europe, Asia, Africa, and America ... including ... voyages and travels;System of Geography  //;by Charles Theodore Middleton;;Printed for J. Cooke, at Shakespeare's-Head, No. 17, in Pater-Noster-Row;;London;1778 - 1779;"2 v. (XXVIII, 546 p., [6] h. de mapas; 548 p., [15] h. de mapas) , 37 x 24 cm ,";;;;;;;;;;;Geografía --  // Historia universal --  //;;;;;;;;;;;;;;;;;;;;;;;xx;eng;;;Libro;;GMG/818_V.1 // GMG/819_V.2 //;http://bdh-rd.bne.es/viewer.vm?id=0000231127&page=1 ** http://bdh-rd.bne.es/viewer.vm?id=0000231127&page=713 **;http://bdh-rd.bne.es/text.vm?id=0000231127&first=1&last=712 ** http://bdh-rd.bne.es/text.vm?id=0000231127&first=713&last=1058 **
bimo0001190110;Un amigo de Don Justo  //;;;La opinión política de Don Justo;;;;[s.n.]  Librería Americana;;[S.l.] , Madrid;1863;24 p. , 22 cm ,;Hispanoamérica // Geografía. Biografías. Historia // Historia de España //;;Autor (p. 24): Un amigo de Don Justo  //;;;;;;;;España -- Historia -- 1843-1868 (Isabel II) --  //;;;;;;;;"94(460)""1843/68""  //";;;;;;;;;;;;;;;sp;spa;;;Libro;;U/10249(8) //;http://bdh-rd.bne.es/viewer.vm?id=0000114438&page=1 **;http://bdh-rd.bne.es/text.vm?id=0000114438&first=1&last=26 **
bimo0001197370;Monreal de Lozano, Luciana Casilda , 1850-ca. 1906  //;;;Compendio de la historia de España;;por Luciana Casilda Monreal;2ª ed.;[s.n.]  Imp. de Jaime Jepús Roviralta;;[S.l.] , Barcelona;1898;VIII, 296 p. , il. , 17 cm ,;;;"""Obra declarada de texto por el Real Consejo de Instrucción Pública""  //";;;;;;;;España -- Historia --  //;;;;;;;;94(460)  //;;;;;;;;;;;;;;;sp;spa;;;Libro;;2/42154 //;http://bdh-rd.bne.es/viewer.vm?id=0000236671&page=1 **;http://bdh-rd.bne.es/text.vm?id=0000236671&first=1&last=315 **
bimo0001213001;Muntadas, Juan Federico , 1826-1912  //;;;Cien refranes en variedad de metros;;por J. Federico Muntadas;;Librería de Hernando y Compañía;;Madrid;1900;39 p. , 20 cm ,;;;;;;;;;;;;;;;;;;;"821.134.2-84""18""  //";;;;;;;;;;;;;;;sp;spa;;;Libro;;VC/135/26 // VC/135/26 //;http://bdh-rd.bne.es/viewer.vm?id=0000242638&page=1 **;http://bdh-rd.bne.es/text.vm?id=0000242638&first=1&last=43 **
bimo0001223132;Nard, Francisco  //;;;Nociones de historia sagrada acomodadas a los niños obra de asignatura y de texto de la primera enseñanza elemental;;por Francisco Nard;4ª ed.;[s.n.]  Imp. de Gregorio Hernando;;[S.l.] , Madrid;1873;87 p. , il. , 16 cm ,;;;;;;;;;;;Historia sagrada --  //;;;;;;;;22.046  //;;;;;;;;;;;;;;;sp;spa;;;Libro;;VC/100/15 //;http://bdh-rd.bne.es/viewer.vm?id=0000236052&page=1 **;http://bdh-rd.bne.es/text.vm?id=0000236052&first=1&last=46 **
bimo0001255398;Orense, José María de, Marqués de Albaida  //;;;La democracia tal cual es;;por José María Orense;2ª ed.;[s.n.]  Imp. de J.A. García;;[S.l.] , Madrid;1862;79 p. , 18 cm ,;;;;;;;;;;;Democracia -- España -- Historia --  //;;;;;;;;"342.34(460)""18""  //";;;;;;;;;;;;;;;sp;spa;;;Libro;;VC/634/21 // DGMICRO/52222 //;http://bdh-rd.bne.es/viewer.vm?id=0000244509&page=1 **;http://bdh-rd.bne.es/text.vm?id=0000244509&first=1&last=87 **
bimo0001266124;Ossorio y Gallardo, Ángel , 1873-1946  //;;;El momento político;;un discurso y tres artículos de Angel Ossorio;;[s.n.]  Imp. de Juan Pueyo;;Madrid;1914;78 p. , 16 cm ,;;;;;;;;;;;España -- Historia -- 1902-1931 (Alfonso XIII) --  //;;;;;;;;;;;;;;;;;;;;;;;sp;spa;;;Libro;"Acceso y/o uso restringido. La presente obra presenta restricciones en cuanto a su reproducción, distribución, comunicación pública o transformación; no obstante y en virtud del artículo 37 del Texto refundido de la Ley de Propiedad Intelectual (TRLPI), la Biblioteca Nacional de España está autorizada a la reproducción y a la comunicación de obras, mediante red cerrada e interna, a efectos de investigación (artículo 37, RDL 1/1996, de 12 de abril, revisada el 5 noviembre de 2015); sin perjuicio de las copias que puedan obtenerse en la BNE para uso privado, para ejercer cualquier otro de los derechos de explotación previstos en la TRLPI, el usuario deberá contactar con el correspondiente titular o la entidad de gestión encargada de representar al titular.//";3/93265 //;http://bdh-rd.bne.es/viewer.vm?id=0000250325&page=1 **;http://bdh-rd.bne.es/text.vm?id=0000250325&first=1&last=44 **
bimo0001266878;Ott, Auguste , 1814-1903  // Anduaga y Espinosa, Baltasar , 1817-1861  //;;;Manual de historia universal desde la Edad Media hasta nuestros días;;"escrita en francés por el doctor en derecho A. Ott. ; traducido, anotado y adicionado en la parte española por Baltasar Anduaga y Espinosa";;[s.n.]  Imp. de A. Espinosa y Compañía;;[S.l.] , Madrid;1846;2 v. (348, 508 p.) , il. , 22 cm ,;;;;;;;;;;;Historia universal --  //;;;;;;;;94(100)  //;;;;;;;;;;;;;;;sp;spa;;;Libro;;4/135737 //;http://bdh-rd.bne.es/viewer.vm?id=0000236017&page=1 **;http://bdh-rd.bne.es/text.vm?id=0000236017&first=1&last=903 **
bimo0001270170;Palanco Romero, José , 1889-1936  //;;;Historia de España;;José Palanco Romero;2ª ed.;Tip. Lib. López Guevara;;Granada;1926 - 1928;4 v. (172, 264, 190, 244 p.) , 18 cm ,;;;Incluye referencias bibliográficas  // Vols. 3-4, 1ª ed.  // Vol. 4 impreso: Granada : Tip. Lit. Paulino Ventura Traveset  //;;;;;;;;España -- Historia --  //;;;;;;;;94(460)  //;;;;;;;;;;;;;;;sp;spa;;;Libro;;12/902156_V._1 // 12/902157_V._2 // 12/902158_V._3 // 12/902159_V._4 //;http://bdh-rd.bne.es/viewer.vm?id=0000203776&page=1 ** http://bdh-rd.bne.es/viewer.vm?id=0000203776&page=186 ** http://bdh-rd.bne.es/viewer.vm?id=0000203776&page=459 ** http://bdh-rd.bne.es/viewer.vm?id=0000203776&page=658 **;http://bdh-rd.bne.es/text.vm?id=0000203776&first=1&last=185 ** http://bdh-rd.bne.es/text.vm?id=0000203776&first=186&last=458 ** http://bdh-rd.bne.es/text.vm?id=0000203776&first=459&last=657 ** http://bdh-rd.bne.es/text.vm?id=0000203776&first=658&last=914 **
bimo0001290109;Pellicena y Camacho, Joaquín , 1879-1938  //;;;El nostre imperialisme (la idea imperial de Prat de la Riba);;Joaquim Pellicena;;Sarriá A.G.;;Barcelona;1930;31 p. , 17 cm ,;;;Publicaciones de la Joventut de la Lliga Regionalista  //;;;;;;;;Prat de la Riba, Enric --  // Cataluña -- Historia --  //;;;;;;;;32(460.23)(04)  //  929 Prat de la Riva, Enrique  //;;;;;;;;;;;;;;;sp;cat;;;Libro;;3/104196 //;http://bdh-rd.bne.es/viewer.vm?id=0000247951&page=1 **;http://bdh-rd.bne.es/text.vm?id=0000247951&first=1&last=39 **
bimo0001299061;Perillán Buxó, Eloy , 1848-1889  //;;;Retratos de cuerpo entero : fotografías político-sociales;;por Eloy Perillán y Buxó;;Imp. y Librería de Miguel Guijarro;;Madrid;1871;270 p. , 20 cm ,;;;;;;;;;;;España -- Historia -- 1843-1873 --  //;;;;;;;;"32(460)""18""  //";;;;;;;;;;;;;;;sp;spa;;;Libro;;7/121628 // DGMICRO/54018 //;http://bdh-rd.bne.es/viewer.vm?id=0000244536&page=1 **;http://bdh-rd.bne.es/text.vm?id=0000244536&first=1&last=259 **
bimo0001337241;Ruiz del Solar y Ozuriaga, Manuel , m. 1910  //;;;La Casa de Contratación : el retablo y sus retratos, los trabajos geográficos (índice o breve resumen), la celebración de su IV centenario en 1903;;por Manuel Ruiz del Solar y Azuriaga;;Escuela Tip. y Librería Salesiana;;Sevilla;1900;28 p. , 32 cm ,;;;;;;;;;;;Casa de Contratación (España) --  // Retablos -- Sevilla --  // Cartografía -- América -- Historia --  // América -- Descubrimientos y exploraciones -- Españoles --  //;;;;;;;;"910.4  //  325.456(460)""15""  //  528.9(7/8)""14/15""  //  726.591.034(460.353 S.)  //  910.4(7/8)""14/15""  //";;;;;;;;;;;;;;;sp;spa;;;Libro;;VC/691/34 //;http://bdh-rd.bne.es/viewer.vm?id=0000205737&page=1 **;http://bdh-rd.bne.es/text.vm?id=0000205737&first=1&last=35 **
bimo0001339146;Puyol y Alonso, Julio , 1865-1937  //;;;El Colegio de Santa Cruz y los Colegios Mayores;;Julio Puyol;;[s.n.]  Tip. de Archivos;;[S.l.] , Madrid;1929;39 p. , 26 cm ,;;;;;;;;;;;Colegio de Santa Cruz (Valladolid) -- Historia--  // Colegios mayores -- España -- Historia --  //;;;;;;;;373.3/.5(460.185.2)(091)  //  37.091.8:728.4(460)(091)  //;;;;;;;;;;;;;;;sp;spa;;;Libro;;VC/2087/85 //;http://bdh-rd.bne.es/viewer.vm?id=0000231457&page=1 **;http://bdh-rd.bne.es/text.vm?id=0000231457&first=1&last=47 **
bimo0001339148;Puyol y Alonso, Julio , 1865-1937  //;;;La conspiración de Espoz y Mina (1824-1830) : con noticias y documentos hasta ahora inéditos;;Julio Puyol;;[s.n.]  Tip. de Archivos;;[S.l.] , Madrid;1932;180 p. , 25 cm ,;;;;;;;;;;;Espoz y Mina, Francisco --  // España -- Historia -- 1814-1833 (Fernando VII) --  //;;;;;;;;"929 Espoz y Mina, Francisco  //  94(460)""1814/33""  //";;;;;;;;;;;;;;;sp;spa;;;Libro;;2/88804 //;http://bdh-rd.bne.es/viewer.vm?id=0000231813&page=1 **;http://bdh-rd.bne.es/text.vm?id=0000231813&first=1&last=207 **
bimo0001341310;Quintero de Atauri, Manuel  //;;;Estudio histórico crítico sobre el sitio de Cádiz por las Tropas de Napoleón;;;;[s.n.  Imp. Manuel Álvarez Rodríguez;;Cádiz;1912;91 p., 1 h. lám. , plan. pleg. , 20 cm ,;;;;;;;;;;;Cádiz -- Historia -- 1810-1812 (Sitio) --  //;;;;;;;;"94(460.355 C.)""1810/12""  //";;;;;;;;;;;;;;;sp;spa;;;Libro;;3/90966 //;http://bdh-rd.bne.es/viewer.vm?id=0000223652&page=1 **;http://bdh-rd.bne.es/text.vm?id=0000223652&first=1&last=129 **
bimo0001353632;Redondo y Menduiña, Juan  // Taboada Steger, Joaquín , 1870-1923  //;;;La corona de la Virgen zarzuela para niñas en un acto y en verso;;"original de Juan Redondo Menduiña ; música del maestro J. Taboada Steger";;Casa Dotésio;;Madrid;1918;29 p. , 21 cm ,;Galería Infantil //;;Solo la letra  //;;;;;;;;;;;;;;;;78:792.026  //;;;;;;;;;;;;;;;sp;spa;;;Libro;;M.FOLL/89/23 //;http://bdh-rd.bne.es/viewer.vm?id=0000118037&page=1 **;http://bdh-rd.bne.es/text.vm?id=0000118037&first=1&last=32 **
bimo0001353646;Redondo y Menduiña, Juan  // Taboada Steger, Joaquín , 1870-1923  //;;;La jura de la bandera zarzuela en un acto y en verso dividido en tres cuadros;;"original de Juan Redondo y Menduiña ; música del maestro Joaquín Taboada Steger";;Casa Dotésio;;Madrid;1912;30 p. , 21 cm ,;Galería Infantil //;;Solo la letra  //;;;;;;;;;;;;;;;;78:792.026  //;;;;;;;;;;;;;;;sp;spa;;;Libro;;M.FOLL/89/35 //;http://bdh-rd.bne.es/viewer.vm?id=0000073791&page=1 **;http://bdh-rd.bne.es/text.vm?id=0000073791&first=1&last=32 **
bimo0001353651;Redondo y Menduiña, Juan  //;;;La Minerva del barrio : zarzuela en un acto y tres cuadros para niños;;"original de Juan Redondo y Menduiña ; música del maestro Joaquín Taboada Steger";;Ildefonso Alier, editor de música;;Madrid;1911;28 p. , 20 cm ,;Biblioteca infantil lírico-dramática : colección de obras a propósito para colegios, sociedades católicas, etc. //;;;;;;;;;;;;;;;;;;"821.134.2-293""18""  //";;;;;;;;;;;;;;;sp;spa;;;Libro;;T/18187 //;http://bdh-rd.bne.es/viewer.vm?id=0000159682&page=1 **;http://bdh-rd.bne.es/text.vm?id=0000159682&first=1&last=47 **
bimo0001353665;Redondo y Menduiña, Juan  //;;;El rey poeta : episodio histórico en un acto y en verso, dividido en tres cuadros;;"original de Juan Redondo Menduiña ; música del maestro J. Taboada Steger";;Ildefonso Alier, editor de música;;Madrid;1911;15 p. , 22 cm ,;Biblioteca infantil lírico-dramática : colección de obras a propósito para colegios, sociedades católicas, etc. Teatro histórico para niños, n. 6 //;;;;;;;;;;;;;;;;;;"821.134.2-293""19""  //";;;;;;;;;;;;;;;sp;spa;;;Libro;;T/18641 //;http://bdh-rd.bne.es/viewer.vm?id=0000159735&page=1 **;http://bdh-rd.bne.es/text.vm?id=0000159735&first=1&last=31 **
bimo0001353667;Redondo y Menduiña, Juan  //;;;Los Tercios de Flandes : episodio histórico en un acto y en verso, dividido en cinco cuadros;;"original de Juan Redondo Menduiña ; música del maestro J. Taboada Steger";;Ildefonso Alier, editor de música;;Madrid;1911;15 p. , 23 cm ,;Biblioteca infantil lírico-dramática : colección de obras a propósito para colegios, sociedades católicas, etc. Teatro histórico para niños, n. 4 //;;;;;;;;;;Tercios (Historia militar) -- Teatro --  //;Teatro histórico --  //;;;;;;;"821.134.2-293""19""  //";;;;;;;;;;;;;;;sp;spa;;;Libro;;T/18620 //;http://bdh-rd.bne.es/viewer.vm?id=0000159708&page=1 **;http://bdh-rd.bne.es/text.vm?id=0000159708&first=1&last=27 **
bimo0001365143;Retana, W. E. , 1862-1924  //;;;Avisos y profecías;;por W.E. Retana;;[s.n.]  Imp. de la Viuda de M. Minuesa de los Ríos;;Madrid;1892;XVI, 367 p. , 18 cm ,;;;Precede al título: Cuestiones filipinas  //;;;;;;;;Filipinas -- Historia -- 1812-1898 --  //;;;;;;;;"94(599)  //  94(599)""1812/98""  //";;;;;;;;;;;;;;;sp;spa;;;Libro;;2/32504 // HA/11953 // HA/11953 //;http://bdh-rd.bne.es/viewer.vm?id=0000233677&page=1 **;http://bdh-rd.bne.es/text.vm?id=0000233677&first=1&last=399 **
bimo0001379805;Roca, Josep M. , 1863-1930  //;;;Un cirurgía barber barcelones de la XVª centuria;;Joseph Mª Roca;;[s.n.]  Imp. de la Casa de Caritat;;[S.l.] , Barcelona;1923;20 p. , 25 cm ,;;;Separata del: Boletín de la Real Academia de Buenas Letras de Barcelona, nº 81  //;;;;;;;;Cirugía -- Barcelona -- Historia --  //;;;;;;;;616-089(460.235.2 Barcelona)(091)  //  617  //;;;;;;;;;;;;;;;sp;cat;;;Libro;;VC/863/23 //;http://bdh-rd.bne.es/viewer.vm?id=0000228683&page=1 **;http://bdh-rd.bne.es/text.vm?id=0000228683&first=1&last=23 **
bimo0001389409;Romani y Puigdengolas, Francisco , 1834-1912  //;;;Antigüedad del regionalismo español;;por Francisco Romaní y Puigdengolas;;[s.n.]  Impr. de Henrich y Compª en comandita;;[S.l.] , Barcelona;1890;305 p. , 25 cm ,;;;;;;;;;;;Regionalismo -- España -- Historia --  // España -- Divisiones territoriales -- Historia --  //;;;;;;;;323.174(460)(091)  //  35(460).071.55(091)  //;;;;;;;;;;;;;;;sp;spa;;;Libro;;3/7041 //;http://bdh-rd.bne.es/viewer.vm?id=0000242173&page=1 **;http://bdh-rd.bne.es/text.vm?id=0000242173&first=1&last=333 **
bimo0001393842;Opisso, Alfredo , 1847-1924  //;;;Elementos de historia de España;;por Alfredo Opisso;;[s.n.]  Estab. Tip. de La Ilustración Ibérica;;[S.l.] , Barcelona;1910;3 v. (207, 207, 112 p.) , il. col. y n. , 21 cm ,;Biblioteca de El Camarada //;;;;;;;;;;España -- Historia -- Hasta 414 --  // España -- Historia -- 414-711 (Época visigoda) --  //;;;;;;;;"94(460)  //  94(460)"".../0414""  //  94(460)""0414/0711""  //";;;;;;;;;;;;;;;sp;spa;;;Libro;;4/201704 // 4/201705 //;http://bdh-rd.bne.es/viewer.vm?id=0000233757&page=1 ** http://bdh-rd.bne.es/viewer.vm?id=0000233757&page=236 **;http://bdh-rd.bne.es/text.vm?id=0000233757&first=1&last=235 ** http://bdh-rd.bne.es/text.vm?id=0000233757&first=236&last=568 **
bimo0001398143;Rubio y Galí, Federico , 1827-1902  //;;;De la necesidad de estudiar especialmente las deformidades del cuerpo humano : conferencia dada en el Ateneo de Internos de la Facultad de Medicina de Madrid, siendo presidente F. Montaldo y Peró;;Federico Rubio;;[s.n.]  Imp. de Alfonso Rodero;;[S.l.] , Madrid;1880;32 p. , 22 cm ,;;;;;;;;;;;Deformidades --  //;;;;;;;;616  //  616-007  //;;;;;;;;;;;;;;;sp;spa;;;Libro;;VC/901/8 // DGMICRO/38953 //;http://bdh-rd.bne.es/viewer.vm?id=0000244564&page=1 **;http://bdh-rd.bne.es/text.vm?id=0000244564&first=1&last=39 **
bimo0001398149;Rubio y Galí, Federico , 1827-1902  //;;;Mis maestros y mi educación : memorias de niñez y juventud;;"obra póstuma e inédita del doctor Federico Rubio y Gali ; publícala su hija ; prólogo por el doctor Luis Marco";;"Librería de Fernando Fe ;  Lib. de Juan Antonio Fe";;MadridSevilla;1912;456 p. , 26 cm ,;;;;;;;;;;;Rubio y Galí, Federico --  //;;;;;;;;929  //  61 Rubio y Gali, Federico  //  929 Rubio y Gali, Federico  //;;;;;;;;;;;;;;;sp;spa;;;Libro;;DGMICRO/49224 // 1/60886 //;http://bdh-rd.bne.es/viewer.vm?id=0000243344&page=1 **;http://bdh-rd.bne.es/text.vm?id=0000243344&first=1&last=471 **
bimo0001398253;Rubió i Lluch, Antoni , 1856-1937  //;;;Catalunya a Grecia : estudis historics i literaris;;A. Rubió y Lluch;;"Lib. ""L'Avenç""";;Barcelona;1906;102 p. , 16 cm ,;Biblioteca Popular de l'Avenç, 49 //;;"""Consideracions suggerides per la lectura d'un drama grec. El modern arcontat grec. De l'epoca en que ls catalans perderen Atenes i els demés dominis grecs. La llengua i la cultura catalanes a Grecia""  //";;;;;;;;Almogávares -- Historiografía --  // Imperio bizantino -- Historia -- 1282-1328 (Andrónico II) --  //;;;;;;;;"355.216(460)""04/14""  //  94(495)""1282/1328""  //";;;;;;;;;;;;;;;sp;cat;;;Libro;;1/18420 // 1/18420 //;http://bdh-rd.bne.es/viewer.vm?id=0000227283&page=1 **;http://bdh-rd.bne.es/text.vm?id=0000227283&first=1&last=119 **
bimo0001398346;Rubió y Ors, Joaquín , 1818-1899  //;;;Apuntes para una historia de la sátira en algunos pueblos de la a Atigüedad y de la Edad media : discursos leídos en el Ateneo Catalán;;por Joaquín Rubió y Ors;;[s.n.]  Imp. de Magriñá y Subirana;;[S.l.] , Barcelona;1868;238 p. , 21 cm ,;;;;;;;;;;;Sátira -- Historia y crítica --  //;;;;;;;;"82-7.09"".../14""  //";;;;;;;;;;;;;;;sp;spa;;;Libro;;1/28688 //;http://bdh-rd.bne.es/viewer.vm?id=0000236044&page=1 **;http://bdh-rd.bne.es/text.vm?id=0000236044&first=1&last=255 **
bimo0001399727;Ruiz Amado, Ramón , 1861-1934  //;;;Compendio de Historia Universal. Edad Media;;por Ramón Ruiz Amado, S.J.;;[s.n.];;Barcelona;1915;XI, 176 p. , 4º (23 cm) ,;;;"""Ilustrada con numerosos grabados""  //";;;;;;;;Historia medieval --  //;;;;;;;;;;;;;;;;;;;;;;;sp;spa;;;Libro;;1/71618 //;http://bdh-rd.bne.es/viewer.vm?id=0000248156&page=1 **;http://bdh-rd.bne.es/text.vm?id=0000248156&first=1&last=199 **
bimo0001399756;Ruiz Amado, Ramón , 1861-1934  //;;;Historia de la civilización;;"por ... Ramón Ruiz Amado ; ilustrada con numerosos grabados";4ª ed. amp.;Librería Religiosa;;Barcelona;1924;301, 334 p., [1] h. pleg. , il. n., grab., mapas , 22 cm ,;;;2 t. en 1 v.  // Incluye referencias bibliográficas e índices  //;;;;;;;;Civilización -- Historia --  //;;;;;;;;930.85  //;;;;;;;;;;;;B 15140-1958;;;sp;spa;;;Libro;;1/208745 // 1/208745 //;http://bdh-rd.bne.es/viewer.vm?id=0000247545&page=1 **;http://bdh-rd.bne.es/text.vm?id=0000247545&first=1&last=657 **
bimo0001407569;Sala Valdés, Mario de la , 1833-1909  //;;;Historia de la villa de Longares;;Mario de la Sala Valdés;;[s.n.]  Tip. E. Berdejo Casañal;;[S.l.] , Zaragoza;1936;34 p. , il. , 22 cm ,;Monografías histórico-artísticas //;;;;;;;;;;Iglesia de Nuestra Señora de la Asunción (Longares) --  // Longares -- Historia --  //;;;;;;;;94(460)  //  726.54(460.224 Longares)  //  94(460.224 Longares)  //;;;;;;;;;;;;;;;sp;spa;;;Libro;;VC/15012/9 //;http://bdh-rd.bne.es/viewer.vm?id=0000232869&page=1 **;http://bdh-rd.bne.es/text.vm?id=0000232869&first=1&last=39 **
bimo0001407894;Salas, Ramón de , 1790-1862  //;;;Memorial histórico de la artillería española;;por Don Ramón de Salas;;s.n.]  Imp. que fué de García;;[Madrid? , Madrid;1831;XII, 297 p., [7] h. pleg. , 22 cm ,;;;;;;;;;;;Artillería -- España -- Historia --  //;;Madrid, España //;;;;;;;;;;;;;;;;;;;;;sp;spa;;;Libro;;R/60327 //;http://bdh-rd.bne.es/viewer.vm?id=0000140147&page=1 **;http://bdh-rd.bne.es/text.vm?id=0000140147&first=1&last=323 **
bimo0001408286;Salazar Alonso, Rafael , 1895-1936  //;;;Las minas de Almadén propiedad del Estado : conferencia pronunciada en la Real Sociedad Económica Matritense de Amigos del País el día 24 de abril de 1929;;por Salazar Alonso;;[s.n.]  Im. Argis;;Madrid , Tarragona;1929;45 p. , 18 cm ,;;;;;;;;;;;Almadén -- Historia --  //;;;;;;;;"622.343/.349.9(460.287 Almadén)""16/20""  //  94(460.287 Almadén)""16/20""  //";;;;;;;;;;;;;;;sp;spa;;;Libro;;VC/1462/5 //;http://bdh-rd.bne.es/viewer.vm?id=0000228677&page=1 **;http://bdh-rd.bne.es/text.vm?id=0000228677&first=1&last=51 **
bimo0001408659;Saldaña, Quintiliano , 1878-1938  //;;;La Revolución rusa la constitución rusa de 10 de Julio de 1918;;;;Reus;;Madrid;1919;118 p., 1 h. , 24 cm ,;;;;;;;;;;;Rusia -- Historia -- 1917-1921 (Revolución) --  //;;;;;;;;;;;;;;;;;;;;;;;sp;spa;;;Libro;;3/97083 //;http://bdh-rd.bne.es/viewer.vm?id=0000225498&page=1 **;http://bdh-rd.bne.es/text.vm?id=0000225498&first=1&last=129 **
bimo0001410293;Salmerón y Alonso, Nicolás , 1838-1908  //;;;La obra común de los obreros y de los republicanos discurso de D. Nicolás Salmerón y Alonso, pronunciado en el Teatro Barbieri la noche del 23 de abril de 1904, ante los obreros ferroviarios que constituyen la Asociación La Locomotora Invencible;;;;[s.n.]  R. Velasco, Imp.;;[S.l.] , Madrid;1904;20 p. , 16 cm ,;;;;;;;;;;;Republicanismo -- España -- S.XX --  // Movimiento obrero -- España -- S.XX --  // España -- Historia -- 1902-1931 (Alfonso XIII) --  //;;;;;;;;"327.32(460)""19""  //  329.23(460)""19""  //  94(460)""1902/31""  //";;;;;;;;;;;;;;;sp;spa;;;Libro;;VC/167/5 // DGMICRO/41163 //;http://bdh-rd.bne.es/viewer.vm?id=0000243008&page=1 **;http://bdh-rd.bne.es/text.vm?id=0000243008&first=1&last=29 **
bimo0001425824;Sarret i Arbós, Joaquim , 1853-1935  //;;;Historia de Manresa : compèndi de propaganda escrit per divulgar l'amor a la tèrra y la memòria de ses glorioses gestes;;per Joaquim Sarret y Arbós;;[s.n.]  Imp. y Enquadernació de Sant Josep;;[S.l.] , Manresa;1910;145 p. , 18 cm ,;;;;;;;;;;;Manresa -- Historia --  //;;;;;;;;94(460)  //  94(460.235 Manresa)  //;;;;;;;;;;;;;;;sp;cat;;;Libro;;7/19352 //;http://bdh-rd.bne.es/viewer.vm?id=0000204813&page=1 **;http://bdh-rd.bne.es/text.vm?id=0000204813&first=1&last=155 **
bimo0001425826;Sarret i Arbós, Joaquim , 1853-1935  //;;;Lo sometent de Manrèsa y son districte : memòria;;Joaquim Sarret y Arbos;;[s.n.]  Imp. de Sant Joséph;;[S.l.] , Manresa;1894;160 p. , 21 cm ,;;;;;;;;;;;Somatén -- Manresa --  // Manresa -- Historia --  //;;;;;;;;351  //  351.746(460.235 Manresa)  //  94(460.235 Manresa)  //;;;;;;;;;;;;;;;sp;cat;;;Libro;;2/35923 //;http://bdh-rd.bne.es/viewer.vm?id=0000203783&page=1 **;http://bdh-rd.bne.es/text.vm?id=0000203783&first=1&last=173 **
bimo0001433509;Segura i Valls, Joan , 1844-1900  //;;;Historia d'Igualada;;Joan Segura;Ed. facs.;Ateneu Igualadi, Serppac;;Igualada;1978 (fecha del original: 1908);"2 v. (VIII, 687; 470 p.) , il. , 22 cm ,";Els llibres de l'Ateneu Igualadi, 2-3 // Col-lecció Historia, 1-2 //;;Índices  // Reproducción de: Barcelona : Estampa d'Engeni Subirana, 1907-1908  //;;;;;;;;Igualada -- Historia --  //;;;;;;;;94(460)  //  94(460.235 Igualada)  //;;;;;;;;;;84-600-1172-0;;B 21430-1978;;;sp;cat;;;Libro;;DL/99952 // DL/99953 //;http://bdh-rd.bne.es/viewer.vm?id=0000205312&page=1 ** http://bdh-rd.bne.es/viewer.vm?id=0000205312&page=710 **;http://bdh-rd.bne.es/text.vm?id=0000205312&first=1&last=709 ** http://bdh-rd.bne.es/text.vm?id=0000205312&first=710&last=1193 **
bimo0001434575;Seligman, Edwin Robert Anderson , 1861-1939  // Posada, Adolfo , 1860-1944  // Sempere, José M.  //;;;La interpretación económica de la historia;;"Edwin R.A. Seligman ; traducción del inglés, con autorización del autor, y estudio preliminar de Adolfo Posada... y José M. Sempere";2ª ed. española;Francisco Beltrán, Librería Española y Extranjera;;Madrid;1929;237 p., 1 h. , grab. , 19 cm ,;;;;;;;;;;;Economía -- Historia --  //;;;;;;;;;;;;;;;;;;;;;;;sp;spa;;;Libro;"Acceso y/o uso restringido. La presente obra presenta restricciones en cuanto a su reproducción, distribución, comunicación pública o transformación; no obstante y en virtud del artículo 37 del Texto refundido de la Ley de Propiedad Intelectual (TRLPI), la Biblioteca Nacional de España está autorizada a la reproducción y a la comunicación de obras, mediante red cerrada e interna, a efectos de investigación (artículo 37, RDL 1/1996, de 12 de abril, revisada el 5 noviembre de 2015); sin perjuicio de las copias que puedan obtenerse en la BNE para uso privado, para ejercer cualquier otro de los derechos de explotación previstos en la TRLPI, el usuario deberá contactar con el correspondiente titular o la entidad de gestión encargada de representar al titular.//";3/97613 //;http://bdh-rd.bne.es/viewer.vm?id=0000225371&page=1 **;http://bdh-rd.bne.es/text.vm?id=0000225371&first=1&last=249 **
bimo0001439371;Serrano y Ortega, Manuel , 1856-1919  //;;;La teosofía en el Decálogo de Villegas;;por el presbítero Manuel Serrano Ortega;;[s.n.]  Imp. de M. Carmona;;[S.l.] , Sevilla;1917;36 p. , 15 cm ,;;;;;;;;;;;Villegas Cordero, José --  // Roldán y Barrios, Federico --  // Teosofía --  //;;;;;;;;14  //  141.332  //  75 Villegas Cordero, José. Decálogo  //  929 Roldán y Barrios, Federico  //;;;;;;;;;;;;;;;sp;spa;;;Libro;;VC/12694/2 //;http://bdh-rd.bne.es/viewer.vm?id=0000249207&page=1 **;http://bdh-rd.bne.es/text.vm?id=0000249207&first=1&last=39 **
bimo0001439529;Serrano y Sanz, Manuel , 1868-1932  //;;;San Ignacio de Loyola en Alcalá de Henares estudio histórico;;por M. Serrano y Sanz;;[s.n.]  Imp. de Juan Iglesia;;[S.l.] , Madrid;1895;46 p. , 21 cm ,;;;;;;;;;;;Ignacio de Loyola, -- Santo -- Viviendas y lugares frecuentados --  // Alcalá de Henares -- Historia -- S.XVI --  //;;;;;;;;"929 Ignacio de Loyola, Santo  //  94(460.27 Alcalá)""15""  //";;;;;;;;;;;;;;;sp;spa;;;Libro;;VC/34/26 // DGMICRO/69297 //;http://bdh-rd.bne.es/viewer.vm?id=0000243059&page=1 **;http://bdh-rd.bne.es/text.vm?id=0000243059&first=1&last=55 **
bimo0001446630;Schopenhauer, Arthur , 1788-1860  //;;;Estudios de historia filosófica;;"por Arturo Schopenhauer ; traducción directa de la 7ª edición alemana de Edmundo González-Blanco";;La España Moderna  Est. Tip. de Idamor Moreno;;Madrid;1907;268 p. , 23 cm ,;Biblioteca de Jurisprudencia, Filosofía é Historia //;;Incluye referencias bibliográficas  //;;;;;;;;Filosofía -- Historia --  //;;;;;;;;1(091)  //;;;;;;;;;;;;;;;sp;spa;ger;spa //;Libro;;1/28254 //;http://bdh-rd.bne.es/viewer.vm?id=0000251342&page=1 **;http://bdh-rd.bne.es/text.vm?id=0000251342&first=1&last=287 **
bimo0001447828;Silvela, Francisco , 1845-1905  //;;;Reseña general de la historia del derecho español : disertación leída en la clase de derecho civil, e impresa por los alumnos de la misma;;;;[s.n.]  Imp. del Colegio de Sordo-Mudos y de Ciegos;;[S.l.] , Madrid;1861;32 p. , 25 cm ,;;;Autor (p. 32): Francisco Silvela  //;;;;;;;;Derecho -- España -- Historia --  //;;;;;;;;34(460)(091)  //;;;;;;;;;;;;;;;sp;spa;;;Libro;;VC/757/45 //;http://bdh-rd.bne.es/viewer.vm?id=0000205747&page=1 **;http://bdh-rd.bne.es/text.vm?id=0000205747&first=1&last=35 **
bimo0001450538;Sitges, Juan B. , 1842-1919  //;;;Enrique IV y la Excelente Señora, llamada vulgarmente doña Juana la Beltraneja, 1425-1530;;J. B. Sitges;;"[s.n.]  Estab. Tip. ""Sucesores de Rivadeneyra""";;[S.l.] , Madrid;1912;467 p., [2] h. de lám. , 22 cm ,;;;Incluye apéndice documental  //;;;;;;;;Enrique -- IV, -- Rey de Castilla --  // Trastámara, Juana de, -- Infanta de Castilla --  // Castilla (Reino) -- Historia -- 1454-1474 (Enrique IV) --  //;;;;;;;;"94(460)  //  929 Enrique (460.18) IV  //  929 Trastámara, Juana de, Infanta de Castilla  //  94(460.18)""1454/74""  //";;;;;;;;;;;;;;;sp;spa;;;Libro;;1/61929 // DGMICRO/37420 //;http://bdh-rd.bne.es/viewer.vm?id=0000248496&page=1 **;http://bdh-rd.bne.es/text.vm?id=0000248496&first=1&last=485 **
bimo0001456528;Solana, Ezequiel , 1863-1932  //;;;Historia de España;;por Ezequiel Solana;;El Magisterio Español;;Madrid;1933;75 p. , il. , 19 cm ,;Colección Curso completo de Primera Enseñanza //;;"""Tirada 31""  //";;;;;;;;España -- Historia -- Libros escolares --  //;;;;;;;;37  //  94(460)(07)  //;;;;;;;;;;;;;;;sp;spa;;;Libro;;2/92049 //;http://bdh-rd.bne.es/viewer.vm?id=0000204171&page=1 **;http://bdh-rd.bne.es/text.vm?id=0000204171&first=1&last=79 **
bimo0001457642;Soler y Arqués, Carlos , 1836-1896  //;;;Huesca monumental : ojeada sobre su historia gloriosa, apuntes biográficos de sus Santos y personages célebres, noticias de los preciosos restos de su antigüedad, y reseña de la celebérrima Universidad Sertoriana y de los distinguidos varones que en ella resplandecieron;;por el catedrático Carlos Soler y Arqués;;Imp. y Librería de Jacobo Mª Pérez;;Huesca;1864;374 p. , 23 cm ,;;;;;;;;;;;Huesca -- Historia --  //;;;;;;;;94(460)  //  94(460.222 H.)  //;;;;;;;;;;;;;;;sp;spa;;;Libro;;1/8330 // DGMICRO/47370 //;http://bdh-rd.bne.es/viewer.vm?id=0000243762&page=1 **;http://bdh-rd.bne.es/text.vm?id=0000243762&first=1&last=392 **
bimo0001537901;Urroz Erro, Eugenio , 1883-1937  //;;;Compendio historial de la villa de Tolosa...;;;;[s.n.]  Imp., Lib., y Enc. de F. Muguerza e Hijos;;Tolosa;1913;XVI p., 2 h., p. 22-123 , 22 cm ,;;;;;;;;;;;Tolosa -- Historia --  //;;;;;;;;;;;;;;;;;;;;;;;sp;spa;;;Libro;;VC/13445/10 //;http://bdh-rd.bne.es/viewer.vm?id=0000248611&page=1 **;http://bdh-rd.bne.es/text.vm?id=0000248611&first=1&last=127 **
bimo0001581285;Vives y Liern, Vicente , 1862-1930  //;;;Las casas de los estudios en Valencia : informe acerca del sitio en que estas se hallaban emplazadas;;emitido por Vicente Vives y Liern;;[s.n.]  Vda. de Emilio Pascual;;[S.l.] , Valencia;1902;119 p., 1 h. pleg. , planos , 26 cm ,;;;;;;;;;;;Enseñanza -- Valencia -- Historia --  //;;;;;;;;"37(460.313.2)""14""  //";;;;;;;;;;;;;;;sp;spa;;;Libro;;VC/496/21 //;http://bdh-rd.bne.es/viewer.vm?id=0000232872&page=1 **;http://bdh-rd.bne.es/text.vm?id=0000232872&first=1&last=139 **
bimo0001605025;Weule, Karl  //;;;Vom Kerbstock zum Alphabet;;von Dr. Karl Weule;9. Aufl.;Kosmos;;Stuttgart;1915;96 p. , 20 cm ,;;;;;;;;;;;Escritura -- Historia --  //;;;;;;;;;;;;;;;;;;;;;;;gw;ger;;;Libro;;4/195590 //;http://bdh-rd.bne.es/viewer.vm?id=0000225830&page=1 **;http://bdh-rd.bne.es/text.vm?id=0000225830&first=1&last=107 **
bimo0001606847;Wilmotte, Maurice  //;;;Le français a la tête épique...;;;;La renaissance du Livre;;Paris;1917;189 p., 1 h. , 19 cm ,;;;;;;;;;;;Poesía épica francesa -- Historia y crítica --  //;;;;;;;;840-13.09(04)  //;;;;;;;;;;;;;;;fr;fre;;;Libro;;4/134424 //;http://bdh-rd.bne.es/viewer.vm?id=0000225242&page=1 **;http://bdh-rd.bne.es/text.vm?id=0000225242&first=1&last=197 **
bimo0001640653;Agulló y Prats, Buenaventura , 1846-1907  //;;;El derecho civil en los Códigos Sagrados;;por Buenaventura Agulló Prats;;[s.n.]  Estab. Tip. de los Sucesores de Narciso Ramírez y Cª;;[S.l.] , Barcelona;1883;69 p. , 21 cm ,;;;;;;;;;;;Derecho civil -- Historia --  // Derecho antiguo --  //;;;;;;;;"347"".../04""  //";;;;;;;;;;;;;;;sp;spa;;;Libro;;VC/4913/8 // DGMICRO/57838(2) //;http://bdh-rd.bne.es/viewer.vm?id=0000243078&page=1 **;http://bdh-rd.bne.es/text.vm?id=0000243078&first=1&last=75 **
bimo0001641308;Alemany, Lorenzo de , 1779-1855  //;;;La voz del desengaño revelación de las causas y concausas, origen, progresos y prolongación de la guerra civil, y del medio único por qué puede llegar a concluirse en las críticas circunstancias en que nos hallamos;;por un español independiente de todos los partidos;;[s.n.]  Imp. de Miguel de Burgos;;[S.l.] , Madrid;1838;27 p. , 20 cm ,;;;;;;;;;;;España -- Historia -- 1833-1840 (Guerra carlista) --  //;;;;;;;;"94(460)""1833/40""  //";;;;;;;;;;;;;;;sp;spa;;;Libro;;VC/2886/32 // DGMICRO/74070(2) //;http://bdh-rd.bne.es/viewer.vm?id=0000243018&page=1 **;http://bdh-rd.bne.es/text.vm?id=0000243018&first=1&last=27 **
bimo0001641559;Alfaro, Manuel Ibo , 1828-1885  //;;;Compendio de la historia de España;;por Manuel Ibo Alfaro;3ª ed. notablemente corr. por su autor;[s.n.]  Imp. de los Sres. Martínez y Bogo;;[S.l.] , Madrid;1865;276 p. , 21 cm ,;;;;;;;;;;;Historia universal --  //;;;;;;;;94(100)  //;;;;;;;;;;;;;;;sp;spa;;;Libro;;1/50158 // DGmicro/19090 //;http://bdh-rd.bne.es/viewer.vm?id=0000247359&page=1 **;http://bdh-rd.bne.es/text.vm?id=0000247359&first=1&last=289 **
bimo0001643022;Antich e Izaguirre, Francisco , 1872-1930  //;;;Luz Fernandez : novela;;Francisco Antich é Izaguirre;;[s.n.]  Imp. y Lib. de las Hijas de J. Colomar;;Palma;1897;"262 p. , ; 16 cm ,";;;;;;;;;;;;;;;;;;;;;;;;;;;;;;;;;;sp;spa;;;Libro;;DGMICRO/63289 //;http://bdh-rd.bne.es/viewer.vm?id=0000055555&page=1 **;http://bdh-rd.bne.es/text.vm?id=0000055555&first=1&last=278 **
bimo0001643823;Aristófanes  // Baraibar y Zumárraga, Federico , 1851-1918 -traductor  // Herrán, Fermín , 1852-1908 -prologuista  //;;[Nubes. Español] //;Las nubes;;;;[s.n.]  Imp. de los hijos de Manteli;;[S.l.];1875;XVI, 77 p. , 21 cm ,;Comedias escogidas de Aristófanes / traducidas del griego por Federico Baraibar //;;Título tomado de la p. [1]  //;;;;;;;;;;;;;;;;"821.14-22""-04""  //  821.14'02  //";;;;;;;;;;;;;;;sp;spa;gre;spa //;Libro;;T/1196 //;http://bdh-rd.bne.es/viewer.vm?id=0000250466&page=1 **;http://bdh-rd.bne.es/text.vm?id=0000250466&first=1&last=107 **
bimo0001644945;Ayguals de Izco, Wenceslao , 1801-1873  //;;;Don Wenceslao Ayguals de Izco a sus compatriotas;;;;[s.n.]  Imp. a cargo de Lluch;;[S.l.] , Valencia;1840;6 p. , 19 cm ,;;;;;;;;;;;Ayguals de Izco, Wenceslao --  // Fajardo, Sixto --  // Vinaròs -- Administración -- Historia --  //;;;;;;;;"929 Ayguals de Izco, Wenceslao  //  929 Fajardo, Sixto  //  32(460.311 Vinaròs)""18""  //";;;;;;;;;;;;;;;sp;spa;;;Libro;;VC/726/24 // DGMICRO/21769 //;http://bdh-rd.bne.es/viewer.vm?id=0000244456&page=1 **;http://bdh-rd.bne.es/text.vm?id=0000244456&first=1&last=8 **
bimo0001647819;Bacon, John Francis  // Gaminde, Víctor Luis de  //;;[Six years in Biscay. Español. Selección] //;Seis años en Vizcaya : descripción de los sitios de Bilbao en junio de 1835, de los de octubre hasta diciembre de 1836, y de los sucesos más notables ocurridos tanto en aquella villa como en las cuatro provincias Vascongadas, desde 1830 hasta el año de 1837. Tomo I;Historia de la revolución de las provincias vascongadas y Navarra desde 1833 al de 1837, con una reseña política y religiosa de España  //;"escrita en inglés por Francisco Bacon ; y traducida al español por Víctor Luis de Gaminde";;[s.n.]  Imp. de Cenón de Garayoa;;[S.l.] , Bilbao;1838;219 p. , 22 cm ,;;;Título original: Six years in Biscay  //;;;;;;;;España -- Historia -- 1833-1840 (Guerra carlista) --  // Bilbao -- Historia -- 1835-1836 (Sitio) --  //;;;;;;;;"94(460)  //  94(460)""1833/40""  //  94(460.152 B.)""1835/36""  //";;;;;;;;;;;;;;;sp;spa;eng;spa //;Libro;;12/802453 // DGMICRO/33902 //;http://bdh-rd.bne.es/viewer.vm?id=0000244756&page=1 **;http://bdh-rd.bne.es/text.vm?id=0000244756&first=1&last=233 **
bimo0001648398;Balbín de Unquera, Antonio , 1842-1919  //;Real Academia de Ciencias Morales y Políticas (España)  //;;Reseña histórica y teoría de la beneficencia : memoria premiada por la Real Academia de Ciencias Morales y Políticas en el concurso de 1860;;su autor Antonio Balbin de Unquera;;[s.n.]  Imp. del Colegio de Sordo-Mudos y Ciegos;;[S.l.] , Madrid;1862;251 p. , 25 cm ,;;;;;;;;;;;Beneficencia -- España -- Historia --  // Beneficencia --  //;;;;;;;;364  //  364(460)(091)  //  364-1  //;;;;;;;;;;;;;;;sp;spa;;;Libro;;1/38711 //;http://bdh-rd.bne.es/viewer.vm?id=0000206413&page=1 **;http://bdh-rd.bne.es/text.vm?id=0000206413&first=1&last=269 **
bimo0001649525;Basté y Serarols, Juan  // Baró, Teodoro , 1842-1916  // Puiggarí, José , 1821-1903 -ilustrador  //;;;Compendio de historia universal y particular de España;;por Juan Basté y Serarols;"3ª ed. rev. y aum. /,con el periodo contemporáneo, la historia especial de América y un resumen sintético de la historia universal por Teodoro Baró ; ilustrada con 36 láminas por José Puiggarí";Librería de Juan y Antonio Bastinos, Editores;;Barcelona;1888;VII, 292 p. , il. , 18 cm ,;;;;;;;;;;;Historia universal -- Libros escolares --  //;;;;;;;;94  //  94(100)(07)  //;;;;;;;;;;;;;;;sp;spa;;;Libro;;1/42511 //;http://bdh-rd.bne.es/viewer.vm?id=0000250220&page=1 **;http://bdh-rd.bne.es/text.vm?id=0000250220&first=1&last=307 **
bimo0001706563;Campillo y Casamor, Toribio del , 1824-1900  //;;;Documentos históricos de Daroca y su comunidad;;por Toribio del Campillo;;[s.n.]  Imp. del Hospicio Provincial;;[S.l.] , Zaragoza;1915;528, VI p. , 31 cm ,;Biblioteca de escritores aragoneses. Sección histórico-doctrinal, t. 8 //;;;;;;;;;;Daroca -- Historia -- Fuentes -- Bibliografías --  //;;;;;;;;94(460)  //  016:94(460.224 Daroca)(093)  //;;;;;;;;;;;;;;;sp;spa;;;Libro;;9/216207 //;http://bdh-rd.bne.es/viewer.vm?id=0000204817&page=1 **;http://bdh-rd.bne.es/text.vm?id=0000204817&first=1&last=551 **
bimo0001806729;Medina, José Toribio , 1852-1930  //;;;El Tribunal del Santo Oficio de la Inquisición de las Islas Filipinas por J. T. Medina;La Inquisición en las Islas Filipinas  //;;;[s.n.]  Imp. Elzeviriana;;[S.l.] , Santiago de Chile;1899;190 p. , 19 cm ,;;;;;;;;;;;Inquisición -- Filipinas -- Historia --  //;;;;;;;;272(599)(091)  //;;;;;;;;;;;;;;;cl;spa;;;Libro;;HA/1351 // HA/1351 //;http://bdh-rd.bne.es/viewer.vm?id=0000241276&page=1 **;http://bdh-rd.bne.es/text.vm?id=0000241276&first=1&last=103 **
bimo0001896601;Avilés Romero, Federico  // Navarro y Barber, Jacinto  //;;;Tratado sobre la administración, contabilidad y documentación de los cuerpos y partidos del arma de caballería, dedicado a la enseñanza de los cadetes de la misma;;por los alféreces Federico Avilés Romero y Jacinto Navarro y Barber;1ª ed.;[s.n.]  Imprenta y Litografía del Depósito de la Guerra;;Madrid;1872;114 p., [46] p. , 22 cm ,;;;Obra declarada de texto por orden de la Dirección General de 10 de mayo de 1872  //;;;;;;;;;;;;;;;;;;;;;;;;;;;;;;;sp;spa;;;Libro;;AFRGF/2534 //;http://bdh-rd.bne.es/viewer.vm?id=0000236865&page=1 **;http://bdh-rd.bne.es/text.vm?id=0000236865&first=1&last=169 **
bimo0001973857;Alegret, Adolfo , m. 1931  //;;;Historia del sitio, defensa, asalto y evacuación de Tarragona en la Guerra de la Independencia;;por Adolfo Alegret;;s.n]  Imp. de Vicente Martínez;;[S.l. , Barcelona;1911;245 p., [5] h. , il. , 24 cm ,;;;;;;;;;;;Tarragona -- Historia -- 1811 (Sitio) --  //;;;;;;;;"94(460.237 T.)""1811""  //";;;;;;;;;;;;;;;sp;spa;;;Libro;;9/257984 //;http://bdh-rd.bne.es/viewer.vm?id=0000250249&page=1 **;http://bdh-rd.bne.es/text.vm?id=0000250249&first=1&last=265 **
bimo0002060194;Vives y Vich, Pedro , 1858-1938  //;;;Igualada, ojeada a su pasado y a su presente y visión de su porvenir conferencia dada en el Ateneo Igualadino de la Clase Obrera el 24 de agosto de 1926, para conmemorar el 63 aniversario de su fundación;;por el General de División Pedro Vives y Vich;;s.n.  R. Tobella;;[S.l. , [Igualada];1926;24 p. , 22 cm ,;;;;;;;;;;;Igualada -- Historia --  //;;;;;;;;94(460.235 Igualada)  //;;;;;;;;;;;;;;;sp;spa;;;Libro;;12/326275 //;http://bdh-rd.bne.es/viewer.vm?id=0000247781&page=1 **;http://bdh-rd.bne.es/text.vm?id=0000247781&first=1&last=33 **
a5377455;Pérez Galdós, Benito , 1843-1920  //;;[La Primera República] //;La Primera República;;;;Librería y Casa Editorial Hernando;;Madrid;1934;287 p. , 19 cm ,;Episodios nacionales. Serie final / B. Pérez Galdós // Pérez Galdós, Benito //;;;;;;;;;;España -- Historia -- 1873-1874 (I República) -- Novelas --  //;Novelas históricas --  //;;;;;;;"94(460)""1873/74""(0:82)  //  821.134.2-31""18""  //";;;;;;;;;;;;;;;sp;spa;;;Libro;;DL/2187846 //;http://bdh-rd.bne.es/viewer.vm?id=0000201288&page=1 **;http://bdh-rd.bne.es/text.vm?id=0000201288&first=1&last=305 **
a5438931;Camargo, Gerónimo , s. XVII  // Saavedra, Fernando de  //;Consejo de Indias Fiscal  // Perú (Virreinato) Real Audiencia de Lima  //;;Por el Real Fisco, y el señor Licenciado don Geronimo de Camargo, del Consejo, y Fiscal en el Real de las Indias. Con Don Fernando de Saavedra, Oydor de la Audiencia de Lima. Sobre La contrauenciaon que incurrio contra las Reales cedulas, en auerse cassado, ò concertado cassar con doña Maria de Perales, vezina de Guancauelica: y cassadose tambien doña Maria de Saauedra su hija con don Bernardino de Perales, Cauallero del Abito de Santiago, hermano de la dicha doña Maria de Perales;;;;[s.n.];;[S.l.];entre 1640 y 1649?;24 h. , Fol. ,;;;"Se ha respetado la puntuación original  // Texto firmado por ""El Lic. Don Geronimo de Camargo""  // Precede al título: ""Iesvs, Maria, Ioseph""  // Fecha deducida del contenido del texto  // Sign.: A-M2  // Portada con escudo xilográfico  // Incial grabada  //";;;;;;;;;Alegaciones en derecho --  //;;;;;;;;;;;;;;;;;;;;;;sp;spa;;;Libro;;PORCONES/206(40) //;http://bdh-rd.bne.es/viewer.vm?id=0000168208&page=1 **;http://bdh-rd.bne.es/text.vm?id=0000168208&first=1&last=25 **
bima0000027608;;;;Catálogo de los libros existentes en casa de los señores (sic.) Mallen y Compañia de Valencia;;;;s. imp.;;S.l.;1796;p. , 8º ,;;;;;;;;;;;;;;;;;;;;;;;;;;;;;;;;;;xx;spa;;;Libro;;2/60489 //;http://bdh-rd.bne.es/viewer.vm?id=0000252908&page=1 **;http://bdh-rd.bne.es/text.vm?id=0000252908&first=1&last=343 **
bima0000054728;Hugo de San Caro, Beato , ca. 1190-1263  // Lucas, Franciscus , 1549?-1619 -adic.  // Phalesius, Hubertus -adic.  //;;[Biblia] //;Sacrorum Bibliorum vulgatae editionis Concordantiae...;;recensitae atque emendatae á Francisco Luca... Nunc vero secundum Huberti Phalesii, Plantini ac Parisiensium observata, accuratissime... editae...;;Joannes Baptista Verdussen;;ntverpiae;1718;Sigª [parágrafo]>6<, A>4<, B-Z>8<, 2A-2Z>8<, 3A-3Z>8<, 4A-4M>8<, 4N>4< , 4º (27 cm) ,;;;;;;;;;;;;;;;;;;;;;;;;;;;;;;;;;;be;lat;;;Libro;;7/14559 // 7/14559 //;http://bdh-rd.bne.es/viewer.vm?id=0000049893&page=1 **;http://bdh-rd.bne.es/text.vm?id=0000049893&first=1&last=1315 **
bima0000054729;Hugo de San Caro, Beato , ca. 1190-1263  // Lucas, Franciscus , 1549?-1619 -adic.  // Phalesius, Hubertus -adic.  //;;[Biblia] //;Sacrorum Bibliorum vulgatae editionis Concordantiae...;;"Recensitae atque emendatae a Francisco Luca... Nunc vero secundum Huberti Phalesii ; Plantini ac Parisiensum observata, accuratissimè, multis mendis aliarum editionum expunctis, editae";;J.-B. Verdussen;;ntuerpiae;1718;p. , Fol. ,;;;;;;;;;;;;;;;;;;;;;;;;;;;;;;;;;;be;lat;;;Libro;;3/43485 // 3/43485 //;http://bdh-rd.bne.es/viewer.vm?id=0000132471&page=1 **;http://bdh-rd.bne.es/text.vm?id=0000132471&first=1&last=663 **
bima0000116720;Hugo de San Caro, Beato , ca. 1190-1263  // Porras, Juan de -impresor  //;;;"Speculum Ecclesiae; Speculum sacerdotum";;;;[Juan de Porras];;Impressum Salmantice;1500;[46] h. , 4º ,;Incunables //;Adolphus. Frater O.P.: Tractatus de sacramentis//;Impresor tomado de Martín Abad  // Sign.: a-k⁴, l⁶  // Letra gótica de varios tamaños  // 33-34 líneas  // Iniciales xilografiadas  //;C 3189  // IGI 4934  // Goff H-528  // Haebler 319  // Vindel II, 115  // Vindel, Incunables impresos en España en la BN 121  // IBPORT 876  // IBE 2988  // CIBN Madrid (1945) 963  // GW 13624  // ISTC ih00528000  // Martín Abad H-60  //;;;;;;;;;Salamanca, España //;;;;;;24  //;;;;;;;;;;;;;;;sp;lat;;;Libro;;INC/1092 //;http://bdh-rd.bne.es/viewer.vm?id=0000176347&page=1 ** http://bdh-rd.bne.es/viewer.vm?id=0000176347&page=4 **;http://bdh-rd.bne.es/text.vm?id=0000176347&first=1&last=3 ** http://bdh-rd.bne.es/text.vm?id=0000176347&first=4&last=53 **
bimo0000652291;;;;Catálogo de las obras que se hallan de venta [en la] librería de Donato Guío;;;;[s.n.]  Establ. tipogr. de Eduardo Cuesta;;Madrid;1880;p. , 8º m. ,;;;;;;;;;;;;;;;;;;;;;;;;;;;;;;;;;;sp;spa;;;Libro;;2/60640 //;http://bdh-rd.bne.es/viewer.vm?id=0000252910&page=1 **;http://bdh-rd.bne.es/text.vm?id=0000252910&first=1&last=185 **
bimo0000652293;;;;Catálogo de las obras que se hallan en venta [en la] Librería de Donato Guío;;;;[s.n.]  Est. Tip. de E. Cuesta;;Madrid;1889;p. , 8º m. ,;;;;;;;;;;;;;;;;;;;;;;;;;;;;;;;;;;sp;spa;;;Libro;;2/60991 //;http://bdh-rd.bne.es/viewer.vm?id=0000252916&page=1 **;http://bdh-rd.bne.es/text.vm?id=0000252916&first=1&last=203 **
bimo0000652295;;;;Catálogo de las obras de lance que se hallan de venta en la librería de José Anllo;;;;[s.n.]  Imp. de J.M. Perez;;Madrid;1878;p. , 8º m. ,;;;Cubierta-portada  //;;;;;;;;;;;;;;;;;;;;;;;;;;;;;;;sp;spa;;;Libro;;2/60389 //;http://bdh-rd.bne.es/viewer.vm?id=0000252906&page=1 **;http://bdh-rd.bne.es/text.vm?id=0000252906&first=1&last=191 **
bimo0000652300;;;;Catálogo de libros antiguos y curiosos que se hallan de venta en la Librería de Hijos de D.J. Cuesta;;;;[s.n.]  Tip. de los Sucesores de Cuesta;;Madrid;1892;p. , 8º d.m. ,;;;;;;;;;;;;;;;;;;;;;;;;;;;;;;;;;;sp;spa;;;Libro;;2/60966 //;http://bdh-rd.bne.es/viewer.vm?id=0000252914&page=1 **;http://bdh-rd.bne.es/text.vm?id=0000252914&first=1&last=139 **
