idBNE;Autor Personas;Autor Entidades;Título uniforme;Título;Otros Títulos;Información asociada al título;Edición;Editorial;Editor musical;Lugar de publicación;Fecha de publicación;Descripción física;Serie;Contenido;Descripción y notas;Citas o referencias;transcripciones de interés;Procedencia;Intérpretes;Resumen;Premios;Periodicidad;Tema;Género/Forma;Lugar relacionado;Forma de la composición sonora;Forma de la composición notada;tipo material cartográfico;Proyección del mapa;Escala del mapa;CDU;Otra clasificación;id registros relacionados;información asociada a registros relacionados;id otras ediciones;información asociada a otras ediciones;id título anterior;información asociada a título anterior;id título posterior;información asociada a título posterior;ISBN;ISSN;Depósito Legal;Otros Números Normalizados;Número Bibliografía Nacional;País de publicación;Lengua de publicación;Lengua original;otras lenguas;Tipo de documento;Condiciones de uso;signatura;version_digital;texto_OCR
bimo0001873232;;;;Acta de la instalación de la Academia Imperial de Ciencias y Literatura de México;;;;[s.n.]  Imp. de Andrade y Escalante;;[S.l.] , México;1866;27 p. , 30 cm ,;Hispanoamérica // Ciencias sociales // Educación. Enseñanza //;;;;;;;;;;Academia Imperial de Ciencias y Literatura de México -- Historia--  //;;;;;;;;061.22(72)(091)  //  37  //;;;;;;;;;;;;;;;mx;spa;;;Libro;;HA/16573 //;http://bdh-rd.bne.es/viewer.vm?id=0000095885&page=1 **;http://bdh-rd.bne.es/text.vm?id=0000095885&first=1&last=32 **
bimo0001874139;;Unión Latino-Americana  //;;Échos de l'Union latino-américaine;;;;[s.n.]  Imp. Nouvelle (Association Ouvrière);;[S.l.] , París;1882;211 p. , 22 cm ,;Hispanoamérica // Ciencia y cultura en general // Instituciones científicas. Exposiciones. Museos //;;;;;;;;;;Unión Latino-Americana --  //;;;;;;;;327.39(8=134):061.233(443.61 P.)  //;;;;;;;;;;;;;;;fr;fre;;;Libro;;HA/11516 //;http://bdh-rd.bne.es/viewer.vm?id=0000091730&page=1 **;http://bdh-rd.bne.es/text.vm?id=0000091730&first=1&last=227 **
bimo0001874773;;Unión Católica de Chile Asamblea General (2ª. , 1885. Santiago)  //;;Segunda Asamblea General de la Unión Católica de Chile celebrada en Santiago en 1º, 2, 3 y 5 de noviembre de 1885;;;;[s.n.]  Imp. Victoria;;[S.l.] , Santiago [de Chile];1885;328 p. , 28 cm ,;Hispanoamérica // Religión. Teología // Cristianismo. Historia eclesiástica //;;;;;;;;;;Unión Católica de Chile -- Congresos y asambleas--  // Iglesia Católica -- Chile -- Congresos y asambleas--  //;;;;;;;;(83)  //  267(83)(063)  //  282(83)(063)  //;;;;;;;;;;;;;;;cl;spa;;;Libro;;HA/1187 //;http://bdh-rd.bne.es/viewer.vm?id=0000074766&page=1 **;http://bdh-rd.bne.es/text.vm?id=0000074766&first=1&last=561 **
bimo0001875037;;;;"Algunas reflexiones sobre la carta titulada ""J. M. Gutiérrez Estrada"", escritas para el Pueblo, con un ensayo de reformas que alejen toda idea de monarquía";;;;[s.n.]  Oficina antigua en el Portal de las Flores;;[S.l.] , Puebla;1840;16 p. , 20 cm ,;Hispanoamérica // Geografía. Biografías. Historia // Historia de América Latina //;;;;;;;;;;Gutiérrez Estrada, José Maria --  // México -- Historia -- 1821-1861 --  //;;;;;;;;"(72)  //  929 Gutiérrez de Estrada, J. M.  //  94(72)""1821/61""  //";;;;;;;;;;;;;;;mx;spa;;;Libro;;HA/26194 //;http://bdh-rd.bne.es/viewer.vm?id=0000127176&page=1 **;http://bdh-rd.bne.es/text.vm?id=0000127176&first=1&last=20 **
bimo0001876643;Valiente, Porfirio  //;;;Réformes dans les iles de Cuba et de Porto-Rico;;"par Porfirio Valiente ; avec une préface par Edouard Labonlaye";;[s.n.]  Imp. centrale des chemis de fer;;[S.l.] , París;1869;XX, 412 p. , 25 cm ,;Hispanoamérica // Geografía. Biografías. Historia // Historia de América Latina //;;;;;;;;;;Esclavitud -- Cuba -- S.XIX --  // Esclavitud -- Puerto Rico --  // Cuba -- Historia -- 1810-1899 --  // Puerto Rico -- Historia -- 1511-1898 (Época colonial) --  //;;;;;;;;"(729.1)  //  (729.5)  //  326(729.1)""18""  //  326(729.5)""18""  //  94(729.1)""1810/99""  //  94(729.5)""1511/1898""  //";;;;;;;;;;;;;;;fr;fre;;;Libro;;HA/8475 //;http://bdh-rd.bne.es/viewer.vm?id=0000014694&page=1 ** http://bdh-rd.bne.es/viewer.vm?id=0000014694&page=227 ** http://bdh-rd.bne.es/viewer.vm?id=0000014694&page=323 **;http://bdh-rd.bne.es/text.vm?id=0000014694&first=1&last=226 ** http://bdh-rd.bne.es/text.vm?id=0000014694&first=227&last=322 ** http://bdh-rd.bne.es/text.vm?id=0000014694&first=323&last=449 **
bimo0001878154;Meyer, Hans , 1858-1929  //;;;Die Insel Tenerife Wanderungen im canarischen Hoch- und Tiefland;;von Hans Meyer;;Hirzel;;Leipzig;1896;VIII, 328 p., [4] h. de mapas , il. , 23 cm ,;Geografía. Biografías. Historia // Atlas // Geografía //;Mapas y planos incluidos: [1. Tenerife. Comunicaciones. 1896. 2. Tenerife. Mapas geológicos. 1896. 3. Tenerife. Vegetación. 1896. 4. Tenerife. Mapas generales. 1896.]// 1. Tenerife. Comunicaciones. 1896. 2. Tenerife. Mapas geológicos. 1896. 3. Tenerife. Vegetación. 1896. 4. Tenerife. Mapas generales. 1896.//;;;;;;;;;Tenerife -- Descripción --  //;;Leipzig, Alemania //;;;;;;"913(460.411 Tenerife)""18""  //";;;;;;;;;;;;;;;gw;ger;;;Libro;;GMm/1526 // GMm/1526 //;http://bdh-rd.bne.es/viewer.vm?id=0000000103 **
bimo0001878157;Velarde, Fernando , 1823-1881  //;;;La poesía y la religión del porvenir cánticos del Nuevo Mundo;;por Fernando Velarde;;[s.n.]  Imp. de Ramirez y Cª.;;[S.l.] , Barcelona;1870;112 p., [1] h. de lám. , il. , 26 cm ,;Hispanoamérica // Lingüística. Literatura // Literatura española //;;;;;;;;;;;;;;;;;;"821.134.2-14""18""  //";;;;;;;;;;;;;;;sp;spa;;;Libro;;HA/10810 //;http://bdh-rd.bne.es/viewer.vm?id=0000090231&page=1 **;http://bdh-rd.bne.es/text.vm?id=0000090231&first=1&last=137 **
bimo0001878163;Fritsch, K. von  //;;;Reisebilder von den Canarischen Inseln;;von K. von Fritsch;;Justus Perthes;;Gotha;1867;44 p., [1] h. pleg. de mapas , 26 cm ,;Geografía. Biografías. Historia // Atlas // Geografía //;Mapas y planos incluidos: [1. Canarias (Islas). Mapas generales. 1867.]// 1. Canarias (Islas). Mapas generales. 1867.//;Suplemento de: Geographischen Mittheilungen / Pettermann. N. 22  //;;;;;;;;Canarias -- Descripción --  //;;Gotha, Alemania //;;;;;;"913(460.41)""18""  //";;;;;;;;;;;;;;;gw;ger;;;Libro;;GMm/1489 // GMm/1489 //;http://bdh-rd.bne.es/viewer.vm?id=0000001338 **
bimo0001878203;Vicuña Mackenna, Benjamín , 1831-1886  //;;;El ostracismo de los Carreras;;por B. Vicuña Mackenna;3ª ed;Rafael Jover;;Santiago de Chile;1886;719, 82 p., [7] de lám. , 24 cm ,;Independencia Americana // Geografía. Biografías. Historia // Biografías. Heráldica. Genealogía //;;;;;;;;;;Carrera, Juan José --  // Carrera, José Miguel --  // Carrera, Luis --  // Chile -- Historia -- 1810-1824 (Guerra de la Independencia) --  //;;;;;;;;"(83)  //  929 Carrera, José Miguel  //  929 Carrera, Juan José  //  929 Carrera, Luis  //  94(83)""1810/24""  //";;;;;;;;;;;;;;;cl;spa;;;Libro;;HA/11080 //;http://bdh-rd.bne.es/viewer.vm?id=0000068826&page=1 **;http://bdh-rd.bne.es/text.vm?id=0000068826&first=1&last=823 **
bimo0001878532;;;;Vida del glorioso apostol de las Indias, San Francisco Javier, seguida de su novena, la devoción de los diez viernes al mismo Santo, y otras devotas oraciones;;;;[s.n.]  Imp. de Vicente de Lalama;;[S.l.] , Madrid;1855;47 p. , il. , 16 cm ,;Hispanoamérica // Geografía. Biografías. Historia // Biografías. Heráldica. Genealogía //;;;;;;;;;;Francisco Javier, -- Santo --  // Francisco Javier, -- Santo -- Novenas --  //;;;;;;;;243  //  929 Francisco Javier, Santo  //;;;;;;;;;;;;;;;sp;spa;;;Libro;;HA/26882 //;http://bdh-rd.bne.es/viewer.vm?id=0000119757&page=1 **;http://bdh-rd.bne.es/text.vm?id=0000119757&first=1&last=50 **
bimo0001879346;Veríssimo, José  //;;;A pesca na Amazonia;;por José Verissimo;;Livraria Classica de Alves & C.;;"Río de Janeiro ;S. Paulo";1895;206 p. , 16 cm ,;Hispanoamérica // Ciencias aplicadas. Tecnología // Caza. Pesca // Monographias brasileiras //;;;;;;;;;;Pesca -- Amazonía --  //;;;;;;;;338.43(8):639.2  //  639.2(8)  //;;;;;;;;;;;;;;;bl;por;;;Libro;;HA/9063 //;http://bdh-rd.bne.es/viewer.vm?id=0000126043&page=1 **;http://bdh-rd.bne.es/text.vm?id=0000126043&first=1&last=228 **
bimo0001879778;Álvarez y Mendizábal, Juan , 1790-1853  //;;;Verdaderas causas en que don Juan Álvarez y Mendizábal ha fundado su opinión para que en la isla de Cuba, no rija la constitución política de la Monarquía española;;;;[s.n.];;Bordeaux;1837;[22] p. , 21 cm ,;Hispanoamérica // Geografía. Biografías. Historia // Historia de América Latina //;;;;;;;;;;Martínez de Pinillos, Claudio, -- Conde de Villanueva --  // Corrupción administrativa -- Cuba -- Historia --  // Cuba -- Historia -- 1810-1899 --  //;;;;;;;;"929 Martínez de Pinillos, Claudio  //  94(729.1)""1810/99""  //";;;;;;;;;;;;;;;fr;spa;;;Libro;;HA/10015(2) //;http://bdh-rd.bne.es/viewer.vm?id=0000046909&page=1 **;http://bdh-rd.bne.es/text.vm?id=0000046909&first=1&last=24 **
bimo0001881966;Prieto de Landázuri, Isabel  // Olavarría y Ferrari, Enrique de , 1844-1918  //;;;Poesías líricas mejicanas de Isabel Prieto, Rosas, Sierra, Altamirano, Flores, Riva Palacio, Prieto y otros autores;;coleccionadas y anotadas por Enrique de Olavarria y Ferrari;3ª ed.;Perlado, Páez y Compañía;;Madrid;1910;190 p. , 15 cm ,;Lingüística. Literatura // Literatura hispanoamericana // Biblioteca Universal : colección de los mejores autores antiguos y modernos, nacionales y extranjeros, t. 45 //;;;;;;;;;;Poesías líricas mexicanas --  //;;;;;;;;"(72)  //  821.134.2(72)-14""18""(082.2)  //";;;;;;;;;;;;;;;sp;spa;;;Libro;;FI/91<45> //;http://bdh-rd.bne.es/viewer.vm?id=0000090648&page=1 **;http://bdh-rd.bne.es/text.vm?id=0000090648&first=1&last=201 **
bimo0001881970;Zayas Enríquez, Rafael de  //;;;Los Estados Unidos Mexicanos sus condiciones naturales y sus elementos de prosperidad;;"obra escrita por R. de Zayas Enríquez, miembro de la Sociedad de Geografía y Estadística del Liceo Hidalgo ; y publicada por orden de la Secretaria de Fomento, Colonización e Industria de la República Mejicana";;[s.n.]  Oficina Tipogr. de la Secretaría de Fomento;;[S.l.] , México;1893;IV, 9-479 p., [1] h. pleg. , 31 cm ,;Hispanoamérica // Geografía. Biografías. Historia // Geografía //;;;;;;;;;;México -- Descripción --  //;;;;;;;;"(72)  //  908(72)""18""  //";;;;;;;;;;;;;;;mx;spa;;;Libro;;HA/15257 //;http://bdh-rd.bne.es/viewer.vm?id=0000097948&page=1 **;http://bdh-rd.bne.es/text.vm?id=0000097948&first=1&last=497 **
bimo0001888460;;Caja de Ahorros Municipal de Bilbao  //;;Reglamento de la Caja de Ahorros de la invicta villa de Bilbao;;;;[s.n.]  Imp. y Litografía de Nicolas Delmas;;[S.l.] , Bilbao;1845;8 p. , 22 cm ,;;;;;;;;;;;Caja de Ahorros Municipal de Bilbao -- Reglamentos--  //;;;;;;;;336.722(460.152 B.)(060.13)  //;;;;;;;;;;;;;;;sp;spa;;;Libro;;9/246597 //;http://bdh-rd.bne.es/viewer.vm?id=0000133085&page=1 **;http://bdh-rd.bne.es/text.vm?id=0000133085&first=1&last=12 **
bimo0001903665;Font, Ramón , 1847-1900  //;;;Bons consells. Segona part;;per Ramón Font;;[s.n.]  Estampa de Fills de Jaume Jepús;;[S.l.] , Barcelona;1899;39 p. , 21 cm ,;Ciencias sociales // Etnología. Folclore //;;;;;;;;;;Máximas y aforismos --  //;;;;;;;;398.9(082.2)  //;;;;;;;;;;;;;;;sp;cat;;;Libro;;12/209546 //;http://bdh-rd.bne.es/viewer.vm?id=0000128147&page=1 **;http://bdh-rd.bne.es/text.vm?id=0000128147&first=1&last=44 **
bimo0001903696;Salcedo Ruiz, Ángel , 1859-1921  //;;;La novela de un prohombre : novela original;;de Ángel Salcedo Ruiz (Máximo);;"[Biblioteca Patria]  Imp. de la Biblioteca ""Patria""";;Madrid;entre 1901 y 1920?;IX, 127 p. , 17 cm ,;"Biblioteca ""Patria"" de obras premiadas, 51 //";;;;;;;;;;;;;;;;;;"821.134.2-31""19""  //";;;;;;;;;;;;;;;sp;spa;;;Libro;;6/8731<51> //;http://bdh-rd.bne.es/viewer.vm?id=0000074870&page=1 **;http://bdh-rd.bne.es/text.vm?id=0000074870&first=1&last=173 **
bimo0001909418;;;;Esposición [sic] que los propietarios de ferrerías y fabricantes de fierro de Álava han dirigido a S.M. por medio de su comisión, contra la libre extracción de las venas de Somorrostro a reinos estrangeros[sic];Exposición que los propietarios de ferrerías y fabricantes de fierro de Álava han dirigido a S.M. por medio de su comisión, contra la libre extracción de las venas de Somorrostro a reinos extranjeros  //;;;Imp., Litogr. y Librería de Ignacio de Egaña;;Vitoria;1851;7 p. , 21 cm ,;Ciencias aplicadas. Tecnología // Ingeniería. Minería //;;;;;;;;;;Ferrerías -- Álava --  //;;;;;;;;669  //  622  //;;;;;;;;;;;;;;;sp;spa;;;Libro;;12/223019 //;http://bdh-rd.bne.es/viewer.vm?id=0000072683&page=1 **;http://bdh-rd.bne.es/text.vm?id=0000072683&first=1&last=11 **
bimo0001909677;Sue, Eugène , 1804-1857  // Ayguals de Izco, Wenceslao , 1801-1873  //;;[Le juif errant. Español] //;El judío errante;;"novela escrita en francés por Eugenio Sue ; traducida por  Wenceslao Ayguals de Izco";4ª ed.;Sociedad Literaria;;Madrid;1848;22 v. , 14 cm ,;El novelista universal, 41-62 //;;Título original: Le juif errant  //;;;;;;;;;;;;;;;;"821.133.1-31""18""  //";;;;;;;;;;;;;;;sp;spa;fre;spa //;Libro;;12/672921_V._1-2 // 12/672922_V._3-4 // 12/672923_V._5-6 // 12/672924_V._7-8 // 12/672925_V._9-10 // 12/672926_V._11-12 // 12/672927_V._13-14 // 12/672928_V._15-16 // 12/672929_V._17-18 // 12/672930_V._19-20 // 12/672931_V._21-22 //;http://bdh-rd.bne.es/viewer.vm?id=0000131110&page=1 ** http://bdh-rd.bne.es/viewer.vm?id=0000131110&page=422 ** http://bdh-rd.bne.es/viewer.vm?id=0000131110&page=843 ** http://bdh-rd.bne.es/viewer.vm?id=0000131110&page=1272 ** http://bdh-rd.bne.es/viewer.vm?id=0000131110&page=1685 ** http://bdh-rd.bne.es/viewer.vm?id=0000131110&page=2096 ** http://bdh-rd.bne.es/viewer.vm?id=0000131110&page=2517 ** http://bdh-rd.bne.es/viewer.vm?id=0000131110&page=2936 ** http://bdh-rd.bne.es/viewer.vm?id=0000131110&page=3379 ** http://bdh-rd.bne.es/viewer.vm?id=0000131110&page=3784 ** http://bdh-rd.bne.es/viewer.vm?id=0000131110&page=4201 **;http://bdh-rd.bne.es/text.vm?id=0000131110&first=1&last=421 ** http://bdh-rd.bne.es/text.vm?id=0000131110&first=422&last=842 ** http://bdh-rd.bne.es/text.vm?id=0000131110&first=843&last=1271 ** http://bdh-rd.bne.es/text.vm?id=0000131110&first=1272&last=1684 ** http://bdh-rd.bne.es/text.vm?id=0000131110&first=1685&last=2095 ** http://bdh-rd.bne.es/text.vm?id=0000131110&first=2096&last=2516 ** http://bdh-rd.bne.es/text.vm?id=0000131110&first=2517&last=2935 ** http://bdh-rd.bne.es/text.vm?id=0000131110&first=2936&last=3378 ** http://bdh-rd.bne.es/text.vm?id=0000131110&first=3379&last=3783 ** http://bdh-rd.bne.es/text.vm?id=0000131110&first=3784&last=4200 ** http://bdh-rd.bne.es/text.vm?id=0000131110&first=4201&last=4625 **
bimo0001912201;;Rollos Victoria (Firma)  //;[Catálogo general de rollos de pianola Victoria.. 1919] //;Rollos de música de 88 notas con acentuación y autopedal Victoria para toda clase de aparatos pianistas y pianos con aparato de 88 notas;;;Nueva edición con precios reducidos;Agustín Guarro  Tip. Viuda de Luis Tasso;;Barcelona (Rambla de Cataluña, 7) , Barcelona (Arco del Teatro, 21 y 23);1919?;398 p. , 17 cm ,;;;"En la cubierta: ""Precio: 2 pesetas""  // En la cubierta: Catálogo general  // Dividido en dos partes: la primera, está organizada por orden alfabético de autores y títulos; y la segunda, por orden de géneros y títulos  // En la portada: ""Dirección telegráfica, Guarro pianos; código A.B.C., 5ª edición""  //";;;;;;;;Rollos Victoria (Firma) -- Catálogos--  // Rollos de pianola -- S.XX -- Catálogos --  //;;;;;;;;681.823:071(085)  //  78  //;;;;;;;;;;;;;;;sp;spa;;;Libro;;M.Foll/327/1 //;http://bdh-rd.bne.es/viewer.vm?id=0000143313&page=1 **;http://bdh-rd.bne.es/text.vm?id=0000143313&first=1&last=404 **
bimo0001912221;;Rollos Princesa (Firma)  // Moya Hermanos (Firma)  //;[Catálogo general de rollos de pianola Princesa.. 1930] //;Rollos musicales de 88 notas con acentuación y autopedal Princesa catálogo general;;;;Escuela Tip. Salesiana;;Barcelona;1930;141 p. , 19 cm ,;;;"Cubierta ilustrada a dos tintas  // En la cubierta: ""Rollos musicales Princesa, Catálogo general, 1930, Moya Hnos. S. en C., Barcelona (España)""  // Dividido en dos partes: la primera, está organizada por orden alfabético de autores y títulos; y la segunda, por orden de géneros y títulos  //";;;;;;;;Rollos Princesa (Firma) -- Catálogos--  // Rollos de pianola -- S.XX -- Catálogos --  //;;;;;;;;681.823:071(085)  //;;;;;;;;;;;;;;;sp;spa;;;Libro;;M.Foll/327/8 //;http://bdh-rd.bne.es/viewer.vm?id=0000058301&page=1 **;http://bdh-rd.bne.es/text.vm?id=0000058301&first=1&last=150 **
bimo0001912231;;Rollos Princesa (Firma)  // Moya Hermanos (Firma)  //;[Catálogo general de rollos de pianola Princesa.. 1927] //;Rollos de música de 88 notas con acentuación y autopedal para toda clase de pianos combinados con aparatos pianistas Princesa catálogo general;;;;[Vila, Aleu & Domingo];;[Barcelona (Calabria, 89)];1927;129 p. , 19 cm ,;;;"En la cubierta, datos del fabricante: ""Rollos, música, Princesa, Moya Hermanos, S. en C., Barcelona, calidad suprema""  //";;;;;;;;Rollos Princesa (Firma) -- Catálogos--  // Rollos de pianola -- S.XX -- Catálogos --  //;;;;;;;;681.823:071(085)  //;;;;;;;;;;;;;;;sp;spa;;;Libro;;M.Foll/327/7 //;http://bdh-rd.bne.es/viewer.vm?id=0000058298&page=1 **;http://bdh-rd.bne.es/text.vm?id=0000058298&first=1&last=134 **
bimo0001914054;Gómez Carrillo, Enrique , 1873-1927  // Gómez Carrillo, Enrique , 1873-1927  //;;;Bohemia sentimental;;por Enrique Gómez Carrillo;;Ramón Sopena;;Barcelona;1900;154 p. , 17 cm ,;Lingüística. Literatura // Literatura hispanoamericana // Colección Regente //;;;;;;;;;;;;;;;;;;"(728.1)  //  821.134.2(728.1)-31""19""  //";;;;;;;;;;;;;;;sp;spa;;;Libro;;6/8390<7> //;http://bdh-rd.bne.es/viewer.vm?id=0000129781&page=1 **;http://bdh-rd.bne.es/text.vm?id=0000129781&first=1&last=173 **
bimo0001919312;Rahola y Trémols, Federico , 1858-1919  //;;;Los ingleses vistos por un latino : impresiones de viaje;;Federico Rahola;;Antonio López, Editor, Librería Española;;Barcelona;1905;187 p. , 15 cm ,;Geografía. Biografías. Historia // Exploraciones. Viajes // Colección Diamante, 107 //;;;;;;;;;;Inglaterra -- Descripción --  //;;;;;;;;913(410.1)  //;;;;;;;;;;;;;;;sp;spa;;;Libro;;6/7117<107> //;http://bdh-rd.bne.es/viewer.vm?id=0000079156&page=1 **;http://bdh-rd.bne.es/text.vm?id=0000079156&first=1&last=203 **
bimo0001946350;Beltrán de Resalt, José  //;;;Aclaración, o sea análisis de la memoria que ha publicado Javier de Quinto, ex-director general de Correos ...;;que hace y publica José Beltran de Resalt;;[s.n.]  La Ilustración, Establecimiento Tipográfico-Literario Universal;;[S.l.] , Madrid;1847;21 p. , 23 cm ,;;;;;;;;;;;Correos -- España --  //;;;;;;;;656.8(460)  //;;;;;;;;;;;;;;;sp;spa;;;Libro;;U/9973(20) //;http://bdh-rd.bne.es/viewer.vm?id=0000064107&page=1 **;http://bdh-rd.bne.es/text.vm?id=0000064107&first=1&last=22 **
bimo0001947419;Bofarull, Antoni de , 1821-1892  // Feliu de la Peña y Farell, Narciso , 1642-1712  // Piles, Martí  //;;;Hazañas y recuerdos de los catalanes o colección de leyendas relativas a los hechos más famosos ...;Fénix de Cataluña;por Antonio de Bofarull y Brocá. Fénix de Cataluña :compendio de sus antiguas grandezas por Narciso Feliu de la Peña;;Librería de Juan Oliveres;;Barcelona;1846;143, 80 p. , 18 cm ,;Ciencias sociales // Etnología. Folclore // Tesoro de Autores Ilustres, v 37 //;;Autores de Fenix de Cataluña: Narciso Feliu de la Peña y Farell y Martín Piles (Enciclopèdia. cat)  //;;;;;;;;Leyendas -- Cataluña --  //;;;;;;;;398.2(460.23)(082.2)  //;;;;;;;;;;;;;;;sp;spa;;;Libro;;2/94180 //;http://bdh-rd.bne.es/viewer.vm?id=0000128626&page=1 **;http://bdh-rd.bne.es/text.vm?id=0000128626&first=1&last=249 **
bimo0001948565;;;;Guía de Cádiz y su departamento para el año 1854;;;;[s.l.]  Imp. de Filomeno Fernández de Arjona;;Cádiz;1853;260, [8] p. , 16 cm ,;Geografía. Biografías. Historia // Atlas // Historia de España //;;;;;;;;;;Cádiz -- Guías turísticas --  //;;Cádiz, España //;;;;;;"913(460.355 C.)""18""  //";;;;;;;;;;;;;;;sp;spa;;;Libro;;GMm/1612 // GMm/1612 //;http://bdh-rd.bne.es/viewer.vm?id=0000000640 **
bimo0001953484;Hesse-Wartegg, Ernst  //;;;Andalusien eine Winterreise durch Südspanien und ein Ausflug nach Tanger;;von Ernst von Hesse-Wartegg;;Berlag von Carl Reissner;;Leipzig;1894;VIII, 443 p. , 20 cm , [7] h. de lám.;Geografía. Biografías. Historia // Atlas // Exploraciones. Viajes //;;;;;;;;;;Andalucía -- Descripción --  // Tánger -- Descripción --  //;;Leipzig, Alemania //;;;;;;"913(460.35)""18""  //  913(64 Tánger)""18""  //";;;;;;;;;;;;;;;gw;ger;;;Libro;;GMm/1601 // GMm/1601 //;http://bdh-rd.bne.es/viewer.vm?id=0000001855 **
bimo0001964402;Muñoz y Pabón, Juan Francisco , 1866-1920  //;;;Lira cristiana;;Juan F. Muñoz y Pabón;;Imp. y Lib. de Sobrino de Izquierdo;;Sevilla;1919;VIII, 172 p. , 17 cm ,;Lingüística. Literatura // Literatura española //;;;;;;;;;;;;;;;;;;"821.134.2-14""18""  //";;;;;;;;;;;;;;;sp;spa;;;Libro;;12/253277 //;http://bdh-rd.bne.es/viewer.vm?id=0000051684&page=1 **;http://bdh-rd.bne.es/text.vm?id=0000051684&first=1&last=191 **
bimo0001967730;Alvistur, Manuel  //;;[Escenas contemporáneas] //;Biografía del Excmo. Sr. D. Mateo Seoane;;por el doctor en Medicina, Manuel Alvistur;2ª ed.;[s.n.]  Imp. de Luis Beltrán;;[S.l.] , Madrid;1862;274 p. , 23 cm ,;;;Precede al título: Escenas contemporáneas. Revista biográfica y necrológica, científica, literaria y artística  //;;;;;;;;Seoane, Mateo --  //;;;;;;;;929 Seoane, Mateo  //;;;;;;;;;;;;;;;sp;spa;;;Libro;;12/261826 //;http://bdh-rd.bne.es/viewer.vm?id=0000133656&page=1 **;http://bdh-rd.bne.es/text.vm?id=0000133656&first=1&last=287 **
bimo0001969150;Ibáñez de Ibero, Carlos , 1825-1891  //;;;Nuevo aparato de medir bases geodésicas;;por Carlos Ibáñez e Ibáñez;;[s.n.]  Imp. del Memorial de Ingenieros;;[S.l.] , Madrid;1869;XVI, 176 p., [3] h. pleg. de lám. , 23 cm ,;Ciencias aplicadas. Tecnología // Ingeniería. Minería // Ciencias puras. Ciencias naturales // Astronomía. Astrofísica. Geodesia //;;;;;;;;;;Geodesia -- Aparatos e instrumentos --  //;;;;;;;;528.511  //  62  //;;;;;;;;;;;;;;;sp;spa;;;Libro;;12/258569(2) //;http://bdh-rd.bne.es/viewer.vm?id=0000069915&page=1 **;http://bdh-rd.bne.es/text.vm?id=0000069915&first=1&last=190 **
bimo0001969567;Herranz y Quirós, Diego Narciso , n. 1755  //;;;Compendio mayor de gramática castellana para uso de los niños que concurren a las escuelas dispuesto en forma de diálogo para la mejor instrucción de la juventud;;por Diego Narciso Herranz y Quirós;17ª ed.;[s.n.]  por Julián Viana Razola;;[S.l.] , Madrid;1831;112 p. , 15 cm ,;Lingüística. Literatura // Lengua española //;;;;;;;;;;Lengua española -- Libros escolares --  //;;;;;;;;811.134.2(07)  //  811.134.2'36  //;;;;;;;;;;;;;;;sp;spa;;;Libro;;12/257481 //;http://bdh-rd.bne.es/viewer.vm?id=0000051682&page=1 **;http://bdh-rd.bne.es/text.vm?id=0000051682&first=1&last=119 **
bimo0001969680;Gorringe, Henry Honey-church  // Guerrero Vergara, Ramón  //;;;Derrotero del Río de la Plata;;"por el lieutenant-commander Henry H. Gorringe ...; traducido para la oficina hidrográfica por Ramón Guerrero Vergara";;Imp. de la Librería del Mercurio de A. y M. Echeverría;;Santiago;1875;269 p., [2] h. pleg. de planos, [1] h. de lám. , il. , 26 cm ,;Geografía. Biografías. Historia // Geografía //;;Índice  //;;;;;;;;Derroteros -- Río de la Plata (Estuario) --  //;;;;;;;;912(82+899):656.618  //  (82)  //  (899)  //;;;;;;;;;;;;;;;cl;spa;eng;spa //;Libro;;GMm/1633 //;http://bdh-rd.bne.es/viewer.vm?id=0000091741&page=1 **;http://bdh-rd.bne.es/text.vm?id=0000091741&first=1&last=287 **
bimo0001970203;Un Religioso Misionero Franciscano  //;;;Memoria apologética sobre la utilidad y servicios prestados a España por los religiosos misioneros de Filipinas;;redactada por un religioso misionero franciscano;;[s.n.]  Imp. de R. Labajos;;[S.l.] , Madrid;1869;81, [8] p. , 25 cm ,;Religión. Teología // Cristianismo. Historia eclesiástica //;;;;;;;;;;Misiones -- Filipinas -- Historia --  // Órdenes y congregaciones religiosas -- Filipinas --  //;;;;;;;;"(599)  //  266(599)""15/18""  //  271(599)""15/18""  //";;;;;;;;;;;;;;;sp;spa;;;Libro;;12/274448 //;http://bdh-rd.bne.es/viewer.vm?id=0000086733&page=1 **;http://bdh-rd.bne.es/text.vm?id=0000086733&first=1&last=100 **
bimo0001973450;Azcutia, Manuel , 1815-1889  //;;[Biblia.] //;La muerte de Jesús poema épico, escrito y dedicado a Pío IX;;por Manuel Azcutia;;[s.n.]  Imp. de La Publicidad, a cargo de M. Rivadeneyra;;[S.l.] , Madrid;1848;XV, 285 p. , 15 cm ,;Lingüística. Literatura // Literatura española //;;Incluye (p. [217]-285): Palabras textuales de los Santos Evangelios, a los cuales se refieren en un todo las palabras del poema  //;;;;;;;;;;;;;;;;"821.134.2-14""18""  //";;;;;;;;;;;;;;;sp;spa;;;Libro;;12/260204 //;http://bdh-rd.bne.es/viewer.vm?id=0000051687&page=1 **;http://bdh-rd.bne.es/text.vm?id=0000051687&first=1&last=323 **
bimo0001974177;;Exposición Universal , 1888 Barcelona  //;;Catálogo general oficial;;Exposición Universal de Barcelona, 1888;;s.n.  Imp. de los Sucesores de N. Ramírez y Cª;;[S.l. , Barcelona;1888;880, LXXXIV p., [1] h. pleg. de plano , il. , 22 cm ,;Geografía. Biografías. Historia // Atlas // Ciencia y cultura en general // Bibliografía. Catálogos. Obras de consulta //;;;;;;;;;;Exposición Internacional de Barcelona --  //;;;;;;;;"061.41 Barcelona ""1888""  //";;;;;;;;;;;;;;;sp;spa;;;Libro;;GMM/2540 // GMM/2540 //;http://bdh-rd.bne.es/viewer.vm?id=0000001807 **
bimo0001974273;Juan de los Ángeles (O.F.M.)  // Sala, Jaime , 1871-1914  // Fuentes, Gregorio  //;;;Obras místicas del M.R.P. Fr. Juan de los Ángeles, ministro provincial de la antigua Provincia Franciscano/Descalza de San José;;"anotadas y precedidas de una introducción bio-bibliográfica por el P. Fr. Jaime Sala ; revisada, anotada y precedida de unas ligeras notas biográficas del P. Jaime Sala por el P. Fr. Gregorio Fuentes";;Bailly Baillière;;Madrid;1912 - 1917;"2 v. (LXVII, 574; XV, 527 p.) , 26 cm ,";Religión. Teología // Teología // Nueva biblioteca de autores españoles, 20, 24 //;;;;;;;;;;Misticismo --  //;;;;;;;;248.2  //;;;;;;;;;;;;;;;sp;spa;;;Libro;;INV_08:860_NUE<020> // INV_08:860_NUE<024> //;http://bdh-rd.bne.es/viewer.vm?id=0000022952&page=1 ** http://bdh-rd.bne.es/viewer.vm?id=0000022952&page=353 ** http://bdh-rd.bne.es/viewer.vm?id=0000022952&page=555 ** http://bdh-rd.bne.es/viewer.vm?id=0000022952&page=647 ** http://bdh-rd.bne.es/viewer.vm?id=0000022952&page=658 ** http://bdh-rd.bne.es/viewer.vm?id=0000022952&page=1005 ** http://bdh-rd.bne.es/viewer.vm?id=0000022952&page=1202 **;http://bdh-rd.bne.es/text.vm?id=0000022952&first=1&last=352 ** http://bdh-rd.bne.es/text.vm?id=0000022952&first=353&last=554 ** http://bdh-rd.bne.es/text.vm?id=0000022952&first=555&last=646 ** http://bdh-rd.bne.es/text.vm?id=0000022952&first=647&last=657 ** http://bdh-rd.bne.es/text.vm?id=0000022952&first=658&last=1004 ** http://bdh-rd.bne.es/text.vm?id=0000022952&first=1005&last=1201 ** http://bdh-rd.bne.es/text.vm?id=0000022952&first=1202&last=1210 **
bimo0001975214;;Sociedad de San Vicente de Paúl  //;;Reglamento general con las notas aclaratorias publicadas en 21 de noviembre de 1853 por el Consejo General de la Sociedad;;;;[s.n.]  Colegio de Sto. Tomás;;[S.l.] , Manila;1861;366 p. , 1 retr. , 17 cm ,;Religión. Teología // Cristianismo. Historia eclesiástica //;;;;;;;;;;Sociedad de San Vicente de Paúl -- Reglamentos--  //;;;;;;;;267 Sociedad de San Vicente de Paúl (060.13)  //;;;;;;;;;;;;;;;ph;spa;;;Libro;;9/258149 //;http://bdh-rd.bne.es/viewer.vm?id=0000129205&page=1 **;http://bdh-rd.bne.es/text.vm?id=0000129205&first=1&last=375 **
bimo0001978909;Gómez Carrillo, Enrique , 1873-1927  //;;;Cuentos escogidos de los mejores autores franceses contemporáneos;;traducción española con prefacio y noticias literarias de Enrique Gómez Carrillo;;Garnier Hermanos, Libreros-Editores;;París;1893;VIII, 333 p. , 17 cm ,;Lingüística. Literatura // Literatura //;;;;;;;;;;Cuentos franceses -- S.XIX --  //;;;;;;;;"821.133.1-34""18""(082.2)  //";;;;;;;;;;;;;;;fr;spa;fre;spa //;Libro;;12/264672 //;http://bdh-rd.bne.es/viewer.vm?id=0000088251&page=1 **;http://bdh-rd.bne.es/text.vm?id=0000088251&first=1&last=355 **
bimo0001982106;Albear y Lara, Francisco de , 1816-1887  //;;;Apuntes sobre el estado del ejército belga en 1844 noticia dada al Excmo. Sr. Ingeniero General D. Antonio Remón Zarco del Valle;;por el primer Comandante de Ingenieros D. Francisco José de Albear y Lara;;Imprenta Nacional;;Madrid;1848;X, 217 p., [4] h. de lám. , 23 cm ,;Geografía. Biografías. Historia // Atlas // Historia de distintos países //;;;;;;;;;;Ejército -- Bélgica -- Historia --  //;;Madrid, España //;;;;;;"355.351(493)""18""  //";;;;;;;;;;;;;;;sp;spa;;;Libro;;GMm/1634(2) // GMm/1634(2) // GMM/1634(2) //;http://bdh-rd.bne.es/viewer.vm?id=0000000472 **
bimo0001982140;Remón Zarco del Valle, Mariano  //;;;Noticias acerca de la fuerza y organización militar de la Suecia recogidas durante su viaje a aquel reino en 1850;;por el capitán de infantería Mariano Remón Zarco del Valle ...;;[s.n.]  Imp. del Memorial de Ingenieros;;Madrid;1852;20 p. , 23 cm ,;Geografía. Biografías. Historia // Atlas // Historia de distintos países //;Mapas y planos incluidos: [1. Suecia. Mapas generales. 1852.]//;;;;;;;;;Ejército -- Suecia -- Historia --  //;;;;;;;;"355.351(485)""18""  //";;;;;;;;;;;;;;;sp;spa;;;Libro;;GMm/1634(6) // GMm/1634(6) // GMM/1634(6) //;http://bdh-rd.bne.es/viewer.vm?id=0000000443 **
bimo0001982147;Remón Zarco del Valle, Mariano  //;;;Memoria sobre la fuerza y organización del ejército dinamarqués;;por el capitán D. Mariano Remón Zarco del Valle;;[s.n.]  Imp. del Memorial de Ingenieros;;Madrid;1856;24 p. , 23 cm ,;Geografía. Biografías. Historia // Atlas // Historia de distintos países //;;;;;;;;;;Ejército -- Dinamarca -- Historia --  //;;Madrid, España //;;;;;;"355.351(489)""18""  //";;;;;;;;;;;;;;;sp;spa;;;Libro;;GMm/1634(8) // GMm/1634(8) // GMM/1634(8) //;http://bdh-rd.bne.es/viewer.vm?id=0000000196 **
bimo0001982374;López Bago, Eduardo , ca. 1855-1931  //;;;La soltera (segunda parte de La señora de López) : novela social;;por Eduardo López Bago;;Juan Muñoz y Compañía;;Madrid;1886;274 p. , 19 cm ,;Lingüística. Literatura // Literatura española // Biblioteca del renacimiento literario //;;Precede al título: La mujer honrada  //;;;;;;;;;;;;;;;;"821.134.2-31""18""  //";;;;;;;;;;;;;;;sp;spa;;;Libro;;12/266933 //;http://bdh-rd.bne.es/viewer.vm?id=0000051696&page=1 **;http://bdh-rd.bne.es/text.vm?id=0000051696&first=1&last=287 **
bimo0001982993;Milton, John , 1608-1674  // St. John, James Augustus , 1801-1875  //;;[Prosa] //;The prose works of John Milton;;with a preface, preliminary remarks, and notes by J. A. St. John;;Henry G. Bohn;;London;1848 - 1853;5 v. , lám. , 19 cm ,;Ciencia y cultura en general // Bohn's standard library, 37, 39, 40, 81 y 85 //;"v. 1. A defence of the people of Englad ; The second defence of the England ; Eikonoklstes (XL, 496 p.) -- v.2. The tenure of kings and magistrates ; Areopagitica ; Tracts on the Commonwealth ... (548, 40 p.) -- v. 3.The likeliest means to remove hirelings out of the church ; Animadversions upon the remonstrants' defence ; Apology for Smectymnuus ... (522, 40 p.) -- v. 4. A treatise on Christian doctrine compiled from the Holy Scriptures alone / traslated from the original by Charles R. Sumner (XXXVII, 494 p.) -- v. 5. A treatise on Christian doctrine compiled from the Holy Scriptures alone / traslated from the original by Charles R. Sumner ; The histrory of Britain ; The history of Moscova (IV, 522 p.)// v. 1. A defence of the people of Englad ; The second defence of the England ; Eikonoklstes (XL,496 p.) -- v.2. The tenure of kings and magistrates ; Areopagitica ; Tracts on the Commonwealth ... (548, 40 p.) -- v. 3.The likeliest means to remove hirelings out of the church ; Animadversions upon the remonstrants' defence ; Apology for Smectymnuus ... (522, 40 p.) -- v. 4. A treatise on Christian doctrine compiled from the Holy Scriptures alone / traslated from the original by Charles R. Sumner (XXXVII, 494 p.) -- v. 5. A treatise on Christian doctrine compiled from the Holy Scriptures alone / traslated from the original by Charles R. Sumner ; The histrory of Britain ; The history of Moscova (IV, 522 p.)//";;;;;;;;;;;;;;;;;081 Milton, John  //;;;;;;;;;;;;;;;xx;eng;;;Libro;;U/7321 // U/7322 // U/7323 // U/7324 // U/7325 //;http://bdh-rd.bne.es/viewer.vm?id=0000047147&page=1 ** http://bdh-rd.bne.es/viewer.vm?id=0000047147&page=554 ** http://bdh-rd.bne.es/viewer.vm?id=0000047147&page=1157 ** http://bdh-rd.bne.es/viewer.vm?id=0000047147&page=1732 ** http://bdh-rd.bne.es/viewer.vm?id=0000047147&page=2271 **;http://bdh-rd.bne.es/text.vm?id=0000047147&first=1&last=553 ** http://bdh-rd.bne.es/text.vm?id=0000047147&first=554&last=1156 ** http://bdh-rd.bne.es/text.vm?id=0000047147&first=1157&last=1731 ** http://bdh-rd.bne.es/text.vm?id=0000047147&first=1732&last=2270 ** http://bdh-rd.bne.es/text.vm?id=0000047147&first=2271&last=2803 **
bimo0001992202;Muñoz, Mariano Donato , 1823-1894  //;;;Memoria que el ex-Secretario General de Estado y actual Ministro de Comercio, Justicia y Relaciones Exteriores de la República de Bolivia presenta a la Asamblea Naiconal Constituyente reunida en 1868;;;;[s.n.]  Imp. Paceña;;[S.l.] , La Paz de Ayacucho;1868;314 p., [5] h. pleg., [4] h. , 30 cm ,;Geografía. Biografías. Historia // Historia de América Latina //;;;;;;;;;;Bolivia -- Política y gobierno -- 1825-1879 --  //;;;;;;;;"(84)  //  32(84)""1825/79""  //  94(84)""1825/79""(093)  //";;;;;;;;;;;;;;;bo;spa;;;Libro;;12/277151 //;http://bdh-rd.bne.es/viewer.vm?id=0000088247&page=1 **;http://bdh-rd.bne.es/text.vm?id=0000088247&first=1&last=381 **
bimo0001993146;Lavoix, Henri , 1846-1897  //;;;Les traducteurs de Shakespeare en musique;;par H. Lavoix Fils;;Liepmanssohn et Dufour;;Paris;1869;32 p. , 23 cm ,;;;Separata de: Revue et gazette musicale de Paris  //;;;;;;;;Shakespeare, William -- Adaptaciones musicales --  //;;;;;;;;821.111 Shakespeare, William 2.07:782.1  //  782.1.034/.035  //;;;;;;;;;;;;;;;fr;fre;;;Libro;;M/17673(12) //;http://bdh-rd.bne.es/viewer.vm?id=0000057784&page=1 **;http://bdh-rd.bne.es/text.vm?id=0000057784&first=1&last=30 **
bimo0001994137;Baedeker, Karl  //;;;La Suisse et les parties limitrophes de l'Italie, de la Savoie et du Tyrol Manuel du voyageur;Suisse  //;par K. Baedeker;6e éd. corr.;Karl Baedeker;;Coblenz;1864;XLVI, 442 p., [38] h. de lám. col. y n. (algunas pleg.) , il. , 16 cm ,;Geografía. Biografías. Historia // Atlas // Guides-Baedeker //;1. Basilea (Suiza). Planos de población. 1864. 2. Suiza. NE. Mapas generales. 1864. 3. Constanza (Lago). Mapas generales. 1864. 4. Zurich (Suiza). Planos de población. 1864. 5. Zúrich (Suiza) (Lago). Mapas generales. 1864. 6. Lucerna (Suiza). Planos de población. 1864. 7. Alpes (Cordillera). Perfiles. 1864. 8. Lucerna (Suiza) (Lago). Mapas generales. 1864. 9. Berna (Suiza). Planos de población. 1864. 10. Alpes (Cordillera). Perfiles. 1864. 11. Oberland Bernois (Suiza). Mapas generales. 1864. 12. Valais (Suiza) (Cantón). Mapas generales. 1864. 13. Ginebra (Suiza). Planos de población. 1864. 14. Leman (Suiza) (Lago). Mapas generales. 1864. 15. Lausana (Suiza). Planos de población. 1864. 16. Mont blanc (Montaña). Mapas generales. 1864. 17. Mont blanc (Macizo). Perfiles. 1864. 18. Valais. S. (Suiza) (Cantón). Mapas generales. 1864. 19. Monte Rosa (Macizo). Mapas generales. 1864. 20. Gornergrat (Suiza)-Zermatt (Suiza). Perfiles. 1864. 21. Appenzell (Suiza) (Cantón) (Alrededores). Mapas generales. 1864. 22. Bernina (Macizo). Mapas generales. 1864. 23. Piz Languard (Suiza) (Montaña). Vistas. 1864. 24. Lugano (Lago) (Alrededores). Mapas generales. 1864. 25. Milán (Italia). Planos de población. 1864. 26. Suiza. Mapas físicos. 1864. 27. Suiza. Mapas generales. 1864.// 1. Basilea (Suiza). Planos de población. 1864. 2. Suiza. NE. Mapas generales. 1864. 3. Constanza (Lago). Mapas generales. 1864. 4. Zurich (Suiza). Planos de población. 1864. 5. Zúrich (Suiza) (Lago). Mapas generales. 1864. 6. Lucerna (Suiza). Planos de población. 1864. 7. Alpes (Cordillera). Perfiles. 1864. 8. Lucerna (Suiza) (Lago). Mapas generales. 1864. 9. Berna (Suiza). Planos de población. 1864. 10. Alpes (Cordillera). Perfiles. 1864. 11. Oberland Bernois (Suiza). Mapas generales. 1864. 12. Valais (Suiza) (Cantón). Mapas generales. 1864. 13. Ginebra (Suiza). Planos de población. 1864. 14. Leman (Suiza) (Lago). Mapas generales. 1864. 15. Lausana (Suiza). Planos de población. 1864. 16. Mont blanc (Montaña). Mapas generales. 1864. 17. Mont blanc (Macizo). Perfiles. 1864. 18. Valais. S. (Suiza) (Cantón). Mapas generales. 1864. 19. Monte Rosa (Macizo). Mapas generales. 1864. 20. Gornergrat (Suiza)-Zermatt (Suiza). Perfiles. 1864. 21. Appenzell (Suiza) (Cantón) (Alrededores). Mapas generales. 1864. 22. Bernina (Macizo). Mapas generales. 1864. 23. Piz Languard (Suiza) (Montaña). Vistas. 1864. 24. Lugano (Lago) (Alrededores). Mapas generales. 1864. 25. Milán (Italia). Planos de población. 1864. 26. Suiza. Mapas físicos. 1864. 27. Suiza. Mapas generales. 1864.//;;;;;;;;;Saboya (Francia) -- Guías turísticas --  // Italia septentrional -- Guías turísticas --  // Suiza -- Guías turísticas --  // Tirol -- Guías turísticas --  //;;;;;;;;"913(449.93/.94)""18""(036)  //  913(450.2/.4)""18""(036)  //  913(494)""18""(036)  //  913(436.6)""18""(036)  //";;;;;;;;;;;;;;;gw;fre;;;Libro;;GMM/2588 // GMM/2588 // GMM/2588 //;http://bdh-rd.bne.es/viewer.vm?id=0000000088 **
bimo0002001728;Vignau, Antonio  //;;;Guía de ferrocarriles de la isla de Cuba según datos oficiales tomados de las mismas empresas;;coleccionados por Antonio Vignau;4ª ed.;"[s.n.]  Imp. ""Los Montieles""";;[S.l.] , Habana;1891;XXIV, 128 p., [1] h. pleg. de mapa , 17 cm ,;Ciencias aplicadas. Tecnología // Transportes. Correos. Telecomunicaciones //;;Título tomado de la cub.  //;;;;;;;;Ferrocarriles -- Cuba -- Distancias, itinerarios, etc. --  // Transportes ferroviarios -- Tarifas -- Cuba --  //;;;;;;;;656.2.02(729.1)  //  656.2.03(729.1)  //;;;;;;;;;;;;;;;cu;spa;;;Libro;;12/285851 //;http://bdh-rd.bne.es/viewer.vm?id=0000086732&page=1 **;http://bdh-rd.bne.es/text.vm?id=0000086732&first=1&last=158 **
bimo0002009544;;Academia de Artillería (Segovia)  //;;Óxidos metálicos;;;;[s.n.]  Litografia de la Academia;;[S.l.] , Segovia;1875;16 p. , 22 cm ,;Geología //;;Precede al título: Academia de Artillería  //;;;;;;;;Óxidos --  //;;;;;;;;55  //;;;;;;;;;;;;;;;sp;spa;;;Libro;;1/70299(2) //;http://bdh-rd.bne.es/viewer.vm?id=0000076127&page=1 **;http://bdh-rd.bne.es/text.vm?id=0000076127&first=1&last=17 **
bimo0002032442;Vidal, Victorin  //;;;L'Andorre;;par Victorin Vidal;;Librairie centrale;;Paris;1866;196 p. , 20 cm ,;Geografía. Biografías. Historia // Atlas // Historia de distintos países //;;;;;;;;;;Andorra -- Descripción --  //;;Andorra //;;;;;;908(467.2)  //;;;;;;;;;;;;;;;fr;fre;;;Libro;;GMm/1747 // GMm/1747 //;http://bdh-rd.bne.es/viewer.vm?id=0000001553 **
bimo0002039363;Velázquez y Sánchez, José , 1826-1880  //;;;La embajada marroquí en 1766;;episodio sevillano por José Velázquez y Sánchez;;[s.n.]  Estab. Tip. de La Andalucía;;[S.l.] , Sevilla;1861;52 p. , 15 cm ,;Ciencias sociales // Etnología. Folclore // Biblioteca de La Andalucía //;;Título tomado de la cub.  //;;;;;;;;Visitas de Estado -- Sevilla --  // Marruecos -- Servicio diplomático y consular -- España -- Historia --  //;;;;;;;;"394.44(460.353 S.)""17""  //  341.7(64:460)""17""  //";;;;;;;;;;;;;;;sp;spa;;;Libro;;AFRGFC/120/19 //;http://bdh-rd.bne.es/viewer.vm?id=0000123951&page=1 **;http://bdh-rd.bne.es/text.vm?id=0000123951&first=1&last=26 **
bimo0002040479;Fuente, Vicente de la , 1817-1889  //;;;Andrés Tunn o El Tuno;El Tuno  //;por Vicente de la Fuente;7ª ed.;[s.n.]  Imp. de la Misión Católica;;[S.l.] , Tánger;1893;90 p. , 15 cm ,;Lingüística. Literatura // Literatura española // El protestante protestado //;;;;;;;;;;;;;;;;;;"821.134.2-32""18""  //";;;;;;;;;;;;;;;mr;spa;;;Libro;;AFRGFC/121/12 //;http://bdh-rd.bne.es/viewer.vm?id=0000121550&page=1 **;http://bdh-rd.bne.es/text.vm?id=0000121550&first=1&last=98 **
bimo0002050354;Vicetto, Benito , 1824-1878  //;;;Rafael Gómez;;por B. Vicetto;;[s.n.]  Imp. de El Correo Sevillano;;[S.l.] , Sevilla;1851;67 p. , 12 cm ,;Anales penitenciarios //;;;;;;;;;;;;;;;;;;"821.134.2-32""18""  //";;;;;;;;;;;;;;;sp;spa;;;Libro;;12/328362 //;http://bdh-rd.bne.es/viewer.vm?id=0000069886&page=1 **;http://bdh-rd.bne.es/text.vm?id=0000069886&first=1&last=71 **
bimo0002051253;Almadiero Roncalés  //;;;La foz de Arbayun;;;;[s.n.]  Imp. de Fortunato J. Istúriz;;[S.l.] , Pamplona;1887;16 p. , 21 cm ,;;;Autor (p. 15): Almadiero Roncalés  //;;;;;;;;Portazgo -- Navarra (Comunidad Autónoma) --  // Madera -- Transporte -- Navarra (Comunidad Autónoma) -- Historia --  //;;;;;;;;336.24(460.16)  //  656.62(460.16):674(091)  //;;;;;;;;;;;;;;;sp;spa;;;Libro;;12/327454 //;http://bdh-rd.bne.es/viewer.vm?id=0000133668&page=1 **;http://bdh-rd.bne.es/text.vm?id=0000133668&first=1&last=20 **
bimo0002051311;;;;Escritoras cubanas composiciones escogidas de las más notables autoras de la isla de Cuba;;obra editada bajo los auspicios de Manuela Herrera de Herrera para ser presentada en la Exposición Universal de Chicago, conmemorativa del IV centenario del descubrimiento de América;;"[s.n.]  Imp. y Papelería ""La Universal"" de Ruiz y Hno.";;[S.l.] , Habana;1893;287 p., [14] h. de lám. , 30 cm ,;Lingüística. Literatura // Literatura hispanoamericana //;;;;;;;;;;Poesías cubanas -- Autoras --  // Poesías cubanas -- S.XIX --  //;;;;;;;;"(729.1)  //  821.134.2(729.1)-14""18""(082.2)  //  821.134.28  //";;;;;;;;;;;;;;;cu;spa;;;Libro;;12/323302 //;http://bdh-rd.bne.es/viewer.vm?id=0000088249&page=1 **;http://bdh-rd.bne.es/text.vm?id=0000088249&first=1&last=301 **
bimo0002051315;Polo de Medina, Salvador Jacinto , 1603-1676  //;;;"Universidad de amor y escuela del interés Hospital de incurables y viaje de este mundo y el otro ; Fábula burlesca de Apolo y Daphne ...";;[Polo de Medina, Salvador J.];;Salvador Manero Bayarri;;[Barcelona;entre 1870 y 1930?;64 p. , 19 cm ,;;;;;;;;;;;;;;;;;;;"821.134.2-34""16""  //";;;;;;;;;;;;;;;sp;spa;;;Libro;;12/326553 //;http://bdh-rd.bne.es/viewer.vm?id=0000062373&page=1 **;http://bdh-rd.bne.es/text.vm?id=0000062373&first=1&last=64 **
bimo0002052099;Güell y Renté, José , 1819-1884  //;;;Hildebranda;;par José Güell y Renté;;[s.n.]  Impr. Ribaudeau & Chevallier;;[S.l.] , Tours;18701870;X, 158 p. , 26 cm ,;;;;;;;;;;;;;;;;;;;"821.133.1-34""18""  //";;;;;;;;;;;;;;;frfr;frefre;;;Libro;;12/323410 //;http://bdh-rd.bne.es/viewer.vm?id=0000060895&page=1 **;http://bdh-rd.bne.es/text.vm?id=0000060895&first=1&last=189 **
bimo0002052815;;;;El gaucho valiente Tenorio del Tandil;;;;José Bosch;;Buenos Aires;1920;39 p. , 17 cm ,;Lingüística. Literatura // Literatura hispanoamericana //;;Título tomado de la cubierta  //;;;;;;;;;;;;;;;;"(82)  //  821.134.2(82)-13""19""  //";;;;;;;;;;;;;;;ag;spa;;;Libro;;12/327707 //;http://bdh-rd.bne.es/viewer.vm?id=0000086076&page=1 **;http://bdh-rd.bne.es/text.vm?id=0000086076&first=1&last=44 **
bimo0002053143;Altswert, Meister  // Holland, Wilhelm Ludwig , 1822-1891  // Keller, Adelbert von , 1812-1883  //;;;Meister Altswert;;herausgegeben von W. Holland und A. Keller;;Litterarischer Verein;;Stuttgart;1850;XXIV, 255 p. , 24 cm ,;Bibliothek des Litterarischen Vereins in Stuttgart, 21 //;;;;;;;;;;;;;;;;;;"821.112.2-1""14""  //";;;;;;;;;;;;;;;gw;ger;;;Libro;;6/8855<21> //;http://bdh-rd.bne.es/viewer.vm?id=0000090043&page=1 **;http://bdh-rd.bne.es/text.vm?id=0000090043&first=1&last=287 **
bimo0002053151;Andersen, Hans Christian , 1805-1875  //;;;I Spanien;;af H. C. Andersen;2. udgave;Reitzels;;Kjobenhavn;1878;225 p. , 18 cm ,;Geografía. Biografías. Historia // Atlas // Exploraciones. Viajes //;;;;;;;;;;España -- Descripción --  //;;;;;;;;"821.113.4-992""18""  //  913(460)""18""  //";;;;;;;;;;;;;;;dk;dan;;;Libro;;GMM/1854 // GMM/1854 //;http://bdh-rd.bne.es/viewer.vm?id=0000000136 **
bimo0002055032;Kraemer, Robert von  //;;;Två resor i Spanien;;af Robert von Kraemer;;P.A. Huldbergs Bokhandel;;Stockholm;1860;195 p., [8] h. de lám. , 21 cm ,;Geografía. Biografías. Historia // Exploraciones. Viajes //;Mapas y planos incluidos: [3. Madrid. Vistas. 1860.]// Mapas y planos incluidos: [3. Madrid. Vistas. 1860.]//;;;;;;;;;España -- Descripción --  //;;;;;;;;"913(460)""18""  //";;;;;;;;;;;;;;;sw;swe;;;Libro;;GMM/1851\xdigatdig // GMM/1851\xdig91dig //;http://bdh-rd.bne.es/viewer.vm?id=0000000140 **
bimo0002056404;Odriozola, Victoriano  //;;;La patata : su cultivo y explotación;;por Victoriano Odriozola;;Librería Agrícola y Casa Editorial de Rivas Moreno;;Madrid , Imp. de los Hijos de M.G. Hernández;1899;91 p. , 23 cm ,;Biblioteca del agricultor, v. 3 //;;;;;;;;;;Patata -- Cultivo --  //;;;;;;;;633.491  //  633/635  //;;;;;;;;;;;;;;;sp;spa;;;Libro;;6/9124<3> //;http://bdh-rd.bne.es/viewer.vm?id=0000089073&page=1 **;http://bdh-rd.bne.es/text.vm?id=0000089073&first=1&last=115 **
bimo0002059346;;;;The Roman Catholic question [nº 1- XV;;;;James Gilbert;;London;1851;1 v. (pags. var.) , 23 cm ,;Religión. Teología // Cristianismo. Historia eclesiástica //;;Título tomado de la cabecera  //;;;;;;;;Iglesia Católica -- Inglaterra --  //;;;;;;;;282(410.1)  //  26  //;;;;;;;;;;;;;;;xx;eng;;;Libro;;U/7299 //;http://bdh-rd.bne.es/viewer.vm?id=0000080574&page=1 **;http://bdh-rd.bne.es/text.vm?id=0000080574&first=1&last=271 **
bimo0002060587;Oña, Pedro de , 1570-ca. 1643  //;;;El temblor de Lima de 1609;;"por el licenciado Pedro de Oña ; edición facsimilar precedida de una noticia de El Vasauro, poema inédito del mismo autor ; reimprímelo J. T. Medina";;[s.n.]  Imp. Elzeviriana;;[S.l.] , Santiago de Chile;1909 (fecha del original: 1609);LXXVII p., 23 h. , 28 cm , 1 retr.;Lingüística. Literatura // Literatura hispanoamericana //;;Reproducción de la edición de: [Lima] : Francisco del Canto, 1609  //;;;;;;;;;;;;;;;;"821.134.2(83)-13""16""  //";;;;;;;;;;;;;;;cl;spa;;;Libro;;12/343734 //;http://bdh-rd.bne.es/viewer.vm?id=0000086731&page=1 **;http://bdh-rd.bne.es/text.vm?id=0000086731&first=1&last=134 **
bimo0002062329;Vilar de la Tejera, C.  //;;;La guerra actual conducta de Francia en sus colonias : opiniones de Pi y Margall y otros;;C. Vilar de la Tejera;;[s.n.]  [Sobs. López Robert y Cª?];;[S.l.] , [Barcelona?];1915;20 p. , 18 cm ,;Colección Popular //;;;;;;;;;;Prisioneros de guerra -- Francia --  // Franceses -- Psicología --  //;;;;;;;;355  //  355.257.7(44)  //  159.922.4(44)  //;;;;;;;;;;;;;;;sp;spa;;;Libro;;AFRGFC/126/4 //;http://bdh-rd.bne.es/viewer.vm?id=0000065356&page=1 **;http://bdh-rd.bne.es/text.vm?id=0000065356&first=1&last=24 **
bimo0002062977;Ternaux-Compans, Henri , 1807-1864  //;;;Les aventures de Don Juan de Vargas racontées par lui-même;;traduites de l'espagnol sur le manuscrit inédit par Charles Navarin;;chez P. Jannet, Libraire;;Paris;1853;184 p. , 17 cm ,;Lingüística. Literatura // Literatura // Bibliothèque elzevirienne, 57 //;;;;;;;;;;;;;;;;;;"821.133.1-31""18""  //";;;;;;;;;;;;;;;fr;fre;;;Libro;;6/8662<57>(1) //;http://bdh-rd.bne.es/viewer.vm?id=0000124437&page=1 **;http://bdh-rd.bne.es/text.vm?id=0000124437&first=1&last=189 **
bimo0002063262;Hay, John Drummond , 1816-1893  // Bailly, Juan Antonio  //;;;Aly Bofrahé, el beduino de los seis dedos : historia del año 1848;;"escrita en inglés por John H. Drummond Hay ; y traducida al español por Juan Antonio Bailly";;[s.n.]  Imp. del Diario de Comercio;;[S.l.] , Sevilla;1849;96 p., [3] h. de lám. , 17 cm ,;;;;;;;;;;;Tetuán -- Historia --  //;;;;;;;;"94(61)  //  94(64 Tetuán)""18""  //";;;;;;;;;;;;;;;sp;spa;eng;spa //;Libro;;AFRGFC/132/41 //;http://bdh-rd.bne.es/viewer.vm?id=0000122524&page=1 **;http://bdh-rd.bne.es/text.vm?id=0000122524&first=1&last=108 **
bimo0002069050;;Apostolado de la Prensa  //;;Los religiosos españoles de Filipinas opúsculo de actualidad;;;;Administración del Apostolado de la Prensa;;Madrid;1898;63 p. , 17 cm ,;Religión. Teología // Cristianismo. Historia eclesiástica // Biblioteca del Apostolado de la Prensa, v 82 //;;;;;;;;;;Órdenes y congregaciones religiosas -- Filipinas --  //;;;;;;;;(599)  //  271(599)  //;;;;;;;;;;;;;;;sp;spa;;;Libro;;6/9140<82> //;http://bdh-rd.bne.es/viewer.vm?id=0000129778&page=1 **;http://bdh-rd.bne.es/text.vm?id=0000129778&first=1&last=79 **
bimo0002069403;;Apostolado de la Prensa  //;;Sacrílegos y traidores : la masonería contra la Iglesia y contra España;;;;Administración del Apostolado de la Prensa;;Madrid;1899;58 p. , 17 cm ,;Apostolado de la Prensa, 86 //;;;;;;;;;;Masonería -- España -- S.XIX --  // Masonería -- Aspectos religiosos -- Iglesia Católica --  //;;;;;;;;"061.236.6(460)""18""  //  061.236.6:282  //";;;;;;;;;;;;;;;sp;spa;;;Libro;;6/9140<86> //;http://bdh-rd.bne.es/viewer.vm?id=0000089071&page=1 **;http://bdh-rd.bne.es/text.vm?id=0000089071&first=1&last=75 **
bimo0002069405;;Apostolado de la Prensa  //;;Causas de la catástrofe de España y su remedio : (folleto de actualidad);;;;Administración del Apostolado de la Prensa;;Madrid;1899;64 p. , 17 cm ,;Apostolado de la Prensa, 88 //;;;;;;;;;;Irreligión -- España --  // Clases sociales -- España -- S.XIX --  // España -- Historia -- 1898 -- Causas y antecedentes --  //;;;;;;;;"21  //  211.5(460)""18""  //  316.342.2(460)""18""  //  94(460)""1898""  //";;;;;;;;;;;;;;;sp;spa;;;Libro;;6/9140<88> //;http://bdh-rd.bne.es/viewer.vm?id=0000089039&page=1 **;http://bdh-rd.bne.es/text.vm?id=0000089039&first=1&last=79 **
bimo0002080601;Buondelmonti, Cristoforo , ca. 1385-ca. 1430  // Legrand, Émile , 1841-1903  //;;[Liber insularum archipelagi. Francés-Griego] //;Description des îles de l'Archipel Première partie;;"par Christophe Buondelmonti ; version grecque par un anonyme ; publiée d'après le manuscrit du Sérail, avec une traduction française et un commentaire par Émile Legrand";;Ernest Leroux;;Paris;1897;XL, 259 p. , maps. , 26 cm ,;Geografía. Biografías. Historia // Atlas // Publications de l'École de langues orientales vivantes. 4e série, 14 //;Mapas y grabados incluidos: [Pág. 161. Corfú (Grecia) (Isla). Mapas generales. 1897. Pág. 162. Paxos (Grecia) (Islas). Mapas generales. 1897. Pág. 163. Léucade (Grecia) (Isla). Mapas generales. 1897. Pág. 164. Ítaca (Grecia) (Isla). Mapas generales. 1897. Pág. 167. Zante (Grecia) (Isla). Mapas generales. 1897. Pág. 171. Sapienza (Grecia) (Isla). Mapas generales. 1897. Pag. 172. Citerea (Grecia) (Isla). Mapas generales. 1897. Pág. 174. Cecérigo (Grecia) (Isla). Mapas generales. 1897. Pág. 179. Kárpatos (Grecia) (Isla). Mapas generales. 1897. Pág. 181. Rodas (Grecia) (Isla). Mapas generales. 1897. Pág. 185. Symi (Grecia) (Isla). Mapas generales. 1897. Pág. 187. Épiscopia (Grecia) (Isla). Mapas generales. 1897. Pág. 187. Nisaros (Grecia) (Isla). 1897. Pág. 189. Astipalea (Grecia) (Isla). Mapas generales. 1897. Pág. 192. Policandro (Grecia) (Isla). Mapas generales. 1897. Milo (Grecia) (Isla). Mapas generales. 1897. Pág. 200. Ándros (Grecia) (Isla). Mapas generales. 1897. Pág. 202. Caloyer (Grecia) (Arrecife). Mapas generales. 1897. Pág. 203. Tinos (Grecia) (Isla). Mapas generales. 1897. Pág. 204. Míkonos (Grecia) (Isla). Mapas generales. 1897. Delos (Grecia) (Isla). Mapas generales. 1897. Pág. 209. Paros (Grecia) (Isla). Mapas generales. 1897. Pág. 211. Naxos (Grecia) (Isla). Mapas generales. 1897. Pág. 215. Anaphe (Grecia) (Isla). Mapas generales. 1897. Pág. 216. Amorgós (Grecia) (Isla). Mapas generales. 1897. Pág. 218. Cos (Grecia) (Isla). Mapas generales. 1897. Pág. 221. Kalymnos (Grecia) (Isla). Mapas generales. 1897. Pág. 222. Leros (Grecia) (Isla). Mapas generales. 1897. Pág. 223. Patmos (Grecia) (Isla). Mapas generales. 1897. Pág. 226. Samos (Grecia) (Isla). Mapas generales. 1897. Pág. 230. Quíos (Grecia) (Isla). Mapas generales. 1897. Pág. 233. Mitilene (Grecia) (Isla). Mapas generales. 1897. Pág. 235. Ténedos (Grecia) (Isla). Mapas generales. 1897. Pág. 246. Lemnos (Grecia) (Isla). Mapas generales. 1897. Pág. 254. Negroponte (Grecia) (Isla). Mapas generales. 1897. Pág. 256. Egina (Grecia) (Isla). Mapas generales. 1897.]// Pág. 161. Corfú (Grecia) (Isla). Mapas generales. 1897. Pág. 162. Paxos (Grecia) (Islas). Mapas generales. 1897. Pág. 163. Léucade (Grecia) (Isla). Mapas generales. 1897. Pág. 164. Ítaca (Grecia) (Isla). Mapas generales. 1897. Pág. 167. Zante (Grecia) (Isla). Mapas generales. 1897. Pág. 171. Sapienza (Grecia) (Isla). Mapas generales. 1897. Pag. 172. Citerea (Grecia) (Isla). Mapas generales. 1897. Pág. 174. Cecérigo (Grecia) (Isla). Mapas generales. 1897. Pág. 179. Kárpatos (Grecia) (Isla). Mapas generales. 1897. Pág. 181. Rodas (Grecia) (Isla). Mapas generales. 1897. Pág. 185. Symi (Grecia) (Isla). Mapas generales. 1897. Pág. 187. Épiscopia (Grecia) (Isla). Mapas generales. 1897. Pág. 187. Nisaros (Grecia) (Isla). 1897. Pág. 189. Astipalea (Grecia) (Isla). Mapas generales. 1897. Pág. 192. Policandro (Grecia) (Isla). Mapas generales. 1897. Milo (Grecia) (Isla). Mapas generales. 1897. Pág. 200. Ándros (Grecia) (Isla). Mapas generales. 1897. Pág. 202. Caloyer (Grecia) (Arrecife). Mapas generales. 1897. Pág. 203. Tinos (Grecia) (Isla). Mapas generales. 1897. Pág. 204. Míkonos (Grecia) (Isla). Mapas generales. 1897. Delos (Grecia) (Isla). Mapas generales. 1897. Pág. 209. Paros (Grecia) (Isla). Mapas generales. 1897. Pág. 211. Naxos (Grecia) (Isla). Mapas generales. 1897. Pág. 215. Anaphe (Grecia) (Isla). Mapas generales. 1897. Pág. 216. Amorgós (Grecia) (Isla). Mapas generales. 1897. Pág. 218. Cos (Grecia) (Isla). Mapas generales. 1897. Pág. 221. Kalymnos (Grecia) (Isla). Mapas generales. 1897. Pág. 222. Leros (Grecia) (Isla). Mapas generales. 1897. Pág. 223. Patmos (Grecia) (Isla). Mapas generales. 1897. Pág. 226. Samos (Grecia) (Isla). Mapas generales. 1897. Pág. 230. Quíos (Grecia) (Isla). Mapas generales. 1897. Pág. 233. Mitilene (Grecia) (Isla). Mapas generales. 1897. Pág. 235. Ténedos (Grecia) (Isla). Mapas generales. 1897. Pág. 246. Lemnos (Grecia) (Isla). Mapas generales. 1897. Pág. 254. Negroponte (Grecia) (Isla). Mapas generales. 1897. Pág. 256. Egina (Grecia) (Isla). Mapas generales. 1897.//;;;;;;;;;Islas -- Grecia --  //;;;;;;;;914.95(210.7)  //;;;;;;;;;;;;;;;fr;gre;;;Libro;;GMM/2598 // GMM/2598 //;http://bdh-rd.bne.es/viewer.vm?id=0000000123 **
bimo0002083438;Sigüenza y Góngora, Carlos de , 1645-1700  //;;;Piedad heróica de Don Fernando Cortés, Marqués del Valle;;Carlos de Sigüenza y Góngora;4ª ed.;[s.n.]  Antigua Imp. de Murguia;;[S.l.] , México;1928;84 p. , 24 cm ,;Ciencias sociales // Beneficencia. Seguros //;;;;;;;;;;Cortés, Hernán --  // Hospital de la Inmaculada Concepción de Nuestra Señora (México) -- Historia--  //;;;;;;;;(72)  //  614.21(725.2 M.)(091)  //  929 Cortés, Hernán  //  364.444.046.6(725.2 M.)(091)  //;;;;;;;;;;;;;;;mx;spa;;;Libro;;12/346744 //;http://bdh-rd.bne.es/viewer.vm?id=0000086083&page=1 **;http://bdh-rd.bne.es/text.vm?id=0000086083&first=1&last=107 **
bimo0002083441;Jacolliot, Louis , 1837-1890  //;;[Voyage au pays des éléphants. Español] //;Viaje al país de los elefantes;;"por Luis Jacolliot ; traducido al castellano por el vizconde de San Javier";;Imp. y Librería de Miguel Guijarro;;Madrid;1877;236 p. , 18 cm ,;;;Título original: Voyage au pays des éléphants  //;;;;;;;;Sri Lanka -- Descripción --  //;;;;;;;;"91(5)  //  913(548.7)""18""  //";;;;;;;;;;;;;;;sp;spa;fre;spa //;Libro;;12/349099 //;http://bdh-rd.bne.es/viewer.vm?id=0000140102&page=1 **;http://bdh-rd.bne.es/text.vm?id=0000140102&first=1&last=251 **
bimo0002087063;Tort y Daniel, Jascinto E.  //;;;"Noticia musical del ""lied"" o canço catalana";;Jascinto E. Tort y Daniel;;[s.n.]  Imp. de Henrich y Cía en comandita, Suc. de Ramírez;;Barcelona;1892;42 p. , mus. , 21 cm ,;;;Separata de: Butlletí del Centre Excursionista de Catalunya  //;;;;;;;;Canciones catalanas --  //;;;;;;;;784.3(460.23)  //;;;;;;;;;;;;;;;sp;cat;;;Libro;;M.FOLL/380/4 //;http://bdh-rd.bne.es/viewer.vm?id=0000058281&page=1 **;http://bdh-rd.bne.es/text.vm?id=0000058281&first=1&last=52 **
bimo0002093575;Bruyère, Paul  //;;;Chansons de guerre;;par Paul Bruyère;;Paul Ollendorff;;Paris;1882;181 p. , 19 cm ,;;;;;;;;;;;Canciones patrióticas -- Francia --  //;;;;;;;;784.71(44)  //;;;;;;;;;;;;;;;fr;fre;;;Libro;;M/10363 //;http://bdh-rd.bne.es/viewer.vm?id=0000074518&page=1 **;http://bdh-rd.bne.es/text.vm?id=0000074518&first=1&last=193 **
bimo0002103492;Bobadilla, Emilio , 1868-1921  //;;;Al través de mis nervios (crítica y sátira);;Emilio Bobadilla (Fray Candil);;[s.n.]  Imp. de Henrich y Cª;;[S.l.] , Barcelona;1903;250 p. , 19 cm ,;Lingüística. Literatura // Literatura hispanoamericana // Biblioteca de escritores contemporáneos //;;;;;;;;;;;;;;;;;;"(729.1)  //  821.134.2(729.1)-4""18""  //";;;;;;;;;;;;;;;sp;spa;;;Libro;;6/8644<2> //;http://bdh-rd.bne.es/viewer.vm?id=0000098345&page=1 **;http://bdh-rd.bne.es/text.vm?id=0000098345&first=1&last=273 **
bimo0002103562;Prescott, William Hickling , 1796-1859  // Kirk, John Foster , 1824-1904  //;;;History of the reign of Ferdinand and Isabella the Catholic;;by William H. Prescott;New and rev. ed., with the author's latest corrections and additions /,edited by John Foster Kirk;Swan Sonnenschein, Le Bas & Lowrey;;London;1886;XXVIII, 765 p., [2] h. de mapas , 22 cm ,;Geografía. Biografías. Historia // Historia de España //;;Índice  //;;;;;;;;España -- Historia -- 1474-1516 (Reyes Católicos) --  //;;;;;;;;"94(460)""1474/1516""  //";;;;;;;;;;;;;;;xx;eng;;;Libro;;12/363762 //;http://bdh-rd.bne.es/viewer.vm?id=0000121646&page=1 **;http://bdh-rd.bne.es/text.vm?id=0000121646&first=1&last=811 **
bimo0002110397;Velázquez y Sánchez, José , 1826-1880  //;;;Libro de cuentos blancos y negros, verdes y azules;;por José Velázquez y Sánchez;;Eduardo Perié;;Sevilla;1871;312 p. , 19 cm ,;Lingüística. Literatura // Literatura española // Biblioteca económica de Andalucía, v 27 //;;;;;;;;;;;;;;;;;;"821.134.2-34""18""  //";;;;;;;;;;;;;;;sp;spa;;;Libro;;6/6492<27> //;http://bdh-rd.bne.es/viewer.vm?id=0000124434&page=1 **;http://bdh-rd.bne.es/text.vm?id=0000124434&first=1&last=303 **
bimo0002114712;Guichot, Joaquín , 1820-1906  //;;;Historia general de Andalucía desde los tiempos más remotos hasta 1870;;por Joaquín Guichot;;E. Perié  F. Perié;;SevillaMadrid;1869 - 1871;8 v. , 18 cm ,;Geografía. Biografías. Historia // Historia de España // Tavera // Biblioteca económica de Andalucía //;;;;;;;;;;Andalucía -- Historia --  //;;;;;;;;94(460.35)  //;;;;;;;;;;;;;;;sp;spa;;;Libro;;AfrGF/1092_(V01) // AfrGF/1092 // AfrGF/1093 // AfrGF/1094 // AfrGF/1095 //;http://bdh-rd.bne.es/viewer.vm?id=0000044806&page=1 ** http://bdh-rd.bne.es/viewer.vm?id=0000044806&page=314 ** http://bdh-rd.bne.es/viewer.vm?id=0000044806&page=622 ** http://bdh-rd.bne.es/viewer.vm?id=0000044806&page=921 ** http://bdh-rd.bne.es/viewer.vm?id=0000044806&page=1235 ** http://bdh-rd.bne.es/viewer.vm?id=0000044806&page=1551 ** http://bdh-rd.bne.es/viewer.vm?id=0000044806&page=1841 ** http://bdh-rd.bne.es/viewer.vm?id=0000044806&page=2170 **;http://bdh-rd.bne.es/text.vm?id=0000044806&first=1&last=313 ** http://bdh-rd.bne.es/text.vm?id=0000044806&first=314&last=621 ** http://bdh-rd.bne.es/text.vm?id=0000044806&first=622&last=920 ** http://bdh-rd.bne.es/text.vm?id=0000044806&first=921&last=1234 ** http://bdh-rd.bne.es/text.vm?id=0000044806&first=1235&last=1550 ** http://bdh-rd.bne.es/text.vm?id=0000044806&first=1551&last=1840 ** http://bdh-rd.bne.es/text.vm?id=0000044806&first=1841&last=2169 ** http://bdh-rd.bne.es/text.vm?id=0000044806&first=2170&last=2477 **
bimo0002115346;Heelu, Jan van , fl. 1288  // Willems, Jan Frans , 1793-1846  //;;;Rymkronyk van Jan van Heelu betreffende den slag van Woeringen, van het jaer 1288;Chronique en vers de Jean van Heelu, ou relation de la bataille de Woeringen  // Betreffende den slag van Woeringen  // Codex diplomaticus;uitgegeven met ophelderingen en aenteekeningen van J.F. Willems;;[s.n.]  M. Hayez;;[S.l.] , Brussel;1836;LXIX, 611 p. , il. , 29 cm ,;Collection de chroniques belges inédites //;;"Índice  // Incluye (p. [393]-578): Codex diplomaticus  // Texto y notas en flamenco; introducción en francés; apéndices en flamenco, francés y latín  // Portada adicional en francés  //";;;;;;;;;;;;;;;;"821.112.5-13""12""  //";;;;;;;;;;;;;;;be;dut;;dut // fre // lat //;Libro;;6/11847 //;http://bdh-rd.bne.es/viewer.vm?id=0000090037&page=1 **;http://bdh-rd.bne.es/text.vm?id=0000090037&first=1&last=717 **
bimo0002122543;Bjørnson, Bjørnstjerne , 1832-1910  // Bjørnson, Bjørnstjerne , 1832-1910  // Monnier, Auguste-Jacques  // Albène, A.  //;;;Amour et geographie;;"Björnstjerne Björnson ; traduction d'Auguste Monnier ; préface de Hugues Le Roux. Les nouveaux mariés, traduction de A. Albène et A. Monnier";;A. Savine;;Paris;1895;VIII, 266 p. , 19 cm ,;Bibliothèque cosmopolite //;;;;;;;;;;;;;;;;;;"821.113.5-32""18""  //";;;;;;;;;;;;;;;fr;fre;nor;fre //;Libro;;DGMICRO/63994 //;http://bdh-rd.bne.es/viewer.vm?id=0000062242&page=1 **;http://bdh-rd.bne.es/text.vm?id=0000062242&first=1&last=300 **
bimo0002132410;Cabrera, Raimundo , 1852-1923  //;;;Cartas a Estevez impresiones de viaje;;por Raimundo Cabrera;;[s.n.]  Imp. de Cuba y América;;[S.l.] , Habana;1906;209 p. , il. , 21 cm ,;Geografía. Biografías. Historia // Exploraciones. Viajes //;;;;;;;;;;Europa -- Descripción --  //;;;;;;;;(729.1)  //  913(4)  //;;;;;;;;;;;;;;;cu;spa;;;Libro;;GM/16106 //;http://bdh-rd.bne.es/viewer.vm?id=0000091349&page=1 **;http://bdh-rd.bne.es/text.vm?id=0000091349&first=1&last=239 **
bimo0002133902;Arenales, José  //;;;Memoria histórica sobre las operaciones e incidencias de la División Libertadora, a las órdenes del Gen. D. Juan Antonio Álvarez de Arenales, en su segunda campaña a la Sierra del Perú en 1821;;por José Arenales;;[s.n.]  Imp. de la Gaceta Mercantil;;[S.l.] , Buenos-Ayres;1832;XV, 247 p., [3] h. pleg. de lám. y mapa , 1 retr. , 21 cm ,;Independencia Americana // Geografía. Biografías. Historia // Historia de América Latina //;;;;;;;;;;Álvarez de Arenales, Juan Antonio de --  // Perú -- Historia -- 1820-1829 (Guerra de la Independencia) -- Campañas --  //;;;;;;;;"(85)  //  355.48(85)""1820/29""  //  929 Álvarez de Arenales, Juan Antonio de  //  94(85)""1820/29""  //";;;;;;;;;;;;;;;ag;spa;;;Libro;;9/277658 //;http://bdh-rd.bne.es/viewer.vm?id=0000119245&page=1 **;http://bdh-rd.bne.es/text.vm?id=0000119245&first=1&last=293 **
bimo0002139968;Blasco Ibáñez, Vicente , 1867-1928  // Broutá, Julio , 1892-1932  //;;[Sangre y arena. Alemán] //;Die Arena Roman;;"von Blasco Ibáñez ; [autorisierte Übersetzung von Julio Broutá]";;Südeutsche Monatshefte;;München;1910;489 p. , 18 cm ,;Lingüística. Literatura // Literatura española //;;Título original: Sangre y arena  //;;;;;;;;;;;;;;;;"821.134.2-31""18""  //";;;;;;;;;;;;;;;gw;ger;spa;ger //;Libro;;12/394112 //;http://bdh-rd.bne.es/viewer.vm?id=0000051707&page=1 **;http://bdh-rd.bne.es/text.vm?id=0000051707&first=1&last=503 **
bimo0002140319;Blasco Ibáñez, Vicente , 1867-1928  // Gillespie, W. A.  //;;[Sangre y arena. Inglés] //;Blood and sand a novel;;"by Vincent Blasco Ibáñez ; translated from the Spanish by W.A. Gillespie";;Simpkin, Marshall, Hamilton, Kent and Co.;;London;1913;343 p. , 21 cm ,;Lingüística. Literatura // Literatura española //;;Traducción de: Sangre y arena  //;;;;;;;;;;;;;;;;"821.134.2-31""18""  //";;;;;;;;;;;;;;;xx;eng;spa;eng //;Libro;;12/393104 //;http://bdh-rd.bne.es/viewer.vm?id=0000051710&page=1 **;http://bdh-rd.bne.es/text.vm?id=0000051710&first=1&last=359 **
bimo0002144975;Fournier, Ortaire , 179?-1864  // Cervantes Saavedra, Miguel de , 1547-1616  // Guérin, Th.  //;;;Histoire de don Quichotte;;"racontée à la jeunesse par Ortaire Fournier ; illustrations de Th. Guérin";;Charles Warée;;Paris;1840;355 p., [7] h. de lám. , il. , 18 cm ,;;;Adaptación de: Don Quijote de La Mancha / Miguel de Cervantes Saavedra  //;;;;;;;;;;;;;;;;087.5:82  //;;;;;;;;;;;;;;;fr;fre;;;Libro;;CERV.SEDÓ/3154 //;http://bdh-rd.bne.es/viewer.vm?id=0000091864&page=1 **;http://bdh-rd.bne.es/text.vm?id=0000091864&first=1&last=389 **
bimo0002146267;Bordalo, José Maria , m. 1856  //;;;A tomada de Santarém por D. Affonso Henriques, ou O captivo de Abzechri : drama en 3 actos e 6 quadros;O captivo de Abzechri  //;composição original de José Maria Bordalo;;[s.n.]  na Typographia de S.J.R. da Silva & Comp.ª;;[S.l.] , Lisboa;1843;147 p. , 1 retr. , 20 cm ,;;;;;;;;;;;;;;;;;;;"821.134.3-2""18""  //";;;;;;;;;;;;;;;po;por;;;Libro;;T/17801 //;http://bdh-rd.bne.es/viewer.vm?id=0000091089&page=1 **;http://bdh-rd.bne.es/text.vm?id=0000091089&first=1&last=161 **
bimo0002154352;Famin, César , 1799-1853  // Lacroix, Frédéric  // Bory de Saint-Vincent, Jean-Baptiste-Geneviève-Marcellin  //;;;Chili, Paraguay, Uruguay, Buenos-Ayres;Patagonie, Terre-du-Feu et archipel des Malouines.  // Iles diverses des trois Océans et régions circompolaires.;par M. César Famin. Patagonie, Terre-de-Feu et archipel des Malouines / par M. Frédéric Lacroix. Iles diverses des trois océans et régions circompolaires / par M. le commandeur Bory de Saint-Vincent et par Frédéric Lacroix;;Firmin Didot Frères;;París;1840;1 v. (pág. var.), [5] h. pleg. de mapa, [78] h. de lám. , 22 cm ,;Geografía. Biografías. Historia // Geografía // L'univers: histoire et description de tous les peuples, v 67 //;;Índice  //;;;;;;;;Islas --  // América del Sur -- Descripción --  // Regiones polares -- Descripción --  //;;;;;;;;908(8)  //  908(98/99)  //  913(210.7)  //;;;;;;;;;;;;;;;fr;fre;;;Libro;;1/32478 //;http://bdh-rd.bne.es/viewer.vm?id=0000088559&page=1 **;http://bdh-rd.bne.es/text.vm?id=0000088559&first=1&last=763 **
bimo0002157643;Sicile  // Cocheris, Hippolyte  //;;;Le blason des couleurs en armes, livrees et devises;;"par Sicille ; publié et annoté par Hippolyte Cocheris";;Auguste Aubry;;Paris;1860;XXXII, 120 p., 7 h. de lam , 19 cm ,;Geografía. Biografías. Historia // Biografías. Heráldica. Genealogía // Le tresor des pieces rares ou inedites, 18 //;;;;;;;;;;Simbolismo de los colores --  // Color en heráldica --  //;;;;;;;;159.937.515.5  //  929.622  //;;;;;;;;;;;;;;;fr;fre;;;Libro;;1/35257 //;http://bdh-rd.bne.es/viewer.vm?id=0000078480&page=1 **;http://bdh-rd.bne.es/text.vm?id=0000078480&first=1&last=181 **
bimo0002164355;Moré, Justo , m. 1887  // Moré, Justo , m. 1887  // Gil, Juan , m. 1883  //;;;Teoría musical en preguntas y respuestas extractada del Método de solfeo;;de los señores Moré y Gil;;Zozaya;;Madrid (Carrera de San Jerónimo, 34);1886?;32 p. , 21 cm ,;Hispanoamérica //;;"En la port.: ""Único método de solfeo premiado en la gran Exposición de París de 1878""  // En la cub., propaganda de otras obras publicadas por el editor  // Reimp. de la ed. de: Madrid : Andrés Vidal hijo, 1878  // Obra dividida en tres partes: la primera, para primer año; la segunda, para segundo año; y la tercera y cuarta, para tercer año  // Fecha de publicación basada en La edición musical española hasta 1936, 1995  //";;;;;;;;Solfeo -- Métodos --  //;;;;;;;;78  //;;;;;;;;;;;;;;;sp;spa;;;Libro;;M.Foll/390/14 //;http://bdh-rd.bne.es/viewer.vm?id=0000047384&page=1 **;http://bdh-rd.bne.es/text.vm?id=0000047384&first=1&last=40 **
bimo0002172281;Turquet, C., Abbé  //;;;Cinq ans de captivité à Cabrera, ou Soirées d'un prisonnier d'Espagne;Soirées d'un prisonnier d'Espagne  //;M. Turquet;6e éd.;J. Leffort;;"Lille ;Paris";1887;179 p. , 19 cm ,;;;;;;;;;;;Prisioneros de guerra franceses -- Cabrera (Islas) -- Historia --  // España -- Historia -- 1808-1814 (Guerra de la Independencia) -- Prisioneros --  // Cabrera (Islas) -- Historia --  //;;;;;;;;"929-054.65(=1.44:460.32 Cabrera)""1808/14""  //  94(460)""1808/14""  //  94(460.32 Cabrera)""1808/14""  //";;;;;;;;;;;;;;;fr;fre;;;Libro;;12/421039 //;http://bdh-rd.bne.es/viewer.vm?id=0000052188&page=1 **;http://bdh-rd.bne.es/text.vm?id=0000052188&first=1&last=179 **
bimo0002184141;Bernardin de Saint-Pierre, Henri , 1737-1814  // Martin, Louis-Aimé , 1781-1847  //;;[Obra selecta] //;Oeuvres de Jacques-Henri-Bernardin de Saint-Pierre;;mises en ordre par L. Aimé-Martin;;Auguste Desrez  Lefèvre;;Paris;1838;786 p. , 27 cm ,;Panthéon littéraire. Littérature française //;;;;;;;;;;;;;;;;;;"821.133.1-82""17""  //";;;;;;;;;;;;;;;fr;fre;;;Libro;;6/9024 //;http://bdh-rd.bne.es/viewer.vm?id=0000134530&page=1 ** http://bdh-rd.bne.es/viewer.vm?id=0000134530&page=67 ** http://bdh-rd.bne.es/viewer.vm?id=0000134530&page=397 **;http://bdh-rd.bne.es/text.vm?id=0000134530&first=1&last=66 ** http://bdh-rd.bne.es/text.vm?id=0000134530&first=67&last=396 ** http://bdh-rd.bne.es/text.vm?id=0000134530&first=397&last=400 **
bimo0002184502;Pétis de la Croix, François , 1653-1713  // Loiseleur-Deslongchamps  //;;;Les mille et un jours : contes persans;;"traduits en français par Pétis de La Croix ; suivis de plusieurs autres recueils de contes, traduits des langues orientales";"Nouvelle éd., accompagnée de notes et de notices historiques /,par A. Loiseleur-Deslongchamps ; publiée sous la direction de L. Aimé-Martin";Auguste Desrez;;Paris;1840;706 p. , 27 cm ,;Panthéon littéraire. Littérature orientale. Romans //;;Índice  //;;;;;;;;;;;;;;;;"821.222.1-34  //  821.222.1-34""19""(082.2)  //";;;;;;;;;;;;;;;fr;fre;und;fre //;Libro;;6/9024<47> //;http://bdh-rd.bne.es/viewer.vm?id=0000091541&page=1 **;http://bdh-rd.bne.es/text.vm?id=0000091541&first=1&last=361 **
bimo0002184514;Molière , 1622-1673  // Grimarest, Jean-Léonor de , 1659-1713  //;;[Obras] //;Oeuvres complètes de Molière : avec des notes de tous les commentateurs et une notice historique sur sa vie et ses ouvrages;;par Grimarest;;Auguste Desrez;;Paris;1839;725, 16 p. , 1 retr. , 27 cm ,;Panthéon littéraire. Littérature française //;;;;;;;;;;;;;;;;;;"821.133.1-82""16""  //  821.134.2  //";;;;;;;;;;;;;;;fr;fre;;;Libro;;6/9024<50> //;http://bdh-rd.bne.es/viewer.vm?id=0000091537&page=1 **;http://bdh-rd.bne.es/text.vm?id=0000091537&first=1&last=382 **
bimo0002186273;Orfeo -autor atribuido  // Aluth  // Falconnet, Ernest , 1815-1891  //;;;Les petits poèmes grecs;;"par Orphée, Homére, Hésiode ... [et al.] ; traduits par Aluth, Bignan, Belin de Ballu ... [et al.] ; publiés par Ernest Falconnet ; sous la direction de Aimé-Martin";;Auguste Desrez;;Paris;1839;736 p. , 27 cm ,;Panthéon littéraire. Littérature grecque //;;;;;;;;;;Poesías griegas --  //;;;;;;;;821.14-1(082.2)  //  821.14'02  //;;;;;;;;;;;;;;;fr;fre;grc;fre //;Libro;;6/9024<55> //;http://bdh-rd.bne.es/viewer.vm?id=0000091565&page=1 **;http://bdh-rd.bne.es/text.vm?id=0000091565&first=1&last=749 **
bimo0002186281;Charron, Pierre , 1541-1603  // Buchon, Jean-Alexandre , 1791-1846  //;;;Choix de moralistes français : avec notices biographiques;;par J. A. C. Buchon;;A. Desrez;;Paris;1839;LII, 781 p. , 27 cm ,;Panthéon littéraire. Littérature français //;De la Sagesse / Pierre Charron. Pensées / Blaise Pascal. Sentences et maximes / La Rochefoucauld. Des caractères de ce siècle / La Bruyère. Oeuvres / Vauvenargues// De la Sagesse / Pierre Charron. Pensées / Blaise Pascal. Sentences et maximes / La Rochefoucauld. Des caractères de ce siècle / La Bruyère. Oeuvres / Vauvenargues//;;;;;;;;;Ética --  //;;;;;;;;17  //;;;;;;;;;;;;;;;fr;fre;;;Libro;;6/9024<57> //;http://bdh-rd.bne.es/viewer.vm?id=0000011474&page=1 ** http://bdh-rd.bne.es/viewer.vm?id=0000011474&page=357 ** http://bdh-rd.bne.es/viewer.vm?id=0000011474&page=486 ** http://bdh-rd.bne.es/viewer.vm?id=0000011474&page=531 ** http://bdh-rd.bne.es/viewer.vm?id=0000011474&page=691 ** http://bdh-rd.bne.es/viewer.vm?id=0000011474&page=838 **;http://bdh-rd.bne.es/text.vm?id=0000011474&first=1&last=356 ** http://bdh-rd.bne.es/text.vm?id=0000011474&first=357&last=485 ** http://bdh-rd.bne.es/text.vm?id=0000011474&first=486&last=530 ** http://bdh-rd.bne.es/text.vm?id=0000011474&first=531&last=690 ** http://bdh-rd.bne.es/text.vm?id=0000011474&first=691&last=837 ** http://bdh-rd.bne.es/text.vm?id=0000011474&first=838&last=847 **
bimo0002187665;Bacon, Francis , 1561-1626  // Buchon, Jean-Alexandre , 1791-1846  //;;[Obras. Francés] //;Oeuvres philosophiques, morales et politiques de François Bacon;Oeuvres du Chancelier Bacon  //;avec une notice biographique par J.-A.-C. Buchon;;Auguste Desrez;;Paris;1838;XVI, 788 p., [1] h. pleg. , 27 cm ,;Panthéon littéraire. Littérature anglaise //;;;;;;;;;;Filosofía --  //;;;;;;;;1(081) Bacon, Francis  //;;;;;;;;;;;;;;;fr;fre;eng;fre //;Libro;;6/9024<73> //;http://bdh-rd.bne.es/viewer.vm?id=0000134361&page=1 ** http://bdh-rd.bne.es/viewer.vm?id=0000134361&page=391 ** http://bdh-rd.bne.es/viewer.vm?id=0000134361&page=405 **;http://bdh-rd.bne.es/text.vm?id=0000134361&first=1&last=390 ** http://bdh-rd.bne.es/text.vm?id=0000134361&first=391&last=404 ** http://bdh-rd.bne.es/text.vm?id=0000134361&first=405&last=410 **
bimo0002249918;Perrin, Albert  //;;;Lettre militaire de la position des caserniers;;;;[s.n.]  Imp. Pilloy;;Paris , Paris;1862;16 p. , 24 cm ,;;;;;;;;;;;;;;;;;;;78  //;;;;;;;;;;;;;;;fr;fre;;;Libro;;M/4008(3) //;http://bdh-rd.bne.es/viewer.vm?id=0000073256&page=1 **;http://bdh-rd.bne.es/text.vm?id=0000073256&first=1&last=14 **
bimo0002298182;;;[Biblia.. A.T.. Salmos. Español] //;Los Salmos de David;;;;[s.n.];;[S.l.];entre 1800 y 1899?;[144] p. , 18 cm ,;Religión. Teología // Biblia //;;Título tomado de la cabecera del texto  //;;;;;;;;;;;;;;;;223.2  //;;;;;;;;;;;;;;;xx;spa;;;Libro;;U/10666 //;http://bdh-rd.bne.es/viewer.vm?id=0000053598&page=1 **;http://bdh-rd.bne.es/text.vm?id=0000053598&first=1&last=151 **
bimo0002298515;Balbuena, Benito  //;;;Episodios de la caza;;B. Balbuena;;[s.n.]  R. Velasco;;[S.l.] , Madrid;1898;175 p. ,;Caza y Pesca //;;;;;;;;;;Caza --  // Cazadores -- Anécdotas --  //;;;;;;;;799  //;;;;;;;;;;;;;;;sp;spa;;;Libro;;2/41829 //;http://bdh-rd.bne.es/viewer.vm?id=0000090566&page=1 **;http://bdh-rd.bne.es/text.vm?id=0000090566&first=1&last=185 **
bimo0002298664;Pérez y Bernabeu, Recaredo  //;;;Hidrología médica de Salinetas de Novelda (provincia de Alicante);;por Recaredo Pérez y Bernabeu;;[s.n.]  Estab. Tip. de la Paz;;[S.l.] , Murcia;1882;40 p. , 21 cm ,;Medicina. Farmacia //;;;;;;;;;;Balnearios -- Novelda --  // Aguas minerales -- Novelda --  //;;;;;;;;61  //;;;;;;;;;;;;;;;sp;spa;;;Libro;;VC/3494/15 //;http://bdh-rd.bne.es/viewer.vm?id=0000097336&page=1 **;http://bdh-rd.bne.es/text.vm?id=0000097336&first=1&last=44 **
bimo0002298993;Valdés Rubio, Juan  //;;;Método de equitación;;por Don Juan Valdés;;[s.n.]  Imp. de Leonardo Miñón;;[S.l.] , Valladolid;1885;108 p. , 21 cm ,;Deportes //;;;;;;;;;;Equitación --  //;;;;;;;;796  //;;;;;;;;;;;;;;;sp;spa;;;Libro;;1/42204 //;http://bdh-rd.bne.es/viewer.vm?id=0000084190&page=1 **;http://bdh-rd.bne.es/text.vm?id=0000084190&first=1&last=116 **
bimo0002299087;Piave, Francesco Maria , 1810-1876  //;;[Ernani. Español] //;Hernani : drama lírico en cuatro partes;;;;[s.n.]  Imp. de José Carles Palacios;;[S.l.] , Murcia;1846;32 p. , 15 cm ,;;;Autor: Francesco Maria Piave (Catálogo BNE)  // Título original: Ernani  //;;;;;;;;;;;;;;;;"821.131.1-23""18""  //";;;;;;;;;;;;;;;sp;spa;ita;spa //;Libro;;T/12379 //;http://bdh-rd.bne.es/viewer.vm?id=0000091085&page=1 **;http://bdh-rd.bne.es/text.vm?id=0000091085&first=1&last=24 **
bimo0002299575;Bretón de los Herreros, Manuel , 1796-1873  //;;;Una de tantas comedia en un acto;;por Manuel Bretón de los Herreros;;Librerías de Cuesta y Ríos  Imp. de José María Repullés;;Madrid;1849;31 p. , 21 cm ,;Galería dramática //;;"""D.H.""  //";;;;;;;;;;;;;;;;"821.134.2-22""18""  //";;;;;;;;;;;;;;;sp;spa;;;Libro;;VC/16758/8 //;http://bdh-rd.bne.es/viewer.vm?id=0000092923&page=1 **;http://bdh-rd.bne.es/text.vm?id=0000092923&first=1&last=19 **
bimo0002299964;;;;Festejos Populares en Peñaranda de Bracamonte en los días 15 y 16 de Agosto de 1898;;;;s.n.  Imp. de B. Sánchez;;[Peñaranda;1898;4 h. , 15 cm ,;Fiestas //;;;;;;;;;;Fiestas -- Peñaranda de Bracamonte --  //;;;;;;;;39  //;;;;;;;;;;;;;;;sp;spa;;;Libro;;VC/2454/73 //;http://bdh-rd.bne.es/viewer.vm?id=0000089803&page=1 **;http://bdh-rd.bne.es/text.vm?id=0000089803&first=1&last=12 **
bimo0002300590;Comas Galibern, José  //;;;Guía del viajero en España Itinerario artístico y pintoresco por la Península Ibérica;;obra escrita por José Comas Galibern;;Imprenta y Librería Religiosa y Científica del heredero de D. Pablo Riera;;Barcelona;1881;776 p. , 17 cm ,;;;;;;;;;;;España -- Descripción --  //;;;;;;;;913(460)  //;;;;;;;;;;;;;;;sp;spa;;;Libro;;2/32528 //;http://bdh-rd.bne.es/viewer.vm?id=0000084734&page=1 ** http://bdh-rd.bne.es/viewer.vm?id=0000084734&page=374 ** http://bdh-rd.bne.es/viewer.vm?id=0000084734&page=785 **;http://bdh-rd.bne.es/text.vm?id=0000084734&first=1&last=373 ** http://bdh-rd.bne.es/text.vm?id=0000084734&first=374&last=784 ** http://bdh-rd.bne.es/text.vm?id=0000084734&first=785&last=827 **
bimo0002300886;Puente, Juan de la  //;;;La espantosa y maravillosa vida de Roberto el Diablo, hijo del duque de Normandía, el cual después fue llamado Hombre de Dios;;compuesta por Juan de la Puente;;[s.n.]  Imp. de los Herederos de la Viuda Pla;;[S.l.] , Barcelona;1831;61 p. , 15 cm ,;;;;;;;;;;;;;;;;;;;821.134.2-39  //;;;;;;;;;;;;;;;sp;spa;;;Libro;;3/16503 //;http://bdh-rd.bne.es/viewer.vm?id=0000064753&page=1 **;http://bdh-rd.bne.es/text.vm?id=0000064753&first=1&last=75 **
bimo0002301120;Delgado, Sinesio , 1859-1928  //;;;Las modistillas : sainete en un acto y en verso;;original de Sinesio Delgado;;Administración Lírico-Dramática  Imp. de Manuel G. Hernández;;Madrid;1885;34 p. , 19 cm ,;;;"""Representado por primera vez en el Teatro Lara el día 10 de octubre de 1885""  //";;;;;;;;;;;;;;;;"821.134.2-22""18""  //";;;;;;;;;;;;;;;sp;spa;;;Libro;;T/5354 //;http://bdh-rd.bne.es/viewer.vm?id=0000133456&page=1 **;http://bdh-rd.bne.es/text.vm?id=0000133456&first=1&last=51 **
bimo0002302954;Fernández de los Ríos, Ángel , 1821-1880  //;;;Itinerario descriptivo, pintoresco y monumental de Madrid a Paris;;por Ángel Fernández de los Ríos;;[s.n.]  Ignacio Boix;;[S.l.] , Madrid;1845;37 p. , il. , 39 cm ,;Geografía. Biografías. Historia // Atlas // Atlas temáticos // Exploraciones. Viajes //;;;;;;;;;;España -- Descripción --  // Francia -- Descripción --  //;;;;;;;;913(460)  //  913(44)  //;;;;;;;;;;;;;;;sp;spa;;;Libro;;GMG/925 // GMG/925 // GMG/925 //;http://bdh-rd.bne.es/viewer.vm?id=0000001897 **
bimo0002304051;Urquiola, Vicente de  //;;;Manual de baños de mar;;por Vicente Urquiola y Carlos Zenón de Belaunzaran;;[s.n.]  Imp. de Ignacio Ramón Baroja;;[S.l.] , San Sebastián;1850;IV, 54 p. , 15 cm ,;;;;;;;;;;;Baños de mar --  //;;;;;;;;613.45  //;;;;;;;;;;;;;;;sp;spa;;;Libro;;VC/134/27 //;http://bdh-rd.bne.es/viewer.vm?id=0000052028&page=1 **;http://bdh-rd.bne.es/text.vm?id=0000052028&first=1&last=68 **
bimo0002304184;Llorente Vázquez, Manuel  // Vidart, Luis , 1833-1897  //;;;Cuadros americanos Venezuela, Brasil, California, Guatemala, Montevideo y Ecuador;;"por Manuel LLorente Vázquez ; con un prólogo de Luis Vidart";;Librería de Fernando Fe;;Madrid;1891;432 p. , 19 cm ,;Geografía. Biografías. Historia // Exploraciones. Viajes // Hispanoamérica //;;;;;;;;;;América del Sur -- Descripción --  // América central -- Descripción --  //;;;;;;;;913(728)  //  913(8)  //;;;;;;;;;;;;;;;sp;spa;;;Libro;;4/20944 // 4/20944 //;http://bdh-rd.bne.es/viewer.vm?id=0000125045&page=1 **;http://bdh-rd.bne.es/text.vm?id=0000125045&first=1&last=467 **
bimo0002307427;Escosura, Narciso de la  //;;;Isabel de Baviera o París en 1418 : drama histórico en cinco actos;París en 1418  //;traducido del francés por  Narciso de la Escosura;;[s.n.]  Imp. de José María Repullés;;[S.l.] , Madrid;1838;92 p. , 16 cm ,;;;;;;;;;;;;;;;;;;;"821.133.1-23""18""  //";;;;;;;;;;;;;;;sp;spa;fre;spa //;Libro;;T/15160 //;http://bdh-rd.bne.es/viewer.vm?id=0000091082&page=1 **;http://bdh-rd.bne.es/text.vm?id=0000091082&first=1&last=99 **
bimo0002308066;Márquez Sterling, Manuel , 1872-1934  //;;;Páginas de ajedrez;;"Manuel Márquez Sterling ; con una carta-prólogo de Andrés Clemente Vázquez";;[Ricardo Fé];;Madrid;1896;63 p. , il. , 15 cm ,;Juegos //;;;;;;;;;;Ajedrez --  //;;;;;;;;79  //;;;;;;;;;;;;;;;sp;spa;;;Libro;;1/64113 //;http://bdh-rd.bne.es/viewer.vm?id=0000082977&page=1 **;http://bdh-rd.bne.es/text.vm?id=0000082977&first=1&last=68 **
bimo0002308067;Merelo y Casademunt, José  //;;;Manual de esgrima del fusil armado con bayoneta : (arreglado a la nueva táctica) : de reconocida utilidad para los señores instructores ...;;por José Merelo y Casademunt;;Lib. de D. Gregorio Hernando;;Madrid;1882;62 p., 4 h. pleg. de lám. , 17 cm ,;Deportes //;;;;;;;;;;Bayonetas --  //;;;;;;;;796  //;;;;;;;;;;;;;;;sp;spa;;;Libro;;4/165383 //;http://bdh-rd.bne.es/viewer.vm?id=0000084346&page=1 **;http://bdh-rd.bne.es/text.vm?id=0000084346&first=1&last=85 **
bimo0002308413;Guaza y Gómez-Talavera, Carlos  // Guerra y Alarcón, Antonio  //;;;Músicos, poetas y actores : colección de estudios crítico-biográficos de Salinas, Morales, Victoria, Eslava, Ledesma, Masarnau, García Gutiérrez, Hartzenbusch, Ayala, Maíquez, La Torre y Roméa;;por Carlos Guaza y Gómez-Talavera y Antonio Guerra y Alarcón;;[s.n.]  Imprenta de F. Maroto Hijos;;[S.l.] , Madrid;1884;283 p. , 24 cm ,;Juegos. Espectáculos. Deportes //;;;;;;;;;;Músicos -- España --  // Poetas españoles --  // Actores -- España -- S.XIX --  //;;;;;;;;"929(460)""19"":78  //  929(460)""19"":792.071.2  //  929(460)""19"":82-1  //";;;;;;;;;;;;;;;sp;spa;;;Libro;;2/88136 //;http://bdh-rd.bne.es/viewer.vm?id=0000092013&page=1 **;http://bdh-rd.bne.es/text.vm?id=0000092013&first=1&last=295 **
bimo0002308577;Artigas y Teixidor, Primitivo , 1846-1910  //;;;La fiesta del Ramio en Torroella de Montgrí;;por Primitivo Artigas y Teixidor;;[s.n.]  Imp. Moreno y Rojas;;Madrid;1886;15 p., [2] h. pleg. , 25 cm ,;Fiestas //;;;;;;;;;;Fiestas -- Torroella de Montgrí --  //;;;;;;;;39  //;;;;;;;;;;;;;;;sp;spa;;;Libro;;VE/915/47 //;http://bdh-rd.bne.es/viewer.vm?id=0000089710&page=1 **;http://bdh-rd.bne.es/text.vm?id=0000089710&first=1&last=25 **
bimo0002308758;Delgado, Sinesio , 1859-1928  //;;;Cabecita de pájaro : cuento infantil en un acto, dividido en siete cuadros, en prosa;;original de Sinesio Delgado;;[s.n.]  Imp. de los Hijos de M.G. Hernández;;[S.l.] , Madrid;1910;31 p. , 21 cm ,;;;"""Representado por primera vez en el Teatro del Príncipe Alfonso el día 20 de enero de 1910""  //";;;;;;;;;;;;;;;;"821.134.2-22""18""  //";;;;;;;;;;;;;;;sp;spa;;;Libro;;T/17955 //;http://bdh-rd.bne.es/viewer.vm?id=0000085398&page=1 **;http://bdh-rd.bne.es/text.vm?id=0000085398&first=1&last=51 **
bimo0002310222;Opisso, Alfredo , 1847-1924  //;;;La América sajona : su historia, geografía, industria y costumbres;;Alfredo Opisso;;Librería de Antonio J. Bastinos;;Barcelona;1897;72 p. , il. , 21 cm ,;;;;;;;;;;;América del Norte -- Descripción --  //;;;;;;;;821.134.2-9  //  913(7)  //;;;;;;;;;;;;;;;sp;spa;;;Libro;;2/45270(4) // GMM/2405(1) // GMM/2405(1) //;http://bdh-rd.bne.es/viewer.vm?id=0000000541 **
bimo0002311180;Green, Samuel  // Green, Samuel  // Barnes, Albert , 1798-1870  //;;[Biblia.] //;Notes, explanatory and practical, on the Gospels designed for Sabbath school teachers and Bible classes;;"by Albert Barnes ; carefully revised by Rev. Samuel Green";;Benjamin L. Green;;London;1851;857 p. , 20 cm ,;Religión. Teología // Biblia //;;Índice  //;;;;;;;;Biblia. -- Comentarios --  //;;;;;;;;226.07  //;;;;;;;;;;;;;;;xx;eng;;;Libro;;U/9807 //;http://bdh-rd.bne.es/viewer.vm?id=0000014404&page=1 ** http://bdh-rd.bne.es/viewer.vm?id=0000014404&page=359 ** http://bdh-rd.bne.es/viewer.vm?id=0000014404&page=613 ** http://bdh-rd.bne.es/viewer.vm?id=0000014404&page=872 **;http://bdh-rd.bne.es/text.vm?id=0000014404&first=1&last=358 ** http://bdh-rd.bne.es/text.vm?id=0000014404&first=359&last=612 ** http://bdh-rd.bne.es/text.vm?id=0000014404&first=613&last=871 ** http://bdh-rd.bne.es/text.vm?id=0000014404&first=872&last=894 **
bimo0002312289;Esquerdo, Álvaro , 1853-1921  // Giné y Partagás, Juan , 1836-1903  //;;;La cirugía conservadora del pie discurso presentado a la Real Academia de Medicina y Cirugía de Barcelona por el Dr. D. Álvaro Esquerdo, en el acto de su ingreso en la misma;;;;[s.n.]  Imp. de Federico Sánchez;;[S.l.] , Barcelona;1897;144 p. , 27 cm ,;Medicina. Farmacia //;;Incluye (p. [123]-144) discurso de contestación de D. Juan Giné y Partagás  //;;;;;;;;Pies -- Cirugía --  //;;;;;;;;61  //;;;;;;;;;;;;;;;sp;spa;;;Libro;;VC/71/31 //;http://bdh-rd.bne.es/viewer.vm?id=0000093288&page=1 **;http://bdh-rd.bne.es/text.vm?id=0000093288&first=1&last=149 **
bimo0002312727;Smith, John , fl. 1835  // Smith, John , fl. 1835  //;;;Supplement to the Catalogue raisonné of the works of the most eminent Dutch, Flemish, and French painters ...;Supplement to Smith's Catalogue raisonné of the most eminent Dutch, Flemisch, and French painters  //;by John Smith;;Smith  James Skinner;;London , Edinburgh;1842;IX, 898 p. , 27 cm ,;;;;;;;;;;;Pintura europea -- Catálogos --  //;;;;;;;;75  //  75(4)(083.82)  //;;;;;;;;;;;;;;;xx;eng;;;Libro;;E/289/7 //;http://bdh-rd.bne.es/viewer.vm?id=0000091366&page=1 **;http://bdh-rd.bne.es/text.vm?id=0000091366&first=1&last=917 **
bimo0002316260;Puig y Valls, Rafael , 1845-1920  //;;;Viaje a América Estados Unidos, Exposición Universal de Chicago, México, Cuba y Puerto Rico;;por Rafael Puig Valls;;[s.n.]  Tipolit. de Luis Tasso;;[S.l.] , Barcelona;1894;2 v. (235, 262 p.) , il. , 19 cm ,;Exploraciones. Viajes // Geografía Biografía. Historia // Hispanoamérica //;;;;;;;;;;América -- Descripción --  //;;;;;;;;910  //;;;;;;;;;;;;;;;sp;spa;;;Libro;;GMM/2442_V.1 // GMM/2443_V.2 //;http://bdh-rd.bne.es/viewer.vm?id=0000041919&page=1 ** http://bdh-rd.bne.es/viewer.vm?id=0000041919&page=254 **;http://bdh-rd.bne.es/text.vm?id=0000041919&first=1&last=253 ** http://bdh-rd.bne.es/text.vm?id=0000041919&first=254&last=532 **
bimo0002318526;Bardavíu Ponz, Vicente , 1886-1929  //;España Junta Superior de Excavaciones y Antigüedades  //;;Excavaciones en Sena (Huesca) : memoria que en nombre de la Real Academia de San Luis de Zaragoza, concesionaria de dichas excavaciones presenta Vicente Bardaviu;;;;"[s.n.]  Tip. de la ""Revista de Archivos""";;[S.l.] , Madrid;1922;15 p., [3] h. de lám. , 24 cm ,;Junta Superior de Excavaciones y Antigüedades, nº 47 //;;;;;;;;;;Excavaciones arqueológicas -- Sena (Huesca) --  // Sena (Huesca) -- Restos arqueológicos --  //;;;;;;;;902  //  903(460.222 Sena)  //  904(460.222 Sena)  //;;;;;;;;;;;;;;;sp;spa;;;Libro;;BA/8190/17 //;http://bdh-rd.bne.es/viewer.vm?id=0000079506&page=1 **;http://bdh-rd.bne.es/text.vm?id=0000079506&first=1&last=26 **
bimo0002323417;Borrow, George Henry , 1803-1881  //;;[Biblia.. N.T.. Evangelio según Lucas. Romaní] //;Criscote e Majaró Lucas, chibado andré o romano o chipé es zincales de Sesé = El Evangelio según S. Lucas, traducido al romaní o dialecto de los gitanos de España;El Evangelio según S. Lucas, traducido al romaní o dialecto de los gitanos de España  // Criscote e Majaró Lucas  //;[lo chibó en calo-romano George Borrow];;[s.n.]  printed by William Clowes and Sons;;Lundra;1872;116 p. , 14 cm ,;;;;;;;;;;;;;;;;;;;225  //  226.4  //;;;;;;;;;;;;;;;xx;rom;grc;rom //;Libro;;R/37792 //;http://bdh-rd.bne.es/viewer.vm?id=0000047760&page=1 **;http://bdh-rd.bne.es/text.vm?id=0000047760&first=1&last=127 **
bimo0002323701;Argullol, José de , 1839-1886  //;;;La caza bajo el punto de vista histórico, filosófico e higiénico memoria premiada en el Certamen Literario de Manresa el día 3 de diciembre de 1882;;por José de Argullol;;[s.n.]  Imprenta Barcelonesa;;Barcelona;1884;47 p. , 19 cm ,;Caza y Pesca //;;;;;;;;;;Caza --  //;;;;;;;;799  //;;;;;;;;;;;;;;;sp;spa;;;Libro;;9/253393 //;http://bdh-rd.bne.es/viewer.vm?id=0000090584&page=1 **;http://bdh-rd.bne.es/text.vm?id=0000090584&first=1&last=52 **
