idBNE;Autor Personas;Autor Entidades;Título uniforme;Título;Otros Títulos;Información asociada al título;Edición;Editorial;Editor musical;Lugar de publicación;Fecha de publicación;Descripción física;Serie;Contenido;Descripción y notas;Citas o referencias;transcripciones de interés;Procedencia;Intérpretes;Resumen;Premios;Periodicidad;Tema;Género/Forma;Lugar relacionado;Forma de la composición sonora;Forma de la composición notada;tipo material cartográfico;Proyección del mapa;Escala del mapa;CDU;Otra clasificación;id registros relacionados;información asociada a registros relacionados;id otras ediciones;información asociada a otras ediciones;id título anterior;información asociada a título anterior;id título posterior;información asociada a título posterior;ISBN;ISSN;Depósito Legal;Otros Números Normalizados;Número Bibliografía Nacional;País de publicación;Lengua de publicación;Lengua original;otras lenguas;Tipo de documento;Condiciones de uso;signatura;version_digital;texto_OCR
bimo0001881504;Varona, Enrique José , 1849-1933  //;;;Conferencia sobre Emerson;Emerson  //;"por Enrique José Varona ; publicada en la ""Revista de Cuba""";;[s.n.]  Estbl. Tip. de Soler, Álvarez y Compañía;;[S.l.] , Habana;1884;24 p. , 19 cm ,;;;"""Publicada en la Revista de Cuba""  //";;;;;;;;Emerson, Ralph Waldo --  //;;;;;;;;929  //  929 Emerson, Ralph Waldo  //;;;;;;;;;;;;;;;cu;spa;;;Libro;;HA/7808 //;http://bdh-rd.bne.es/viewer.vm?id=0000105663&page=1 **;http://bdh-rd.bne.es/text.vm?id=0000105663&first=1&last=28 **
bimo0001947806;Tenorio, José María , 1787-ca. 1867  //;;;Noticia histórica del proyecto de repoblación de la antigua aldea del Gallego, que estuvo situada sobre la frontera de Portugal en el término de la villa de Aroche, y refutación de los sofismas empleados por el Ayuntamiento de ésta para contrariar la ejecución de tan útil empresa;;;;[s.n.]  Imp. Nueva de Gálvez y Compañía;;[S.l.] , Huelva;1837;19 p. , 19 cm ,;;;Autor (p. 19): José María Tenorio  //;;;;;;;;Colonización interior -- Aroche --  // Aroche -- Historia --  //;;;;;;;;94(460)  //  332.24(460.354 Aroche)  //  94(460.354 Aroche)  //;;;;;;;;;;;;;;;sp;spa;;;Libro;;9/258841 //;http://bdh-rd.bne.es/viewer.vm?id=0000168477&page=1 **;http://bdh-rd.bne.es/text.vm?id=0000168477&first=1&last=24 **
bimo0001949997;Agüera Bustamante, Domingo  //;;;Memoria sobre las ocurrencias de Santander en el año 1833 con motivo del heroico pronunciamiento de esta ciudad contra D. Carlos;;redactada por Domingo Agüera Bustamante;;[s.n.]  Imp. de Martínez;;[S.l.] , Santander;1837;44 p. , 22 cm ,;;;;;;;;;;;Santander -- Historia -- S.XIX --  // España -- Historia -- 1833-1840 (Guerra carlista) --  //;;;;;;;;"94(460)  //  94(460)""1833/40""  //  94(460.13 S.)""18""  //";;;;;;;;;;;;;;;sp;spa;;;Libro;;9/255604 //;http://bdh-rd.bne.es/viewer.vm?id=0000168447&page=1 **;http://bdh-rd.bne.es/text.vm?id=0000168447&first=1&last=62 **
bimo0001994715;;Sociedad de Bibliófilos Españoles -entidad responsable  //;;Relaciones históricas de los siglos XVI y XVII : publícalas la Sociedad de Bibliófilos Españoles;;;;Sociedad de Bibliófilo Españoles  Imp. de la Viuda e Hijos de M. Tello;;Madrid;1896;VII, 431 p. , 23 cm ,;;;;;;;;;;;España -- Historia -- 1516-1700 (Casa de Austria) --  // España -- Historia -- 1474-1516 (Reyes Católicos) --  //;;;;;;;;"94(460)  //  94(460)""1474/1516""  //  94(460)""1516/1700""  //";;;;;;;;;;;;;;;sp;spa;;;Libro;;RI/215<37> // RI/215<37> //;http://bdh-rd.bne.es/viewer.vm?id=0000235206&page=1 **;http://bdh-rd.bne.es/text.vm?id=0000235206&first=1&last=465 **
bimo0001995036;Girbal, Enrique Claudio , 1839-1896  //;;;Bañolas : noticias históricas de esta villa;;por Enrique Claudio Girbal;;[s.n.]  Estab. Tip. de El Gerundense;;[S.l.] , Gerona;1863;102 p. , 16 cm ,;;;;;;;;;;;Banyoles -- Historia --  //;;;;;;;;94(460.233 Banyoles)  //  94(460)  //;;;;;;;;;;;;;;;sp;spa;;;Libro;;9/260751 //;http://bdh-rd.bne.es/viewer.vm?id=0000069150&page=1 **;http://bdh-rd.bne.es/text.vm?id=0000069150&first=1&last=115 **
bimo0002021875;Chaves, Manuel , 1870-1914  //;;;Crónica abreviada o Registro de sucesos de Sevilla : (año 1912);Registro de sucesos de Sevilla  //;por Manuel Chaves Rey;;"[s.n.]  Tip. de la ""Guía Oficial""";;[S.l.] , Sevilla;1913;15 p. , 22 cm ,;;;;;;;;;;;Sevilla -- Historia -- S.XX --  //;;;;;;;;"94(460)  //  94(460.353 S.)""19""  //";;;;;;;;;;;;;;;sp;spa;;;Libro;;AFRGFC/26/10 //;http://bdh-rd.bne.es/viewer.vm?id=0000201796&page=1 **;http://bdh-rd.bne.es/text.vm?id=0000201796&first=1&last=19 **
bimo0002022197;Leguina, Enrique de , 1842-1924  //;;;La espada de San Fernando;;apuntes de Enrique de Leguina;;Tip. y Librería Salesianas;;Sevilla;1896;53 p. , 21 cm ,;;;;;;;;;;;Fernando -- III, -- Rey de Castilla, Santo --  // Espadas -- Sevilla --  //;;;;;;;;623  //  929  //  623.444.2(460.353 S.)  //  929 Fernando (460.18) III  //;;;;;;;;;;;;;;;sp;spa;;;Libro;;AFRGFC/29/1 //;http://bdh-rd.bne.es/viewer.vm?id=0000079490&page=1 **;http://bdh-rd.bne.es/text.vm?id=0000079490&first=1&last=62 **
bimo0002052096;Zaratiegui, Juan Antonio , 1804-1869  // Hournon, Alexandre  //;;[Vida y hechos de Don Tomás de Zumalacarregui.... Francés] //;Vie de Zumalacarregui, Duc de la Victoire, capitaine-géneral de l'armée de Charles V;;"par le général J.A. Zaratiegui ; traduite par Alexandre Hournon";;[s.n.]  Imp. de Lacour et Compie.;;[S.l.] , Paris;1845;487 p., [2] h. de lám., [1] mapa pleg. , 22 cm ,;;;Título original: Vida y hechos de Don Tomás de Zumalacarregui ...  //;;;;;;;;Zumalacárregui, Tomás de --  //;;;;;;;;929  //  929 Zumalacárregui, Tomás de  //;;;;;;;;;;;;;;;fr;fre;spa;fre //;Libro;;ER/6120 //;http://bdh-rd.bne.es/viewer.vm?id=0000091360&page=1 **;http://bdh-rd.bne.es/text.vm?id=0000091360&first=1&last=517 **
bimo0002052797;Hazañas y La Rúa, Joaquín , 1862-1934  // Montoto y Rautenstrauch, Luis , 1851-1929  //;;;Discursos leídos ante la Real Academia Sevillana de Buenas Letras el 25 de marzo de 1892;;por los señores D. Joaquín Hazañas y la Rúa y D. Luis Montoto y Rautenstrauch en la recepción del primero;;[s.n.  Imp. de E. Rasco;;[S.l.] , Sevilla;1892;45 p. , 25 cm ,;;;Recoge el discurso de recepción de Joaquín Hazañas y la Rúa y la contestación de Luis Montoto y Rautenstrauch  //;;;;;;;;Alemán, Mateo --  // Leal Ramírez-Arias, Lorenzo --  //;;;;;;;;929  //  821.134.2 Alemán, Mateo 1.07  //  929 Alemán, Mateo  //  929 Leal Ramírez-Arias, Lorenzo  //;;;;;;;;;;;;;;;sp;spa;;;Libro;;12/326615 //;http://bdh-rd.bne.es/viewer.vm?id=0000197473&page=1 **;http://bdh-rd.bne.es/text.vm?id=0000197473&first=1&last=59 **
bimo0002063817;Primo de Rivera, Miguel , 1870-1930  // Pérez-Sarmiento, José Manuel  //;;;Discursos leídos ante la Real Academia Hispano-Americana en la recepción pública del Excmo. Sr. D. Miguel Primo de Rivera y Orbaneja el día 25 de marzo de 1917;;;;[s.n.]  Imp. de Manuel Álvarez;;[S.l.] , Cádiz;1917;65 p. , 22 cm ,;;;Recoge el discurso de presentación de Miguel Primo de Rivera y Orbaneja, y el de contestación de José Manuel Pérez-Sarmiento  // En la cubierta: Real Academia Hispano-Americana de Ciencias y Artes, Cádiz  //;;;;;;;;Gibraltar -- Historia --  // Ceuta -- Historia --  // España -- Historia -- 1902-1931 (Alfonso XIII) --  //;;;;;;;;"94(460)  //  94(460)""1902/31""  //  94(460.37)  //  94(468.2)  //";;;;;;;;;;;;;;;sp;spa;;;Libro;;AFRGFC/149/4 //;http://bdh-rd.bne.es/viewer.vm?id=0000187617&page=1 **;http://bdh-rd.bne.es/text.vm?id=0000187617&first=1&last=74 **
bimo0002063857;;Escuelas del Ave María  //;;Historia de España : breve resumen con dos gráficos;;;12ª;[s.n.]  Imp. Escuela del Ave-María;;[S.l.] , Granada;1932;47 p. , 17 cm ,;Manuales Manjón para uso de las Escuelas del Ave-María //;;;;;;;;;;España -- Historia -- Libros escolares --  //;;;;;;;;94(460)  //  94(460)(07)  //;;;;;;;;;;;;;;;sp;spa;;;Libro;;AFRGFC/154/3 //;http://bdh-rd.bne.es/viewer.vm?id=0000201792&page=1 **;http://bdh-rd.bne.es/text.vm?id=0000201792&first=1&last=51 **
bimo0002073958;Buen, Odón de , 1863-1945  //;Real Sociedad Española de Historia Natural  //;;Península Escandinava, Golfo de Botnia, Argelia : (impresiones de un viaje científico) : discurso pronunciado en la sesión que celebró la Sociedad Española de Historia Natural en el Ateneo de Madrid el día 18 de mayo de 1887;;por Odón de Buen;;[s.n.]  Imprenta de Fortanet;;[S.l.] , Madrid;1887;36 p. , 18 cm ,;Exploraciones. Viajes // Geografía Biografía. Historia //;;;;;;;;;;Escandinavia -- Descripción --  // Finlandia -- Descripción --  // Argelia -- Descripción --  //;;;;;;;;913(48)  //  913(480)  //  913(65)  //  910  //;;;;;;;;;;;;;;;sp;spa;;;Libro;"Acceso y/o uso restringido. La presente obra presenta restricciones en cuanto a su reproducción, distribución, comunicación pública o transformación; no obstante y en virtud del artículo 37 del Texto refundido de la Ley de Propiedad Intelectual (TRLPI), la Biblioteca Nacional de España está autorizada a la reproducción y a la comunicación de obras, mediante red cerrada e interna, a efectos de investigación (artículo 37, RDL 1/1996, de 12 de abril, revisada el 5 noviembre de 2015); sin perjuicio de las copias que puedan obtenerse en la BNE para uso privado, para ejercer cualquier otro de los derechos de explotación previstos en la TRLPI, el usuario deberá contactar con el correspondiente titular o la entidad de gestión encargada de representar al titular.//";VC/13993/7 //;http://bdh-rd.bne.es/viewer.vm?id=0000081207&page=1 **;http://bdh-rd.bne.es/text.vm?id=0000081207&first=1&last=41 **
bimo0002094192;Laurens, A. von  //;;;Mein Aufenthalt in Spanien während des Jahres 1836 und die Organisation der Fremden Kompagnien im Heere des Don Carlos : nebst einer kurzen Schilderung der Hin- und Rückreise zwischen Berlin und der pyrenäischen Halbinsel;;von A. von Laurens;;im Verlage des Verfassers;;Berlin;1837;XII, 225 p. , 19 cm ,;;;Separata de: Zeitschrift für Kunst, Wissenschaft und Geschichte des Krieges  //;;;;;;;;España -- Historia -- 1833-1840 (Guerra carlista) -- Participación extranjera --  //;;;;;;;;"94(460)  //  94(460)""1833/40""  //";;;;;;;;;;;;;;;gw;ger;;;Libro;;9/273252 //;http://bdh-rd.bne.es/viewer.vm?id=0000091834&page=1 **;http://bdh-rd.bne.es/text.vm?id=0000091834&first=1&last=245 **
bimo0002122464;Peecks, Jean de Los , 1459-1516  // De Ram, Pierre Francois Xavier , 1804-1865  // Merica, Henricus de , ca. 1414-1473  // Paulus, Theodoricus , fl. 1584  //;;[Chronicon rerum gestarum ab anno MCCCCLV ad annum MDXIV] // [Analecta leodiensia] //;Johannis de Los, abbatis S. Laurentii prope Lodium, Chronicon rerum gestarum ab anno MCCCCLV ad annum MDXIV. Accedunt Henrici de Merica et Theodorici Pauli Historiae de cladibus leodiensium an. MCCCCLXV-VII, cum Collectione documentorum ad res Ludovici Borbonii et Johannis Hornaei temporibus gestas;Chronicon rerum gestarum ab anno MCCCCLV ad annum MDXIV  // Documents relatifs aux troubles du pays de Liége  // Historiae de cladibus leodiensium  // Analecta leodiensia, seu collectio documentorum quorumdam ad res Ludovici Borbonii et Joannis Hornaei temporibus gestas spectantium;edidit P.F.X. Ram;;[s.n.]  Ex Officina Typ. M. Hayez;;[S.l.] , Bruxelles;1844;XXVI, 964 p., [4] h. de lám. , 28 cm ,;Collection de chroniques belges, [11] //;;"En ""Collectione documentorum ad res Ludovici Borbonii"" se recoge ""Analecta leodiensia, seu collectio documentorum quorumdam ad res Ludovici Borbonii et Joannis Hornaei temporibus gestas spectantium""  // Texto en latín; introducción en francés  // Portada adicional en francés  //";;;;;;;;Lieja (Provincia) -- Historia --  //;;;;;;;;"94(4)  //  94(493.6)""14/15""  //";;;;;;;;;;;;;;;be;lat;;;Libro;;6/11847<11> //;http://bdh-rd.bne.es/viewer.vm?id=0000090038&page=1 **;http://bdh-rd.bne.es/text.vm?id=0000090038&first=1&last=1017 **
bimo0002139878;Pérez Solernou, Eleuterio , 1879-1917  //;;;El coronel de inválidos, Miguel de Cervantes Saavedra y Cortinas;;E. Pérez Solernou;;[s.n.];;[S.l.];1916;P. [211]-218 , 1 retr. , 24 cm ,;;;Separata de: Memorial de infantería, abril 1916  //;;;;;;;;Cervantes Saavedra, Miguel de --  //;;;;;;;;929  //  929 Cervantes Saavedra, Miguel de  //;;;;;;;;;;;;;;;sp;spa;;;Libro;;AFRGFC/228/24 //;http://bdh-rd.bne.es/viewer.vm?id=0000199533&page=1 **;http://bdh-rd.bne.es/text.vm?id=0000199533&first=1&last=13 **
bimo0002144642;Ximénez de Sandoval, C.  //;;;Memoria histórica militar : recuerdo de los principales sucesos de los españoles en la parte del África francesa, que corresponde ahora a la provincia de Orán;Recuerdo de los principales sucesos de los españoles en la parte del África francesa, que corresponde ahora a la provincia de Orán  //;;;[s.n.]  [Estab. Tip. Militar];;[S.l.] , [Madrid];1849;1 v. (pag. var.) , 22 cm ,;;;Autor (p. 466): C.X. de Sandoval  // Título tomado de la cabecera  // Recoge las partes 1-2, 4-5 del artículo aparecido en varios números de la Revista Militar  //;;;;;;;;Españoles -- Orán -- Historia --  // Orán -- Historia -- 1509-1708 (Dominación española) --  // Orán -- Historia -- 1732-1792 (Dominación española) --  //;;;;;;;;"94(460)  //  94(65 Orán)""15/17""  //  94(=1.460:65 Orán)""15/17""  //";;biseBNE19970044019 //;La revista militar (Madrid. 1847) 0214-5634 1847  //;;;;;;;;;;;;sp;spa;;;Libro;;AFRGFC/245/12 //;http://bdh-rd.bne.es/viewer.vm?id=0000091851&page=1 **;http://bdh-rd.bne.es/text.vm?id=0000091851&first=1&last=82 **
bimo0002155587;Dubois de Jancigny, Adolphe , 1795-1860  //;;;Japon, Indo-Chine : Empire Birman (ou Ava), Siam, Annam (ou Cochinchine), Péninsule Malaise, etc., Ceylan;;par A. Dubois de Jancigny;;Firmin Didot Frères, Éd.;;Paris;1850;665 p., [22] h. de lám., [1] mapa pleg. , 21 cm ,;L'univers //;;Índice  //;;;;;;;;Japón -- Descripción --  // Indochina -- Descripción --  // Sri Lanka -- Descripción --  //;;;;;;;;908  //  908(520)  //  908(548.7)  //  908(591/598)  //;;;;;;;;;;;;;;;fr;fre;;;Libro;;1/32471 //;http://bdh-rd.bne.es/viewer.vm?id=0000107010&page=1 **;http://bdh-rd.bne.es/text.vm?id=0000107010&first=1&last=725 **
bimo0002162466;Primo de Rivera, Miguel , 1870-1930  //;;;Centenario del capitán Moreno : juegos florales en Antequera el 10 de agosto de 1910;;discurso del mantenedor coronel D. Miguel Primo de Rivera;;"[s.n.]  Imp. de ""El Guadalete""";;[S.l.] , Jerez;1910;11 p. , 21 cm ,;;;;;;;;;;;Moreno, Vicente --  //;;;;;;;;929 Moreno, Vicente 1773-1810  //;;;;;;;;;;;;;;;sp;spa;;;Libro;;AFRGFC/337/22 //;http://bdh-rd.bne.es/viewer.vm?id=0000187618&page=1 **;http://bdh-rd.bne.es/text.vm?id=0000187618&first=1&last=15 **
bimo0002175547;Alermón y Dorréguiz  //;;;Descripción del Imperio de Marruecos : en que se trata principalmente de las instituciones, usos, costumbres, etc., de sus habitantes y de la topografía del país;;por Alermón y Dorréguiz;;[s.n.]  Imprenta de Don Alejandro Gómez Fuentenebro;;Madrid;1859;VII, 72 p., [1] h. pleg. de map. , 19 cm ,;Exploraciones. Viajes // Geografía Biografía. Historia //;;;;;;;;;;Marruecos -- Descripción --  //;;;;;;;;913(64)  //  910  //;;;;;;;;;;;;;;;sp;spa;;;Libro;;AFRGF/398(2) //;http://bdh-rd.bne.es/viewer.vm?id=0000089930&page=1 **;http://bdh-rd.bne.es/text.vm?id=0000089930&first=1&last=90 **
bimo0002257145;Vélez Albo, Augustino , 1852-1923  //;;;De Vidiago a la montaña : (notas de verano);;Augustino Vélez Albo;;[s.n.]  Imprenta del Comercio;;[S.l.] , Gijón;1899;96 p. , 18 cm ,;Exploraciones. Viajes // Geografía Biografía. Historia //;;;;;;;;;;Asturias (Comunidad Autónoma) -- Descripción --  // Cantabria (Comunidad Autónoma) -- Descripción --  //;;;;;;;;913(460)  //  910  //;;;;;;;;;;;;;;;sp;spa;;;Libro;;2/49280 //;http://bdh-rd.bne.es/viewer.vm?id=0000039242&page=1 **;http://bdh-rd.bne.es/text.vm?id=0000039242&first=1&last=107 **
bimo0002298180;Corbella, Ramón  //;;;Impresiones de Viena;;por Ramón Corbella;;Diana;;Madrid;1920?;19 p. , 17 cm ,;Exploraciones. Viajes // Geografía Biografía. Historia //;;;;;;;;;;Viena -- Descripción --  //;;;;;;;;913(436)  //  910  //;;;;;;;;;;;;;;;sp;spa;;;Libro;"Acceso y/o uso restringido. La presente obra presenta restricciones en cuanto a su reproducción, distribución, comunicación pública o transformación; no obstante y en virtud del artículo 37 del Texto refundido de la Ley de Propiedad Intelectual (TRLPI), la Biblioteca Nacional de España está autorizada a la reproducción y a la comunicación de obras, mediante red cerrada e interna, a efectos de investigación (artículo 37, RDL 1/1996, de 12 de abril, revisada el 5 noviembre de 2015); sin perjuicio de las copias que puedan obtenerse en la BNE para uso privado, para ejercer cualquier otro de los derechos de explotación previstos en la TRLPI, el usuario deberá contactar con el correspondiente titular o la entidad de gestión encargada de representar al titular.//";VC/2325/2 //;http://bdh-rd.bne.es/viewer.vm?id=0000081266&page=1 **;http://bdh-rd.bne.es/text.vm?id=0000081266&first=1&last=24 **
bimo0002298585;Cabot y Rovira, Joaquim , 1861-1951  //;;;De fora casa : narracions de viatge;;Joaquim Cabot y Rovira;;"[s.n.]  Estampa ""La Catalana"" de J. Puigventós";;Barcelona;1898;208 p. , 19 cm ,;Exploraciones. Viajes // Geografía Biografía. Historia //;;;;;;;;;;Europa -- Descripción --  //;;;;;;;;913(4)  //  910  //;;;;;;;;;;;;;;;sp;cat;;;Libro;"Acceso y/o uso restringido. La presente obra presenta restricciones en cuanto a su reproducción, distribución, comunicación pública o transformación; no obstante y en virtud del artículo 37 del Texto refundido de la Ley de Propiedad Intelectual (TRLPI), la Biblioteca Nacional de España está autorizada a la reproducción y a la comunicación de obras, mediante red cerrada e interna, a efectos de investigación (artículo 37, RDL 1/1996, de 12 de abril, revisada el 5 noviembre de 2015); sin perjuicio de las copias que puedan obtenerse en la BNE para uso privado, para ejercer cualquier otro de los derechos de explotación previstos en la TRLPI, el usuario deberá contactar con el correspondiente titular o la entidad de gestión encargada de representar al titular.//";2/42087 //;http://bdh-rd.bne.es/viewer.vm?id=0000039355&page=1 **;http://bdh-rd.bne.es/text.vm?id=0000039355&first=1&last=221 **
bimo0002298590;Pascual, Agustín , 1818-1884  //;;;Recuerdos de Rusia;;por Agustín Pascual;;[s.n.]  Imprenta de Pedro Núñez;;[S.l.] , Madrid;1873;243 p. , 18 cm ,;Exploraciones. Viajes // Geografía Biografía. Historia //;;;;;;;;;;Rusia -- Descripción --  //;;;;;;;;913(47)  //  910  //;;;;;;;;;;;;;;;sp;spa;;;Libro;;1/6273 // 1/6273 //;http://bdh-rd.bne.es/viewer.vm?id=0000090321&page=1 **;http://bdh-rd.bne.es/text.vm?id=0000090321&first=1&last=273 **
bimo0002298612;Cané, Miguel , 1851-1905  //;;;En viaje[Texto Impreso] : 1881-1882;;Miguel Cané;;Librería de Garnier Hermanos;;París;1884;XXIV, 432 p. , 19 cm ,;Exploraciones. Viajes // Geografía Biografía. Historia //;;;;;;;;;;América -- Descripción --  // Europa -- Descripción --  //;;París, Francia //;;;;;;821.134.2(7/8)  //  913(7/8)  //  913(4)  //  910  //;;;;;;;;;;;;;;;fr;spa;;;Libro;;7/18268 // GMM/2409 // GMM/2409 //;http://bdh-rd.bne.es/viewer.vm?id=0000088011&page=1 **;http://bdh-rd.bne.es/text.vm?id=0000088011&first=1&last=469 **
bimo0002298719;Cortada, Juan , 1805-1868  //;;;Viaje a la isla de Mallorca en el estío de 1845;;por Juan Cortada;;[s.n.]  Imprenta de A. Brusi;;[S.l.] , Barcelona;1845;286 p. , 20 cm ,;Exploraciones. Viajes // Geografía Biografía. Historia //;;;;;;;;;;Mallorca -- Descripción --  //;;;;;;;;913(460)  //  910  //;;;;;;;;;;;;;;;sp;spa;;;Libro;;2/45531 //;http://bdh-rd.bne.es/viewer.vm?id=0000039301&page=1 **;http://bdh-rd.bne.es/text.vm?id=0000039301&first=1&last=295 **
bimo0002298749;Castelar, Emilio , 1832-1899  //;;;Recuerdos de Italia;;por Emilio Castelar;;[s.n.]  Imprenta de T.Fortanet;;[S.l.] , Madrid;1872;VII, 393 p. , 21 cm ,;Exploraciones. Viajes // Geografía Biografía. Historia //;;;;;;;;;;Italia -- Descripción --  //;;;;;;;;"913(450)  //  821.134.2-992""18""  //  910  //";;;;;;;;;;;;;;;sp;spa;;;Libro;;2/92964 //;http://bdh-rd.bne.es/viewer.vm?id=0000058163&page=1 **;http://bdh-rd.bne.es/text.vm?id=0000058163&first=1&last=825 **
bimo0002298799;;;;El viaje de los Reyes;;;;[s.n.]  Herrers Tip. de José Quesada;;[S.l.] , Madrid;1900;39 p. , principalmente il. , 25 x 32 cm ,;Exploraciones. Viajes // Geografía Biografía. Historia //;;;;;;;;;;María Cristina de Habsburgo-Lorena, -- Reina consorte de Alfonso XII, Rey de España -- Viajes -- España --  // Alfonso -- XIII, -- Rey de España -- Viajes -- España --  //;;;;;;;;929  //  910  //;;;;;;;;;;;;;;;sp;spa;;;Libro;;VC/2865/45 //;http://bdh-rd.bne.es/viewer.vm?id=0000081257&page=1 **;http://bdh-rd.bne.es/text.vm?id=0000081257&first=1&last=44 **
bimo0002299311;Comyn, Tomás de  //;;;Apuntes de un viajero o Cartas familiares escritas durante la insurreccion del Reino de Méjico en 1811, 12, 13 y 14;Cartas familiares escritas durante la insurreccción del Reino de Méjico en 1811, 12, 13 y 14  //;por Tomas de Comyn;;[s.n.]  Imprenta de D. Miguel de Burgos;;[S.l.] , Madrid;1843;555 p. , 16 cm ,;Exploraciones. Viajes // Geografía Biografía. Historia //;;;;;;;;;;México -- Historia -- 1810-1821 (Guerra de la Independencia) --  // México -- Descripción --  //;;;;;;;;94  //  913(72)  //  910  //;;;;;;;;;;;;;;;sp;spa;;;Libro;;1/11289 //;http://bdh-rd.bne.es/viewer.vm?id=0000037979&page=1 **;http://bdh-rd.bne.es/text.vm?id=0000037979&first=1&last=567 **
bimo0002299445;Franquelo y Romero, Ramón , n. 1841  //;;;Veinte días en Paris viaje al vapor;;por un linfatico (seud.);;"[s.n.]  Tip. de ""El Mediodía""";;[s.L.] , Málaga;1878;57 p. , 15 cm ,;Exploraciones. Viajes // Geografía Biografía. Historia //;;;;;;;;;;París -- Descripción --  //;;;;;;;;913(44)  //  910  //;;;;;;;;;;;;;;;sp;spa;;;Libro;;VC/49/4 //;http://bdh-rd.bne.es/viewer.vm?id=0000081291&page=1 **;http://bdh-rd.bne.es/text.vm?id=0000081291&first=1&last=34 **
bimo0002299462;Zavala, Lorenzo de , 1788-1836  //;;;Viage a los Estados-Unidos del Norte de América;Viaje a los Estados-Unidos del Norte de América  //;Lorenzo de Zavala;;[s.n.]  Imp. de Decourchant;;[S.l.] , París;1834;VII, 374 p. , 21 cm ,;Exploraciones. Viajes // Geografía Biografía. Historia //;;;;;;;;;;Estados Unidos -- Descripción --  //;;;;;;;;913(73)  //  910  //;;;;;;;;;;;;;;;fr;spa;;;Libro;;2/32265 //;http://bdh-rd.bne.es/viewer.vm?id=0000039985&page=1 **;http://bdh-rd.bne.es/text.vm?id=0000039985&first=1&last=397 **
bimo0002299463;La Sagra, Ramón de , 1798-1871  //;;;Relación de los viajes hechos en Europa : bajo el punto de vista de la instrucción y beneficencia pública...;;por Ramón de la Sagra;;Imprenta de Hidalgo;;Madrid;1844;2 v. (173, 181 p.) , 21 cm ,;Exploraciones. Viajes // Geografía Biografía. Historia //;t. 1. Viaje a la Bégica en 1838.-- t. 2 Viaje a la Holanda en 1838// t. 1. Viaje a la Bégica en 1838.-- t. 2 Viaje a la Holanda en 1838//;2 t. en 1 v.  //;;;;;;;;Enseñanza -- Bélgica --  // Enseñanza -- Holanda --  // Beneficencia -- Bélgica --  // Beneficencia -- Holanda --  //;;;;;;;;37  //  364  //  910  //;;;;;;;;;;;;;;;sp;spa;;;Libro;;1/10330 //;http://bdh-rd.bne.es/viewer.vm?id=0000039065&page=1 **;http://bdh-rd.bne.es/text.vm?id=0000039065&first=1&last=399 **
bimo0002299469;Díaz y Pérez, Nicolás , 1841-1902  //;;;De Madrid á Lisboa (impresiones de un viaje);;por Nicolás Díaz y Pérez;;[s.n.]  Establecimientos Tipográficos de M.Minuesa;;[S.l.] , Madrid;1877;474 p.3 p., [1] h. pleg. de map. , 22 cm ,;Exploraciones. Viajes // Geografía Biografía. Historia //;;;;;;;;;;Madrid -- Descripción --  // Lisboa -- Descripción --  //;;;;;;;;913(460)  //  913(469)  //  910  //;;;;;;;;;;;;;;;sp;spa;;;Libro;;1/248844 //;http://bdh-rd.bne.es/viewer.vm?id=0000037989&page=1 **;http://bdh-rd.bne.es/text.vm?id=0000037989&first=1&last=501 **
bimo0002299470;Dupuy de Lôme, Enrique , 1851-1904  //;;;De Madrid a Madrid dando la vuelta al mundo;;Enrique Dupuy de Lôme;;Oficinas de la Ilustración Española y Americana;;Madrid;1877;408 p. , 21 cm ,;Exploraciones. Viajes // Geografía Biografía. Historia //;;;;;;;;;;Viajes alrededor del mundo --  //;;;;;;;;910.4(100)  //;;;;;;;;;;;;;;;sp;spa;;;Libro;;SG/704 //;http://bdh-rd.bne.es/viewer.vm?id=0000081231&page=1 **;http://bdh-rd.bne.es/text.vm?id=0000081231&first=1&last=419 **
bimo0002299536;J. C.  //;;;Don Carlos en América apuntes de un viaje;;"recopilados para el periódico ""L'Univers"" por J. C.";;Féchoz;;Paris;1876;64 p. , 18 cm ,;Exploraciones. Viajes // Geografía Biografía. Historia //;;;;;;;;;;Estados Unidos -- Descripción --  // México -- Descripción --  //;;;;;;;;913(73)  //  913(72)  //  910  //;;;;;;;;;;;;;;;fr;spa;;;Libro;;HA/15524 //;http://bdh-rd.bne.es/viewer.vm?id=0000057101&page=1 **;http://bdh-rd.bne.es/text.vm?id=0000057101&first=1&last=73 **
bimo0002299583;Cabrer, Antonio , 1785-1846  //;;;Viaje a la famosa gruta llamada Cueva de la Ermita en el distrito de la villa de Artá de la isla de Mallorca;;por Antonio  Cabrer;;[s.n.]c1840  Imprenta de Pedro José Gelabert;;Palma;1840;87 p. , 15 cm ,;Exploraciones. Viajes // Geografía Biografía. Historia //;;;;;;;;;;Cueva de la Ermita (Baleares) --  //;;;;;;;;551.1/.4(460)  //  910  //;;;;;;;;;;;;;;;sp;spa;;;Libro;;2/2241 //;http://bdh-rd.bne.es/viewer.vm?id=0000040012&page=1 **;http://bdh-rd.bne.es/text.vm?id=0000040012&first=1&last=99 **
bimo0002299670;Cuní y Martorell, Miguel , 1827-1902  //;;;Recorts d'una exploració entomológica en Arbucias;;per Miquel Cuní y Martorell;;[s.n.]  Imp. Barcelonesa;;[S.l.] , Barcelona;1899;29 p. , il. , 22 cm ,;Zoología // Ciencias puras. Ciencias naturales // Exploraciones. Viajes // Geografía Biografía. Historia //;;;;;;;;;;Insectos -- Arbúcies --  //;;;;;;;;59  //  910  //;;;;;;;;;;;;;;;sp;cat;;;Libro;;VC/2456/14 //;http://bdh-rd.bne.es/viewer.vm?id=0000081265&page=1 **;http://bdh-rd.bne.es/text.vm?id=0000081265&first=1&last=36 **
bimo0002299691;Escalante, Amós de , 1831-1902  //;;;Del Ebro al Tiber recuerdos;;por Juan García;;[s.n.]  Imp. de Cristóbal González;;[S.l.] , Madrid;1864;410 p. , 19 cm ,;Exploraciones. Viajes // Geografía Biografía. Historia //;;;;;;;;;;España -- Descripción --  // Italia -- Descripción --  //;;;;;;;;913(460)  //  913(450)  //  910  //;;;;;;;;;;;;;;;sp;spa;;;Libro;;1/54918 //;http://bdh-rd.bne.es/viewer.vm?id=0000037567&page=1 **;http://bdh-rd.bne.es/text.vm?id=0000037567&first=1&last=423 **
bimo0002299799;Cuesta, Vicente , 1830-1883  //;;;Viaje a Tierra Santa;;[Vicente Cuesta];;[s.n.];;[S.l.];1870;158 p. , 22 cm ,;Exploraciones. Viajes // Geografía Biografía. Historia //;;Título tomado de la página 5  // Autor: (p. [5]) Vicente Cuesta  //;;;;;;;;Palestina -- Descripción --  //;;;;;;;;913(569.4)  //  910  //;;;;;;;;;;;;;;;xx;spa;;;Libro;;4/184368 //;http://bdh-rd.bne.es/viewer.vm?id=0000056574&page=1 **;http://bdh-rd.bne.es/text.vm?id=0000056574&first=1&last=163 **
bimo0002299932;Osona, Arthur , 1849-1901  //;;;Excursió a Berga, Bescaran y Andorra;;per Arthur Osona;;"[s.n.]  Tip. ""L'Avenç""";;[S.l.] , Barcelona;1898;28 p. , 22 cm ,;Exploraciones. Viajes // Geografía Biografía. Historia //;;;;;;;;;;Barcelona (Provincia) -- Descripción --  // Lérida (Provincia) -- Descripción --  // Andorra -- Descripción --  //;;;;;;;;913(460)  //  913(467.2)  //  910  //;;;;;;;;;;;;;;;sp;cat;;;Libro;;VC/2661/34 //;http://bdh-rd.bne.es/viewer.vm?id=0000081242&page=1 **;http://bdh-rd.bne.es/text.vm?id=0000081242&first=1&last=34 **
bimo0002299976;Montero, Gervasio , 1843-1890  //;;;De Madrid a Lisboa impresiones de un viaje a Baños;;por Gervasio Montero;;[s.n.]c1872  Establecimiento Tipográfico del Hospicio;;[S.l.] , Ciudad Real;1872;77 p. , 20 cm ,;Exploraciones. Viajes // Geografía Biografía. Historia //;;;;;;;;;;España -- Descripción --  // Portugal -- Descripción --  //;;;;;;;;913(460)  //  913(469)  //  910  //;;;;;;;;;;;;;;;sp;spa;;;Libro;;1/14281 //;http://bdh-rd.bne.es/viewer.vm?id=0000037943&page=1 **;http://bdh-rd.bne.es/text.vm?id=0000037943&first=1&last=91 **
bimo0002300087;Heras de Puig, Narciso , 1814-1900  //;;;Escursión a la montaña de la provincia de Gerona, verificada en el mes de julio de 1846;Excursión a la montaña de la provincia de Gerona  //;por Narciso Heras de Puig;;Joaquín Grases;;Gerona;1847;58 p. , 15 cm ,;Exploraciones. Viajes // Geografía Biografía. Historia //;;;;;;;;;;Excursionismo -- Gerona (Provincia) --  // Gerona (Provincia) -- Descripción --  //;;;;;;;;913(46)  //  796  //  910  //;;;;;;;;;;;;;;;sp;spa;;;Libro;;VC/918/11 //;http://bdh-rd.bne.es/viewer.vm?id=0000081285&page=1 **;http://bdh-rd.bne.es/text.vm?id=0000081285&first=1&last=63 **
bimo0002300210;Torre, Mariano de la  //;;;Viaje en ferrocarril por las provincias vascongadas y Navarra;;por Mariano de la Torre;;[s.n.]  Imp. de J. F. Mayor;;[S.l] , Bilbao;1878;166 p. ,;Exploraciones. Viajes // Geografía Biografía. Historia //;;;;;;;;;;País Vasco -- Descripción --  // Navarra (Comunidad Autónoma) -- Descripción --  //;;;;;;;;913(460)  //  910  //;;;;;;;;;;;;;;;sp;spa;;;Libro;;1/64081 //;http://bdh-rd.bne.es/viewer.vm?id=0000090306&page=1 **;http://bdh-rd.bne.es/text.vm?id=0000090306&first=1&last=205 **
bimo0002300293;Rodríguez Castro, José  //;;;Cosas de Haití : notas de un viaje a este país;;por José Rodríguez Castro;;"[s.n.]  Imp. ""El Telégrafo""";;[S.l.] , Ponce, Puerto Rico;1893;213 p. , 17 cm ,;Exploraciones. Viajes // Geografía Biografía. Historia //;;;;;;;;;;Haití -- Descripción --  //;;;;;;;;913(729.4)  //  910  //;;;;;;;;;;;;;;;pr;spa;;;Libro;;HA/9364 //;http://bdh-rd.bne.es/viewer.vm?id=0000056886&page=1 **;http://bdh-rd.bne.es/text.vm?id=0000056886&first=1&last=229 **
bimo0002300331;Pineda, Rafael  //;;;Viajes marítimos de exploración científica en el siglo XIX : disertación premiada en el certamen del Círculo Católico Obrero del Ferrol, celebrado el día 2 de febrero del presente año por R. Pineda;;;;[s.n.]  Imprenta y Encuadernación de Blanchard y Arce;;[S.l.] , Santander;1897;44 p. , 20 cm ,;Exploraciones. Viajes // Geografía Biografía. Historia //;;;;;;;;;;Expediciones científicas --  //;;;;;;;;910  //;;;;;;;;;;;;;;;sp;spa;;;Libro;;2/41831 //;http://bdh-rd.bne.es/viewer.vm?id=0000039354&page=1 **;http://bdh-rd.bne.es/text.vm?id=0000039354&first=1&last=65 **
bimo0002300474;Castelar, Emilio , 1832-1899  //;;;Un año en París;;por Emilio Castelar;;[s.n.]  Estab. Tip. de El Globo;;[S.l.] , Madrid;1875;VIII, 328 p. , 23 cm ,;Exploraciones. Viajes // Geografía Biografía. Historia //;;;;;;;;;;París -- Descripción --  //;;;;;;;;"821.134.2-92""18""  //  913(443.61 P.)  //  913(44)  //  910  //";;;;;;;;;;;;;;;sp;spa;;;Libro;;7/126823 //;http://bdh-rd.bne.es/viewer.vm?id=0000056667&page=1 **;http://bdh-rd.bne.es/text.vm?id=0000056667&first=1&last=347 **
bimo0002300745;López de Ecala y Zubiria, José María  //;;;Viage a Italia;Viaje a Italia  //;Por Don José María López de Ecala y Zubiría;;Imprenta de Gómez;;Sevilla;1849;311 p.[34] h. de lám, [20] h. pleg. de lám. , 20 cm ,;Exploraciones. Viajes // Geografía Biografía. Historia //;;;;;;;;;;Italia -- Descripción --  //;;;;;;;;913(450)  //  910  //;;;;;;;;;;;;;;;sp;spa;;;Libro;;GMm/1118 // GMm/1118 // 1/56448 //;http://bdh-rd.bne.es/viewer.vm?id=0000038913&page=1 **;http://bdh-rd.bne.es/text.vm?id=0000038913&first=1&last=441 **
bimo0002300980;;;;Viaje de un español por el Levante en 1827;;;;[s.n.]  Imp. de Juan de la Granja;;Nueva York;1833;254, III p. , 16 cm ,;Exploraciones. Viajes // Geografía Biografía. Historia //;;;;;;;;;;Italia -- Descripción --  //;;;;;;;;913(450)  //  910  //;;;;;;;;;;;;;;;xx;spa;;;Libro;;GMm/1337 // GMm/1337 // GMM/1337 //;http://bdh-rd.bne.es/viewer.vm?id=0000048678&page=1 **;http://bdh-rd.bne.es/text.vm?id=0000048678&first=1&last=265 **
bimo0002301317;García Mercet, Ricardo , 1860-1933  //;;;Por los mares y España (impresiones de viaje);;Ricardo G.ª Mercet (Dick);;[s.n.]  Tipo-Litografía de Chofré y Comp.;;[S.l.] , Manila;1895;VI, 314 p. , 17 cm ,;Exploraciones. Viajes // Geografía Biografía. Historia //;;;;;;;;;;España -- Descripción --  // Asia -- Descripción --  //;;;;;;;;913(460)  //  913(5)  //  910  //;;;;;;;;;;;;;;;ph;spa;;;Libro;;HA/8316 //;http://bdh-rd.bne.es/viewer.vm?id=0000056899&page=1 **;http://bdh-rd.bne.es/text.vm?id=0000056899&first=1&last=333 **
bimo0002301655;Trueba, Antonio de , 1819-1889  //;;;Madrid por fuera;;por Antonio de Trueba;;Agustín Jubera;;Madrid;1878;340 p. , 18 cm ,;Exploraciones. Viajes // Geografía Biografía. Historia //;;;;;;;;;;Madrid (Comunidad Autónoma) -- Descripción --  //;;;;;;;;913(460)  //  910  //;;;;;;;;;;;;;;;sp;spa;;;Libro;;4/189919 //;http://bdh-rd.bne.es/viewer.vm?id=0000056585&page=1 **;http://bdh-rd.bne.es/text.vm?id=0000056585&first=1&last=387 **
bimo0002301775;Laguna, Máximo , 1826-1902  //;;;Excursión forestal por los imperios de Austria y Rusia verificada de R. O. en el verano de 1864;;por Máximo Laguna y Villanueva;;[s.n.]  Imprenta del Colegio de Sordo-mudos y de Ciegos;;Madrid;1866;123 p. ,;Exploraciones. Viajes // Geografía Biografía. Historia //;;;;;;;;;;Bosques -- Austria --  // Bosques -- Rusia --  //;;;;;;;;630  //  910  //;;;;;;;;;;;;;;;sp;spa;;;Libro;;3/6791 // 3/6791 //;http://bdh-rd.bne.es/viewer.vm?id=0000056498&page=1 **;http://bdh-rd.bne.es/text.vm?id=0000056498&first=1&last=139 **
bimo0002301783;Rocafort, Ceferí , 1872-1917  //;;;Excursió a la Pobla de Segur y sa comarca;;per Ceferí Rocafort;;"[s.n.]  Tip. ""L'Avenç""";;[S.l.] , Barcelona;1899;24 p. , il. , 22 cm ,;Exploraciones. Viajes // Geografía Biografía. Historia //;;;;;;;;;;La Pobla de Segur -- Descripción --  //;;;;;;;;913(460)  //  910  //;;;;;;;;;;;;;;;sp;cat;;;Libro;;VC/35/32 //;http://bdh-rd.bne.es/viewer.vm?id=0000081294&page=1 **;http://bdh-rd.bne.es/text.vm?id=0000081294&first=1&last=27 **
bimo0002301854;Artiñano y Zuricalday, Arístides de , 1840-1911  //;;;Escursión de SS. MM. Católicas por el Señorío de Vizcaya en junio de 1874;;por Arístides de Artiñano;;[s.n.]  Imprenta de Pedro Gurruchaga;;[S.l.] , Madrid;1874;89 p. , 21 cm ,;Exploraciones. Viajes // Geografía Biografía. Historia //;;;;;;;;;;Vizcaya -- Descripción --  //;;;;;;;;913(460)  //  910  //;;;;;;;;;;;;;;;sp;spa;;;Libro;;4/172396(4) //;http://bdh-rd.bne.es/viewer.vm?id=0000056578&page=1 **;http://bdh-rd.bne.es/text.vm?id=0000056578&first=1&last=107 **
bimo0002302019;La Sagra, Ramón de , 1798-1871  //;;;Cinco meses en los Estados Unidos de la América del Norte desde el 20 de abril al 23 de septiembre de 1835 diario de viaje;;de Ramón de la Sagra;;[s.n.]  Imprenta de Pablo Renouard;;[S.l.] , Paris;1836;XL, 437 p. , 22 cm ,;Exploraciones. Viajes // Geografía Biografía. Historia //;;;;;;;;;;La Sagra, Ramón de --  // Estados Unidos -- Descripción --  //;;;;;;;;929  //  913(73)  //  910  //;;;;;;;;;;;;;;;fr;spa;;;Libro;;U/6127 //;http://bdh-rd.bne.es/viewer.vm?id=0000081189&page=1 **;http://bdh-rd.bne.es/text.vm?id=0000081189&first=1&last=493 **
bimo0002302273;Palacio, Manuel del , 1831-1906  //;;;Un liberal pasado por agua recuerdos de un viaje a Puerto Rico;;por Manuel del Palacio;;Imprenta y Librería de Miguel Guijarro;;Madrid;1868;203 p. , 20 cm ,;Exploraciones. Viajes // Geografía Biografía. Historia //;;;;;;;;;;;;;;;;;;821.134.2-1  //  910  //;;;;;;;;;;;;;;;sp;spa;;;Libro;;1/43378 //;http://bdh-rd.bne.es/viewer.vm?id=0000037636&page=1 **;http://bdh-rd.bne.es/text.vm?id=0000037636&first=1&last=219 **
bimo0002302672;Rubio, Antonio , 1836-1902  // Ibáñez de Ibero, Carlos , 1825-1891  //;;;Del mar al cielo crónica de un viaje a Sierra Nevada, con un apéndice que comprende la reseña científica completa de esta región;;Antonio Rubio. Y la memoria presentada ... / por D. Carlos Ibáñez respecto a las operaciones practicadas en Mula-Hacen para el enlace geodésico y astronómico de Europa y África;2ª ed.;[s.n.]  Imp. Vda. de Cordero;;[S.l.] , Almería;1881;375 p. , 22 cm ,;Exploraciones. Viajes // Geografía Biografía. Historia //;;;;;;;;;;Sierra Nevada (España) -- Descripción --  //;;;;;;;;913(460)  //  910  //;;;;;;;;;;;;;;;sp;spa;;;Libro;;3/238 //;http://bdh-rd.bne.es/viewer.vm?id=0000056378&page=1 **;http://bdh-rd.bne.es/text.vm?id=0000056378&first=1&last=391 **
bimo0002302850;Acuña Navarro, Francisco de , n.1832  //;;;Inglaterra y los ingleses;;Francisco de Acuña Navarro;;[s.n.]  F. López Vizcaíno;;[S.l.] , Madrid;1869;262, 99 p. , 28 cm ,;Exploraciones. Viajes // Geografía Biografía. Historia //;;;;;;;;;;Inglaterra -- Descripción --  //;;;;;;;;913(410)  //  910  //;;;;;;;;;;;;;;;sp;spa;;;Libro;;1/11951 //;http://bdh-rd.bne.es/viewer.vm?id=0000037976&page=1 **;http://bdh-rd.bne.es/text.vm?id=0000037976&first=1&last=375 **
bimo0002302936;Luján, Álvaro de  //;;;Comillas la liquidación social, un pueblo, un viaje, tres meses a la orilla del mar;;por A. de L.;;[s.n.]  Imprenta Española;;[S.l.] , Madrid;1877;15 p. , 18 cm ,;Exploraciones. Viajes // Geografía Biografía. Historia //;;;;;;;;;;Comillas -- Descripción --  //;;;;;;;;913(460)  //  910  //;;;;;;;;;;;;;;;sp;spa;;;Libro;;VC/2724/78 //;http://bdh-rd.bne.es/viewer.vm?id=0000081259&page=1 **;http://bdh-rd.bne.es/text.vm?id=0000081259&first=1&last=19 **
bimo0002303040;Soriano, Rodrigo , 1868-1944  //;;;La Walkyria en Bayreuth viaje a la meca del wagnerismo, la tetralogía;;Rodrigo Soriano;;Tipografía Herres, a cargo de José Quesada;;Madrid;1898;160, CXXXIX p., [6] h. de lám. , 19 cm ,;Exploraciones. Viajes // Geografía Biografía. Historia //;;;;;;;;;;Wagner, Richard --  // Bayreuth -- Descripción --  //;;;;;;;;929  //  913(430)  //  78  //  910  //;;;;;;;;;;;;;;;sp;spa;;;Libro;"Acceso y/o uso restringido. La presente obra presenta restricciones en cuanto a su reproducción, distribución, comunicación pública o transformación; no obstante y en virtud del artículo 37 del Texto refundido de la Ley de Propiedad Intelectual (TRLPI), la Biblioteca Nacional de España está autorizada a la reproducción y a la comunicación de obras, mediante red cerrada e interna, a efectos de investigación (artículo 37, RDL 1/1996, de 12 de abril, revisada el 5 noviembre de 2015); sin perjuicio de las copias que puedan obtenerse en la BNE para uso privado, para ejercer cualquier otro de los derechos de explotación previstos en la TRLPI, el usuario deberá contactar con el correspondiente titular o la entidad de gestión encargada de representar al titular.//";M/3310 // M/3310 //;http://bdh-rd.bne.es/viewer.vm?id=0000057312&page=1 **;http://bdh-rd.bne.es/text.vm?id=0000057312&first=1&last=333 **
bimo0002303048;Ossuna y Saviñón, Manuel de , 1809-1846  //;Imprenta de Agustín Gaspar y compañía  //;;Viaje al pico de la isla de Tenerife año de 1834;;por M. O. S;;Imprenta de A. Gaspar y Compañía;;Barcelona;1837;24 p., [1] h. de lám., [1] h. pleg. , 4º ,;Exploraciones. Viajes // Geografía Biografía. Historia //;;;;;;;;;;Teide (Canarias, Pico) -- Descripción --  //;;Barcelona, España //;;;;;;913(460)  //  910  //;;;;;;;;;;;;;;;sp;spa;;;Libro;;U/10250(4) //;http://bdh-rd.bne.es/viewer.vm?id=0000081233&page=1 **;http://bdh-rd.bne.es/text.vm?id=0000081233&first=1&last=32 **
bimo0002303320;Edwards, Agustín , 1878-1941  //;;;Lo que vi en España impresiones personales;;Agustin Edwards y Mac-Clure;;Librería de Garnier y Hermanos;;Paris;1896;IX, 253 p. , 23 cm ,;Exploraciones. Viajes // Geografía Biografía. Historia //;;;;;;;;;;España -- Descripción --  //;;;;;;;;913(460)  //  910  //;;;;;;;;;;;;;;;fr;spa;;;Libro;"Acceso y/o uso restringido. La presente obra presenta restricciones en cuanto a su reproducción, distribución, comunicación pública o transformación; no obstante y en virtud del artículo 37 del Texto refundido de la Ley de Propiedad Intelectual (TRLPI), la Biblioteca Nacional de España está autorizada a la reproducción y a la comunicación de obras, mediante red cerrada e interna, a efectos de investigación (artículo 37, RDL 1/1996, de 12 de abril, revisada el 5 noviembre de 2015); sin perjuicio de las copias que puedan obtenerse en la BNE para uso privado, para ejercer cualquier otro de los derechos de explotación previstos en la TRLPI, el usuario deberá contactar con el correspondiente titular o la entidad de gestión encargada de representar al titular.//";3/114889(1) //;http://bdh-rd.bne.es/viewer.vm?id=0000058114&page=1 **;http://bdh-rd.bne.es/text.vm?id=0000058114&first=1&last=272 **
bimo0002303700;Golpe Varela, Salvador , 1850-1909  //;;;De La Coruña á la cárcel, pasando por Galicia;;"por Salvador Golpe Varela ; con un prólogo de José Rodriguez Carracido";;[s.n.]  Tip. de la Papelería de Ferrer;;[S.l.] , La Coruña;1894;XXIV, 528 p. , 19 cm ,;Exploraciones. Viajes // Geografía Biografía. Historia //;;;;;;;;;;Nacionalismo -- Galicia --  // Galicia -- Descripción --  //;;;;;;;;913(460)  //  323  //  910  //;;;;;;;;;;;;;;;sp;spa;;;Libro;;1/67355 //;http://bdh-rd.bne.es/viewer.vm?id=0000090298&page=1 **;http://bdh-rd.bne.es/text.vm?id=0000090298&first=1&last=565 **
bimo0002303962;Blasco, Eusebio , 1844-1903  //;;;Recuerdos nota íntima de Francia y España;;Eusebio Blasco y Soler;;Librería de Fernando Fé;;Madrid;1894;241 p. , 19 cm ,;Exploraciones. Viajes // Geografía Biografía. Historia //;;;;;;;;;;España -- Descripción --  //;;;;;;;;913(460)  //  821.134.2-8  //  910  //;;;;;;;;;;;;;;;sp;spa;;;Libro;;4/149195 //;http://bdh-rd.bne.es/viewer.vm?id=0000056338&page=1 **;http://bdh-rd.bne.es/text.vm?id=0000056338&first=1&last=265 **
bimo0002303963;Andrés y Espala, Gregorio  //;;;Del Manzanares al Nilo y el Jordán;;Gregorio Andrés Espala;;[s.n.]  Imprenta a cargo de Diego Valero;;[S.l.] , Madrid;1870;149 p. , 25 cm ,;Exploraciones. Viajes // Geografía Biografía. Historia //;;;;;;;;;;Italia -- Descripción --  // Egipto -- Descripción --  // Palestina -- Descripción --  //;;;;;;;;913(450)  //  913(620)  //  913(569.4)  //  910  //;;;;;;;;;;;;;;;sp;spa;;;Libro;;GM/3409 // GMM/2808 // GMM/2808 //;http://bdh-rd.bne.es/viewer.vm?id=0000048688&page=1 **;http://bdh-rd.bne.es/text.vm?id=0000048688&first=1&last=163 **
bimo0002304405;Servet, José María , 1855-1926  //;;;En Argelia recuerdos de viaje;;José María Servet;;[s.n.]  Imprenta de Tomás Minuesa;;[S.l.] , Madrid;1890;311 p. , 19 cm ,;Exploraciones. Viajes // Geografía Biografía. Historia //;;;;;;;;;;Argelia -- Descripción --  //;;;;;;;;913(65)  //  910  //;;;;;;;;;;;;;;;sp;spa;;;Libro;;1/75829 //;http://bdh-rd.bne.es/viewer.vm?id=0000090261&page=1 **;http://bdh-rd.bne.es/text.vm?id=0000090261&first=1&last=335 **
bimo0002304446;Escalante, Amós de , 1831-1902  //;;;Costas y montañas (libro de un caminante);;por Juan García;;[s.n.]  Imprenta de M. Tello;;[S.l.] , Madrid;1871;719 p. , 19 cm ,;Deportes //;;;;;;;;;;Cantabria (Comunidad Autónoma) -- Descripción --  // Asturias (Comunidad Autónoma) -- Descripción --  //;;;;;;;;913(460)  //  796  //  910  //;;;;;;;;;;;;;;;sp;spa;;;Libro;;4/16379 //;http://bdh-rd.bne.es/viewer.vm?id=0000084347&page=1 **;http://bdh-rd.bne.es/text.vm?id=0000084347&first=1&last=723 **
bimo0002304642;Monge, José María , 1831-1901  //;;;Viajes por Italia;;José M. Monge;;[s.n.]  Tipografía Comercial;;Mayaguez, Puerto Rico;1887;VI, 504 p. , 23 cm ,;Exploraciones. Viajes // Geografía Biografía. Historia //;;;;;;;;;;Italia -- Descripción --  //;;;;;;;;913(450)  //  910  //;;;;;;;;;;;;;;;pr;spa;;;Libro;;GMm/2739 //;http://bdh-rd.bne.es/viewer.vm?id=0000048699&page=1 **;http://bdh-rd.bne.es/text.vm?id=0000048699&first=1&last=524 **
bimo0002304801;Cánovas del Castillo, Máximo , 1833-1901  //;;;Noticias históricas, geográficas, estadísticas, administrativas y militares de las Islas Filipinas, y de un viaje a las mismas por el Cabo de Buena Esperanza, y regreso a España por la China, la India, la Arabia, Egipto, Malta y Gibraltar;;por M. Cánovas;;[s.n.]  Imp. y Litogr. Militar del Atlas, a cargo de J. Valls;;[SA.l.] , Madrid;1859;98 p. , 22 cm ,;Exploraciones. Viajes // Geografía Biografía. Historia //;;Publicado en la Gaceta Militar  //;;;;;;;;Filipinas -- Historia -- 1521-1812 --  // Filipinas -- Descripción --  //;;;;;;;;"94(599)""1521/1812""  //  913(599)  //  910  //";;;;;;;;;;;;;;;sp;spa;;;Libro;;HA/10299 // HA/10299 //;http://bdh-rd.bne.es/viewer.vm?id=0000057010&page=1 **;http://bdh-rd.bne.es/text.vm?id=0000057010&first=1&last=115 **
bimo0002304808;Hernández y Fernández, Esteban  //;;;Las selvas vírgenes (recuerdos de un viaje por la América del Sur);;por Esteban Hernández y Fernández;;Diego Murcia;;Madrid;1881;243 p. , 17 cm ,;Exploraciones. Viajes // Geografía Biografía. Historia // Galería literaria //;;;;;;;;;;;;;;;;;;821.134.2-3  //  910  //;;;;;;;;;;;;;;;sp;spa;;;Libro;;HA/19488 //;http://bdh-rd.bne.es/viewer.vm?id=0000056728&page=1 **;http://bdh-rd.bne.es/text.vm?id=0000056728&first=1&last=255 **
bimo0002305069;Robledo, Álvaro Robledo Sagarduy  //;;;Diario de un peregrino en Tierra Santa;;"por Álvaro Robledo ; con un prólogo por Antonio de Trueba";;Librería de Leocadio López;;Madrid;1863;232 p., [4] h. de lám. , 18 cm ,;Exploraciones. Viajes // Geografía Biografía. Historia //;;Índice  //;;;;;;;;Palestina -- Descripción --  //;;;;;;;;913(569.4)  //  910  //;;;;;;;;;;;;;;;sp;spa;;;Libro;;1/65723 //;http://bdh-rd.bne.es/viewer.vm?id=0000090300&page=1 **;http://bdh-rd.bne.es/text.vm?id=0000090300&first=1&last=267 **
bimo0002305362;Aldea, Arturo  //;;;La América colombiana : Ecuador, Colombia, Venezuela;;Arturo Aldea;;Librería de Antonio J. Bastinos;;Barcelona;1898;64 p. , il. , 21 cm ,;Exploraciones. Viajes // Geografía Biografía. Historia //;;;;;;;;;;América del Sur -- Descripción --  //;;;;;;;;821.134.2-9  //  913(8)  //  910  //;;;;;;;;;;;;;;;sp;spa;;;Libro;;2/45270(1) //;http://bdh-rd.bne.es/viewer.vm?id=0000039058&page=1 **;http://bdh-rd.bne.es/text.vm?id=0000039058&first=1&last=68 **
bimo0002305363;García Lasala, Manuel  //;;;Á través de la India diario de un viajero;;Manuel García Lasala;;Ramón Molinas;;Barcelona;1890?;401 p. , il. , 25 cm ,;"Exploraciones. Viajes // Geografía Biografía. Historia // Biblioteca de ""La Ilustración ibérica"" //";;"""Obra ricamente ilustrada con profusión de magníficos grabados""  //";;;;;;;;India -- Descripción --  //;;;;;;;;913(540)  //  910  //;;;;;;;;;;;;;;;sp;spa;;;Libro;;1/64186 //;http://bdh-rd.bne.es/viewer.vm?id=0000090305&page=1 **;http://bdh-rd.bne.es/text.vm?id=0000090305&first=1&last=415 **
bimo0002305455;Villaamil, Fernando , 1845-1898  //;;;Viaje de circunnavegación de la corbeta Nautilus;;por Fernando Villaamil;;"[s.n.]  Est. Tipográfico ""Sucesores de Rivadeneyra""";;[S.l.] , Madrid;1895;XXXI, 476 p., [23] h. de planos , il. , 24 cm ,;Exploraciones. Viajes // Geografía Biografía. Historia //;Mapas y planos incluidos: [Pág. 38. Las Palmas de Gran Canaria. (Bahía). Cartas náuticas. 1895. Pág. 58. Todos los Santos (Brasil) (Bahía). Mapas generales. 1895. Pág. 79. Ciudad del Cabo (Sudáfrica) (Puerto). Cartas náuticas. 1895. Pág. 131. Adelaida (Australia) (Puerto). Cartas náuticas. 1895. Pág. 147. Melbourne (Australia) (Puerto). Cartas náuticas. 1895. Pág. 180. Sídney (Australia) (Puerto). Cartas náuticas. 1895. Pág. 219. Nicholson (Nueva Zelanda) (Puerto). Cartas náuticas. 1895. Pág. 200. Valparaíso (Chile) (Puerto). Cartas náuticas. 1895. Pág. 448. Plymouth (Gran Bretaña) (Devon) (Puerto). Cartas náuticas. 1895. Pág. 453. Cherburgo (Francia) (Puerto). Cartas náuticas. 1895.]//;;;;;;;;;Nautilus (Barco) --  // Viajes alrededor del mundo --  //;;;;;;;;629  //  910  //;;;;;;;;;;;;;;;sp;spa;;;Libro;;GMM/2202 //;http://bdh-rd.bne.es/viewer.vm?id=0000048669&page=1 **;http://bdh-rd.bne.es/text.vm?id=0000048669&first=1&last=528 **
bimo0002305473;Balaguer, Víctor , 1824-1901  //;;;Entre col y col, lechuga : álbum de viaje;;por Víctor Balaguer;;Imprenta de Manuel Clusellas, editor;;Barcelona;1847;310 p. , 16 cm ,;Exploraciones. Viajes // Geografía Biografía. Historia //;;;;;;;;;;España -- Descripción --  //;;;;;;;;821.134.2-9  //  913(460)  //  910  //;;;;;;;;;;;;;;;sp;spa;;;Libro;;1/37059 //;http://bdh-rd.bne.es/viewer.vm?id=0000037676&page=1 **;http://bdh-rd.bne.es/text.vm?id=0000037676&first=1&last=321 **
bimo0002305569;;;;Breve escursión por el Imperio de Marruecos : en que se describe su territorio y las costumbres de sus habitantes;;;;[s.n.]  Imprenta del Avisador Malagueño;;Málaga;1860;72 p. , il. , 22 cm ,;Exploraciones. Viajes // Geografía Biografía. Historia //;;;;;;;;;;Marruecos -- Usos y costumbres --  // Marruecos -- Descripción --  //;;;;;;;;39  //  913(64)  //  910  //;;;;;;;;;;;;;;;sp;spa;;;Libro;;1/239663 //;http://bdh-rd.bne.es/viewer.vm?id=0000090681&page=1 **;http://bdh-rd.bne.es/text.vm?id=0000090681&first=1&last=91 **
bimo0002305591;M. F. y V.  //;;;Apuntes geográficos del viaje hecho desde el reino de España a los de Inglaterra, Italia y Roma e imperios de Francia y Austria año de 1865;;por M. F. y V.;;[s.n.]  Imprenta de José M. Ducazcal;;[S.l.] , Madrid;1865;70 p. , 21 cm ,;Exploraciones. Viajes // Geografía Biografía. Historia //;;;;;;;;;;Europa -- Descripción --  //;;;;;;;;913(4)  //  910  //;;;;;;;;;;;;;;;sp;spa;;;Libro;;VC/2706/12 //;http://bdh-rd.bne.es/viewer.vm?id=0000081239&page=1 **;http://bdh-rd.bne.es/text.vm?id=0000081239&first=1&last=74 **
bimo0002305763;Font y Sagué, Norbert , 1874-1910  //;;;Excursió espeleológica a La Bancó, Les Barbotes y Singles de Bertí;;per Norbert Font y Sagué;;[s.n.]  Tip. L'Avenç;;[S.l.] , Barcelona;1898;30 p. , il. , 21 cm ,;Exploraciones. Viajes // Geografía Biografía. Historia //;;;;;;;;;;Cuevas -- Vallès Oriental --  //;;;;;;;;551.1/.4  //  910  //;;;;;;;;;;;;;;;sp;cat;;;Libro;;VC/2871/74 //;http://bdh-rd.bne.es/viewer.vm?id=0000081296&page=1 **;http://bdh-rd.bne.es/text.vm?id=0000081296&first=1&last=35 **
bimo0002305847;Navarro y Morgado, Joaquín , 1828-1885  //;;;Canal de Suez paso de la Berenguela por el mismo;;por Joaquin Navarro y Morgado;;[s.n.]  Miguel Ginesta;;[S.l.] , Madrid;1870;103 p., [1] h. de lam. pleg., [1] h. de map. pleg. , 24 cm ,;Exploraciones. Viajes // Geografía Biografía. Historia //;;;;;;;;;;Berenguela (Barco) -- Historia --  // Canal de Suez -- Historia --  //;;;;;;;;623  //  626/627  //  910  //;;;;;;;;;;;;;;;sp;spa;;;Libro;;1/22739 //;http://bdh-rd.bne.es/viewer.vm?id=0000038117&page=1 **;http://bdh-rd.bne.es/text.vm?id=0000038117&first=1&last=119 **
bimo0002305979;Villafranca, Faustino , 1833-1871  //;;;Correspondencias de un viaje desde Filipinas a Europa por Sicilia, Nápoles, Roma, Italia, Paris, Londres y España comprenden la descripción de varias poblaciones del tránsito, incluso Cantón en China, con los sucesos del viaje en la ida y vuelta;;por Faustino Villafranca;;[s.n.]  Impr. de la Revista mercantil, de J. de Loyzaga y compañia;;[S.l.] , Manila;1870;283 p. , 22cm ,;Exploraciones. Viajes // Geografía Biografía. Historia //;;;;;;;;;;Viajes alrededor del mundo --  //;;;;;;;;910  //;;;;;;;;;;;;;;;ph;spa;;;Libro;;2/30936 //;http://bdh-rd.bne.es/viewer.vm?id=0000040014&page=1 **;http://bdh-rd.bne.es/text.vm?id=0000040014&first=1&last=301 **
bimo0002305996;Aznar, Gregorio  //;;;Geología viage a la Sierra y Laguna de Gredos por su polo austral;;;;[s.n.];;[Madrid];1839;16 p. , 20 cm ,;Exploraciones. Viajes // Geografía Biografía. Historia //;;Autor (p. 16): Gregorio Aznar  //;;;;;;;;Gredos (España, Sierra) -- Descripción --  //;;;;;;;;913(460)  //  910  //;;;;;;;;;;;;;;;sp;spa;;;Libro;;VE/788/30 //;http://bdh-rd.bne.es/viewer.vm?id=0000081283&page=1 **;http://bdh-rd.bne.es/text.vm?id=0000081283&first=1&last=20 **
bimo0002306112;;;[Fisonomías de pueblos y ciudades de Europa] // [Isabel] // [Versos] //;Miscelánea impresiones y recuerdos;;;;[s.n.]  Francisco Díaz;;[S.l.] , Madrid;1845;VIII, 526 p. , 19 cm ,;Exploraciones. Viajes // Geografía Biografía. Historia //;Fisonomias de Pueblos y ciudades de Europa -- Isabel o Los libertinos -- Drama en tres actos y en prosa -- Versos// Fisonomias de Pueblos y ciudades de Europa -- Isabel o Los libertinos -- Drama en tres actos y en prosa -- Versos//;;;;;;;;;Ciudades -- Europa --  //;;;;;;;;913(4)  //  821.134.2-2  //  910  //;;;;;;;;;;;;;;;sp;spa;;;Libro;;7/20427 //;http://bdh-rd.bne.es/viewer.vm?id=0000088012&page=1 **;http://bdh-rd.bne.es/text.vm?id=0000088012&first=1&last=547 **
bimo0002306620;Cervera Baviera, Julio , 1854-1927  //;;;Expedición al interior de Marruecos;;Julio Cervera Baviera;;[s.n.;;[S.l.];1884;140 p. , il. , 22 cm ,;Exploraciones. Viajes // Geografía Biografía. Historia //;;;;;;;;;;Marruecos -- Descripción --  //;;;;;;;;913(64)  //  910  //;;;;;;;;;;;;;;;sp;spa;;;Libro;;AFRGF/1884 //;http://bdh-rd.bne.es/viewer.vm?id=0000089923&page=1 **;http://bdh-rd.bne.es/text.vm?id=0000089923&first=1&last=145 **
bimo0002306714;Pérez Nieva, Alfonso , 1859-1931  //;;;Por las Rías Bajas : (notas de viaje por Galicia);;Alfonso Pérez Nieva;;Andrés Martínez;;La Coruña;1900;254 p. , 20 cm ,;Exploraciones. Viajes // Geografía Biografía. Historia // Biblioteca Gallega //;;;;;;;;;;Rías Bajas (La Coruña y Pontevedra, Comarca) -- Descripción --  //;;;;;;;;913(460.115-28 Rías Bajas)  //  913(460)  //  910  //;;;;;;;;;;;;;;;sp;spa;;;Libro;;2/89315 //;http://bdh-rd.bne.es/viewer.vm?id=0000058173&page=1 **;http://bdh-rd.bne.es/text.vm?id=0000058173&first=1&last=267 **
bimo0002306775;Merry y Colom, Francisco, Conde de Benomar , 1829-1900  //;;;Un viaje a Fez;;;;[s.n.];;[S.l.];entre 1880 y 1889?;P. [394]-414 , 22 cm ,;Exploraciones. Viajes // Geografía Biografía. Historia //;;Autor (p. 414): Francisco Merry y Colón  //;;;;;;;;Fez -- Descripción --  //;;;;;;;;913(64)  //  910  //;;;;;;;;;;;;;;;sp;spa;;;Libro;;AFRGFC/58/17 //;http://bdh-rd.bne.es/viewer.vm?id=0000089883&page=1 **;http://bdh-rd.bne.es/text.vm?id=0000089883&first=1&last=26 **
bimo0002306825;García Ladevese, Ernesto , 1850-1914  //;;;Fuera de la patria notas de viaje, nuevos aires, pequeñas novelas, bosquejos parisienses;;;;Biblioteca Moderna;;Paris;1880;392 [i.e. 238] p. , 18 cm ,;Exploraciones. Viajes // Geografía Biografía. Historia //;;;;;;;;;;Alemania -- Descripción --  // París -- Descripción --  //;;;;;;;;913(430)  //  913(44)  //  910  //;;;;;;;;;;;;;;;fr;spa;;;Libro;;2/7831 //;http://bdh-rd.bne.es/viewer.vm?id=0000058137&page=1 **;http://bdh-rd.bne.es/text.vm?id=0000058137&first=1&last=255 **
bimo0002306874;Cuní y Martorell, Miguel , 1827-1902  //;;;Una excursió entomológica nocturna;;per Miquel Cuní y Martorell;;Imp. de Henrich y Compª;;[S.l.]b[s.n.] , Barcelona;1892;45 p. , il. , 22 cm ,;Zoología //;;;;;;;;;;Insectos -- Calella --  //;;;;;;;;59  //  910  //;;;;;;;;;;;;;;;sp;cat;;;Libro;;9/267288 //;http://bdh-rd.bne.es/viewer.vm?id=0000101548&page=1 **;http://bdh-rd.bne.es/text.vm?id=0000101548&first=1&last=47 **
bimo0002306974;Suárez Casañ, V.  //;;;Viaje de D. Francisco Pí y Margall a Valencia;;por Vicente Suárez Casañ;;[s.n.]  Establecimiento Tipográfico de Góngora;;[S.l.] , Madrid;1883;149 p. , 18 cm ,;Exploraciones. Viajes // Geografía Biografía. Historia // Apuntes para la historia del renacimiento federal en España //;;;;;;;;;;Pi y Margall, Francisco --  // Comunidad Valenciana -- Historia -- S.XIX --  //;;;;;;;;929  //  94  //  910  //;;;;;;;;;;;;;;;sp;spa;;;Libro;;1/10970 //;http://bdh-rd.bne.es/viewer.vm?id=0000037987&page=1 **;http://bdh-rd.bne.es/text.vm?id=0000037987&first=1&last=167 **
bimo0002307015;Fraginals, Cristófol  //;;;Excursió de Berga a Castellbò passant per Baga, La Cerdanya, La Seu d'Urgell, Andorra y Sant Joan de l'Herm;;per Cristòfol Fraginals;;"[s.n.]  Tip. ""L'Avenç""";;[S.l.] , Barcelona;1899;32 p. , il. , 22 cm ,;Exploraciones. Viajes // Geografía Biografía. Historia //;;;;;;;;;;Lérida (Provincia) -- Descripción --  // Barcelona (Provincia) -- Descripción --  //;;;;;;;;913(460)  //  910  //;;;;;;;;;;;;;;;sp;cat;;;Libro;;VC/2871/77 //;http://bdh-rd.bne.es/viewer.vm?id=0000081297&page=1 **;http://bdh-rd.bne.es/text.vm?id=0000081297&first=1&last=35 **
bimo0002307137;Aledo, Vergara y Pérez de Aranda, Mariano, Marqués de , 1833-1912  //;;;Biarritz y sus alrededores : guía del viajero español en Bayona, Biarritz, Cambo y San Juan de Luz;;por Mariano Vergara;;[s.n.]  Imprenta de Manuel Galiano;;[S.l.] , Madrid;1864;140 p. , 15 cm ,;Exploraciones. Viajes // Geografía Biografía. Historia //;;;;;;;;;;Francia meridional -- Descripción --  //;;;;;;;;913(44)  //  910  //;;;;;;;;;;;;;;;sp;spa;;;Libro;;1/28176 //;http://bdh-rd.bne.es/viewer.vm?id=0000090820&page=1 **;http://bdh-rd.bne.es/text.vm?id=0000090820&first=1&last=159 **
bimo0002307147;Barcia y Pavón, Ángel María , 1841-1927  //;;;Viaje a Tierra Santa : en la primavera de 1888;;Ángel Bárcia Pavón;;[s.n.]  Imprenta y Fundición de M. Tello;;Madrid;1889;VIII, 454 p. , 18 cm ,;Exploraciones. Viajes // Geografía Biografía. Historia //;;;;;;;;;;Peregrinaciones cristianas -- Palestina --  // Palestina -- Descripción --  //;;;;;;;;24(569.4)  //  913(569.4)  //  910  //;;;;;;;;;;;;;;;sp;spa;;;Libro;;1/7286 //;http://bdh-rd.bne.es/viewer.vm?id=0000090255&page=1 **;http://bdh-rd.bne.es/text.vm?id=0000090255&first=1&last=479 **
bimo0002307170;Palao, Antonio M.  //;;;Un viaje a Gibraltar, o sea Defensa de la conducta observada en dicha colonia;Defensa de la conducta observada en dicha colonia  //;por Antonio M. Palao;;[s.n.]  Establecimiento Tipográfico de Andres Peña;;[S.l.] , Madrid;1851;121 p. , 20 cm ,;Exploraciones. Viajes // Geografía Biografía. Historia //;;;;;;;;;;Palao, Antonio M. --  // Gibraltar -- Historia -- Relatos personales --  //;;;;;;;;929  //  94  //  910  //;;;;;;;;;;;;;;;sp;spa;;;Libro;;VC/11744/6 //;http://bdh-rd.bne.es/viewer.vm?id=0000081186&page=1 **;http://bdh-rd.bne.es/text.vm?id=0000081186&first=1&last=126 **
bimo0002307292;Díaz Arenas, Rafael , m. 1866  //;;;Viaje curioso e instructivo de Manila a Cádiz por China, Batavia, el Brasil y Portugal;;Rafael Díaz Arenas;;[s.n.]  Imprenta de D.D. Féros;;[S.l.] , Cádiz;1839;IV, 257 p. , 15 cm ,;Exploraciones. Viajes // Geografía Biografía. Historia //;;;;;;;;;;Viajes alrededor del mundo --  //;;;;;;;;910  //;;;;;;;;;;;;;;;sp;spa;;;Libro;;4/24457 //;http://bdh-rd.bne.es/viewer.vm?id=0000056603&page=1 **;http://bdh-rd.bne.es/text.vm?id=0000056603&first=1&last=277 **
bimo0002307296;Benavent y Feliu, Ricardo , 1848-1929  //;;;Un paseo por Europa Central y Meridional;;efectuado y descrito por Ricardo Benavent y Felíu;;[s.n.]  Luis Catalá y Serra;;Gandía;1899;2 v. (686, 750 p.) , 22 cm ,;Exploraciones. Viajes // Geografía Biografía. Historia //;;;;;;;;;;Europa central -- Descripción --  // Europa meridional -- Descripción --  //;;;;;;;;910  //;;;;;;;;;;;;;;;sp;spa;;;Libro;;1/6808-1/6809 //;http://bdh-rd.bne.es/viewer.vm?id=0000089592&page=1 **;http://bdh-rd.bne.es/text.vm?id=0000089592&first=1&last=701 **
bimo0002307739;Ortiz Urruela, José Antonio , 1822-1877  //;;;Los santos lugares de la Judea, la Samaria y la Galilea : recuerdos e impresiones de viaje;;por José Antonio Ortiz Urruela;;[s.n.]  Imprenta de Tejado;;[S.l.] , Madrid;1868;XXIV, 419 p. , 20 cm ,;Exploraciones. Viajes // Geografía Biografía. Historia //;;;;;;;;;;Palestina -- Descripción --  //;;;;;;;;913(569.4)  //  910  //;;;;;;;;;;;;;;;sp;spa;;;Libro;;1/67654 //;http://bdh-rd.bne.es/viewer.vm?id=0000090292&page=1 **;http://bdh-rd.bne.es/text.vm?id=0000090292&first=1&last=453 **
bimo0002307770;Fernández Juncos, Manuel , 1846-1928  //;;;De Puerto Rico a Madrid : estudios de viaje;;por Manuel Fernández Juncos;;"Biblioteca de ""El Buscapié""";;Puerto Rico;1886;292 p. , 18 cm ,;Exploraciones. Viajes // Geografía Biografía. Historia //;;;;;;;;;;España -- Descripción --  //;;;;;;;;913(460)  //  910  //;;;;;;;;;;;;;;;pr;spa;;;Libro;;2/47341 //;http://bdh-rd.bne.es/viewer.vm?id=0000039281&page=1 **;http://bdh-rd.bne.es/text.vm?id=0000039281&first=1&last=307 **
bimo0002307917;Pérez Nieva, Alfonso , 1859-1931  //;;;Viajando por Europa impresiones rápidas;;de Alfonso Pérez Nieva;;Biblioteca Patria;;Madrid;1920;163 p. , 17 cm ,;"Exploraciones. Viajes // Geografía Biografía. Historia // Biblioteca ""Patria"" de obras premiadas, 84 //";;;;;;;;;;Europa -- Descripción --  //;;;;;;;;913(4)  //  910  //;;;;;;;;;;;;;;;sp;spa;;;Libro;;6/8731<84> //;http://bdh-rd.bne.es/viewer.vm?id=0000056550&page=1 **;http://bdh-rd.bne.es/text.vm?id=0000056550&first=1&last=183 **
bimo0002308181;;;;La Familia Real en Galicia, 1900 : álbum-recuerdo dedicado a S.S. M.M. y A.A. con motivo de su viaje por los puertos de Galicia : pensamientos de distinguidos senadores, diputados y literatos;;;;"[s.n.]  Establecimiento Tipográfico de ""El Ancora""";;[S.l.] , Pontevedra;1900;104 p. , 2 retr. , 21 cm ,;Exploraciones. Viajes // Geografía Biografía. Historia //;;;;;;;;;;Alfonso -- XIII, -- Rey de España -- Viajes -- Galicia --  //;;;;;;;;929  //  910  //;;;;;;;;;;;;;;;sp;spa;;;Libro;;VC/159/22 //;http://bdh-rd.bne.es/viewer.vm?id=0000081205&page=1 **;http://bdh-rd.bne.es/text.vm?id=0000081205&first=1&last=120 **
bimo0002308389;Paradela y Gestal, Francisco , 1846-1918  //;;;Una visita al Istmo de Panamá nota de las impresiones y apuntes allí recogidos;;por Francisco Paradela y Gestal;;[s.n.]  Tip. del Avisador Comercial;;[S.l.] , Habana;1886;48 p. , 23 cm ,;Exploraciones. Viajes // Geografía Biografía. Historia //;;;;;;;;;;Panamá -- Descripción --  //;;;;;;;;"(728.7)  //  913(728.7)""18""  //  910  //";;;;;;;;;;;;;;;cu;spa;;;Libro;;HA/14104 //;http://bdh-rd.bne.es/viewer.vm?id=0000057162&page=1 **;http://bdh-rd.bne.es/text.vm?id=0000057162&first=1&last=48 **
bimo0002308422;Fenech, F. de P.  //;;;Apuntes históricos de una expedición de verano;;;;[s.n.]  Imprenta de A. Espinosa y Compañía;;[S.l.] , Madrid;1869?;57 p. , 16 cm ,;Exploraciones. Viajes // Geografía Biografía. Historia //;;Autor (p. 57): F. de P. Fenech  //;;;;;;;;Gerona -- Descripción --  //;;;;;;;;913(460)  //  910  //;;;;;;;;;;;;;;;sp;spa;;;Libro;;VC/580/22 //;http://bdh-rd.bne.es/viewer.vm?id=0000081289&page=1 **;http://bdh-rd.bne.es/text.vm?id=0000081289&first=1&last=63 **
bimo0002308922;Mentaberry, Adolfo de , 1840-1887  //;;;Viaje a Oriente : de Madrid a Constantinopla;;"por Don Adolfo de Mentaberry ;  precedido de un prólogo del Excmo. Sr. D. Antonio Cánovas del Castillo";;[s.n.]  Berenguillo;;[S.l.] , Madrid;1873;XXII, 559 p. , 15 cm ,;Exploraciones. Viajes // Geografía Biografía. Historia //;;;;;;;;;;Oriente Medio -- Descripción --  //;;;;;;;;913(5)  //  910  //;;;;;;;;;;;;;;;sp;spa;;;Libro;;1/37984 //;http://bdh-rd.bne.es/viewer.vm?id=0000037618&page=1 **;http://bdh-rd.bne.es/text.vm?id=0000037618&first=1&last=591 **
bimo0002309147;Rosso, Antonio L.  //;;;El Capitán Fémor : memorias de un viaje de exploración por el Sáhara;;escrito por Antonio L. Rosso;;[s.n.]  Est. Tip. de los Sres. Viuda e Hijos de Alcántara;;[S.l.] , Madrid;1886;263 p. , il. , 18 cm ,;Exploraciones. Viajes // Geografía Biografía. Historia //;;;;;;;;;;Sahara -- Descripción --  //;;;;;;;;913(661.2)  //  910  //;;;;;;;;;;;;;;;sp;spa;;;Libro;;2/47351 //;http://bdh-rd.bne.es/viewer.vm?id=0000039251&page=1 **;http://bdh-rd.bne.es/text.vm?id=0000039251&first=1&last=279 **
bimo0002309347;González Narváez, J. I.  //;;;Cuervo Arango y las aduanas de Cuba relaciones de viaje sobre cosas importantes de la isla;;por J. I. González Narváez;;"[s.n.]  Tipografía y Papelería ""El Iris""";;[S.l.] , Habana;1881;175 p. , 23 cm ,;Exploraciones. Viajes // Geografía Biografía. Historia //;;;;;;;;;;Aduanas -- Cuba -- Historia --  // Cuba -- Relaciones -- España --  //;;;;;;;;336  //  327  //  910  //;;;;;;;;;;;;;;;cu;spa;;;Libro;;HA/9913 //;http://bdh-rd.bne.es/viewer.vm?id=0000056893&page=1 **;http://bdh-rd.bne.es/text.vm?id=0000056893&first=1&last=193 **
bimo0002309857;Scheidnagel, Manuel  //;;;Aquende y allende de Suez;;por Manuel Scheidnagel, con un prólogo de Juan de la Puerta y Vizcaino;2ª ed. corr. y aum.;[s.n.]  Juan Iglesia Sánchez;;[S.l.] , Madrid;1892;230 p. , 19 cm ,;Exploraciones. Viajes // Geografía Biografía. Historia //;;;;;;;;;;Filipinas -- Descripción --  // España -- Colonias -- Asia --  //;;;;;;;;913(599)  //  325  //  910  //;;;;;;;;;;;;;;;sp;spa;;;Libro;;4/198855(4) //;http://bdh-rd.bne.es/viewer.vm?id=0000056622&page=1 **;http://bdh-rd.bne.es/text.vm?id=0000056622&first=1&last=229 **
bimo0002310225;Sepúlveda, Enrique , 1844?-1903  //;;;Desde Comillas crónica del viaje regio en el verano de 1882;;por Ese (seud.);;[s.n.]  Imp. y fund. de M. Tello;;[S.l.] , Madrid;1882;216 p. , 17 cm ,;Exploraciones. Viajes // Geografía Biografía. Historia //;;;;;;;;;;Cantabria (Comunidad Autónoma) -- Descripción --  //;;;;;;;;913(460)  //  910  //;;;;;;;;;;;;;;;sp;spa;;;Libro;;1/73903 //;http://bdh-rd.bne.es/viewer.vm?id=0000090253&page=1 **;http://bdh-rd.bne.es/text.vm?id=0000090253&first=1&last=223 **
bimo0002310276;Ortega Munilla, José , 1856-1922  // Pons, Ángel  //;;;Viajes de un cronista;;"por José Ortega Munilla ; dibujos de Ángel Pons";;Manuel F. Lasanta;;Madrid;1892;303 p. , il. , 18 cm ,;Exploraciones. Viajes // Geografía Biografía. Historia //;;;;;;;;;;Tánger -- Descripción --  // Europa -- Descripción --  //;;;;;;;;913(64)  //  913(4)  //  910  //;;;;;;;;;;;;;;;sp;spa;;;Libro;;1/63992 //;http://bdh-rd.bne.es/viewer.vm?id=0000090320&page=1 **;http://bdh-rd.bne.es/text.vm?id=0000090320&first=1&last=319 **
bimo0002310805;Latasa, Marcos  //;;;Un libro sin héroe : descripción de viajes a Cuba, Méjico, Marruecos y New-York;;por Marcos Latasa;;[s.n.]  Establecimiento Tipográfico de los Hijos de I. R. Baroja;;[S.l.] , San Sebastián;1883;191 p. , 21 cm ,;Exploraciones. Viajes // Geografía Biografía. Historia //;;;;;;;;;;Cuba -- Descripción --  // México -- Descripción --  // Marruecos -- Descripción --  // Nueva York -- Descripción --  //;;;;;;;;913(729.1)  //  913(72)  //  913(64)  //  913(73)  //  910  //;;;;;;;;;;;;;;;sp;spa;;;Libro;;AFRGF/948 //;http://bdh-rd.bne.es/viewer.vm?id=0000089925&page=1 **;http://bdh-rd.bne.es/text.vm?id=0000089925&first=1&last=199 **
bimo0002311253;San Martín, Antonio de , 1841-1887  //;;;La ciudad del sueño viajes al interior de Marruecos;;por Antonio de San Martín;;Urbano Manini;;Madrid;1870;271 p. , 17 cm ,;Exploraciones. Viajes // Geografía Biografía. Historia //;;;;;;;;;;Marruecos -- Descripción --  //;;;;;;;;"913(64)  //  821.134.2-992""18""  //  910  //";;;;;;;;;;;;;;;sp;spa;;;Libro;;AfrGF/1557 // AFRGF/1557 //;http://bdh-rd.bne.es/viewer.vm?id=0000088036&page=1 **;http://bdh-rd.bne.es/text.vm?id=0000088036&first=1&last=283 **
bimo0002311559;Mhartín y Guix, Enrique , 1859-1932  //;;;De España a sus Indias memorias de un viaje de tres mil leguas;;"por Enrique de Mhartin y Guix ; con un prólogo escrito por Enrique Monreal y Sús";;[s.n.]  Establecimiento Tipo-Litográfico de M. Pérez, hijo;;[S.l.] , Manila;1885;186, III p. , 24 cm ,;Exploraciones. Viajes // Geografía Biografía. Historia //;;;;;;;;;;Viajes alrededor del mundo --  //;;;;;;;;910  //;;;;;;;;;;;;;;;ph;spa;;;Libro;;HA/12556 //;http://bdh-rd.bne.es/viewer.vm?id=0000057126&page=1 **;http://bdh-rd.bne.es/text.vm?id=0000057126&first=1&last=201 **
bimo0002311950;Velasco del Real, Octavio  //;;;Viaje por la América del Sur : impresiones y recuerdos;;por Octavio Velasco del Real;;Grande EstablecimientoTipográfico Editorial de Ramón Molinas;;Barcelona;1894;395 p. , il. , 25 cm ,;"Exploraciones. Viajes // Geografía Biografía. Historia // Biblioteca de la ""Ilustración Ibérica"" //";;;;;;;;;;América del Sur -- Descripción --  //;;;;;;;;913(8)  //  910  //;;;;;;;;;;;;;;;sp;spa;;;Libro;;1/58491 //;http://bdh-rd.bne.es/viewer.vm?id=0000065602&page=1 **;http://bdh-rd.bne.es/text.vm?id=0000065602&first=1&last=403 **
bimo0002312127;Casa de Valencia, Emilio Alcalá Galiano y Valencia, Conde de , 1831-1914  //;;;Mis dos viajes a América recuerdos de la juventud;;por el Conde de Casa Valencia;;[s.n.]  Establecimiento Tipográfico de Fortanet;;[S.l.];1898;164 p. , 20 cm ,;Exploraciones. Viajes // Geografía Biografía. Historia //;;;;;;;;;;América del Norte -- Descripción --  // Antillas -- Descripción --  // México -- Descripción --  //;;;;;;;;"(72)  //  (729)  //  913(7)""18""  //  913(72)""18""  //  913(729)""18""  //  910  //";;;;;;;;;;;;;;;sp;spa;;;Libro;;1/4877 //;http://bdh-rd.bne.es/viewer.vm?id=0000037605&page=1 **;http://bdh-rd.bne.es/text.vm?id=0000037605&first=1&last=171 **
bimo0002312304;;;;Viaje de S. M. el Rey don Alfonso XII de Borbón a varios paises extranjeros en septiembre de 1883;;;;[s.n.]  Imprenta del Asilo de Huérfanos del S.C. de Jesús;;[S.l.] , Madrid;1884;180 p , 30 cm ,;Exploraciones. Viajes // Geografía Biografía. Historia //;;;;;;;;;;Alfonso -- XII, -- Rey de España -- Viajes --  //;;;;;;;;929  //  910  //;;;;;;;;;;;;;;;sp;spa;;;Libro;;3/90190 //;http://bdh-rd.bne.es/viewer.vm?id=0000056272&page=1 **;http://bdh-rd.bne.es/text.vm?id=0000056272&first=1&last=197 **
bimo0002312743;Tucídides Francés  // Jenofonte Francés  // Buchon, Jean-Alexandre , 1791-1846  //;;;Œuvres complètes de Thucydide et de Xénophon;;avec notices biographiques par J.A.C. Buchon;;Panthéon littéraire;;Paris;1840;XVI, 818 p. , 27 cm ,;Panthéon littéraire. Littérature grecque //;;;;;;;;;;Grecia -- Historia -- 431-404 a.C. (Guerra del Peloponeso) --  //;;;;;;;;"08  //  94  //  081 Jenofonte  //  94(38)""-0431/-0404""  //";;;;;;;;;;;;;;;fr;fre;grc;fre //;Libro;;6/9024 //;http://bdh-rd.bne.es/viewer.vm?id=0000011431&page=1 ** http://bdh-rd.bne.es/viewer.vm?id=0000011431&page=313 ** http://bdh-rd.bne.es/viewer.vm?id=0000011431&page=833 **;http://bdh-rd.bne.es/text.vm?id=0000011431&first=1&last=312 ** http://bdh-rd.bne.es/text.vm?id=0000011431&first=313&last=832 ** http://bdh-rd.bne.es/text.vm?id=0000011431&first=833&last=841 **
bimo0002312804;Hernández Mir, Francisco , 1871-1956  //;;;Farrucos y gallinas impresiones de un viaje a Melilla;;por F. Hernández Mir;;[s.n.]  Imp. El Porvenir;;[S.l] , Sevilla;1894;143 p. , 22 cm ,;Exploraciones. Viajes // Geografía Biografía. Historia //;;;;;;;;;;Melilla -- Descripción --  //;;;;;;;;913(460)  //  910  //;;;;;;;;;;;;;;;sp;spa;;;Libro;"Acceso y/o uso restringido. La presente obra presenta restricciones en cuanto a su reproducción, distribución, comunicación pública o transformación; no obstante y en virtud del artículo 37 del Texto refundido de la Ley de Propiedad Intelectual (TRLPI), la Biblioteca Nacional de España está autorizada a la reproducción y a la comunicación de obras, mediante red cerrada e interna, a efectos de investigación (artículo 37, RDL 1/1996, de 12 de abril, revisada el 5 noviembre de 2015); sin perjuicio de las copias que puedan obtenerse en la BNE para uso privado, para ejercer cualquier otro de los derechos de explotación previstos en la TRLPI, el usuario deberá contactar con el correspondiente titular o la entidad de gestión encargada de representar al titular.//";AFRGF/3438 //;http://bdh-rd.bne.es/viewer.vm?id=0000089918&page=1 **;http://bdh-rd.bne.es/text.vm?id=0000089918&first=1&last=151 **
bimo0002312930;Badía y Andreu, Salvador , 1847-1923  //;;;Un viaje por la Suiza : colección de cartas escritas sobre el terreno, que contienen multitud de datos históricos, geográficos, administrativos, políticos y médicos sobre dicho país;;por el Dr. Salvador Badía;;Establecimiento Tipográfico Editorial de José Miret;;Barcelona;1876;207 p., 8 h. de lám. , il. , 23 cm ,;Exploraciones. Viajes // Geografía Biografía. Historia //;;;;;;;;;;Suiza -- Descripción --  //;;;;;;;;821.134.2-6  //  913(494)  //  910  //;;;;;;;;;;;;;;;sp;spa;;;Libro;;1/72351 //;http://bdh-rd.bne.es/viewer.vm?id=0000090267&page=1 **;http://bdh-rd.bne.es/text.vm?id=0000090267&first=1&last=235 **
bimo0002312990;Fernández González, José , m. 1894  //;;;Asturias : de Oviedo a Covadonga;;por José Fernández González;;[s.n.]  Establecimiento Tipográfico de Vicente Briel;;[S.l.] , Oviedo;1892;318 p., [9] h. de lám. ,;Exploraciones. Viajes // Geografía Biografía. Historia //;;;;;;;;;;Asturias (Comunidad Autónoma) -- Descripción --  //;;;;;;;;913(460)  //  910  //;;;;;;;;;;;;;;;sp;spa;;;Libro;;BA/3453 //;http://bdh-rd.bne.es/viewer.vm?id=0000089868&page=1 **;http://bdh-rd.bne.es/text.vm?id=0000089868&first=1&last=355 **
bimo0002313515;Mompou, José , 1829-1901  //;;;De La Habana a Madrid, por Nueva York, Londres y París comprende la descripción sucinta de las citadas capitales y además las de Boston, Filadelfia, Baltimore, Washington ...;;por José Mompou;;[s.n.]  Imprenta de La Antilla;;[S.l.] , Habana;1865;348 p. , 19 cm ,;Exploraciones. Viajes // Geografía Biografía. Historia //;;;;;;;;;;Estados Unidos -- Descripción --  // Europa -- Descripción --  //;;;;;;;;913(73)  //  913(4)  //  910  //;;;;;;;;;;;;;;;cu;spa;;;Libro;;HA/8233 //;http://bdh-rd.bne.es/viewer.vm?id=0000056906&page=1 **;http://bdh-rd.bne.es/text.vm?id=0000056906&first=1&last=361 **
bimo0002313527;Lamarque de Novoa, José , 1828-1904  //;;;Desde la montaña cartas de impresiones de viaje dirigidas al director de El Eco de Andalucia;;por Ibero Abantiade;;[s.n.]  Imp. de Gironés y Orduña;;[S.l.] , Sevilla;1883;VIII, 148 p. , 20 cm ,;Exploraciones. Viajes // Geografía Biografía. Historia //;;;;;;;;;;Lamarque de Novoa, José -- Correspondencia --  // Cantabria (Comunidad Autónoma) -- Descripción --  //;;;;;;;;929 Lamarque de Novoa, José  //  913(460.13)  //  913(460)  //  910  //;;;;;;;;;;;;;;;sp;spa;;;Libro;;1/75466 //;http://bdh-rd.bne.es/viewer.vm?id=0000090257&page=1 **;http://bdh-rd.bne.es/text.vm?id=0000090257&first=1&last=171 **
bimo0002313545;La Sagra, Ramón de , 1798-1871  //;;;Historia física, económica-política, intelectual y moral de la isla de Cuba relación del último viaje del autor;;por Ramón de la Sagra;Nueva ed.considerablemente aum.;Librería de L. Hachette y C.ª;;París;1861;250 p. , 25 cm ,;Exploraciones. Viajes // Geografía Biografía. Historia //;;;;;;;;;;Cuba -- Misceláneas --  //;;;;;;;;908  //  910  //;;;;;;;;;;;;;;;fr;spa;;;Libro;;HA/9866 //;http://bdh-rd.bne.es/viewer.vm?id=0000056874&page=1 **;http://bdh-rd.bne.es/text.vm?id=0000056874&first=1&last=262 **
bimo0002313943;Bosch de la Trinxeria, Carles , 1831-1897  //;;;Pla y Montanya : aplech d'studis, viatges, llegendas, recorts y excursions;;per C. Bosch de la Trinxeriaa;;[s.n.]  Imprenta La Renaixensa;;Barcelona;1888;288 p. , 20 cm ,;Exploraciones. Viajes // Geografía Biografía. Historia //;;;;;;;;;;España nororiental -- Descripción --  //;;;;;;;;821.134.1  //  913(460)  //  910  //;;;;;;;;;;;;;;;sp;cat;;;Libro;;1/65009 //;http://bdh-rd.bne.es/viewer.vm?id=0000090307&page=1 **;http://bdh-rd.bne.es/text.vm?id=0000090307&first=1&last=303 **
bimo0002314002;Gil y Montaña, José , m. 1876  //;;;Escursión de Barcelona a Gerona y vice-versa por el ferro-carril;Excursión de Barcelona a Gerona y vice-versa por el ferro-carril  //;José Gil y Montaña;;[s.n.]  Establecimiento Tipográfico de Narciso Ramírez y C.ª;;[S.l.] , Barcelona;1871;55 p. , 1 mapa , 27 cm ,;Exploraciones. Viajes // Geografía Biografía. Historia //;;;;;;;;;;Viajes en tren -- Cataluña --  // Barcelona (Provincia) -- Descripción --  // Gerona (Provincia) -- Descripción --  //;;;;;;;;913(460)  //  910  //;;;;;;;;;;;;;;;sp;spa;;;Libro;;VC/13253/2 //;http://bdh-rd.bne.es/viewer.vm?id=0000081184&page=1 **;http://bdh-rd.bne.es/text.vm?id=0000081184&first=1&last=60 **
bimo0002314599;García del Canto, Antonio , 1823-1886  //;;;España en la Occeanía : estudios históricos sobre Filipinas : proyecto de conquista y colonización de Mindanao : guía del viajero desde Madrid o Cádiz a Manila por el Istmo de Suéz y por el Cabo de Buena Esperanza ...;;por Antonio García del Canto;;Librería Americana;;[Madrid];1862;199 p. , 15 cm ,;Exploraciones. Viajes // Geografía Biografía. Historia //;;;;;;;;;;Filipinas -- Descripción --  // Filipinas -- Historia --  //;;;;;;;;913(599)  //  94  //  910  //;;;;;;;;;;;;;;;sp;spa;;;Libro;;HA/22466 //;http://bdh-rd.bne.es/viewer.vm?id=0000056724&page=1 **;http://bdh-rd.bne.es/text.vm?id=0000056724&first=1&last=207 **
bimo0002314603;Carrasco y Guisasola, Francisco , 1834-1901  //;;;Documentos referentes al reconocimiento de las costas de las Californias : desde el cabo de San Lucas al de Mendocino;;recopiladas en el Archivo de Indias por Francisco Carrasco y Guisasola;;Dirección de Hidrografía;;Madrid;1882;214 p., 11 h. pleg. de map. , 23 cm ,;Exploraciones. Viajes // Geografía Biografía. Historia //;;;;;;;;;;California -- Descripción --  //;;;;;;;;913(794)  //  910  //;;;;;;;;;;;;;;;sp;spa;;;Libro;;HA/15765 //;http://bdh-rd.bne.es/viewer.vm?id=0000057115&page=1 **;http://bdh-rd.bne.es/text.vm?id=0000057115&first=1&last=241 **
bimo0002315225;Verdaguer, Jacint , 1845-1902  // Llombart, Constantino , 1848-1895  //;;[Diari d'un pelegrí a Terra Santa. Español] //;Diario de un peregrino a Tierra Santa;;"Mosén Jacinto Verdaguer ; traducido al castellano por Constantino Llombart";;Pascual Aguilar;;Valencia;1887?;161 p. , 15 cm ,;Exploraciones. Viajes // Geografía Biografía. Historia // Biblioteca Selecta, 57 //;;;;;;;;;;Palestina -- Descripción --  //;;;;;;;;913(569.4)  //  910  //;;;;;;;;;;;;;;;sp;spa;cat;spa //;Libro;;6/8461<57> //;http://bdh-rd.bne.es/viewer.vm?id=0000056568&page=1 **;http://bdh-rd.bne.es/text.vm?id=0000056568&first=1&last=179 **
bimo0002315613;Rodríguez Ferrer, Miguel , 1815-1889  //;;;Aizquirri y Aranzazu recuerdo de una expedición veraniega por el País Vasco en 1877;;;;Sociedad de Tipógrafos;;Madrid;1878;30 p. , 18 cm ,;Exploraciones. Viajes // Geografía Biografía. Historia //;;;;;;;;;;País Vasco -- Descripción --  //;;;;;;;;913(460)  //  910  //;;;;;;;;;;;;;;;sp;spa;;;Libro;;VC/39/6 //;http://bdh-rd.bne.es/viewer.vm?id=0000081292&page=1 **;http://bdh-rd.bne.es/text.vm?id=0000081292&first=1&last=35 **
bimo0002316043;Fontana, Luis Jorge , 1846-1920  //;;;Del Amazonas al Plata : las Guayanas, el Brasil, el Uruguay y el Paraguay: su historia, geografía, producción, etnografía y costumbres;;Doctor Fontana;;Librería de Antonio J. Bastinos;;Barcelona;1897;76 p. , il. , 21 cm ,;Exploraciones. Viajes // Geografía Biografía. Historia //;;;;;;;;;;América del Sur -- Descripción --  //;;;;;;;;821.134.2-9  //  913(8)  //  910  //;;;;;;;;;;;;;;;sp;spa;;;Libro;;2/45270(2) //;http://bdh-rd.bne.es/viewer.vm?id=0000039294&page=1 **;http://bdh-rd.bne.es/text.vm?id=0000039294&first=1&last=78 **
bimo0002316446;Salas y Quiroga, Jacinto de , 1813-1849  //;;;Viages de D. Jacinto de Salas y Quiroga. Tomo 1, Isla de Cuba;Viajes de D. Jacinto de Salas y Quiroga  //;;;Boix;;Madrid;1840;285 p. , 16 cm ,;Exploraciones. Viajes // Geografía Biografía. Historia //;;;;;;;;;;Cuba -- Descripción --  //;;;;;;;;"(729.1)  //  913(729.1)""18""  //  913(728.9)  //  910  //";;;;;;;;;;;;;;;sp;spa;;;Libro;;HA/11322_1 //;http://bdh-rd.bne.es/viewer.vm?id=0000039078&page=1 **;http://bdh-rd.bne.es/text.vm?id=0000039078&first=1&last=305 **
