idBNE;Autor Personas;Autor Entidades;Título uniforme;Título;Otros Títulos;Información asociada al título;Edición;Editorial;Editor musical;Lugar de publicación;Fecha de publicación;Descripción física;Serie;Contenido;Descripción y notas;Citas o referencias;transcripciones de interés;Procedencia;Intérpretes;Resumen;Premios;Periodicidad;Tema;Género/Forma;Lugar relacionado;Forma de la composición sonora;Forma de la composición notada;tipo material cartográfico;Proyección del mapa;Escala del mapa;CDU;Otra clasificación;id registros relacionados;información asociada a registros relacionados;id otras ediciones;información asociada a otras ediciones;id título anterior;información asociada a título anterior;id título posterior;información asociada a título posterior;ISBN;ISSN;Depósito Legal;Otros Números Normalizados;Número Bibliografía Nacional;País de publicación;Lengua de publicación;Lengua original;otras lenguas;Tipo de documento;Condiciones de uso;signatura;version_digital;texto_OCR
bima0000053111;Hevia Bolaños, Juan de  // Doblado, José , fl. 1775-1800 -imp.  //;Real Compañía de Impresores y Libreros del Reino -ed.  //;;Curia Philipica primero y segundo tomo : el primero dividido en cinco partes ... trata ... de los juicios civiles y criminales eclesiasticos y seculares ... : el segundo tomo distribuido en tres libros ... trata de la mercancia y contratacion de tierra y mar ...;;su autor Juan de Hevia Bolaños ...;Nueva impresion en que se han enmendado las erratas de las antiguas;por D. Josef Doblado  a costa de la Real Compañía de Impresores y libreros del Reyno;;Madrid;1783;[6], 520, [72] p. , Fol. ,;Ciencias sociales // Derecho. Administración pública //;;Marca tipográfica de la Real Compañía de Impresores y Libreros del Reino en portada  // Sign.: [ ]¹, ¶², A-Z⁴, 2A-2Z⁴, 3A-3Z⁴, 4A-4E⁴, 4F¹  // Portada a dos tintas  // Texto a dos columnas con notas al pie de página  //;;;;;;;;Derecho eclesiástico -- Obras anteriores a 1800 --  // Derecho mercantil -- Obras anteriores a 1800 --  // Derecho civil -- Obras anteriores a 1800 --  // Derecho marítimo -- Obras de divulgación --  //;;Madrid, España //;;;;;;34  //;;;;;;;;;;;;;;;sp;spa;;;Libro;;U/6907 //;http://bdh-rd.bne.es/viewer.vm?id=0000005913&page=1 ** http://bdh-rd.bne.es/viewer.vm?id=0000005913&page=271 ** http://bdh-rd.bne.es/viewer.vm?id=0000005913&page=355 ** http://bdh-rd.bne.es/viewer.vm?id=0000005913&page=460 **;http://bdh-rd.bne.es/text.vm?id=0000005913&first=1&last=270 ** http://bdh-rd.bne.es/text.vm?id=0000005913&first=271&last=354 ** http://bdh-rd.bne.es/text.vm?id=0000005913&first=355&last=459 ** http://bdh-rd.bne.es/text.vm?id=0000005913&first=460&last=609 **
bima0000055751;Doblado, José , fl. 1775-1800 -imp.  //;Librería de Hurtado (Madrid) -ed.  //;;La inocencia perseguida ó Las desgracias de Fernando VII;Las desgracias de Fernando VII  //;"poesia escrita por una señora inglesa ; y traducida al castellano por Don Amarino Corbh";;en la Imprenta de Doblado  se hallará ... en las librerias de Hurtado ... [etc.];;Madrid;1808;36 p. , 8º ,;;;Sign.: A-B⁸, C²  //;;;;;;;;Fernando -- VII, -- Rey de España -- Poesías --  //;;Madrid, España //;;;;;;82-1  //;;;;;;;;;;;;;;;sp;spa;eng;spa //;Libro;;R/60237(4) //;http://bdh-rd.bne.es/viewer.vm?id=0000140179&page=1 **;http://bdh-rd.bne.es/text.vm?id=0000140179&first=1&last=36 **
bima0000055759;Yuramí, Antonio Miguel  //;;;Demostración de las falsedades y calumnias con que pretende desacreditar a las religiones el autor del papel intitulado Sevilla Libre;Sevilla libre;por el ... P.M. Fr. Antonio Miguel Yurami, del Orden de Santo Domingo ...;;Imprenta de Figueroa ...;;Cádiz;1812;40 p. , 4º ,;;;Sign.: [1]-6⁴  //;;;;;;;;Religiosos -- España --  //;;Cádiz, España //;;;;;;27  //;;;;;;;;;;;;;;;sp;spa;;;Libro;;R/60164(16) //;http://bdh-rd.bne.es/viewer.vm?id=0000146946&page=1 **;http://bdh-rd.bne.es/text.vm?id=0000146946&first=1&last=22 **
bima0000057043;Jerónimo de San Agustín  //;Imprenta de la Santísima Trinidad (Granada) -imp.  //;;Erotemata critica sive Disquisitiones vetero-novae resolutionibus scitu dignis brevitèr enucleatae in rebus tùm humanis, cum Sacris... tomus I [- III];;authore ... Hieronymo à S. Augustino...;;In Typograp. Ssmae. Trinitatis;;Granatae;1765 - 1768;"3 v. ([42], 478, [69] p. ; [30], 454, [49] p. ; [32], 474, [60] p.) , 4º ,";Religión. Teología // Teología //;;"Sign.: ¶-3¶⁴, *-2*⁴, A-Z⁴, 2A-2Z⁴, 3A-3Y⁴, 3Z²2, *²⁻¹ ; ¶-3¶⁴, 4¶², A-Z⁴, 2A-2Z⁴, 3A-3R⁴, 2*²⁻¹ ; ¶-4¶⁴, A-Z⁴, 2A-2Z⁴, 3A-3V⁴, 3X⁴⁻¹  // El t. I con portada a dos tintas  // Texto a dos columnas  // Escudo xilográfico del arzobispo Pedro Antonio Barroeta en ¶2 del t. I ; Escudo nobiliario calcográfico en 2¶2 del t. II  //";;;;;;;;Teología dogmática -- S.XVI --  //;;Granada, España //;;;;;;21  //;;;;;;;;;;;;;;;sp;lat;;;Libro;;U/5527-U/5528 //;http://bdh-rd.bne.es/viewer.vm?id=0000014193&page=1 ** http://bdh-rd.bne.es/viewer.vm?id=0000014193&page=598 **;http://bdh-rd.bne.es/text.vm?id=0000014193&first=1&last=597 ** http://bdh-rd.bne.es/text.vm?id=0000014193&first=598&last=1136 **
bima0000058218;Juglá y Font, Antonio  //;Viuda Piferrer (fl. 1775-1793) -impresor  //;;[Jus ciuile abbreuiatum redactum ad definitiones, distinctiones & quaestiones, singulos imperialium institutionum Justiniani libros ac titulos, breuiter atque perspicuè persequentes & enucleantes cum tractatu de legibus & senatusconsultis;Tractatus de legibus et senatusconsultis;auctore D. Antonio Jugla et Font ...];;excudebat Eulalia Piferrer, vidua, in plateâ Angeli;;[Barcinone;1781;[24], 282, [6] p. , 8º ,;;;"Título, autor y pie de imprenta tomados de cotejo con otro ejemplar  // Existe otra edición con el mismo pie de imprenta y contenido pero distinta composición tipográfica  // Sign.: [ ]⁴, **⁸, A-S⁸  // Contiene un retrato calcográfico del capitán general Don Francisco González de Bassecourt, firmado: ""Agustin Sellen la gravò en Barcelona 1781""  //";;;;;;;;Derecho civil -- Obras anteriores a 1800 --  // Jurisprudencia -- España -- S.XVIII --  //;;Barcelona, España //;;;;;;34  //;;;;;;;;;;;;;;;sp;lat;;;Libro;;2/1261 //;http://bdh-rd.bne.es/viewer.vm?id=0000045801&page=1 **;http://bdh-rd.bne.es/text.vm?id=0000045801&first=1&last=156 **
bima0000060787;Lardizábal y Uribe, Miguel de , 1744-1824  // Carratala Menor, Nicolas y hermano -imp.  //;;;Manifiesto que presenta á la Nación el Consejero de Estado D. Miguel de Lardizabal y Uribe... sobre su conducta política en la noche del 24 de Setiembre de 1810;;;;por Nicolás Carratalá Menor y hermanos;;Alicante;1811;99 p., [1] en bl. , 4º ,;Ciencias sociales // Política // Tavera //;;Marca tipográfica de impresor en la portada  // Sign.: [a]-m⁴, n²  //;;;;;;;;España -- Política y gobierno -- S.XIX --  //;;Alicante, España //;;;;;;32  //;;;;;;;;;;;;;;;sp;spa;;;Libro;;1/5173 //;http://bdh-rd.bne.es/viewer.vm?id=0000050853&page=1 **;http://bdh-rd.bne.es/text.vm?id=0000050853&first=1&last=98 **
bima0000062941;Leti, Gregorio  // Elzevier, Daniel , 1626-1680 -imp.  // Elzevier, Louis, Viuda de -imp.  //;;;Il Cardinalismo di Santa Chiesa Diviso en tre parti : parte prima [- terza];;;;Daniel Elsevier];;[Amsterdam;1668;"3 t. (392, [4] p. ; 394, [10] p. ; [16], 10-391, [1] p.) , 12º ,";Religión. Teología //;;"Marca tipográfica en la portada  // Según Willems, los dos primeros volúmenes impresos en Amsterdam por Daniel Elsevier y el tercero en Leiden por la viuda de Louis Elzevier  // Sign.: A-Q¹², R⁶ ; A-Q¹², R¹⁰ ; *⁴, A-Q¹², R⁴  //";Willems, A. Elzevier 1392  //;;;;;;;Cardenales -- Biografías --  //;;Amsterdam, Países Bajos //;;;;;;2  //;;;;;;;;;;;;;;;ne;ita;;;Libro;;U/7068-U/7070 //;http://bdh-rd.bne.es/viewer.vm?id=0000015820&page=1 ** http://bdh-rd.bne.es/viewer.vm?id=0000015820&page=404 ** http://bdh-rd.bne.es/viewer.vm?id=0000015820&page=819 **;http://bdh-rd.bne.es/text.vm?id=0000015820&first=1&last=403 ** http://bdh-rd.bne.es/text.vm?id=0000015820&first=404&last=818 ** http://bdh-rd.bne.es/text.vm?id=0000015820&first=819&last=1223 **
bima0000066219;Luna, Juan de , n. 1575?  // Guillermo, Juan (impresor) -imp.  //;;;Arte breue y compendiossa para aprender á leer, escreuir, pronunciar, y hablar la Lengua Española;;Compuesta por Iuan de Luna ...;;por Iuan Guillermo;;Empressa en Londres;1623;[104] h. , 8º ,;Lingüística. Literatura // Lengua española // Tavera //;;Sign.: A-N⁸  // Portada y texto paralelos español-inglés  //;;;;;;;;;;Londres, Reino Unido //;;;;;;811.134.2  //;;;;;;;;;;;;;;;xx;eng;;eng // spa //;Libro;;U/8880 //;http://bdh-rd.bne.es/viewer.vm?id=0000092092&page=1 **;http://bdh-rd.bne.es/text.vm?id=0000092092&first=1&last=206 **
bima0000068899;Marien y Arróspide, Tomás Antonio de  // Badin, Luis Miguel -traductor  //;Imprenta Real (Madrid) -impresor  //;;Catálogo de los derechos y usos de comercio relativos al paso del Sund;;escrito en frances por Don Tomas Antonio de Marien y traducido al castellano por Don Luis Miguel Badin, Cónsul de España en Elsenor;;en la Imprenta Real;;Madrid;1789;139 p., [1] en bl., [1] h. de lám. pleg. , 4º ,;;;Sign.: [ ]⁴, B-R⁴, S²  // Portada con viñeta xilográfica  // La h. de lámina plegada es una tabla numérica  //;;;;;;;;Aguas jurisdiccionales -- Dinamarca --  // Dinamarca -- Comercio exterior --  //;;Madrid, España //;;;;;;339  //;;;;;;;;;;;;;;;sp;spa;fre;spa //;Libro;;2/16519 //;http://bdh-rd.bne.es/viewer.vm?id=0000046108&page=1 **;http://bdh-rd.bne.es/text.vm?id=0000046108&first=1&last=149 **
bima0000069923;Martínez, Domingo , m. 1720  //;Viuda de Manuel Fernández , fl. 1751-1779 -imp.  //;;Compendio historico, de la apostólica prouincia de San Gregorio de Philipinas, de Religiosos Menores Descalzos de N. P. San Francisco ... diuidese ... en tres libros ...;;"obra que dexo escrita ... Fray Domingo Martinez ... ; sacalo a luz la misma prouincia ... Fr. Alexandro Ferrer ...";;en la imprenta de la Viuda de Manuel Fernandez ...;;En Madrid;1756;[28], 342, 116, 248 p. , Fol ,;Exploraciones. Viajes // Geografía Biografía. Historia //;;Sign.: ¶-2¶⁴, 3¶⁶, A-Z⁴, 2A-2T⁴, 2v², 2X²⁻¹, A-Z⁴, 2A-2X⁴, 2Y⁶  // Texto a dos columnas  // Adorno xilográfico en cabecera de cada libro  //;;;;;;;;Franciscanos -- Filipinas -- Historia--  //;;Madrid, España //;;;;;;910  //;;;;;;;;;;;;;;;sp;spa;;;Libro;;R/33055 // R/33055 //;http://bdh-rd.bne.es/viewer.vm?id=0000008766&page=1 ** http://bdh-rd.bne.es/viewer.vm?id=0000008766&page=375 ** http://bdh-rd.bne.es/viewer.vm?id=0000008766&page=491 ** http://bdh-rd.bne.es/viewer.vm?id=0000008766&page=742 **;http://bdh-rd.bne.es/text.vm?id=0000008766&first=1&last=374 ** http://bdh-rd.bne.es/text.vm?id=0000008766&first=375&last=490 ** http://bdh-rd.bne.es/text.vm?id=0000008766&first=491&last=741 ** http://bdh-rd.bne.es/text.vm?id=0000008766&first=742&last=753 **
bima0000082222;Palacín, José Félix  //;;;Fray Joseph Felix Palacin, de la Regular Observancia de N. S. P. S. Francisco ... Ministro Provincial de esta provincia de los Santos doze Apostoles del Peru ... a los RR.PP. Guardianes y demas Religiosos de esta nuestra Sobredicha Provincia ...;;;;[s.n.];;[Lima];1780?;[38] p. , 4º ,;Hispanoamérica // Religión. Teología // Cristianismo. Historia eclesiástica //;;Lugar y fecha de impresión tomadas de final de texto en p. [38]  // Sign.: A-H², I⁴⁻¹  // Notas al pie de página  //;;;;;;;;Franciscanos -- Perú --  //;;Lima, Perú //;;;;;;26  //;;;;;;;;;;;;;;;pe;spa;;;Libro;;VE/1340/7 //;http://bdh-rd.bne.es/viewer.vm?id=0000075458&page=1 **;http://bdh-rd.bne.es/text.vm?id=0000075458&first=1&last=38 **
bima0000106711;Manuel de Santo Tomás (O.C.D.)  // Burguete, Francisco -impresor  //;;;Unica religion verdadera la Iglesia Catolica fundada por Jesu Christo o Apología de la religion catolica contra todos sus enemigos ... : tomo I. [-III.];Apología de la religion catolica contra todos sus enemigos  //;por el R. P. Fr. Manuel de Sto. Thomás de Aquino, Carmelita Descalzo ...;;por Francisco Burguete, impresor del S. Oficio;;En Valencia;1795 - 1796;"3 v. ([20], 399 p., [1] en bl., [1] h. de lám. ; [12], 372 p. ; [12], 347, [1] p.) , 4º ,";;;"Sign.: [ ]², [sol]⁸, A-K⁴, A-L⁴, A-I⁴, K², A², B-H⁴, I¹, A³, B-M⁴ ; [ ]², [sol]⁴, A-H⁴, I³, A¹, B-K⁴, A-L⁴, M¹, A³, B-H⁴, I¹, A³, B-I⁴, K² ; [ ]², [sol]⁴, A-L⁴, M², A², B-H⁴, I¹, A³, B-M⁴, N³, A¹, B-I⁴, A-C⁴, D²  // Portada con viñeta xilográfica  // Texto con notas a pie de página  // La hoja de lámina es un grabado calcográfico alegórico que representa el triunfo de la religión: ""Capilla la G.""  //";Aguilar Piñal. Bib. S.XVIII v. 5, n. 2621  //;;;;;;;Apologética -- Obras anteriores a 1800 --  //;;Valencia, España //;;;;;;26  //;;;;;;;;;;;;;;;sp;spa;;;Libro;;3/21244-3/21246 //;http://bdh-rd.bne.es/viewer.vm?id=0000014336&page=1 ** http://bdh-rd.bne.es/viewer.vm?id=0000014336&page=217 ** http://bdh-rd.bne.es/viewer.vm?id=0000014336&page=409 **;http://bdh-rd.bne.es/text.vm?id=0000014336&first=1&last=216 ** http://bdh-rd.bne.es/text.vm?id=0000014336&first=217&last=408 ** http://bdh-rd.bne.es/text.vm?id=0000014336&first=409&last=594 **
bima0000107130;Torres, Bernardo de (O.S.A.)  // Santos de Saldaña, Julián -impresor  //;;;Cronica de la prouincia peruana del orden de los ermitaños de S. Agustin ... diuidida en ocho libros ...;;Autor ...Bernardo de Torres ...;;en la Imprenta de Iulian Santos de Saldaña;;Lima;1657;[6], 680, [2] en bl., 50, [14] p. , Fol. ,;Hispanoamérica // Religión. Teología // Cristianismo. Historia eclesiástica //;;Sign.: ¶⁶, A-Z⁶, 2A-2Z⁶, 3A-3M⁶, 3L⁸, A-E⁶  // Texto a 2 columnas  //;Exposición Histórico-Americana de Madrid. Catálogo 573  //;;;;;;;Agustinos -- Perú -- Historia--  // Perú -- Historia eclesiástica --  //;;Lima, Perú //;;;;;;26  //;;;;;;;;;;;;;;;pe;spa;;;Libro;;R/1239 //;http://bdh-rd.bne.es/viewer.vm?id=0000015379&page=1 ** http://bdh-rd.bne.es/viewer.vm?id=0000015379&page=257 ** http://bdh-rd.bne.es/viewer.vm?id=0000015379&page=479 ** http://bdh-rd.bne.es/viewer.vm?id=0000015379&page=577 **;http://bdh-rd.bne.es/text.vm?id=0000015379&first=1&last=256 ** http://bdh-rd.bne.es/text.vm?id=0000015379&first=257&last=478 ** http://bdh-rd.bne.es/text.vm?id=0000015379&first=479&last=576 ** http://bdh-rd.bne.es/text.vm?id=0000015379&first=577&last=761 **
bima0000126189;Aznar, Viuda de -imp.  //;Plaza de Toros de la Puerta de Alcalá  //;;El ... de enero de 1823 ... se verificara la quinta corrida de novillos de las concedidas a los hospitales generales de esta Corte ...;;;;Imprenta de la Viuda de Aznar ...;;Madrid;1823;[1] h. pleg. , Fol. ,;Juegos. Espectáculos. Deportes //;;Fecha deducida del texto  // Sign.: [ ]²  // Texto con orla tipográfica  //;;;;;;;;Plaza de Toros de la Puerta de Alcalá --  // Corridas de toros -- Madrid -- S.XIX --  //;;Madrid, España //;;;;;;79  //;;;;;;;;;;;;;;;sp;spa;;;Libro;;VE/1221/26 //;http://bdh-rd.bne.es/viewer.vm?id=0000092632&page=1 **;http://bdh-rd.bne.es/text.vm?id=0000092632&first=1&last=7 **
bima0000127282;Laiglesia y Darrac, Francisco de , 1771-1852  //;Imprenta Real (Madrid)  //;;Ensayos sobre los verdaderos principios de la equitacion , ó Teoria de la escuela de a caballo, adaptada al más exacto raciocinio ... : con varios suplementos sobre la belleza del caballo, su edad, hechura de la silla y brida, método de cuidarle, herrarle y conocer sus enfermedades exteriores, para el uso de los caballeros educandos del Real Seminario de Nobles;;por D. Francisco de Laiglesia y Darrac ...;;en la Imprenta Real;;Madrid;1805;268 p., 19 h. de lám. y anteport. , 4º ,;Deportes //;;Sign.: [ ]⁴, A-Z⁴, AA-KK⁴, LL³  // Las hojas de láminas son grabados calcográficos  //;;;;;;;;Equitación --  //;;Madrid, España //;;;;;;796  //;;;;;;;;;;;;;;;sp;spa;;;Libro;;5/2493 //;http://bdh-rd.bne.es/viewer.vm?id=0000084389&page=1 **;http://bdh-rd.bne.es/text.vm?id=0000084389&first=1&last=316 **
bimo0000061239;Jorreto Paniagua, Manuel  //;;;Madrid;;;[2ª ed.];Librería de la Viuda de Hernando y Compañía;;Madrid;1895;320, 32, 64 p., [3] h. de lám. , il. , 20 cm ,;Geografía. Biografías. Historia // Atlas // Exploraciones. Viajes // Guías-Jorreto // Jorreto Paniagua, Manuel //;;"""España""  // índice  //";;;;;;;;Madrid -- Guías turísticas --  //;;;;;;;;"914.641 M.""18""(036)  //";;;;;;;;;;;;;;;sp;spa;;;Libro;;GMm/570 // GMm/570 //;http://bdh-rd.bne.es/viewer.vm?id=0000000565 **
bimo0000121349;Rodríguez, Hipólito , m. 1936  //;;;Manual de música;;por Hipólito Rodríguez y Hernández;;F. Granada y Cª;;Barcelona;1909;183 p. , mus. , 21 cm ,;Bellas artes // Música // Biblioteca de conocimientos prácticos // Biblioteca de conocimientos prácticos //;;Fecha de publicación basada en la propaganda de la última página  //;;;;;;;;Música --  //;;;;;;;;781  //;;;;;;;;;;;;;;;sp;spa;;;Libro;;M/12740 //;http://bdh-rd.bne.es/viewer.vm?id=0000111769&page=1 **;http://bdh-rd.bne.es/text.vm?id=0000111769&first=1&last=201 **
bimo0000515141;Espino Barros, Eugenio  //;;;Álbum gráfico de la República Mexicana 1910;;;;[s.n.]  Estab. Litogr.-Tip. de Muller Hnos.;;[S.l.] , Mexico;1910;411 p. , il , 31 x 40 cm ,;Geografía. Biografías. Historia // Exploraciones. Viajes //;;Autor (p. [5]): Eugenio Espino Barros  //;;;;;;;;México -- Obras ilustradas --  //;;;;;;;;(72)  //  913(72)(084)  //;;;;;;;;;;;;;;;mx;spa;;;Libro;;BA/1159 //;http://bdh-rd.bne.es/viewer.vm?id=0000008001&page=1 ** http://bdh-rd.bne.es/viewer.vm?id=0000008001&page=181 ** http://bdh-rd.bne.es/viewer.vm?id=0000008001&page=331 ** http://bdh-rd.bne.es/viewer.vm?id=0000008001&page=395 **;http://bdh-rd.bne.es/text.vm?id=0000008001&first=1&last=180 ** http://bdh-rd.bne.es/text.vm?id=0000008001&first=181&last=330 ** http://bdh-rd.bne.es/text.vm?id=0000008001&first=331&last=394 ** http://bdh-rd.bne.es/text.vm?id=0000008001&first=395&last=403 **
bimo0000547581;Alsius i Torrent, Pere , 1839-1915  //;;;Serinyá Reseña histórica de este pueblo desde la más remota antiguedad hasta nuestros días...;;;;s.n.]  Imp. de Paciano Torres;;[S.l. , Gerona;1895;34 p., 1 h. , 27 cm ,;Geografía. Biografías. Historia // Atlas // Historia de España //;;;;;;;;;;Serinyà -- Historia --  //;;;;;;;;946.713 Seriñá  //;;;;;;;;;;;;;;;sp;spa;;;Libro;;GMM/2691 // GMM/2691 //;http://bdh-rd.bne.es/viewer.vm?id=0000000143 **
bimo0000637897;Baedeker, Karl  //;;;Le sud-ouest de la France, de la Loire a la frontière d'Espagne manuel du voyageur;;par Karl Baedeker...;9e éd. refondue augm. et mise à jour;[s.n.]  Grimme & Trömel;;Leipzig;1912;LX, 512 p., 18 map., 34 plans. , 8º (16 cm) ,;Geografía. Biografías. Historia // Atlas //;;;;;;;;;;;;;;;;;;914.47(026)  //;;;;;;;;;;;;;;;gw;fre;;;Libro;;GMM/950 // GMM/950 //;http://bdh-rd.bne.es/viewer.vm?id=0000001904 **
bimo0000693102;;Compañía de los Ferrocarriles de Madrid a Zaragoza y a Alicante  //;;Tarifa para los transportes a pequeña velocidad en las lineas pertenecientes a esta Compañía número 2;;Compañía de los Ferro-carriles de Madrid a Zaragoza y Alicante;;[s.n.]  M. Minuesa;;[S.l.] , Madrid;1874;84 p. , 27 cm ,;Ciencias sociales // Economía // Ciencias aplicadas. Tecnología // Transportes. Correos. Telecomunicaciones //;;;;;;;;;;Compañía de los Ferrocarriles de Madrid a Zaragoza y a Alicante -- Tarifas--  //;;;;;;;;656  //  33  //;;;;;;;;;;;;;;;sp;spa;;;Libro;;VC/2588/69 //;http://bdh-rd.bne.es/viewer.vm?id=0000048551&page=1 **;http://bdh-rd.bne.es/text.vm?id=0000048551&first=1&last=102 **
bimo0000743469;Codina Länglin, Ramón , 1842-1905  //;;;El Congreso internacional de Beneficencia pública de 1889 en París. La Organización general de la beneficencia pública en Francia. Noticias referentes a algunos establecimientos extranjeros. Reformas para mejorar los servicios de los establecimientos benéficos de la provincia de Barcelona Memoria... dirigida a la... Diputación Provincial de Barcelona;;;;[s.n.]  Tip. de la Casa Provincial de Caridad;;Barcelona;1892;304 p. , 26 cm ,;Geografía. Biografías. Historia // Atlas // Historia. Ciencias auxiliares de la historia //;;;;;;;;;;Beneficencia -- Congresos y asambleas --  // Beneficencia -- Barcelona -- Congresos y asambleas --  //;;;;;;;;361(04)  //  361(460.235)  //  361(467.11)  //;;;;;;;;;;;;;;;sp;spa;;;Libro;;GMM/2683 // GMM/2683 //;http://bdh-rd.bne.es/viewer.vm?id=0000001737 **
bimo0000821292;;Escuela Especial de Ingenieros de Montes  //;;Programas de ingresos convocatoria para el año 1899;;Escuela Especial de Ingenieros de Montes;;[s.n.]  Imp. de Ricardo Rojas;;[S.l.] , Madrid;1899;43 p. , 25 cm ,;Ciencias aplicadas. Tecnología // Agricultura. Selvicultura. Ganaderia. Caza. Pesca // Ciencias sociales // Educación. Enseñanza //;;;;;;;;;;Escuela Especial de Ingenieros de Montes -- Programas de estudio--  //;;;;;;;;378.663(460.27 M.)(079)  //;;;;;;;;;;;;;;;sp;spa;;;Libro;;VC/2710/54 //;http://bdh-rd.bne.es/viewer.vm?id=0000075495&page=1 **;http://bdh-rd.bne.es/text.vm?id=0000075495&first=1&last=48 **
bimo0000835313;Espina y Capo, Antonio , 1850-1930  // Castro y Latorre, Florencio de , 1848-1928  //;;;Memoria leída en la Academia Médico-Quirúrgica Española en la sesión inaugural del año académico de 1882-1883;;por... D. Antonio Espina y Capo...;;Enrique Teodoro;;Madrid;1882;29 p., 1 h. , 4º mlla. (24 cm) ,;Medicina. Farmacia //;;Contiene además con port. propia: Discurso leído en la Academia Medico-Quirúrgica Española en la sesión inaugural del año académico de 1882-1883 por... D. Florencio de Castro y Latorre.- Madrid- Enrique Teodoro- 1882.- 45 pág. Tema: La Histología y la Clinica  //;;;;;;;;;;;;;;;;61  //;;;;;;;;;;;;;;;sp;spa;;;Libro;;;http://bdh-rd.bne.es/viewer.vm?id=0000093646&page=1 **;http://bdh-rd.bne.es/text.vm?id=0000093646&first=1&last=84 **
bimo0000839345;;;;État présent de la noblesse française : contenant le Dictionnaire de la noblesse contemporaine ... 1868;Dictionnaire de la noblesse contemporaine;;[2e ed.];Bachelin - Deflorenne;;Paris;1868;1805 p. , 27 cm ,;Geografía. Biografías. Historia // Biografías. Heráldica. Genealogía //;;;;;;;;;;Nobleza -- Francia --  // Heráldica -- Francia --  // Francia -- Genealogía --  //;;París, Francia //;;;;;;929.7(44)  //  929.6(44)  //  929.52(44)  //;;;;;;;;;;;;;;;fr;fre;;;Libro;;2/8839 //;http://bdh-rd.bne.es/viewer.vm?id=0000079826&page=1 **;http://bdh-rd.bne.es/text.vm?id=0000079826&first=1&last=963 **
bimo0000860347;Fernández Caro y Nouvilas, Ángel , 1845-1928  //;;;Causas de la ceguera y modo de evitarlas conferencia pronunciada en la Sociedad Española de Higiene;;por el Dr. D. Ángel Fernández Caro;;Oficinas de la Sociedad [Española de Higiene];;Madrid;1891;52 p., [1] h. pleg. , 17 cm ,;Medicina. Farmacia //;;;;;;;;;;Ceguera -- Prevención --  //;;;;;;;;61  //;;;;;;;;;;;;;;;sp;spa;;;Libro;;1/2886 //;http://bdh-rd.bne.es/viewer.vm?id=0000124507&page=1 **;http://bdh-rd.bne.es/text.vm?id=0000124507&first=1&last=69 **
bimo0000860356;Fernández Caro y Nouvilas, Ángel , 1845-1928  //;;;La profilaxis de las epidemias en sus relaciones con la higiene naval;;por el Doctor D. Ángel Fernández-Caro y Nouvilas;;[s.n.]  Estab. Tip. de los Sucesores de Rivadeneyra;;[S.l.] , Madrid;1884;66 p. , 21 cm ,;Medicina. Farmacia //;;;;;;;;;;Higiene naval --  // Epidemias -- Prevención --  //;;;;;;;;61  //;;;;;;;;;;;;;;;sp;spa;;;Libro;;VC/753/10 //;http://bdh-rd.bne.es/viewer.vm?id=0000094141&page=1 **;http://bdh-rd.bne.es/text.vm?id=0000094141&first=1&last=74 **
bimo0000873048;Fiol, Ignacio (S.I.) -aut  // Martí, María , fl. 1723-1736 -impresor prt  // Martí, Mauro -impresor prt  //;;;Razones para conuencer al pecador para que salga de pecado y se ponga en gracia de Dios, dedicadas a la emperatriz de los cielos Maria, digna madre...;;sacadas a la luz por el padre Ignacio Fiol de la compañia de Jesus...;;en la imprenta de Maria Martí, administrada por Mauro Martí;;Barcelona;entre 1729 y 1736?;287 p., [1] en bl. , 8º ,;;;Fechas tomadas de los datos de actividad de los impresores  // Sign.: A-S⁸  //;Aguilar Piñal. Bib. S.XVIII v. 3, n. 3882  //;;;;;;;Moral cristiana -- S.XVIII --  //;;Barcelona, España //;;;;;;24  //;;;;;;;;;;;;;;;sp;spa;;;Libro;;2/3437 //;http://bdh-rd.bne.es/viewer.vm?id=0000048134&page=1 **;http://bdh-rd.bne.es/text.vm?id=0000048134&first=1&last=150 **
bimo0000918097;Gestoso y Pérez, José , 1852-1917  //;;;Relación del caso memorable del Racionero Juan Martínez de Victoria;;puesta en romance por el Ldo. José Gestoso y Pérez natural de esta ciudad de Sevilla, quien la da a la estampa para aprovechamiento de los presentes y ejemplo de los venideros;;Gironés y Orduña;;Sevilla;1889;XVII, 35 p. , 1 retr. , 24 cm ,;Lingüística. Literatura // Literatura española //;;;;;;;;;;Martínez de Vitoria, Juan -- Poesías --  //;;Sevilla, España //;;;;;;"821.134.2-14""18""  //  929 Martínez de Vitoria, Juan (0:82)  //";;;;;;;;;;;;;;;sp;spa;;;Libro;;R/5697 //;http://bdh-rd.bne.es/viewer.vm?id=0000121395&page=1 **;http://bdh-rd.bne.es/text.vm?id=0000121395&first=1&last=81 **
bimo0000950166;Guerrero de Escalante y Moreno, Luciano  //;;;Manual de taquigrafía castellana;;por Luciano Guerrero de Escalante y Moreno;;Imp., Librería y Litogr. de la Revista Médica;;Cádiz;1855;19 p., 4 h. pleg. de lám. , 22 cm ,;Ciencias sociales // Economía // Ciencias aplicadas. Tecnología // Trabajo de oficina //;;;;;;;;;;Taquigrafía española --  //;;;;;;;;651.934=134.2  //  33  //;;;;;;;;;;;;;;;sp;spa;;;Libro;;VTC/13/13 //;http://bdh-rd.bne.es/viewer.vm?id=0000051355&page=1 **;http://bdh-rd.bne.es/text.vm?id=0000051355&first=1&last=32 **
bimo0001049837;Jorio, Andrea de , 1769-1851  //;;;Plan de la ville de Naples et ses indications;;par André de Jorio;;[s.n.]  de la Impr. et Papeterie du Fibrène;;[S.l.] , Naples;1839;20 p., [1] h. pleg. de mapa , 22 cm ,;Geografía. Biografías. Historia // Exploraciones. Viajes //;;El plano tiene la fecha de 1838  //;;;;;;;;Nápoles -- Planos --  //;;;;;;;;912(450.721 N.)  //;;;;;;;;;;;;;;;it;fre;;;Libro;;U/623 //;http://bdh-rd.bne.es/viewer.vm?id=0000089591&page=1 **;http://bdh-rd.bne.es/text.vm?id=0000089591&first=1&last=26 **
bimo0001074514;Lafragua, José María , 1813-1875  //;;;Arenga cívica pronunciada el día 27 de septiembre de 1843 en la Alameda de México;;por el ciudadano licenciado José María Lafragua;;[s.n.]  Imp. de Torres;;[S.l.] , México;1843;20 p. , 20 cm ,;Geografía. Biografías. Historia // Historia de América Latina //;;;;;;;;;;México -- Historia -- 1810-1821 (Guerra de la Independencia) -- Aniversarios y centenarios --  //;;;;;;;;"(72)  //  94(72)""1810/21""(067.5)  //";;;;;;;;;;;;;;;mx;spa;;;Libro;;VC/2778/66 //;http://bdh-rd.bne.es/viewer.vm?id=0000079873&page=1 **;http://bdh-rd.bne.es/text.vm?id=0000079873&first=1&last=20 **
bimo0001078891;Lamas, Andrés , 1817-1891  // Melián Lafinur, Álvaro  //;;;Rivadavia su obra política y cultural;;"Andrés Lamas ; con un prólogo de Álvaro Melián Lafinur";;La Cultura Argentina;;Buenos Aires;1915;866 p. , 19 cm ,;Geografía. Biografías. Historia // Historia de América Latina // La Cultura Argentina //;;;;;;;;;;Rivadavia, Bernardino --  // Argentina -- Política y gobierno -- 1810-1817 --  // Argentina -- Política y gobierno -- 1817-1860 --  //;;;;;;;;"(82)  //  929 Rivadavia, Bernardino  //  32(82)""1810/17""  //  32(82)""1817/60""  //  94(82)""1810/17""  //  94(82)""1817/60""  //";;;;;;;;;;;;;;;ag;spa;;;Libro;;HA/3282 //;http://bdh-rd.bne.es/viewer.vm?id=0000120039&page=1 **;http://bdh-rd.bne.es/text.vm?id=0000120039&first=1&last=379 **
bimo0001134448;Malte-Brun, Conrad  // Cortambert, Eugène , 1805-1881  //;;;Géographie universelle de Malte-Brun;;revue rectifiée et... mise au niveau de l'etat actudes connaissances geographiques par E. Cortambbert;;Dufour, Boulanger et Legrand;;Paris;1862;v. , 28 cm ,;Geografía. Biografías. Historia // Atlas // Exploraciones. Viajes //;;Tomo  //;;;;;;;;Geografía --  //;;;;;;;;913.0(02)  //;;;;;;;;;;;;;;;fr;fre;;;Libro;;GMM/2597 // GMM/2597 //;http://bdh-rd.bne.es/viewer.vm?id=0000000125 **
bimo0001153641;Martínez, Pedro  // Alemparte, José Antonio , 1799-1866  //;;;Al público;;;;[s.n.]  Imp. del Instituto;;[S.l.] , Santiago de Chile;1834;6 p. , 26 cm ,;Geografía. Biografías. Historia // Biografías. Heráldica. Genealogía //;;Carta de 5 de julio de 1834 a D. José Antonio Alemparte acerca de las calumnias que corren sobre el destinatario  // Autor (p. 6): Pedro Martínez  //;;;;;;;;Alemparte, José Antonio --  // Concepción (Chile) -- Historia --  // Chile -- Historia -- 1824-1920 --  //;;;;;;;;"(83)  //  929 Alemparte, José Antonio  //  94(83)""1824/1920""  //  94(835.28 C.)""18""  //";;;;;;;;;;;;;;;cl;spa;;;Libro;;R/36118 //;http://bdh-rd.bne.es/viewer.vm?id=0000073038&page=1 **;http://bdh-rd.bne.es/text.vm?id=0000073038&first=1&last=8 **
bimo0001175432;Mendoza, José María C.  //;;;Oración cívica pronunciada por el general graduado, coronel D. José María C. Mendoza, el día 27 de setiembre de 1853;;;;[s.n.]  Imp. de José María Macías;;[S.l.] , Puebla;1853;11 p. , 22 cm ,;Geografía. Biografías. Historia // Historia de América Latina //;;;;;;;;;;México -- Historia -- 1810-1821 (Guerra de la Independencia) -- Aniversarios y centenarios --  //;;;;;;;;"(72)  //  94(72)""1810/21""(067.5)  //";;;;;;;;;;;;;;;mx;spa;;;Libro;;VC/2778/73 //;http://bdh-rd.bne.es/viewer.vm?id=0000050738&page=1 **;http://bdh-rd.bne.es/text.vm?id=0000050738&first=1&last=16 **
bimo0001188441;Mingote y Tarazona, Policarpo  //;;;Guia del viajero en León y su provincia;;por D. Policarpo Mingote y Tarazona...;;Máximo Alonso de Prado;;León;1879;270 p., 8 lám., 1 map. , 8º mlla. (21 cm) ,;Geografía. Biografías. Historia // Atlas // Exploraciones. Viajes //;Mapas y planos incluidos: [1. León (Provincia). Mapas generales. 1880.]// Mapas y planos incluidos: [1. León (Provincia). Mapas generales. 1880.]//;;;;;;;;;León (Provincia) -- Guías turísticas --  //;;;;;;;;"913(460.181)""18""  //";;;;;;;;;;;;;;;sp;spa;;;Libro;;GMM/2232 // GMM/2232 //;http://bdh-rd.bne.es/viewer.vm?id=0000001145 **
bimo0001218352;Murga y Mugártegui, Gonzalo de  //;España Dirección de Hidrografía  //;;Derrotero del archipiélago de las Azores o Terceras;;[Por Don Gonzalo de Murga] Publicado por la Dirección de Hidrografía;;Depósito Hidrográfico;;Madrid;1866;VIII, 136 p. , 22 cm ,;Geografía. Biografías. Historia // Atlas // Ciencias puras. Ciencias naturales // Astronomía. Astrofísica. Geodesia //;;;;;;;;;;Derroteros -- Azores --  //;;;;;;;;527.63(469.9)  //  551.417(469.9)  //;;;;;;;;;;;;;;;sp;spa;;;Libro;;GMM/2226 // GMM/2226 //;http://bdh-rd.bne.es/viewer.vm?id=0000000517 **
bimo0001267360;Oviedo y Herrera, Luis Antonio de  // González de la Rosa, Manuel , 1841-1912  //;;;Santa Rosa de Lima poema heróico de D. Luis Antonio de Oviedo y Herrera ...;;publicado por primera vez en Lima por el Presbítero M. T. Gonzalez de la Rosa;;Administración del Perú Católico;;Lima;1867;VII, 326 p. , 24 cm ,;Hispanoamérica // Lingüística. Literatura // Literatura española //;;;;;;;;;;Rosa de Lima, -- Santa -- Poesías --  //;;;;;;;;"821.134.2-13""16""  //  929 Rosa de Lima, Santa (0:82)  //";;;;;;;;;;;;;;;pe;spa;;;Libro;;HA/3081 //;http://bdh-rd.bne.es/viewer.vm?id=0000119733&page=1 **;http://bdh-rd.bne.es/text.vm?id=0000119733&first=1&last=355 **
bimo0001277553;Pastor, Manuel Simeón , m. 1905  // Redondo Lostalé, José  //;;;Discurso leído en la sesión inaugural de la Real Academia de Medicina y Cirugía de Zaragoza en el año 1893;;por... D. Manuel Simeón Pastor;;"[s.n.]  Estab.Tip. de ""La Derecha""";;[S.l.] , Zaragoza;1893;XXIII, 88 p. , 23 cm ,;Medicina. Farmacia //;;;;;;;;;;Real Academia de Medicina y Cirugía de Zaragoza --  // Corazón -- Enfermedades -- Prevención --  //;;;;;;;;61  //;;;;;;;;;;;;;;;sp;spa;;;Libro;;VC/456/46 //;http://bdh-rd.bne.es/viewer.vm?id=0000097666&page=1 **;http://bdh-rd.bne.es/text.vm?id=0000097666&first=1&last=116 **
bimo0001279957;Pedrell, Felipe , 1841-1922  // Jimeno de Lerma, Ildefonso , 1842-1903  //;Real Academia de Bellas Artes de San Fernando  //;;Discursos leídos ante la Real Academia de Bellas Artes de San Fernando en la recepción publica del Sr. D. Felipe Pedrell, el día 10 de Marzo de 1895 [Tema, necesidad de inspirar nuestra música en el estudio de nuestros grandes é ignorados maestros españoles de los siglos XVI y XVII y Apunte biográfico critico de D. Antonio Cabezón, organista de Felipe 2º];;;;[s.n.]  Tipografía de Victor Berdos, Feliu;;Barcelona;1895;59 p. , 26 cm ,;Bellas artes // Música //;;;;;;;;;;Cabezón, Antonio de -- Biografías --  // Música española -- Historia --  //;;;;;;;;78  //;;;;;;;;;;;;;;;sp;spa;;;Libro;;M/10215 //;http://bdh-rd.bne.es/viewer.vm?id=0000047406&page=1 **;http://bdh-rd.bne.es/text.vm?id=0000047406&first=1&last=73 **
bimo0001332801;;Escuela Especial de Ingenieros de Montes  //;;Programas de las asignaturas que constituyen la enseñanza en la Escuela Especial de Ingenieros de Montes;;;;[s.n.]  Imp. de Moreno y Rojas;;[S.l.] , Madrid;1887;102 p. , 25 cm ,;Ciencias aplicadas. Tecnología // Bosques //;;;;;;;;;;Escuela Especial de Ingenieros de Montes -- Programas de estudio--  //;;;;;;;;378.6(460.27 M.):630(073)  //;;;;;;;;;;;;;;;sp;spa;;;Libro;;1/3983 //;http://bdh-rd.bne.es/viewer.vm?id=0000126381&page=1 **;http://bdh-rd.bne.es/text.vm?id=0000126381&first=1&last=115 **
bimo0001366281;Doblado, José , fl. 1775-1800 -imp.  //;Librería de Hurtado (Madrid) -ed.  //;;Mi sentir sobre la siguiente question propuesta en un diario de Madrid. ¿Debemos temer o esperar? Decimas;;;;en la imprenta de Doblado, se hallará en dicha imprenta ...  en las Librerias de Hurtado ...  de la viuda de Ramos ...  en el puesto de Casanova ...;;Madrid;entre 1808 y 1814?;XV [1] p. , 8º ,;;;Fecha aproximada de impresión deducida del texto  // Datos de lugar y editores tomados del colofón  // Sign.: [ ]⁸  //;;;;;;;;;;Madrid, España //;;;;;;821.134.2-1  //;;;;;;;;;;;;;;;sp;spa;;;Libro;;R/60239(3) //;http://bdh-rd.bne.es/viewer.vm?id=0000132604&page=1 **;http://bdh-rd.bne.es/text.vm?id=0000132604&first=1&last=16 **
bimo0001376808;Riudavets i Tudury, Pedro  //;España Dirección de Hidrografía  //;;Derrotero de las costas de España y de Portugal : desde el Cabo Trafalgar hasta el puerto de la Coruña;;;;Dirección de Hidrografía;;Madrid;1867;XV, 634 p., XII lám. , 22 cm ,;Geografía. Biografías. Historia // Atlas // Ciencias puras. Ciencias naturales // Astronomía. Astrofísica. Geodesia //;Mapas y planos incluidos: [Lám. 1-Lám. 2. Cádiz (Provincia) (Costas). Perfiles. 1867. Lám. 3-Lám. 5. Huelva (Provincia) (Costas). Perfiles. 1867. Lám. 6. Portugal. SO. (Costas). Perfiles. 1867. Lám. 7. Portugal. Centro. (Costas). Perfiles. 1867. Lám. 8. Oporto (Portugal) (Costas). Perfiles. 1867. Lám. 9. Miño (Río). Perfiles. 1867. Lám. 10. Pontevedra (Costas). Perfiles. 1867. Lám. 11-Lám. 12. La Coruña (Provincia) (Costas). Perfiles. 1867.]// Mapas y planos incluidos: [Lám. 1-Lám. 2. Cádiz (Provincia) (Costas). Perfiles. 1867. Lám. 3-Lám. 5. Huelva (Provincia) (Costas). Perfiles. 1867. Lám. 6. Portugal. SO. (Costas). Perfiles. 1867. Lám. 7. Portugal. Centro. (Costas). Perfiles. 1867. Lám. 8. Oporto (Portugal) (Costas). Perfiles. 1867. Lám. 9. Miño (Río). Perfiles. 1867. Lám. 10. Pontevedra (Costas). Perfiles. 1867. Lám. 11-Lám. 12. La Coruña (Provincia) (Costas). Perfiles. 1867.]//;;;;;;;;;Derroteros -- España --  // Derroteros -- Portugal --  //;;;;;;;;527.63(469)  //  551.417(46)  //  527.63(46)  //  551.417(469)  //;;;;;;;;;;;;;;;sp;spa;;;Libro;;GMM/2234 // GMM/2234 //;http://bdh-rd.bne.es/viewer.vm?id=0000001155 **
bimo0001380633;Rodeiro y Valerio, Juan  //;;;Nuevas tablas de reducción de pesas y medidas inglesas á métricas y viceversa precedidas de otras con las dimensiones y peso de varias planchas y angulares de hierro y acero;;por Juan Rodeiro y Valerio;;[s.n.]  Imp. de Infantería de Marina;;[S.l.] , Madrid;1891;156 p. , 17 x 22 cm ,;Ciencias aplicadas. Tecnología //;;;;;;;;;;Sistema métrico -- Tablas de conversión --  //;;;;;;;;006  //;;;;;;;;;;;;;;;sp;spa;;;Libro;;1/569 //;http://bdh-rd.bne.es/viewer.vm?id=0000087254&page=1 **;http://bdh-rd.bne.es/text.vm?id=0000087254&first=1&last=150 **
bimo0001490394;Torres Villegas, Francisco Jorge  //;;;Cartografía Hispano-científica ó sea los Mapas Españoles, en que se representa á España bajo todas sus diferentes fases;;;2ª ed.;[s.n.]  Imp. de R. Ballone;;Madrid;1857;2 v. , 4º mlla. ,;;;Con mapas iluminados  //;;;;;;;;España -- Mapas --  // España -- Descripción --  //;;;;;;;;"908(460)""18""  //  912(460)  //";;;;;;;;;;;;;;;sp;spa;;;Libro;;GMG/1314_V.1-GMG/1315_V.2 //;http://bdh-rd.bne.es/viewer.vm?id=0000001975 **
bimo0001571140;Vidart, Luis , 1833-1897  //;;;Un discurso inaugural del señor Cánovas del Castillo apuntes críticos;;por Luis Vidart;;[s.n.]  Imp. de Enrique Rubiños;;[S.l.] , Madrid;1892;29 p. , 22 cm ,;Geografía. Biografías. Historia // Exploraciones. Viajes //;;;;;;;;;;Cánovas del Castillo, Antonio --  // Colón, Cristóbal -- Historiografía --  // América -- Descubrimientos y exploraciones -- Españoles -- Historiografía --  //;;;;;;;;"910.4(7/8)""14"":930  //  929 Colón, Cristóbal :930  //  930 Cánovas del Castillo, Antonio  //";;;;;;;;;;;;;;;sp;spa;;;Libro;;VC/522/11 //;http://bdh-rd.bne.es/viewer.vm?id=0000051363&page=1 **;http://bdh-rd.bne.es/text.vm?id=0000051363&first=1&last=36 **
bimo0001572613;Vila y Figueras, Ramón  //;;;Colección de tablas para varios usos de la navegación y de la geografía...;;Por Don Ramon Vila y Figueras, profesor de primera educacion y de matemáticas;;[s.n.]  Imp. Viuda é Hijos de D. Antonio Brusi;;Barcelona;1836;XX, 174 p., [1]., [2] h. de lam. pleg. , il. pleg. , 21 cm ,;Geografía. Biografías. Historia // Atlas // Exploraciones. Viajes // Geografía //;;;;;;;;;;Navegación -- Tablas --  //;;Barcelona, España //;;;;;;527(083.5)  //;;;;;;;;;;;;;;;sp;spa;;;Libro;;GMm/427 // GMm/427 // GMm/427 //;http://bdh-rd.bne.es/viewer.vm?id=0000001099 **
bimo0001595136;Zueco de San Joaquín, Ramón  //;;;Sermones dogmático-morales predicados en su parroquia de Cagayan de Oro por el M.R.P. lector de filosofía Fr. Ramón Zueco de S. Joaquín, agustino recoleto;;;;[s.n.]  Estab. Tip. de Ramírez y Giraudier;;[S.l.] , Manila;1886;654 p. , 26 cm ,;Hispanoamérica // Religión. Teología // Teología //;;;;;;;;;;Sermones --  //;;;;;;;;252  //  21  //;;;;;;;;;;;;;;;ph;tgl;;;Libro;;HA/8775 //;http://bdh-rd.bne.es/viewer.vm?id=0000005045&page=1 ** http://bdh-rd.bne.es/viewer.vm?id=0000005045&page=402 ** http://bdh-rd.bne.es/viewer.vm?id=0000005045&page=652 **;http://bdh-rd.bne.es/text.vm?id=0000005045&first=1&last=401 ** http://bdh-rd.bne.es/text.vm?id=0000005045&first=402&last=651 ** http://bdh-rd.bne.es/text.vm?id=0000005045&first=652&last=657 **
bimo0001652165;Bover, Joaquín María , 1810-1865  //;;;Biblioteca de escritores baleares;;Joaquín María Bover de Rosselló;;[s.n.]  Imp. de P.J. Gelabert;;[S.l.] , Palma;1868;2 v. (XXXII, 600, 695 p.) , 26 cm ,;Ciencia y cultura en general // Bibliografía. Catálogos. Obras de consulta //;;Índice  //;;;;;;;;Escritores españoles -- Baleares (Comunidad Autónoma) -- Biobibliografías --  //;;;;;;;;013(460.32)  //  929(460.32)  //;;;;;;;;;;;;;;;sp;spa;;;Libro;;INV_013(460)_BAL //;http://bdh-rd.bne.es/viewer.vm?id=0000042108&page=1 ** http://bdh-rd.bne.es/viewer.vm?id=0000042108&page=660 **;http://bdh-rd.bne.es/text.vm?id=0000042108&first=1&last=659 ** http://bdh-rd.bne.es/text.vm?id=0000042108&first=660&last=1394 **
bimo0001652780;Blanco, Pedro Nolasco  // Díez, Mamerto  // Montalván, Juan Manuel , s. XIX  //;;;Examen histórico-filosófico de la legislación española, con arreglo a las esplicaciones del doctor D. Juan Manuel Montalván, catedrático de 5º año de Jurisprudencia en la Universidad de Madrid. Tomo I;;por los bachilleres en Derecho, Pedro Nolasco Blanco y Mamerto Díez;;[s.n.]  Imp. de Marcos Bueno;;[S.l.] , Mad[r]id;1845;380 p. , 19 cm ,;;;;;;;;;;;Leyes -- España -- Historia --  //;;;;;;;;340.13(460)(091)  //;;;;;;;;;;;;;;;sp;spa;;;Libro;;2/24980_T._1 //;http://bdh-rd.bne.es/viewer.vm?id=0000146079&page=1 **;http://bdh-rd.bne.es/text.vm?id=0000146079&first=1&last=395 **
bimo0001688508;Rodríguez Ferrer, Miguel , 1815-1889  //;;;Sin parlamento no hay ya porvenir para los tronos refutación a el folleto titulado Un monárquico a los parlamentarios, por el autor de la carta, Un monárquico al Sr. Martínez de la Rosa;;por el licenciado D. Miguel Rodríguez-Ferrer;;[s.n.]  Imp. y Litografía de de Egaña y Compañía;;[S.l.] , Vitoria;1844;122 p. , 16 cm ,;Ciencias sociales // Política //;;;;;;;;;;Monarquía --  // Monarquismo -- España --  // España -- Política y gobierno -- 1843-1868 --  //;;;;;;;;"321.727  //  329.21(460)""18""  //  32(460)""1833/68""  //";;;;;;;;;;;;;;;sp;spa;;;Libro;;9/219958 //;http://bdh-rd.bne.es/viewer.vm?id=0000092293&page=1 **;http://bdh-rd.bne.es/text.vm?id=0000092293&first=1&last=128 **
bimo0001729741;Cabrera, Raimundo , 1852-1923  //;;;Cuba y sus jueces (rectificaciones oportunas);;;10ª ed. aum. con notas y un apéndice;Ricardo Veloso;;Habana;1922;362 p. , 1 retr. , 19 cm ,;Geografía. Biografías. Historia // Historia de América Latina // Obras completas del Dr. Raimundo Cabrera, v. 1. //;;;;;;;;;;Moreno, F. --  // Cuba -- Descripción --  // Cuba -- Historia -- 1810-1899 --  //;;;;;;;;"(729.1)  //  929 Moreno, F.  //  94(729.1)""1810/99""  //  908(729.1)  //";;;;;;;;;;;;;;;cu;spa;;;Libro;;HA/76756 //;http://bdh-rd.bne.es/viewer.vm?id=0000096075&page=1 **;http://bdh-rd.bne.es/text.vm?id=0000096075&first=1&last=375 **
bimo0001744828;Gómez Pedraza, Manuel , 1789-1851  //;;;Oración encomiástica que el ciudadano Manuel Gómez Pedraza dijo el día 16 de setiembre de 1842, aniversario de la gloriosa proclamación de la Independencia, el año de 1810;;;;[s.n.]  Imp.de Vicente García Torres;;[S.l.] , México;1842;15 p. , 20 cm ,;Independencia Americana // Geografía. Biografías. Historia // Historia de América Latina //;;;;;;;;;;México -- Historia -- 1810-1821 (Guerra de la Independencia) -- Aniversarios y centenarios --  //;;;;;;;;"(72)  //  94(72)""1810/21""(067.5)  //";;;;;;;;;;;;;;;mx;spa;;;Libro;;HA/26289 //;http://bdh-rd.bne.es/viewer.vm?id=0000096545&page=1 **;http://bdh-rd.bne.es/text.vm?id=0000096545&first=1&last=20 **
bimo0001798510;Oppelt y Torrubia, José  //;;;Discurso pronunciado ante el Claustro de la Universidad Central;;por José Oppelt y Torrubia;;Manuel Álvarez;;Madrid;1862;15 p. , 25 cm ,;Deportes //;;;;;;;;;;Gimnasia --  //;;;;;;;;796  //;;;;;;;;;;;;;;;sp;spa;;;Libro;;VC/2566/53 //;http://bdh-rd.bne.es/viewer.vm?id=0000084004&page=1 **;http://bdh-rd.bne.es/text.vm?id=0000084004&first=1&last=15 **
bimo0001821218;;;;Novena en honor de la Inmaculada Concepción de la Ssma. Virgen María : que con motivo de la aparición de la Medalla milagrosa se consagra a la misma Señora Inmaculada ... según la revelación contenida en la noticia histórica de su aparición;;;;Imp. y Librería de Feros;;Cádiz;1839;151 p. , 10 cm ,;;;"""Esta noticia se halla en los mismos puestos que esta novena""  //";;;;;;;;Virgen de la Medalla Milagrosa -- Novenas --  //;;;;;;;;24  //  27-312.47 Virgen de la Medalla Milagrosa  //  27-312.47-534.3  //  243  //;;;;;;;;;;;;;;;sp;spa;;;Libro;;9/248504 //;http://bdh-rd.bne.es/viewer.vm?id=0000133090&page=1 **;http://bdh-rd.bne.es/text.vm?id=0000133090&first=1&last=82 **
bimo0001958547;Menéndez, Baldomero  //;;;Manual de geografía y estadística de Chile;;por Baldomero Menéndez;;Librería de Rosa, Bouret;;Paris;1860;IX, 357 p. , 16 cm ,;Geografía. Biografías. Historia // Geografía // Biblioteca popular //;;Precede al título: Enciclopedia hispano-americana  //;;;;;;;;Chile -- Descripción --  //;;;;;;;;(83)  //  908(83)  //;;;;;;;;;;;;;;;fr;spa;;;Libro;;2/83621 //;http://bdh-rd.bne.es/viewer.vm?id=0000088064&page=1 **;http://bdh-rd.bne.es/text.vm?id=0000088064&first=1&last=367 **
bimo0002303149;Revilla, José de la , 1796-1859  //;;;Vida artística de don Isidoro Maiquez, primer actor de los teatros de Madrid;;escrita por José de la Revilla;;[s.n.]  Imp. de D.M. de Burgos;;Madrid;1845;102 p. , 1 retr. , 19 cm ,;Juegos. Espectáculos. Deportes //;;;;;;;;;;Máiquez, Isidoro --  //;;;;;;;;792  //;;;;;;;;;;;;;;;sp;spa;;;Libro;;T/9873 //;http://bdh-rd.bne.es/viewer.vm?id=0000092030&page=1 **;http://bdh-rd.bne.es/text.vm?id=0000092030&first=1&last=117 **
a4652016;Poliziano, Angelo , 1454-1494  // Gryphius, Sébastien , fl. 1524-1556 -imp.  //;;;Angeli Politiani Operum tomus primus [-alter] epistolarum lib. XII & Miscellaneorum centuriam unam complectens;Operum tomus primus [-alter]  // Alter tomus operum Angeli Politiani, ea continens, quae elenchus paginae sequentis indicat;;;Sebastianus Gryphius Germanus excudebat;;Lugduni;1528;"2 v. ([16], 675, [1] p. ; [16], 647, [1] p.) , 8º ,";Lingüística. Literatura // Literatura //;Alter tomus operum Angeli Politiani, ea continens, quae elenchus paginae sequentis indicat , con portada y paginación propias// Alter tomus operum Angeli Politiani, ea continens, quae elenchus paginae sequentis indicat , con portada y paginación propias//;"Partes del texto en griego  // Marcas tipográficas en portadas y en colofones (Baudrier. Lyon. Tomo VIII, nº 5)  // Sign.: [ ]⁸, aa-zz⁸, Aa-Rr⁸, Ss⁴ ; *⁸, a-z⁸, A-S⁸, T¹⁰  // Apostillas marginales  //";Baudrier. Lyon Tomo VIII, p. 46  // Gültlingen. Lyon Tomo V, nº 65  // Carpentras BM L 1001  //;;;;;;;Literatura italiana -- S.XV --  //;;Lyon, Francia //;;;;;;82  //;;;;;;;;;;;;;;;fr;lat;;lat // grc //;Libro;;U/6225 //;http://bdh-rd.bne.es/viewer.vm?id=0000079110&page=1 **;http://bdh-rd.bne.es/text.vm?id=0000079110&first=1&last=669 **
a5148915;Ferrer, Vicente , 1721-1789  // Pla, Bernardo -imp.  //;;;Parte tercera y ultima del Tratado posthumo de los Impedimentos de la perseverancia en el Bien;;"compuesto por el R. Vicente Ferrer, Sacerdote de la Congregacion de la Mision de la Casa de Barcelona ; lo da a luz por un hijo suyo espiritual ...";;por Bernardo Pla ... vendense en la misma Imprenta;;Barcelona;1791;[6], 353 p., [1] en bl. , 12º ,;;;Sign.: A-P¹²  // Notas a pie de página  //;Aguilar Piñal. Bib. S.XVIII v. 3, n. 3747  //;;;;;;;Vida cristiana -- Obras anteriores a 1800 --  //;;Barcelona, España //;;;;;;24  //;;;;;;;;;;;;;;;sp;spa;;;Libro;;3/27053 //;http://bdh-rd.bne.es/viewer.vm?id=0000092006&page=1 **;http://bdh-rd.bne.es/text.vm?id=0000092006&first=1&last=186 **
a5151916;;;;Estado de las fuerzas de que se compone la esquadra convinada que fondeó en esta plaza el dia 20 del presente mes de Agosto de 1805;;;;[s.n.];;[S.l.];1805?;[1] h. , Fol. ,;;;Título tomado de la cabecera del texto  // Fecha aproximada de impresión deducida del título  // Texto con orla tipográfica  // Impreso por una sola cara  //;;;;;;;;España -- Historia naval -- S.XIX --  //;;;;;;;;355  //;;;;;;;;;;;;;;;xx;spa;;;Libro;;R/60249(12) //;http://bdh-rd.bne.es/viewer.vm?id=0000146358&page=1 **;http://bdh-rd.bne.es/text.vm?id=0000146358&first=1&last=2 **
bima0000001527;Daza y Berrio, Juan  //;Imprenta Real (Madrid) -impresor  //;;Tesoro de confessores y perla de la conciencia para todos estados : con dos indices que le terminan ...;;por el doctor D. Iuan Daza y Berrio ...;;en la Imprenta Real;;En Madrid;1648;[16], 192 [i.e.200], [12] p. , 4º ,;Religión. Teología // Teología //;;Sign.: §-2§⁴, A-Z⁴, Aa-Cc⁴, Dd²  // Error de paginación: de la p. 199 pasa a la 192  // Iniciales grabadas  // Apostillas marginales  //;;;;;;;;Penitencia -- Obras anteriores a 1800 --  //;;Madrid, España //;;;;;;21  //;;;;;;;;;;;;;;;sp;spa;;;Libro;;U/6161 //;http://bdh-rd.bne.es/viewer.vm?id=0000143466&page=1 **;http://bdh-rd.bne.es/text.vm?id=0000143466&first=1&last=235 **
bima0000009750;Barclay, Robert , 1648-1690  //;;;Cathechismus & fidei confessis ... : quae continet veram & fidelem narrationem dogmatum & doctinarum ... creduntur ab Ecclesiis Christi in Magna Britannia, Hibernia, Hollandia & quae Ireonicè Quakeri dicuntur inveniuntur tamen in unitate fidei cum Primitivâ Ecclesiâ & Sanctis ...;;authore Roberto Barclais ...;;veneunt apud Petrum Von Winburge ...  apud Jacobum Clavis;;RoterodamiAmstelodami;1676;[12], 207 p. , 8º ,;Religión. Teología //;;Sign.: A⁶, B-O⁸, P⁴  //;;;;;;;;Cuáqueros -- Doctrinas --  //;;Rotterdam, Paises Bajos //;;;;;;2  //;;;;;;;;;;;;;;;ne;lat;;;Libro;;U/7613 //;http://bdh-rd.bne.es/viewer.vm?id=0000080738&page=1 **;http://bdh-rd.bne.es/text.vm?id=0000080738&first=1&last=222 **
bima0000018279;Félix de Alamín (O.F.M.Cap.)  // Villanueva, Blas de , fl. 1712-1724 -imp.  //;;;Falacias del Demonio, y de los vicios que apartan del Camino Real del Cielo en que se descubren muchos engaños del demonio, con que oculta los caminos verdaderos, y propone los fallos, y sus remedios generales, y particulares : de nuevo se han añadido las consideraciones de los novissimos, y las virtudes principales en que consiste la perfeccion christiana comun a todos, y aun los vicios aora van mucho mas declarados : preserva contra los errores de molinos, preserva de enfermedades, y enseña modo de alargar la vida segun el modo natural : es obra utilissima para quien desea conocer los engaños de satanàs y librarse de sus lazos ...;;por Fr. Felix de Alamin ...;;en la Imprenta de Blas Villanueva, vive en la calle de los Jardines;;En Madrid;1714;[32], 628 p. , Fol. ,;;;Sign.: [¶]-8¶², A-Z², 2A-2Z², 3A-3Z², 4A-4Z², 5A-5Z², 6A-6Z², 7A-7T²  // Portada con orla tipográfica  // Texto a dos columnas  //;Aguilar Piñal. Bib. S.XVIII v. 3, 2405  //;;;;;;;Teología --  //;;Madrid, España //;;;;;;2  //;;;;;;;;;;;;;;;sp;spa;;;Libro;;3/56639 //;http://bdh-rd.bne.es/viewer.vm?id=0000015011&page=1 ** http://bdh-rd.bne.es/viewer.vm?id=0000015011&page=28 ** http://bdh-rd.bne.es/viewer.vm?id=0000015011&page=259 **;http://bdh-rd.bne.es/text.vm?id=0000015011&first=1&last=27 ** http://bdh-rd.bne.es/text.vm?id=0000015011&first=28&last=258 ** http://bdh-rd.bne.es/text.vm?id=0000015011&first=259&last=667 **
bima0000022163;Belmonte Bermúdez, Luis de , 1587-1650  //;Viuda de José de Orga (fl. 1756-1772) -imp.  //;[El diablo predicador] //;Comedia famosa El diablo predicador y mayor contrario amigo;;de un Ingenio;;Imprenta de la Viuda de Joseph de Orga;;Valencia;1765;36 p. , 4º ,;;;"El autor es Belmonte Bermúdez (Urzaiz. Catálogo de autores teatrales del siglo XVII, P. 161)  // Precede al título: ""N. 98""  // Pie de imprenta tomado del colofón  // Sign.: A-D⁴, E  //";;;;;;;;;;Valencia, España //;;;;;;821.134.2-2  //;;;;;;;;;;;;;;;sp;spa;;;Libro;;U/9280 //;http://bdh-rd.bne.es/viewer.vm?id=0000146469&page=1 **;http://bdh-rd.bne.es/text.vm?id=0000146469&first=1&last=47 **
bima0000032934;Niel, José Antonio, Hijo -imp.  //;;;Quinta edicion de un papelon tontorron tontorronton;;;;en la imprenta de Niel, hijo ...;;Impreso en Cadiz;1817?;17 p. , 4º ,;;;Fecha tomada de la p. 4 del texto  //;Palau 244690  //;;;;;;;Alumbrado de gas -- Cádiz --  //;;Cádiz, España //;;;;;;628  //;;;;;;;;;;;;;;;sp;spa;;;Libro;;R/60167(21) //;http://bdh-rd.bne.es/viewer.vm?id=0000132610&page=1 **;http://bdh-rd.bne.es/text.vm?id=0000132610&first=1&last=18 **
bima0000042026;Feliciano de Sevilla , m. 1722  // Haro y Vargas, Bruno de -ed. lit.  // Palomares, Juan -imp.  //;Imprenta de la Santísima Trinidad (Granada) -imp.  //;;Luz apostolica que demuestra la grande excelencia, e importancia de el altissimo, y divinissimo exercicio de la Santa Mission, y de el methodo como esta se ha de practicar con especial fruto;;"su autor el M.R. Fr. Feliciano de Sevilla predicador Capuchino ... ; segun que el mismo experimentó su grande utilidad en quarenta años ...";Reimprimela con algunas utiles addicciones ... /,Don Lucas Bruno de Haro y Vargas...;en la Imprenta de la Santissima Trinidad, por Juan de Palomares;;Impresso en Granada;1741;[72], 271, [1] p., [1] h. de lám., [1] h. de lám. pleg. , 8º ,;;;"La h. de lám. es un grabado calcográfico de la ""Madre de la Salvación""  // La h. de lám. pleg. es un grabado calcográfico con el retrato de Feliciano de Sevilla  // Pie de imprenta tomado de colofón  // Sign.: ¶-4¶⁸, 5¶⁴, A-R⁸  // Portada con orla tipográfica  //";Aguilar Piñal. Bib. S.XVIII v. 3, 2371  //;;;;;;;Misiones --  //;;Granada, España //;;;;;;25  //;;;;;;;;;;;;;;;sp;spa;;;Libro;;R/38522 //;http://bdh-rd.bne.es/viewer.vm?id=0000124735&page=1 **;http://bdh-rd.bne.es/text.vm?id=0000124735&first=1&last=178 **
bima0000042575;Fernández Moreno, Ángel Tomás  // Fort, José -imp.  //;;;Vida, virtudes, y milagros del grande abogado del Cielo San Andres Avelino ...;;compuesta por ... D. Angel Thomas Fernandez Moreno ...;;por Joseph Fort;;En Zaragoza;1754;[52], 301 p., [1] en bl. , 4º ,;;;Fecha de impresión tomada de la Fe de erratas: 1754  // Sign.: a-c⁸, d², A-S⁸, T⁸⁻¹  //;Aguilar Piñal. Bib. S.XVIII v. 3, 3504  //;;;;;;;Andrés Avelino, -- Santo -- Biografías --  // Vida cristiana --  //;;Zaragoza, España //;;;;;;929  //;;;;;;;;;;;;;;;sp;spa;;;Libro;;2/29331 //;http://bdh-rd.bne.es/viewer.vm?id=0000037819&page=1 **;http://bdh-rd.bne.es/text.vm?id=0000037819&first=1&last=361 **
bima0000051005;Niel, José Antonio, Hijo -imp.  //;;;La Guerreriana ó Uno contra cuatro i contra mas que vengan;Uno contra cuatro i contra mas que vengan  //;;;en la Imprenta de Niel, hijo ...;;Cadiz;1812;46 p. , 4º ,;;;Sign.: 1-5⁴, 6⁴⁻¹  //;;;;;;;;España -- Historia -- 1808-1814 (Guerra de la Independencia) --  //;;Cádiz, España //;;;;;;94(460)  //;;;;;;;;;;;;;;;sp;spa;;;Libro;;R/60167(18) //;http://bdh-rd.bne.es/viewer.vm?id=0000132606&page=1 **;http://bdh-rd.bne.es/text.vm?id=0000132606&first=1&last=46 **
bima0000066642;Maceda, Michael Joseph  // Volpe, Lelio della -impresor  //;;;Hosius vere hosius = Osios alēthōs osios ... hoc est Hosius vere innocens vere sanctus, dissertationes duae : I. De Commentitio M. Hosii Cordubensis Episcopi lapsu, II. De Sanctitate et Culto legitimo eiusdem, accedit III. Potamius innocens innocentiae M. Hosii vindex ...;Osios alēthōs osios  // Hosius vere innocens vere sanctus  //;auctore Michaele Iosepho Maceda, Presbytero;;impressit Laelius a Vulpe;;Bononiae;1790;XVI, 492, [3] p., [1] en bl. , 4º ,;;;Título paralelo en latín y griego  // El título paralelo transliterado del griego  // Sign.: a-b⁴, A-Z⁴, 2A-2Z⁴, 3A-3Q⁴  // Viñetas xilográficas  // Apostillas marginales  //;Aguilar Piñal. Bib. S. XVIII v. 5, 2336  //;;;;;;;Osio, -- Obispo de Córdoba --  // Potamio, -- Obispo de Lisboa --  //;;Bolonia, Italia //;;;;;;26  //;;;;;;;;;;;;;;;it;lat;;;Libro;;3/45379 //;http://bdh-rd.bne.es/viewer.vm?id=0000055902&page=1 **;http://bdh-rd.bne.es/text.vm?id=0000055902&first=1&last=262 **
bima0000084967;Pesquera, José Rafael  // Valdés Téllez Girón, Mariano -imp.  //;;;Breves avisos para aquella christiana alma que desea salir de sus culpas, y hacer progresos grandes en la virtud ...;;por ... Joseph Rafael Pesquera ...;;en la Oficina de D. Mariano Valdés Tellez Giron;;Guadalaxara [México];1796;[16], 144 p. , 8º ,;Hispanoamérica // Religión. Teología // Teología //;;Sign.: [1]-10⁸  //;;;;;;;;Vida cristiana -- Obras anteriores a 1800 --  // Penitencia -- Obras anteriores a 1800 --  //;;Guadalajara, México //;;;;;;21  //;;;;;;;;;;;;;;;mx;spa;;;Libro;;R/22362 //;http://bdh-rd.bne.es/viewer.vm?id=0000049045&page=1 **;http://bdh-rd.bne.es/text.vm?id=0000049045&first=1&last=173 **
bima0000102929;Spallarossa, Giovanni  // Rioja, Francisco -imp.  // Serrano Cavallero, Francisco -ed.  // Espinosa de los Monteros, Manuel , 1713-1781 -imp.  //;;;Disertacion physico-medica, en que ... se demuestra la utilidad y seguridad de la inoculacion de las viruelas, y las grandes ventajas, que de ella se siguen à la humana sociedad ...;Continuacion de la disertacion physico-medica  // Consultatio medico-moralis variolarum inoculationem favens;"escrita en lengua toscana por ... Spallarossa ... ; y traduccida al idioma castellano ; Parte I [-III]";;en la Imprenta de D. Francisco Rioja y Gamboa ... por Francisco Serrano Cavallero y Joseph de S. Pedro;;En Cadiz;entre 1766 y 1767?;"3 pt. ([10], 75 p., [1] en bl. ; 100 p. ; 32 p.) , 8º ,";;Continuacion de la disertacion physico-medica, en la que ... se demuestra la utilidad, y seguridad de la inoculacion de las viruelas ... -- Consultatio medico-moralis variolarum inoculationem favens aliquas inter caeteras continens sententias atque auctoritates revera haud proprias ...// Continuacion de la disertacion physico-medica, en la que ... se demuestra la utilidad, y seguridad de la inoculacion de las viruelas ... -- Consultatio medico-moralis variolarum inoculationem favens aliquas inter caeteras continens sententias atque auctoritates revera haud proprias ...//;"Tercera parte en latín  // En el pie de imprenta de la segunda y tercera parte consta como impresor Manuel Espinosa de los Monteros  // Fecha de impresión deducida de la aprobación, fechada en 1766 y de los Imprimatum de la segunda y tercera parte, fechados en 1767  // Sign.: [ ]⁵, B-K⁴, L² ; A-M⁴, N² ; A-D⁴  //";Palau n. 321183-4  // Aguilar Piñal. Bib. S.XVIII v. 7, n. 5454-5  //;;;;;;;Viruela -- Historia --  //;;Cádiz, España //;;;;;;616  //;;;;;;;;;;;;;;;sp;spa;;spa // lat //;Libro;;R/23811(1) //;http://bdh-rd.bne.es/viewer.vm?id=0000013648&page=1 ** http://bdh-rd.bne.es/viewer.vm?id=0000013648&page=195 **;http://bdh-rd.bne.es/text.vm?id=0000013648&first=1&last=194 ** http://bdh-rd.bne.es/text.vm?id=0000013648&first=195&last=334 **
bimo0000058728;Monlau, Pedro Felipe , 1808-1871  //;;;Elementos de psicología;;por el doctor D. Pedro Felipe Monlau;9ª ed., cuidadosamente rev.;[s.n.]  Imp. y Estereotipia de M. Rivadeneyra;;[S.l.] , Madrid;1869;208 p. , 18 cm ,;Filosofía. Psicología // Psicología //;;;;;;;;;;Psicología --  //;;;;;;;;159.9  //;;;;;;;;;;;;;;;sp;spa;;;Libro;;3/175794 //;http://bdh-rd.bne.es/viewer.vm?id=0000046557&page=1 **;http://bdh-rd.bne.es/text.vm?id=0000046557&first=1&last=212 **
bimo0000118819;Valverde y Álvarez, Emilio , 1848-1894  //;;;Plano y guía del viajero en Coruña, Betanzos y Ferrol;;Emilio Valverde y Álvarez;;Librería San Martín  Imp. de Fernando Cao y Domingo de Val;;Madrid , Madrid;1886;31 p., [2] h. de lám., [2] h. de plan. pleg. , il. , 15 cm ,;Geografía. Biografías. Historia // Atlas // Exploraciones. Viajes //;Mapas y planos incluidos: [1. La Coruña. Planos de población. 1886. 2. El Ferrol (La Coruña). Planos de población. 1886.]// 1. La Coruña. Planos de población. 1886. 2. El Ferrol (La Coruña). Planos de población. 1886//;;;;;;;;;La Coruña (Provincia) -- Guías turísticas --  //;;Madrid, España //;;;;;;914.611(036)  //;;;;;;;;;;;;;;;sp;spa;;;Libro;;GMm/546 // GMm/546 //;http://bdh-rd.bne.es/viewer.vm?id=0000000527 **
bimo0000717094;Cortés y Aznar, José  //;;;El tesoro de la industria;;por José Cortés y Aznar;;[s.n.]  Imp. de José Gil Navarro;;[S.l.] , Madrid;1884 - 1897;4 v. , il. , 16 cm ,;Ciencias aplicadas. Gastronomía // Gastronomía //;1. Formulario teórico-práctico para mejorar los vinos (36 p.) -- 2. Formulario teórico-práctico para la elaboración y fabricación de vinagres naturales y artificiales, gaseosas, cervezas, jarabes y frutas champanizadas (134 p.) -- 3. Formulario teórico-práctico para la elaboración y fabricación de aguardientes naturales y artificiales (122 p.) -- 4. Formulario teórico-práctico para la fabricación de licores, cremas, aceites, ponches, elixires y escarchados (112 p.)// 1.- Formulario teórico-práctico para mejorar los vinos -- 2. Formulario teórico-práctico para la elaboración y fabricación de vinagres naturales y artificiales, gaseosas, cervezas, jarabes y frutas champanizadas -- 3. Formulario teórico-práctico para la elaboración y fabricación de aguardientes naturales y artificiales -- 4. Formulario teórico-práctico para la fabricación de licores, cremas, aceites, ponches, elixires y escarchados//;;;;;;;;;Bebidas alcohólicas -- Elaboración --  //;;;;;;;;663  //  641/642  //;;;;;;;;;;;;;;;sp;spa;;;Libro;;1/68763 //;http://bdh-rd.bne.es/viewer.vm?id=0000118837&page=1 **;http://bdh-rd.bne.es/text.vm?id=0000118837&first=1&last=429 **
bimo0000729468;Carreras y Bulbena, José Rafael , 1860-1931  //;;;Idea del que foren musicalment els joglars, trobadors i ministrils en terres de parla provençal i catalana;;Josep Rafel Carreras i Bulbena;;s.n.]  Tip. L'Avenç];;[S.l. , [Barcelona;1908;66 p., [1] h. de lám. , 19 cm ,;;;;;;;;;;;Música -- Cataluña -- S.V-XV --  //;;;;;;;;78  //;;;;;;;;;;;;;;;sp;cat;;;Libro;;M.FOLL/105/15 //;http://bdh-rd.bne.es/viewer.vm?id=0000091637&page=1 **;http://bdh-rd.bne.es/text.vm?id=0000091637&first=1&last=74 **
bimo0000729964;Carretero y Muriel, Mariano , 1833-1915  //;;;Censo general de las aguas minerales de España;;por Mariano Carretero y Muriel;;[s.n.]  Imp. a cargo de Gregorio Juste;;[S.l.] , Madrid;1876;57 p. , 24 cm ,;"Medicina // Biblioteca de ""El progreso médico"" //";;;;;;;;;;Aguas minerales -- España --  //;;;;;;;;61  //;;;;;;;;;;;;;;;sp;spa;;;Libro;;VC/1221/3 //;http://bdh-rd.bne.es/viewer.vm?id=0000091151&page=1 **;http://bdh-rd.bne.es/text.vm?id=0000091151&first=1&last=64 **
bimo0000821296;;Escuela Especial de Ingenieros de Montes  //;;Reglamento para la Escuela Especial de Ingenieros de Montes aprobado por Real Decreto de 11 de marzo de 1887;;;;[s.n.]  Manuel Minuesa de los Ríos, imp.;;[S.l.] , Madrid;1887;40 p. , 22 cm ,;Ciencias aplicadas. Tecnología // Agricultura. Selvicultura. Ganaderia. Caza. Pesca // Ciencias aplicadas. Tecnología // Bosques //;;;;;;;;;;Escuela Especial de Ingenieros de Montes -- Reglamentos--  //;;;;;;;;630:378(460.27 M.)(060.13)  //;;;;;;;;;;;;;;;sp;spa;;;Libro;;VC/4896/38 //;http://bdh-rd.bne.es/viewer.vm?id=0000077949&page=1 **;http://bdh-rd.bne.es/text.vm?id=0000077949&first=1&last=44 **
bimo0000990786;Hidalgo Tablada, José de , 1814-1890  //;;;Tratado de administración y contabilidad rural arreglado a las condiciones de la labranza española;;por José de Hidalgo Tablada;2ª ed., aum. con nuevos datos;Librería de Cuesta;;Madrid;1875;2 v. , 18, 18 x 25 cm ,;;;Título del v. 2: Libro Mayor A: libro de cuentas corrientes de la explotación agrícola de D. Domingo Ruiz, vecino de Lora : 1º de octubre de 1871 al 1872  //;;;;;;;;Explotaciones agrícolas -- Gestión --  //;;;;;;;;631.1  //;;;;;;;;;;;;;;;sp;spa;;;Libro;;1/195 // 1/196 //;http://bdh-rd.bne.es/viewer.vm?id=0000143341&page=1 ** http://bdh-rd.bne.es/viewer.vm?id=0000143341&page=339 **;http://bdh-rd.bne.es/text.vm?id=0000143341&first=1&last=338 ** http://bdh-rd.bne.es/text.vm?id=0000143341&first=339&last=383 **
bimo0001189884;Mira de Amescua, Antonio , 1577-1644  // García de Honorato, Eugenio -imp.  //;;[La mesonera del cielo] //;La gran comedia, El hermitaño galan, y mesonera del cielo;;del doctor Mira de Mesqua;;en la imprenta de Francisco Garcia Onorato y San Miguel;;Salamanca;entre 1724 y 1758?;[20] h. , 4º ,;;;Fecha aproximada de impresión deducida de la actividad del impresor  // Datos de impresión tomados del colofón  //;;;;;;;;;;Salamanca, España //;;;;;;821.134.2-2  //;;;;;;;;;;;;;;;xx;spa;;;Libro;;U/9271 //;http://bdh-rd.bne.es/viewer.vm?id=0000146303&page=1 **;http://bdh-rd.bne.es/text.vm?id=0000146303&first=1&last=47 **
bimo0001320747;Olavide, Pablo de , 1725-1803  // Doblado, José , fl. 1775-1800 -imp.  //;;;Poemas christianos, en que se exponen con sencillez las verdades mas importantes de la religion;;"por el autor del evangelio en triunfo ; publicados por un amigo del autor";2ª ed.;en la Imprenta de Don Joseph Doblado;;En Madrid;entre 1799 y 1800?;X, 378 p. , 4º ,;Lingüística. Literatura // Literatura //;;Mención de responsabilidad tomada de Aguilar Piñal y Palau  // Fecha de impresión deducida por la fecha de la primera edición de este título y los años de actividad conocidos del impresor  // Sign.: A-Z⁴, 2A-Z⁴, 3A-B⁴, 3C²  //;Aguilar Piñal T. VI, n. 848  // Palau n. 200099  //;;;;;;;Poesías religiosas españolas -- S.XVIII --  //;;Madrid, España //;;;;;;82  //;;;;;;;;;;;;;;;sp;spa;;;Libro;;U/6136 //;http://bdh-rd.bne.es/viewer.vm?id=0000086346&page=1 **;http://bdh-rd.bne.es/text.vm?id=0000086346&first=1&last=395 **
bimo0001511307;F. G.  A.  //;;;Tres imposibles vencidos o Tres inventos del siglo la dirección de los globos, el movimiento continuo, la cuadratura del círculo : resolución y demostración científica de estos tres problemas;Tres inventos del siglo  //;;;[s.n.]  Est. Tip. de Narciso Ramírez y Rialp;;[S.l.] , Barcelona;1864;55 p., [2] h. pleg. de lám. , 25 cm ,;Ciencia General //;;Autor (p. 55): F.G.A.  //;;;;;;;;Globos aerostáticos --  // Movimiento continuo --  // Cuadratura del círculo --  //;;;;;;;;531.1  //  0  //;;;;;;;;;;;;;;;sp;spa;;;Libro;;1/38702 //;http://bdh-rd.bne.es/viewer.vm?id=0000091577&page=1 **;http://bdh-rd.bne.es/text.vm?id=0000091577&first=1&last=60 **
bimo0001651035;Blas y Martín, Juan de Dios  //;;;Impugnación a las doctrinas del folleto de Suñer y Capdevila;;por Juan de Dios Blas;;[s.n.]  Imp. a cargo de Pedro Núñez;;[S.l.] , Madrid;1870;58 p. , 21 cm ,;Religión. Teología // Teología //;;;;;;;;;;Suñer y Capdevila, Francisco --  // Ateísmo -- Obras de controversia --  //;;;;;;;;239:141.45  //  929 Suñer y Capdevila, Francisco  //;;;;;;;;;;;;;;;sp;spa;;;Libro;;VC/562/1 //;http://bdh-rd.bne.es/viewer.vm?id=0000047684&page=1 **;http://bdh-rd.bne.es/text.vm?id=0000047684&first=1&last=64 **
bimo0001652548;Bustamante, Carlos María de , 1774-1848  //;;;Memoria historica en cuya relacion de grandes sucesos se manifiesta los importantes servicios que hizo a la República el Excmo. Sr. General, Benemérito de la patria, D. Nicolás Bravo, o sea Respuesta a la diatriba con que se le infama en el sglo XIX del miércoles 4 de junio de 1845;;publícala Carlos María Bustamante;;[s.n.]  Imp. en Papel Mexicano;;[S.l.] , México;1845;34 p. , 22 cm ,;Independencia Americana // Geografía. Biografías. Historia // Biografías. Heráldica. Genealogía //;;;;;;;;;;Bravo, Nicolás --  //;;;;;;;;(72)  //  929 Bravo, Nicolás  //;;;;;;;;;;;;;;;mx;spa;;;Libro;;VC/2540/83 //;http://bdh-rd.bne.es/viewer.vm?id=0000125947&page=1 **;http://bdh-rd.bne.es/text.vm?id=0000125947&first=1&last=40 **
bimo0001653081;Bofarull y Brocá, Andrés de , 1810-1882  //;;;Anales históricos de Reus desde su fundacion hasta nuestros dias;;por Andres de Bofarull y Brocá;;Imprenta y librería de Pedro Sabater;;Reus;1845 - 1846;"259 p., [4] p., [1] h. pleg.de mapa ; 377 p., [6] p. , il. , 20 cm ,";Geografía. Biografías. Historia // Atlas // Historia de distintos países //;Mapas y planos incluidos: [1. Reus (Tarragona). Planos. 1846.]// 1. Reus (Tarragona). Planos. 1846.//;;;;;;;;;Reus -- Historia --  //;;;;;;;;946.023.7 Reus  //;;;;;;;;;;;;;;;sp;spa;;;Libro;;GMm/489 // GMm/489 //;http://bdh-rd.bne.es/viewer.vm?id=0000001047 **
bimo0001710284;;;;[Álbum gráfico del Ejército de Chile dedicado al Excmo. Marqués de González];;;;[s.n.]  Imp. La Ilustración;;[S.l.];1914;3 h., [113] h. de lám. , 25 cm ,;Ciencias sociales // Derecho. Administración pública //;;Texto manuscrito  //;;;;;;;;Ejército -- Chile -- Obras ilustradas --  //;;;;;;;;356/358(83)(084)  //;;;;;;;;;;;;;;;cl;spa;;;Libro;;HA/3590 //;http://bdh-rd.bne.es/viewer.vm?id=0000120010&page=1 **;http://bdh-rd.bne.es/text.vm?id=0000120010&first=1&last=243 **
bimo0001758398;Valverde y Álvarez, Emilio , 1848-1894  //;;;Guía del antiguo reino de Toledo provincias de Madrid, Toledo, Ciudad-Real, Cuenca y Guadalajara : viaje geográfico, artístico y pintoresco;;Emilio Valverde y Álvarez;;[s.n.  Imp. de Fernando Cao y Domingo de Val;;Madrid , Madrid];1885;231 p., [6] h. de lám., [6] h. pleg. de planos, [1] h. pleg. de mapa , il. , 19 cm ,;Geografía. Biografías. Historia // Atlas // Exploraciones. Viajes // Guía Práctico Valverde //;Mapas y planos incluidos: [1. Madrid. Planos de población. 1885. 2. Toledo. Mapas generales. 1885. 3. San Lorenzo de El Escorial (Madrid). Planos de población. 1885. 3. Alcalá de Henares (Madrid). Planos de población. 1885. 4. Guadalajara. Planos de población. 1885. 5. Ciudad Real . Planos de población. 1885. 6. Toledo. Planos de población. 1885. 7. Cuenca. Planos de población. 1885.]// 1. Madrid. Planos de población. 1885. 2. Toledo. Mapas generales. 1885. 3. San Lorenzo de El Escorial (Madrid). Planos de población. 1885. 3. Alcalá de Henares (Madrid). Planos de población. 1885. 4. Guadalajara. Planos de población. 1885. 5. Ciudad Real . Planos de población. 1885. 6. Toledo. Planos de población. 1885. 7. Cuenca. Planos de población. 1885.//;;;;;;;;;Madrid (Comunidad Autónoma) -- Guías turísticas --  // Castilla-La Mancha -- Guías turísticas --  //;;Madrid, España //;;;;;;"913(460.27)""18""(036)  //  913(460.28)""18""(036)  //";;;;;;;;;;;;;;ArtedigXIXpatr;sp;spa;;;Libro;;GMm/1366 // GMm/1366 //;http://bdh-rd.bne.es/viewer.vm?id=0000000264 **
bimo0001973704;;;;Turismo en el Uruguay álbum patrocinado por el Centro de Propietarios de Hoteles, Restaurants, Confiterías, Cafés y Anexos;;;;Martin y Cía.;;Montevideo;1927;[210] p., [1] h. pleg. de mapa , il. , 15 x 20 cm ,;Geografía. Biografías. Historia // Exploraciones. Viajes //;;Título tomado de cubierta  //;;;;;;;;Uruguay -- Guías turísticas --  //;;;;;;;;(899)  //  913(899)(036)  //;;;;;;;;;;;;;;;uy;spa;;;Libro;;GM/2026 //;http://bdh-rd.bne.es/viewer.vm?id=0000091350&page=1 **;http://bdh-rd.bne.es/text.vm?id=0000091350&first=1&last=213 **
bima0000041423;Faci, Roque Alberto , 1684-1744  // Lamarca, José , fl. 1759-1786 -grab.  //;Herederos de José Joaquín Martínez (1744-1770) -ed.  //;;Dias y obras admirables de N.S. Madre Teresa de Jesus divididas en los doce meses del año ...;;publicalas el M.R.P.M. Fr. Roque Alberto Faci ...;;en la oficina de los Herederos de Martinez, a su costa;;En Pamplona;1764;[32], 336 [i.e. 354], [6] p. , 4º ,;;;"Marca tipográfica en portada  // Sign.: §-4§⁴, A-Z⁴, Aa-Yy⁴  // Error de paginación: de la p. 352 pasa a la 335  // Anteportada  // Texto a dos columnas  // Grabado calcográfico alegórico de Santa Teresa en verso de portada, firmado por ""Jph Lamarca fec.""  //";;;;;;;;Teresa de Jesús, -- Santa --  // Oraciones --  //;;Pamplona, España //;;;;;;24  //;;;;;;;;;;;;;;;sp;spa;;;Libro;;7/12553 //;http://bdh-rd.bne.es/viewer.vm?id=0000045465&page=1 **;http://bdh-rd.bne.es/text.vm?id=0000045465&first=1&last=397 **
bimo0000881514;Forster, W. E.  //;;;William Penn and Thomas R. Macaulay being brief observations on the charges made in Mr. Macaulay's history of England, agaist the character of William Penn;;by W. E. Forster;;Charles Gilpin;;London;1849;54 p. , 22 cm ,;Geografía. Biografías. Historia // Biografías. Heráldica. Genealogía //;;;;;;;;;;Penn, William --  // Macaulay, Thomas Babington Macaulay, -- Baron --  //;;;;;;;;929 Penn, William  //  930 Macaulay, Thomas Babington Macaulay, Baron  //;;;;;;;;;;;;;;;xx;eng;;;Libro;;U/9210 //;http://bdh-rd.bne.es/viewer.vm?id=0000088103&page=1 **;http://bdh-rd.bne.es/text.vm?id=0000088103&first=1&last=65 **
bima0000043390;Filón de Alejandría  // Fernandez Vinjoy, Manuel José -trad.  // Ortega, Jerónimo , fl. 1788-1800 -imp.  //;;;El Heroe estoico, ó el hombre libre discurso en que se prueba, que no puede haber verdadera libertad donde no domina la virtud;El hombre libre  //;"escrito en griego por ... Filon ; y traducido al español ... lo publica Don Manuel Joseph Fernandez Vinjoy";;Por Don Gerónimo Ortega é hijos de Ibarra;;Madrid;1789;XXXII, 128 p. , 8º ,;Filosofía. Psicología // Metafísica //;;Sign.: a-b⁸, A-H⁸  //;Aguilar Piñal. Bib. S.XVIII v. 3, n. 3673  //;;;;;;;Estoicismo --  // Filosofía antigua --  // Metafísica -- Obras anteriores a 1800 --  //;;Madrid, España //;;;;;;11  //;;;;;;;;;;;;;;;sp;spa;grc;spa //;Libro;;U/6832 //;http://bdh-rd.bne.es/viewer.vm?id=0000077271&page=1 **;http://bdh-rd.bne.es/text.vm?id=0000077271&first=1&last=171 **
bima0000064163;Lipsius, Justus , 1547-1606  // Moretus, Jan , 1576-1618 -imp.  //;Plantijnsche Drukkerij -imp.  //;;Iusti Lipsi Manuductionis ad stoicam philosophiam libri tres L Annæo Senecæ, aliisque scriptoribus illustrandis;Manuductionis ad stoicam philosophiam libri tres  //;;Editio secunda, atque ab ultima auctoris manu;ex officina Plantiniana  apud Ioannem Moretum;;Antuerpiae;1610;[12], 212, [4] p. , 4º ,;Filosofía. Psicología //;;Marca tipográfica en portada  // Sign.: *⁶, A-Z⁴, a-d⁴  // Inicial grabada  // Texto con apostillas marginales  //;;;;;;;;Estoicismo --  //;;Amberes, Bélgica //;;;;;;1  //;;;;;;;;;;;;;;;be;lat;;;Libro;;U/7502(5) //;http://bdh-rd.bne.es/viewer.vm?id=0000044548&page=1 **;http://bdh-rd.bne.es/text.vm?id=0000044548&first=1&last=228 **
bima0000025399;Bury, Guillaume  // Manfrè, Giovanni , fl. ca. 1704-1771 -ed.  //;Tipografia del Seminario (Padua) -imp.  //;;Romanorum Pontificum breuis notitia ... accedit Onomasticon Vocum obscuriorum, quae in Missali, Breviario, Martyrologio Romano, & hac Notitia continentur;;auctore Guilielmo Burio ...;;Ex Typographia Seminarii  Apud Ioannem Manfré;;Patavii;1730;[1] h. de lám., [22], 608, [24] p. , 12º ,;Religión. Teología //;;"Sign.: a¹², A-ZN¹², O¹⁰, P-Z¹², 2A-2C¹², 2D⁸⁻¹  // Portada a dos tintas  // Texto con apostillas marginales  // La hoja de lámina es un grabadado calcográfico de Jesús entregando las llaves a S. Pedro: ""Patauÿ typis seminarÿ""  //";;;;;;;;;;Padua, Italia //;;;;;;2  //;;;;;;;;;;;;;;;it;lat;;;Libro;;U/7591 //;http://bdh-rd.bne.es/viewer.vm?id=0000044620&page=1 **;http://bdh-rd.bne.es/text.vm?id=0000044620&first=1&last=667 **
bima0000078031;;Stamperia Camerale -imp.  // Iglesia Católica Papa (1655-1667: Alejandro VII)  // Iglesia Católica Papa (1676-1689: Inocencio XI)  //;;Tratado del S. VII y vltimo. En que se proponen á V. mercedes, para mejor administrar el Santo Sacramento de la Penitencia à los Soldados, y demas fieles, que opiniones están prohibidas por la Santidad de Alexandro Septimo, y nouissimamente por la de Inocencio Vndecimo N.P.;;;;ex Typographia Reuerendae Camerae Apostolicae;;Romae;1679;P. 167-189 , 4º ,;Religión. Teología //;;Parte del texto en latín  // Título tomado del comienzo del texto  // Datos de impresión tomados del colofón en p. 189  // Sign.: §-3§⁴  //;;;;;;;;Religión --  //;;Roma, Italia //;;;;;;2  //;;;;;;;;;;;;;;;it;spa;;spa // lat //;Libro;;U/10042(26) //;http://bdh-rd.bne.es/viewer.vm?id=0000080026&page=1 **;http://bdh-rd.bne.es/text.vm?id=0000080026&first=1&last=24 **
bima0000102322;Sola, Magino  //;;;Memorial y carta del Padre Magino Sola de la Compañía de Iesus, Procurador general della, por la Provincia de Philipinas, para el señor Don Sabiniano Manrique de Lara, Governador y Capitán general de dichas Islas, &c.;;;;[s.n.];;[México];1652;[11] p. , Fol. ,;Hispanoamérica // Religión. Teología // Cristianismo. Historia eclesiástica //;;"Carece de portada; título y autor tomados del epígrafe  // Texto fechado en México a 15 de septiembre de 1652  // Sign.: A-D², E⁴⁻¹  // Apostillas marginales  //";;;;;;;;Jesuitas -- Misiones -- Filipinas -- Historia--  //;;Manila, Filipinas //;;;;;;26  //;;;;;;;;;;;;;;;mx;spa;;;Libro;;R/33092 //;http://bdh-rd.bne.es/viewer.vm?id=0000081461&page=1 **;http://bdh-rd.bne.es/text.vm?id=0000081461&first=1&last=31 **
bimo0001117087;Lossada y Sada, Fernando de , 1851-1914  //;;;Manual militar de ferro-carriles;;;3ª ed. considerablemente amp. é il. con 208 grab. intercalados en el texto;Libr. de la Viuda de Hernando y Cª  Imp. de la Viuda de Hernando;;Madrid;1895;347 p. , 22 cm ,;;;;;;;;;;;Ferrocarriles militares --  //;;;;;;;;355.691.2  //;;;;;;;;;;;;;;;sp;spa;;;Libro;;DGMICRO/63291 //;http://bdh-rd.bne.es/viewer.vm?id=0000055562&page=1 **;http://bdh-rd.bne.es/text.vm?id=0000055562&first=1&last=372 **
bimo0000923621;Gómez, Valentín , 1843-1907  // González Llana, Félix , 1850-1921  //;;;"El soldado de San Marcial melodrama en cinco actos y en prosa, escrito sobre ""Una causa célebre""";;por Valentín Gómez y Félix G. Llana;;[s.n.]  Est. Tip. de M.P. Montoya y Cª;;[S.l.] , Madrid;1885;67 p. , 19 cm ,;Lingüística. Literatura // Literatura española //;;"""Estrenado con extraordinario éxito en el Teatro de Apolo el 19 de noviembre de 1885""  // En la cubierta: Administración Lírico-Dramática  //";;;;;;;;;;;;;;;;"821.134.2-23""18""  //";;;;;;;;;;;;;;;sp;spa;;;Libro;;T/10146 //;http://bdh-rd.bne.es/viewer.vm?id=0000130240&page=1 **;http://bdh-rd.bne.es/text.vm?id=0000130240&first=1&last=83 **
bimo0001186587;Milego, José Mariano , 1859-1934  //;;;El precio de una corona ensayo dramático en tres actos y en verso;;por José Mariano Milego;;[s.n.]  Imp. de Antonio Reus;;[S.l.] , Alicante;1879;127 p. , 23 cm ,;Lingüística. Literatura // Literatura española //;;;;;;;;;;;;;;;;;;"821.134.2-23""18""  //";;;;;;;;;;;;;;;sp;spa;;;Libro;;T/18938 //;http://bdh-rd.bne.es/viewer.vm?id=0000130330&page=1 **;http://bdh-rd.bne.es/text.vm?id=0000130330&first=1&last=137 **
bima0000048870;Gómez Bueno, Pedro  //;Imprenta de la Casa de la Misericordia (Cádiz) -imp.  //;;Sermon fúnebre predicado en las exequias del Excmo. Sr. D. Federico Gravina ... celebradas en 22 de marzo del año 1806 en la Real Parroquia de Santiago de la ciudad de Cádiz ...;;por D. Pedro Gomez Bueno ...;;impreso en la Casa de Misericordia de dicha ciudad;;[Cádiz];1806;[2], 38 p., [1] en bl. , 4º ,;;;Sign.: [ ]²⁻¹, [1]-5⁴  // Anteportada  //;;;;;;;;Gravina, Federico --  // Sermones para funerales --  //;;Cádiz, España //;;;;;;25  //  929  //;;;;;;;;;;;;;;;sp;spa;;;Libro;;R/60249(28) //;http://bdh-rd.bne.es/viewer.vm?id=0000147850&page=1 **;http://bdh-rd.bne.es/text.vm?id=0000147850&first=1&last=22 **
bimo0001540036;Valdés Dominguez, Eusebio , 1846-1887  //;;;Idea del derecho individual y social estudiado en su naturaleza filosófica, en algunas de sus manifestaciones civilizadoras, y en la organización y supremacía del estado;;por Eusebio Valdés Domínguez;;[s.n.]  Imp. Militar de la V. de Soler y Compañía;;[S.l.] , Habana;1876;364 p. , 23 cm ,;Ciencias sociales // Derecho. Administración pública //;;;;;;;;;;Derecho -- Filosofía --  //;;;;;;;;340.12  //;;;;;;;;;;;;;;;cu;spa;;;Libro;;HA/12113 //;http://bdh-rd.bne.es/viewer.vm?id=0000129175&page=1 **;http://bdh-rd.bne.es/text.vm?id=0000129175&first=1&last=391 **
bimo0001321751;Poirier, Eduardo , n. 1860  //;Congreso Científico 4º , 1908-1909 Santiago de Chile  //;;Chile en 1908;;por Eduardo Poirier;;"[s.n.]  Imp. Litogr. y Enc. ""Barcelona""";;[S.l.] , Santiago de Chile;1909;IX, 453 p., [8] h. de lám., [9] h. pleg. , il. , 27 cm ,;Geografía. Biografías. Historia // Geografía //;;Incluye: Trabajos presentados para la obra Chile en 1908 por las diversas Secciones del 4º Congreso Científico (1º Pan-Americano)  //;;;;;;;;Chile -- Descripción --  //;;;;;;;;(83)  //  908(83)  //;;;;;;;;;;;;;;;cl;spa;;;Libro;;HA/3053 //;http://bdh-rd.bne.es/viewer.vm?id=0000119585&page=1 **;http://bdh-rd.bne.es/text.vm?id=0000119585&first=1&last=820 **
bimo0001321752;Poirier, Eduardo , n. 1860  //;;;Chile en 1910 edición del centenario de la independencia;;por Eduardo Poirier ... obra precedida de un estudio del sen̄or don Marcial Martínez acerca de la Guerra de la Independencia de Chile  y de 20 monografías de las repúblicas americanas (1810-1910) ...;;"[s.n.]  Imp., Litogr. y Enc. ""Barcelona""";;[S.l.] , Santiago de Chile;1910;X, 554 p., [11] h. de lám., [23] h. pleg., [4] h. de mapas , il. , 27 cm ,;Geografía. Biografías. Historia // Historia de América Latina //;;;;;;;;;;Chile -- Historia -- 1810-1824 (Guerra de la Independencia) --  // Chile -- Historia -- 1824-1920 --  //;;;;;;;;"(83)  //  94(83)""1810/24""  //  94(83)""1824/1920""  //";;;;;;;;;;;;;;;cl;spa;;;Libro;;SG/850 //;http://bdh-rd.bne.es/viewer.vm?id=0000007656&page=1 ** http://bdh-rd.bne.es/viewer.vm?id=0000007656&page=487 ** http://bdh-rd.bne.es/viewer.vm?id=0000007656&page=551 ** http://bdh-rd.bne.es/viewer.vm?id=0000007656&page=638 ** http://bdh-rd.bne.es/viewer.vm?id=0000007656&page=962 ** http://bdh-rd.bne.es/viewer.vm?id=0000007656&page=1016 ** http://bdh-rd.bne.es/viewer.vm?id=0000007656&page=1076 ** http://bdh-rd.bne.es/viewer.vm?id=0000007656&page=1100 **;http://bdh-rd.bne.es/text.vm?id=0000007656&first=1&last=486 ** http://bdh-rd.bne.es/text.vm?id=0000007656&first=487&last=550 ** http://bdh-rd.bne.es/text.vm?id=0000007656&first=551&last=637 ** http://bdh-rd.bne.es/text.vm?id=0000007656&first=638&last=961 ** http://bdh-rd.bne.es/text.vm?id=0000007656&first=962&last=1015 ** http://bdh-rd.bne.es/text.vm?id=0000007656&first=1016&last=1075 ** http://bdh-rd.bne.es/text.vm?id=0000007656&first=1076&last=1099 ** http://bdh-rd.bne.es/text.vm?id=0000007656&first=1100&last=1110 **
a4638583;Quintiliano, Marco Fabio  // Pithou, Pierre , 1539-1596 -anot.  //;Officina Hackiana , (fl. 1663-1677) -imp.  //;[Institutio oratoria] //;"M. Fabii Quintiliani Institutionum oratoriarum libri duodecim summa diligentia ad fidem vetustissimorum codicum recogniti ac restituti ; Accesserunt huic renovatae editioni Declamationes";Institutionum oratoriarum libri duodecim  // Declamationes  //;"quae tam ex P. Pithoei, J. C. Clarissimi, quam aliorum bibliothecis & editionibus colligi potuerunt ; Cum Turnebi, Camerari ...";;ex Officina Hackiana;;Lugd. Batav. et Roterodami;1665;[32], 916, [30] p., [2] p. en bl. , 8º ,;Lingüística. Literatura // Literatura //;;La edición completa consta de dos tomos  // Marca tipográfica en la portada  // Sign.: *-2*⁸, A-Z⁸, Aa-Zz⁸, Aaa-Nnn⁸, Ooo²  // Texto con notas al pie de página  // Portada calcográfica alegórica  //;;;;;;;;Oratoria -- Obras anteriores a 1800 --  //;;Leiden, Paises Bajos // Rotterdam, Paises Bajos //;;;;;;82  //;;;;;;;;;;;;;;;ne;lat;;;Libro;;U/7129 //;http://bdh-rd.bne.es/viewer.vm?id=0000010257&page=1 ** http://bdh-rd.bne.es/viewer.vm?id=0000010257&page=538 **;http://bdh-rd.bne.es/text.vm?id=0000010257&first=1&last=537 ** http://bdh-rd.bne.es/text.vm?id=0000010257&first=538&last=991 **
bimo0002388057;Alfieri, Vittorio , 1749-1803  // Cesarotti, Melchiorre , 1730-1808  // Calzabigi, Ranieri de , 1714-1795  // Zirardini, Giuseppe , 1813-1871  //;;[Obra selecta] //;Opere scelte di Vittorio Alfieri cioè la Vita scritta da esso, tutte le tragedie, colle lettere di Calsabigi, di Cesarotti e le riposte dell’ autore, una commedia, le satire, sonetti vari, le odi, sull’ America libera, il Principe e le lettere, ed il Panegirico a Traiano;;publicato per cura di Giuseppe Zirardini;;Baudry, Librería Europea;;Parigi;1847;VII, 730 p. , 1 retr. , 24 cm ,;;;;;;;;;;;;;;;;;;;"821.131.1-21""17""  //";;;;;;;;;;;;;;;fr;ita;;;Libro;;U/6921 //;http://bdh-rd.bne.es/viewer.vm?id=0000096233&page=1 ** http://bdh-rd.bne.es/viewer.vm?id=0000096233&page=237 ** http://bdh-rd.bne.es/viewer.vm?id=0000096233&page=240 ** http://bdh-rd.bne.es/viewer.vm?id=0000096233&page=596 **;http://bdh-rd.bne.es/text.vm?id=0000096233&first=1&last=236 ** http://bdh-rd.bne.es/text.vm?id=0000096233&first=237&last=239 ** http://bdh-rd.bne.es/text.vm?id=0000096233&first=240&last=595 ** http://bdh-rd.bne.es/text.vm?id=0000096233&first=596&last=990 **
bimo0001735700;Salas, Carlos P.  //;;;Demografía, año 1900;;publicada bajo la dirección de Carlos P. Salas;;Dirección General de Estadística, Taller de Publicaciones;;La Plata;1905;X, 91 p. , 28 cm ,;Ciencias sociales // Demografía. Sociología. Estadística //;;Precede al título: Direccion General de Estadística de la Provincia de Buenos Aires  //;;;;;;;;Buenos Aires (Argentina, Provincia) -- Población -- Estadísticas --  //;;;;;;;;314(821.2)  //  (82)  //;;;;;;;;;;;;;;;ag;spa;;;Libro;;HA/27017 //;http://bdh-rd.bne.es/viewer.vm?id=0000121499&page=1 **;http://bdh-rd.bne.es/text.vm?id=0000121499&first=1&last=106 **
bimo0001733940;Costa, Julio A.  //;;;Mensaje del gobernador de la provincia de Buenos Aires D. Julio A. Costa leído en la Asamblea Legislativa el 1º de mayo de 1892;;;;Taller de Publicaciones del Museo;;La Plata;1892;64 p. , 27 cm ,;Hispanoamérica // Ciencias sociales // Derecho. Administración pública //;;;;;;;;;;Buenos Aires (Argentina, Provincia) -- Política y gobierno --  //;;;;;;;;32(821.2)  //  (82)  //  353.2(821.2)  //  34  //;;;;;;;;;;;;;;;ag;spa;;;Libro;;HA/1005 //;http://bdh-rd.bne.es/viewer.vm?id=0000091452&page=1 **;http://bdh-rd.bne.es/text.vm?id=0000091452&first=1&last=79 **
bimo0000849721;Sáenz Díez, Manuel , 1824-1893  //;;;Establecimiento Termal de Ubilla (Merindad de Marquina) aguas termo-bicarbonatadas-nitrogenadas de Urberuaga de Ubilla (Vizcaya), anteiglesia de Jemein : breve reseña del mismo y su instalación, análisis y virtudes medicinales de las aguas;;;;[s.n.]  Estab. Tip. de Enrique Vicente;;[S.l.] , Madrid;1876;48 p. , 21 cm ,;Medicina //;;Autor (p. [5]): Manuel Sáenz Díez  //;;;;;;;;Balneario de Urberuaga de Ubilla --  // Aguas minerales -- Ubilla-Urberuaga --  //;;;;;;;;61  //;;;;;;;;;;;;;;;sp;spa;;;Libro;;VC/2869/30 //;http://bdh-rd.bne.es/viewer.vm?id=0000088192&page=1 **;http://bdh-rd.bne.es/text.vm?id=0000088192&first=1&last=52 **
bimo0001244678;;;;Novisimo Atlas geográfico universal;;;;La Maravilla;;Barcelona;1864;1 atlas (38 p.) , map. grab. , 27 cm ,;Geografía. Biografías. Historia // Atlas // Atlas geográficos //;Mapas y planos incluidos: [1. Esfera armilar. 1864. 2. Mundo. Mapas generales. 1864. 3. Europa. Mapas generales. 1864. 4. Asia. Mapas generales. 1864. 5. África. Mapas generales. 1864. 6. América del Sur. Mapas generales. 1864. 7. América del Norte. Mapas generales. 1864. 8. Oceanía. Mapas generales. 1864. 9. España. Mapas generales. 1864. 10. Francia. Mapas generales. 1864. 11. Italia. Mapas generales. 1864. 12. Británics (Islas). Mapas generales. 1864. 13. Europa. Central. Mapas generales. 1864. 14. Escandinavia. Mapas generales. 1864. 15. Rusia. Mapas generales. 1864. 16. Turquía. Mapas generales. 1864. 17. Estados Unidos. Mapas generales. 1864. 18. Antillas (Islas). Mapas generales. 1864.]// Mapas y planos incluidos: [1. Esfera armilar. 1864. 2. Mundo. Mapas generales. 1864. 3. Europa. Mapas generales. 1864. 4. Asia. Mapas generales. 1864. 5. África. Mapas generales. 1864. 6. América del Sur. Mapas generales. 1864. 7. América del Norte. Mapas generales. 1864. 8. Oceanía. Mapas generales. 1864. 9. España. Mapas generales. 1864. 10. Francia. Mapas generales. 1864. 11. Italia. Mapas generales. 1864. 12. Británics (Islas). Mapas generales. 1864. 13. Europa. Central. Mapas generales. 1864. 14. Escandinavia. Mapas generales. 1864. 15. Rusia. Mapas generales. 1864. 16. Turquía. Mapas generales. 1864. 17. Estados Unidos. Mapas generales. 1864. 18. Antillas (Islas). Mapas generales. 1864.]//;;;;;;;;;Atlas --  //;;;;;;;;912(100)  //;;;;;;;;;;;;;;;sp;spa;;;Libro;;GMM/2947 //;http://bdh-rd.bne.es/viewer.vm?id=0000001542 **
bimo0001405240;Sáenz Díez, Manuel , 1824-1893  //;;;Acción del ácido permangánico sobre diversas sustancias;;por D. Manuel Sáenz Díez;;[s.n.]  Imp. y Lib. de D. Eusebio Aguado;;[S.l.] , Madrid;1867;14 p. , 21 cm ,;Química //;;Separata de: Revista de los progresos de las Ciencias, t. 17  //;;;;;;;;Ácido permangánico --  //;;;;;;;;54  //;;;;;;;;;;;;;;;sp;spa;;;Libro;;VC/420/6 //;http://bdh-rd.bne.es/viewer.vm?id=0000048224&page=1 **;http://bdh-rd.bne.es/text.vm?id=0000048224&first=1&last=16 **
bimo0001141106;Maquet, Auguste , 1812-1888  //;;;La casa del bañero;;por Augusto Maquet;;[s.n.]  Imp. de José A. Godoy;;[S.l.] , México;1856 - 1857;4 v. , 20 cm ,;;;;;;;;;;;;;;;;;;;"821.133.1-31""18""  //";;;;;;;;;;;;;;;mx;spa;;;Libro;;HA/833 // HA/834 // HA/835 // HA/836 //;http://bdh-rd.bne.es/viewer.vm?id=0000100056&page=1 ** http://bdh-rd.bne.es/viewer.vm?id=0000100056&page=250 ** http://bdh-rd.bne.es/viewer.vm?id=0000100056&page=545 ** http://bdh-rd.bne.es/viewer.vm?id=0000100056&page=842 **;http://bdh-rd.bne.es/text.vm?id=0000100056&first=1&last=249 ** http://bdh-rd.bne.es/text.vm?id=0000100056&first=250&last=544 ** http://bdh-rd.bne.es/text.vm?id=0000100056&first=545&last=841 ** http://bdh-rd.bne.es/text.vm?id=0000100056&first=842&last=1116 **
bima0000012917;Maldonado, Fulgencio  // Rodríguez Gamarra, Alonso , fl. 1604-1622 -imp.  //;;;Sermon que predico el p. maestro fray Fulgencio de los Angeles, de la Orden de San Agustin, en la Santa Yglesia Mayor de Seuilla, tercero Domingo de Aduiento, del año de 1616;;;;por Alonso Rodriguez Gamarra;;Impresso en Seuilla;1617;13, [1] h. , 4º ,;;;"Sign.: A¹⁴  // Texto con apostillas marginales  // Iniciales grabadas  // Grabado xilográfico en portada representando un corazón con el lema: ""Amor de Dios""  //";;;;;;;;;Sermones --  //;Sevilla, España //;;;;;;2  //;;;;;;;;;;;;;;;sp;spa;;;Libro;;VE/1361/3 // VE/1361/3 //;http://bdh-rd.bne.es/viewer.vm?id=0000114889&page=1 **;http://bdh-rd.bne.es/text.vm?id=0000114889&first=1&last=29 **
bima0000026046;Miranda, Francisco de (S.I.) , fl. 1719  // García de Honorato, Eugenio -imp.  //;;;El rey angel sermon funebre que en las honras que el dia quinze de noviembre de el año 1724 dedicó la universidad de Salamanca a la piadosa memoria de el rey ... Luis Primero rey de España;;"dixo el Rmo. P.M. Francisco de Miranda de la Compañia de Jesus ... ; sacase a luz de orden de la universidad";;en la imprenta de Eugenio García de Honorato ...;;En Salamanca;1724;36 p. , 4º ,;;;Sign.: [ ]²⁻¹, A-D⁴, E²  // Portada con orla tipográfica  // Inicial grabada y apostillas marginales  //;Aguilar Piñal. Bib. S.XVIII v. 5, n. 5026  //;;;;;;;Luis -- I, -- Rey de España -- Exequias --  // Sermones para funerales --  //;;Salamanca, España //;;;;;;82-5  //;;;;;;;;;;;;;;;sp;spa;;;Libro;;2/64795(6) //;http://bdh-rd.bne.es/viewer.vm?id=0000108543&page=1 **;http://bdh-rd.bne.es/text.vm?id=0000108543&first=1&last=20 **
bima0000046360;Garcés, Antonio (O.P.) , 1701-1773  // Fort, José -imp.  //;;;Sumario, y diario de las indulgencias de la Cofradía del Rosario de Maria Santissima concedidas por los sumos pontifices ...;;"por ... Fr. Antonio Garcès, de la Orden de Predicadores ... ; lo saca a luz a su costa un Devoto ...";;por Joseph Fort;;En Zaragoza;1760;267, [1] p. , 16º ,;;;Sign.: A-H¹⁶, I⁶  //;Aguilar Piñal. Bib. S. XVIII v. 4, 402  //;;;;;;;Cofradía del Rosario --  //;;Zaragoza, España //;;;;;;26  //;;;;;;;;;;;;;;;sp;spa;;;Libro;;3/62262(1) //;http://bdh-rd.bne.es/viewer.vm?id=0000101157&page=1 **;http://bdh-rd.bne.es/text.vm?id=0000101157&first=1&last=134 **
bima0000055223;Ignacio de San Bernardino  //;;;Funebre parentacion luctuosa, leal epicudio panegyrico, que en las lugubres exequias del Ilmo. y Rmo. Señor D. Fr. Plácido Baglés Padilla Arce y Rocas, de el órden de N. P.S. Agustin y Obispo de Huesca y Plasencia;;"dixo en el gravisimo convento de S. Ildephonso de dicha ciudad placentina el P. Fr. Ignacio de S. Bernardino ... ; sacale a luz Don Juan Baptista Zubiaur ...";;[s.n.];;[S.l.];1748;[2], 33, [1] p. , 4 ,;;;Sign.: A-D⁴, E²  // Texto con apostillas marginales  //;Aguilar Piñal. Bib. S.XVIII v. 4, 3642  //;;;;;;;Exequias --  //;;;;;;;;25  //;;;;;;;;;;;;;;;xx;spa;;;Libro;;3/37869 //;http://bdh-rd.bne.es/viewer.vm?id=0000039088&page=1 **;http://bdh-rd.bne.es/text.vm?id=0000039088&first=1&last=43 **
bima0000095214;Ros, Carlos , 1703-1773  // Cabrera, Vicente, Herederos de -imp.  // Torres, Tomás -ed.  //;;;Practica de orthographia, para los dos idiomas castellano, y valenciano;;escrita por Carlos Ros ...;;por el Heredero de Vicente Cabrera  vendese en casa Thomàs Torres, librero;;En Valencia;1732;[34], 78 p. , 8º ,;Lingüística. Literatura // Lengua española // Tavera //;;Portada con orla tipográfica  //;Aguilar Piñal. Bib. S.XVIII v. 7, 2085  //;;;;;;;Lengua española -- Ortografía --  // Lengua valenciana -- Ortografía --  //;;Valencia, España //;;;;;;811.134.2  //;;;;;;;;;;;;;;;sp;spa;;;Libro;;2/29692 // 2/29692 //;http://bdh-rd.bne.es/viewer.vm?id=0000057661&page=1 **;http://bdh-rd.bne.es/text.vm?id=0000057661&first=1&last=111 **
bimo0000638953;Balaguer, Víctor , 1824-1901  //;;[Teatro] //;Nuevas tragedias;;Víctor Balaguer;;Librería de A. de San Martín;;Madrid;1896?;247 p. , 19 cm ,;Lingüística. Literatura // Literatura española //;"El Conde de Foix ; Rayo de luna ; El guante del degollado ; Los esponsales de la muerta// El Conde de Foix ; Rayo de luna ; El guante del degollado ; Los esponsales de la muerta//";;;;;;;;;;;;;;;;;"821.134.2-23""18""  //";;;;;;;;;;;;;;;sp;spa;;;Libro;;T/8976 //;http://bdh-rd.bne.es/viewer.vm?id=0000103741&page=1 **;http://bdh-rd.bne.es/text.vm?id=0000103741&first=1&last=271 **
bimo0000680622;Cané, Miguel , 1851-1905  //;;;Charlas literarias;;Miguel Cané;;[s.n.]  Imp. de Charaire e hijo;;[S.l.] , Sceaux;1885;329 p. , 19 cm ,;Lingüística. Literatura // Literatura //;;;;;;;;;;Literatura -- Historia y crítica --  //;;;;;;;;82.09  //;;;;;;;;;;;;;;;fr;spa;;;Libro;;7/18301 //;http://bdh-rd.bne.es/viewer.vm?id=0000060605&page=1 **;http://bdh-rd.bne.es/text.vm?id=0000060605&first=1&last=351 **
bimo0000793809;Olona, Luis , 1823-1863  //;;;Las dos carteras drama cómico en un acto;;traducido del francés por Luis Olona;;Círculo Literario Comercial;;[Madrid];1851;30 p. , 21 cm ,;Lingüística. Literatura // Literatura // La España dramática, n. 131 //;;"""Representado en el Teatro del Drama, el 24 de diciembre de 1850""  //";;;;;;;;;;;;;;;;"821.133.1-22""18""  //";;;;;;;;;;;;;;;sp;spa;fre;spa //;Libro;;VC/16773/5 //;http://bdh-rd.bne.es/viewer.vm?id=0000113220&page=1 **;http://bdh-rd.bne.es/text.vm?id=0000113220&first=1&last=36 **
bimo0000803280;Echegaray, José , 1832-1916  //;;;La duda drama en tres actos y en prosa;;original de José Echegaray;3ª ed;[s.n.]  Tip. Yagües;;[S.l.] , Madrid;1922;88 p. , 21 cm ,;Lingüística. Literatura // Literatura española // Colección de Obras Dramáticas y Líricas //;;;;;;;;;;;;;;;;;;"821.134.2-23""18""  //";;;;;;;;;;;;;;;sp;spa;;;Libro;;T/46251 //;http://bdh-rd.bne.es/viewer.vm?id=0000103543&page=1 **;http://bdh-rd.bne.es/text.vm?id=0000103543&first=1&last=100 **
bimo0000803365;Echegaray, José , 1832-1916  //;;;La realidad y el delirio drama en tres actos y en prosa;;por José Echegaray;;Florencio Fiscowich;;Madrid;1887;90 p. , 20 cm ,;Lingüística. Literatura // Literatura española // El Teatro //;;;;;;;;;;;;;;;;;;"821.134.2-23""18""  //";;;;;;;;;;;;;;;sp;spa;;;Libro;;T/12980 //;http://bdh-rd.bne.es/viewer.vm?id=0000103163&page=1 **;http://bdh-rd.bne.es/text.vm?id=0000103163&first=1&last=107 **
bimo0000821412;;Escuela de Medicina (México)  //;;[Programa de los actos públicos de la Escuela de Medicina de México, que se van a celebrar los días 22, 23 y 24 de noviembre de 1852];;;;[s.n.]  Imp. de M. Murguía y Cía.;;[S.l.] , [México, D.F.];1852;8 p. , 21 cm ,;Medicina. Farmacia //;;;;;;;;;;Escuela Nacional de Medicina (México) --  //;;;;;;;;378.4(725.2 M.).096:61  //;;;;;;;;;;;;;;;mx;spa;;;Libro;;VC/12366/2 //;http://bdh-rd.bne.es/viewer.vm?id=0000038443&page=1 **;http://bdh-rd.bne.es/text.vm?id=0000038443&first=1&last=12 **
bimo0000844218;Fages de Romá, Narciso , 1813-1884  //;;;Aforismos rurales conformes con las reglas dadas por los más clásicos agrónomos antiguos y modernos, nacionales y extrangeros [sic.] y con las observaciones y prácticas de los mejores cultivadores;;por Narciso Fages de Romá;;[s.n.]  Imp. de Gregorio Matas de Bodallés;;[S.l.] , Figueras;1849;XVI, 158 p. , 17 cm ,;Ciencias aplicadas. Tecnología // Agricultura. Selvicultura. Ganaderia. Caza. Pesca //;;;;;;;;;;Agricultura -- Máximas y aforismos --  //;;;;;;;;"63(089.3)  //  821.134.2-15""18""  //";;;;;;;;;;;;;;;sp;spa;;;Libro;;1/99950 //;http://bdh-rd.bne.es/viewer.vm?id=0000115370&page=1 **;http://bdh-rd.bne.es/text.vm?id=0000115370&first=1&last=189 **
bimo0000897308;Galofre, José , 1819-1877  //;;;La gramática parda drama en cinco actos, en prosa;;por José Galofre;;Librería de Durán;;Madrid;1868;89 p. , 18 cm ,;Lingüística. Literatura // Literatura española //;;;;;;;;;;;;;;;;;;"821.134.2-23""18""  //";;;;;;;;;;;;;;;sp;spa;;;Libro;;T/10473 //;http://bdh-rd.bne.es/viewer.vm?id=0000108677&page=1 **;http://bdh-rd.bne.es/text.vm?id=0000108677&first=1&last=105 **
bimo0000902571;García López, Anastasio , 1823-1897  //;;;El indispensable para los bañistas de Ledesma;;por el Dr. Anastasio García López;2ª ed.;Imp. y Librería de Sebastián Cerezo;;Salamanca;1873;19 p. , 18 cm ,;Medicina. Farmacia //;;;;;;;;;;Balneario de Ledesma --  // Aguas minerales -- Ledesma --  //;;;;;;;;61  //;;;;;;;;;;;;;;;sp;spa;;;Libro;;9/189290 //;http://bdh-rd.bne.es/viewer.vm?id=0000115667&page=1 **;http://bdh-rd.bne.es/text.vm?id=0000115667&first=1&last=23 **
bimo0000972440;Gutiérrez de Alba, José María , 1822-1897  //;;;La estrella de Iberia loa que ha de representarse en celebración del feliz alumbramiento de la S.M. La Reina Doña Isabel II;;su autor, José María Gutiérrez de Alba;;Librería y Litografía de Don Carlos Santigosa;;Sevilla;1851;16 p. , 20 cm ,;Lingüística. Literatura // Literatura española //;;;;;;;;;;;;;;;;;;"821.134.2-22""18""  //";;;;;;;;;;;;;;;sp;spa;;;Libro;;T/23229 //;http://bdh-rd.bne.es/viewer.vm?id=0000109726&page=1 **;http://bdh-rd.bne.es/text.vm?id=0000109726&first=1&last=16 **
