idBNE;Autor Personas;Autor Entidades;Título uniforme;Título;Otros Títulos;Información asociada al título;Edición;Editorial;Editor musical;Lugar de publicación;Fecha de publicación;Descripción física;Serie;Contenido;Descripción y notas;Citas o referencias;transcripciones de interés;Procedencia;Intérpretes;Resumen;Premios;Periodicidad;Tema;Género/Forma;Lugar relacionado;Forma de la composición sonora;Forma de la composición notada;tipo material cartográfico;Proyección del mapa;Escala del mapa;CDU;Otra clasificación;id registros relacionados;información asociada a registros relacionados;id otras ediciones;información asociada a otras ediciones;id título anterior;información asociada a título anterior;id título posterior;información asociada a título posterior;ISBN;ISSN;Depósito Legal;Otros Números Normalizados;Número Bibliografía Nacional;País de publicación;Lengua de publicación;Lengua original;otras lenguas;Tipo de documento;Condiciones de uso;signatura;version_digital;texto_OCR
bimo0001731732;Castro, Ramón B. de  //;Exposition Universelle , 1867 Paris  //;;Memoria presentada a la comisión provincial de Puerto Rico;;por el licenciado Ramón B. de Castro;;[s.n.]  Imp. de Acosta;;[S.l.] , Puerto Rico;1868;368 p. , 26 cm ,;Hispanoamérica // Ciencia y cultura en general // Instituciones científicas. Exposiciones. Museos //;;Precede al título: Exposición Universal de París en 1867  //;;;;;;;;Exposition Universelle --  //;;;;;;;;"069.9(443.611)""1867""  //  061.41(443.61 P.)""1867""  //";;;;;;;;;;;;;;;pr;spa;;;Libro;;HA/11380 //;http://bdh-rd.bne.es/viewer.vm?id=0000044752&page=1 **;http://bdh-rd.bne.es/text.vm?id=0000044752&first=1&last=377 **
bimo0001731836;;;;Causas y efectos de la última revolución de Megico [sic];;;;[s.n.]  Imp. de la Lima;;[S.l.];1841;32 p. , 19 cm ,;Hispanoamérica // Geografía. Biografías. Historia // Historia de América Latina //;;;;;;;;;;México -- Historia -- 1821-1861 --  //;;;;;;;;"(72)  //  94(72)""1821/61""  //";;;;;;;;;;;;;;;mx;spa;;;Libro;;HA/33280 //;http://bdh-rd.bne.es/viewer.vm?id=0000045843&page=1 **;http://bdh-rd.bne.es/text.vm?id=0000045843&first=1&last=32 **
bimo0001731946;;;;Centenario del jeneral [sic] don Jose Ignacio Zenteno (1786-1886) documentos historicos i articulos de la prensa publicados con ocasion de este centenario;Centenario del general don José Ignacio Zenteno  //;;;"[s.n.]  Estab. tip. de ""La Época""";;[S.l.] , Santiago de Chile;1886;140 p. , 27 cm ,;Hispanoamérica // Geografía. Biografías. Historia // Biografías. Heráldica. Genealogía //;;;;;;;;;;Zenteno, José Ignacio --  //;;;;;;;;929 Centeno, José Ignacio  //;;;;;;;;;;;;;;;cl;spa;;;Libro;;HA/602 //;http://bdh-rd.bne.es/viewer.vm?id=0000069484&page=1 **;http://bdh-rd.bne.es/text.vm?id=0000069484&first=1&last=151 **
bimo0001732042;Cerruti, Ernesto  //;;;Mediación de España en la cuestión italo-colombina defensa en derecho presentada por Ernesto Cerruti a S. E. el Ministro de S. M. el Rey de Italia en Madrid, contestación al escrito de acusación presentado a la potencia-mediadora por el señor Comisario colombiano;;;;[s.n.]  Imp. de Enrique Rubiños;;[S.l.] , Madrid;1887;82 p. , 27 cm ,;Hispanoamérica // Ciencias sociales // Derecho. Administración pública //;;;;;;;;;;Cerruti, Ernesto -- Reclamaciones --  // Italia -- Reclamaciones contra -- Colombia --  //;;;;;;;;341.388  //  (861)  //;;;;;;;;;;;;;;;sp;spa;;;Libro;;HA/15694 //;http://bdh-rd.bne.es/viewer.vm?id=0000097839&page=1 **;http://bdh-rd.bne.es/text.vm?id=0000097839&first=1&last=91 **
bimo0001732209;;;;Circular de la Comisión Nacional de Escuelas a los directores de la educación común ideas prácticas sobre la enseñanza : planos de edificios y catálogos de textos y del material de escuelas;;;;[s.n.]  Imp. de la Sociedad Anónima;;[S.l.] , Buenos Aires;1873;192 p., 6 h. pleg. de lám. , 27 cm ,;Hispanoamérica // Bellas artes // Arquitectura. Urbanismo // Ciencias sociales // Educación. Enseñanza //;;;;;;;;;;Edificios para la enseñanza --  // Enseñanza pública -- Argentina --  //;;;;;;;;727.112  //  37.057(82)  //  71  //;;;;;;;;;;;;;;;ag;spa;;;Libro;;HA/621 //;http://bdh-rd.bne.es/viewer.vm?id=0000069687&page=1 **;http://bdh-rd.bne.es/text.vm?id=0000069687&first=1&last=221 **
bimo0001732487;;;;Ang cofrades nga sacop sa mahal nga Vírgen sa Calipay ug sa Correa ni San Agustín;;hinusay ug hinuad sa vinisaya ni P. Fr. Fernando Sanchez;;[s.n.]  Imp. del Colegio de Santo Tomás;;[S.l.] , Manila;1871;115 p., [1] h. de lám. , 16 cm ,;Religión. Teología // Teología //;;;;;;;;;;Cofradia de Nuestra Señora de la Consolación y Correa de San Agustín --  // Virgen de la Correa -- Novenas --  // Lengua cebuana -- Textos --  //;;;;;;;;(599)  //  27-312.47 Virgen de la Correa  //  27-312.47-534.3  //  811.621.215.352.1:801.82  //  243  //  255  //;;;;;;;;;;;;;;;ph;phi;;;Libro;;HA/15621 //;http://bdh-rd.bne.es/viewer.vm?id=0000091633&page=1 **;http://bdh-rd.bne.es/text.vm?id=0000091633&first=1&last=127 **
bimo0001732511;;Chile  //;[[Tratados, etc.]] //;Colección de tratados celebrados por la República de Chile con los estados extranjeros;;;;[s.n.]  Imp. Nacional;;[S.l.] , Santiago [Chile];1857;204 p. , 24 cm ,;Hispanoamérica // Ciencias sociales // Derecho. Administración pública //;;;;;;;;;;Tratados internacionales -- Chile --  //;;;;;;;;341.24(83)(094.2)  //;;;;;;;;;;;;;;;cl;spa;;;Libro;;HA/9515 //;http://bdh-rd.bne.es/viewer.vm?id=0000120216&page=1 **;http://bdh-rd.bne.es/text.vm?id=0000120216&first=1&last=217 **
bimo0001732516;;Colombia  //;[Tratados, etc.] //;Colección de tratados públicos, convenciones y declaraciones diplomáticas de los Estados Unidos de Colombia;;;;[s.n.]  Imp. de Echeverría Hermanos;;[S.l.] , Bogotá;1866;378 p. , 25 cm ,;Hispanoamérica // Ciencias sociales // Derecho. Administración pública // Política //;;;;;;;;;;Tratados internacionales -- Colombia --  //;;;;;;;;"341.24(861)""18""(094.2)  //  32  //";;;;;;;;;;;;;;;ck;spa;;;Libro;;HA/361 //;http://bdh-rd.bne.es/viewer.vm?id=0000046043&page=1 **;http://bdh-rd.bne.es/text.vm?id=0000046043&first=1&last=393 **
bimo0001732776;Colton, Walter  //;;;Three years in California;;by Rev. Walter Colton;;Published by A. S. Barnes and Co.;;New York;1851;456 p., [12] h. de lám., [1] h. pleg. , 20 cm ,;Hispanoamérica // Geografía. Biografías. Historia // Historia de distintos países //;;;;;;;;;;Colton, Walter --  // California -- Historia -- 1846-1850 -- Relatos personales --  // California -- Descripción --  //;;;;;;;;"(794)  //  913(794)""18""  //  929 Colton, Walter  //  94(794)""1846/50""(093.3)  //";;;;;;;;;;;;;;;xx;eng;;;Libro;;HA/8979 //;http://bdh-rd.bne.es/viewer.vm?id=0000014713&page=1 ** http://bdh-rd.bne.es/viewer.vm?id=0000014713&page=248 **;http://bdh-rd.bne.es/text.vm?id=0000014713&first=1&last=247 ** http://bdh-rd.bne.es/text.vm?id=0000014713&first=248&last=507 **
bimo0001732871;;México Ministerio de Relaciones Exteriores, Gobernación y Policía  //;;Comunicaciones relativas a la agregación del Departamento de Tejas a los Estados Unidos del Norte, que ha pasado el supremo Gobierno de la República a la Cámara de Diputados e iniciativas, que ha hecho con motivo de la misma agregación;;;;[s.n.]  Papel Mexicano;;[S.l.] , México;1845;30 p. , 22 cm ,;Hispanoamérica // Ciencias sociales // Política //;;Suplemento al n. 19 del sábado 19 del corriente de la Unión Nacional  //;;;;;;;;México -- Relaciones -- Texas --  // Texas -- Relaciones -- México --  //;;;;;;;;"327(72:764)""18""  //  327(764:72)""18""  //  (72)  //";;;;;;;;;;;;;;;mx;spa;;;Libro;;HA/43685 //;http://bdh-rd.bne.es/viewer.vm?id=0000046983&page=1 **;http://bdh-rd.bne.es/text.vm?id=0000046983&first=1&last=32 **
bimo0001733072;;Conferencia Internacional Americana 2ª , 1901-1902 México  //;;Informe que la Delegación de la República Argentina presenta a la Segunda Conferencia Pan-Americana;;;;[s.n.]  Tip. de la Oficina Impresora de Estampillas;;[S.l.] , México;1901;95 p. , 33 cm ,;Geografía. Biografías. Historia // Historia de América Latina //;;Texto en inglés y español  //;;;;;;;;Argentina -- Política exterior -- 1860-1910 --  //;;;;;;;;"32(82)""1860/1910""  //  94(82)""1860/1910""  //";;;;;;;;;;;;;;;mx;eng;;eng // spa //;Libro;;HA/1957 //;http://bdh-rd.bne.es/viewer.vm?id=0000052265&page=1 **;http://bdh-rd.bne.es/text.vm?id=0000052265&first=1&last=107 **
bimo0001733155;;Congreso Internacional de Americanistas 2º , 1877 Luxemburgo  //;;Congrès International des Américanistes compte-rendu de la seconde session, Luxembourg, 1877;;;;"Victor Buck ;  Maisonneuve et Cie.";;LuxembourgParis;1878;2 v. , il. , 23 cm ,;;;;;;;;;;;Indios de América -- Congresos y asambleas --  // América -- Civilización -- Congresos y asambleas --  //;;;;;;;;930.85(7/8)(063)  //  930.85(=81/=87)(063)  //;;;;;;;;;;;;;;;lu;fre;;;Libro;;HA/15414 // HA/15415 //;http://bdh-rd.bne.es/viewer.vm?id=0000023321&page=1 ** http://bdh-rd.bne.es/viewer.vm?id=0000023321&page=568 **;http://bdh-rd.bne.es/text.vm?id=0000023321&first=1&last=567 ** http://bdh-rd.bne.es/text.vm?id=0000023321&first=568&last=1101 **
bimo0001733405;Un Magistrado Mexicano  //;;;Consulta a los sabios sobre la aprocsimación de la segunda venida de Nuestro Señor Jesucristo;;por Un Magistrado Mexicano;;[s.n.]  Imp. del Estado de México, a cargo del ciudadano Juan Matute;;Toluca;1835;239 p. , 21 cm ,;Religión. Teología // Teología //;;;;;;;;;;Jesucristo -- Segunda venida --  //;;;;;;;;236.93  //;;;;;;;;;;;;;;;mx;spa;;;Libro;;HA/819 //;http://bdh-rd.bne.es/viewer.vm?id=0000083627&page=1 **;http://bdh-rd.bne.es/text.vm?id=0000083627&first=1&last=253 **
bimo0001733425;Couto de Magalhães, José Vieira , 1837-1898  // Allain, Emilio  //;;;Contes indiens du Brésil;;recueillis par M. le Général Couto de Magalhães, et traduits par Émile Allain;;Typ. e Lithographia Lombaerts e Cie;;Rio de Janeiro;1882;VI, 70 p. , 19 cm ,;Hispanoamérica // Ciencias sociales // Etnología. Folclore //;;;;;;;;;;Indios de Brasil -- Folklore --  // Cuentos populares -- Brasil --  //;;;;;;;;(81)  //  398.2(=87:81)  //;;;;;;;;;;;;;;;bl;fre;;;Libro;;HA/11868 //;http://bdh-rd.bne.es/viewer.vm?id=0000091720&page=1 **;http://bdh-rd.bne.es/text.vm?id=0000091720&first=1&last=91 **
bimo0001733430;;;;Contestación a la nota dirigida por la Junta de Colonización e Industria a la de Industria de esta capital;;;;[s.n.]  Imp. de Atenógenes Castillero;;[S.l.] , Puebla;1848;15 p. , 20 cm ,;Hispanoamérica // Ciencias sociales // Economía //;;;;;;;;;;México -- Política agraria -- S.XIX --  // México -- Política industrial --  //;;;;;;;;"338.43.02(72)""18""  //  338.45.02(72)""18""  //";;;;;;;;;;;;;;;mx;spa;;;Libro;;HA/31437 //;http://bdh-rd.bne.es/viewer.vm?id=0000045630&page=1 **;http://bdh-rd.bne.es/text.vm?id=0000045630&first=1&last=20 **
bimo0001733746;;;;Correspondencia entre el Gobierno de Venezuela y el Gobierno de S. M. B. sobre las cuestiones de límites, derecho adicional de 30 por ciento, tratado de comercio y reclamaciones pecuniarias dividida en tres partes;;;;[s.n.]  Imp. y Litogr. del Gobierno Nacional;;[S.l.] , Caracas;1887;28, 100, 61 p., [2] h. de mapas , 31 cm ,;Hispanoamérica // Ciencias sociales // Política //;;;;;;;;;;Venezuela -- Relaciones -- Gran Bretaña --  // Gran Bretaña -- Relaciones -- Venezuela --  // Venezuela -- Fronteras -- Guyana --  // Guyana -- Fronteras -- Venezuela --  //;;;;;;;;327(410:87)  //  327(87:410)  //  341.222(87:881)  //  341.222(881:87)  //  (87)  //;;;;;;;;;;;;;;;ve;spa;;;Libro;;HA/11648 //;http://bdh-rd.bne.es/viewer.vm?id=0000045001&page=1 **;http://bdh-rd.bne.es/text.vm?id=0000045001&first=1&last=209 **
bimo0001734154;;;;Historia natural de los fantasmas cuentos misteriosos , leyendas;Crónicas de aparecidos  // Subtítulo de la portada adicional Santa Fe supersticiosa, crédula y legendaria  //;;;Ed. Colombia;;Bogotá;1926;155 p. , 17 cm ,;Lingüística. Literatura // Literatura hispanoamericana // Ediciones Colombia, 18 //;;;;;;;;;;;;;;;;;;"(861)  //  821.134.2(861)-34""18""  //";;;;;;;;;;;;;;;ck;spa;;;Libro;;HA/5450 //;http://bdh-rd.bne.es/viewer.vm?id=0000083425&page=1 **;http://bdh-rd.bne.es/text.vm?id=0000083425&first=1&last=185 **
bimo0001734177;H. D.  //;;;Cronología de la historia patria;;por H. D.;;A. Barreiro y Ramos, Editor;;Montevideo;1913;176 p., [7] h. de lám. col. , il., mapas , 18 cm ,;;;;;;;;;;;Uruguay -- Historia -- Cronología --  //;;;;;;;;(899)  //  94(899)(059.3)  //;;;;;;;;;;;;;;;uy;spa;;;Libro;;HA/6776 //;http://bdh-rd.bne.es/viewer.vm?id=0000144545&page=1 **;http://bdh-rd.bne.es/text.vm?id=0000144545&first=1&last=197 **
bimo0001734397;;Ejército Restaurador de la Libertad (México)  //;;Cuentas de la comisaría y subcomisaría del del Ejército restaurador de la libertad que manifiestan los ingresos y egresos que han tenido, en las fechas que mencionan;;;;[s.n.]  Imp. de Vicente García Torres;;[S.l.] , México;1856;31 p. , 26 cm ,;Hispanoamérica // Ciencias sociales // Derecho. Administración pública //;;;;;;;;;;Fuerzas armadas -- Presupuestos -- México --  //;;;;;;;;355.6(72)  //  34  //;;;;;;;;;;;;;;;mx;spa;;;Libro;;HA/43660 //;http://bdh-rd.bne.es/viewer.vm?id=0000046981&page=1 **;http://bdh-rd.bne.es/text.vm?id=0000046981&first=1&last=32 **
bimo0001734461;Cuervo, Ángel , 1838-1896  // Cuervo, Rufino José , 1844-1911  //;;;Vida de Rufino Cuervo y noticias de su época;;por Ángel Cuervo y Rufino José Cuervo;;A. Roger y F. Chernoviz;;Paris;1892;2 v., (X, 506, 576 p.) , 25 cm ,;Hispanoamérica // Geografía. Biografías. Historia // Biografías. Heráldica. Genealogía //;;;;;;;;;;Cuervo, Rufino --  // Colombia -- Historia -- 1832-1886 --  //;;;;;;;;"(861)  //  929 Cuervo, Rufino  //  94(861)""1832/86""  //";;;;;;;;;;;;;;;fr;spa;;;Libro;;HA/364 // HA/365 //;http://bdh-rd.bne.es/viewer.vm?id=0000048840&page=1 ** http://bdh-rd.bne.es/viewer.vm?id=0000048840&page=536 **;http://bdh-rd.bne.es/text.vm?id=0000048840&first=1&last=535 ** http://bdh-rd.bne.es/text.vm?id=0000048840&first=536&last=1130 **
bimo0001734462;Cuervo, Ángel , 1838-1896  //;;;Cómo se evapora un ejército recuerdos personales de la campaña que concluyó el 18 de julio de 1861 con la toma de Bogotá por los revolucionarios;;Ángel Cuervo;;[s.n.]  Imp. de Durand;;París , Chartres;1900;LXIIX, 323 p., 1 h. de lám. , 1 retr. , 18 cm ,;Hispanoamérica //;;;;;;;;;;Cuervo, Ángel --  // Colombia -- Historia -- 1860-1862 (Guerra civil) -- Relatos personales --  //;;;;;;;;"(861)  //  929 Cuervo, Ángel  //  94(861)""1860/62""(093.3)  //  271.5(861)""18""  //";;;;;;;;;;;;;;;fr;spa;;;Libro;;HA/1357 //;http://bdh-rd.bne.es/viewer.vm?id=0000098295&page=1 **;http://bdh-rd.bne.es/text.vm?id=0000098295&first=1&last=413 **
bimo0001734511;Cuestas, Juan Lindolfo  //;;;Páginas sueltas;;Juan L. Cuestas;;Dornaleche y Reyes;;Montevideo;1897 - 1901;3 v. , 19 cm ,;Hispanoamérica // Geografía. Biografías. Historia // Historia de distintos países //;;;;;;;;;;Historia universal -- Misceláneas --  // América Latina -- Misceláneas --  //;;;;;;;;94(100)(089.3)  //  94(8=134.2)(089.3)  //;;;;;;;;;;;;;;;uy;spa;;;Libro;;HA/5138 // HA/5139 // HA/5140 //;http://bdh-rd.bne.es/viewer.vm?id=0000048877&page=1 ** http://bdh-rd.bne.es/viewer.vm?id=0000048877&page=450 ** http://bdh-rd.bne.es/viewer.vm?id=0000048877&page=919 **;http://bdh-rd.bne.es/text.vm?id=0000048877&first=1&last=449 ** http://bdh-rd.bne.es/text.vm?id=0000048877&first=450&last=918 ** http://bdh-rd.bne.es/text.vm?id=0000048877&first=919&last=1353 **
bimo0001734523;;;;Una cuestión vergonzosa sobre la junta patriótica;;;;[s.n.]  Manuel F. Redondas, impresor;;[S.l.] , México;1851;15 p. , 20 cm ,;Hispanoamérica // Geografía. Biografías. Historia // Historia de América Latina //;;;;;;;;;;México -- Historia -- 1821-1861 --  //;;;;;;;;"(72)  //  94(72)""1821/61""  //";;;;;;;;;;;;;;;mx;spa;;;Libro;;HA/32548 //;http://bdh-rd.bne.es/viewer.vm?id=0000120280&page=1 **;http://bdh-rd.bne.es/text.vm?id=0000120280&first=1&last=16 **
bimo0001734617;;;;Curso de matemáticas, publicado para el uso de los alumnos del Colegio Militar de la República;;;;[s.n.]  imp. por Ignacio Cumplido;;[S.l.] , México [D.F.];1840;VIII, 296 p. , 24 cm ,;Ciencias sociales // Educación. Enseñanza //;;;;;;;;;;Matemáticas -- Libros escolares --  //;;;;;;;;51(07)  //;;;;;;;;;;;;;;;mx;spa;fre;spa //;Libro;;HA/70 //;http://bdh-rd.bne.es/viewer.vm?id=0000083805&page=1 **;http://bdh-rd.bne.es/text.vm?id=0000083805&first=1&last=301 **
bimo0001734655;Chaix, Paul  //;;;Histoire de l'Amérique méridionale au seiziéme siécle comprenant les découvertes et conquétes des espagnols et des portugais dans cette partie du monde. Premiére partie, Pérou. Tomo 1;;par Paul Chaix;;Joël Cherbuliez;;Généve;1853;"2 v. (XVI, 344 ; 348) , mapas , 18 cm ,";Hispanoamérica // Geografía. Biografías. Historia // Historia de América Latina //;;;;;;;;;;América -- Descubrimientos y exploraciones -- Españoles --  // Perú -- Historia -- Hasta 1522 (Época prehispánica) --  // Perú -- Historia -- 1522-1548 (Descubrimiento y conquista) --  //;;;;;;;;"(85)  //  910.4(7/8)""14/15""  //  94(85)"".../1522""  //  94(85)""1522/48""  //";;;;;;;;;;;;;;;sz;fre;;;Libro;;HA/11927 // HA/11928 //;http://bdh-rd.bne.es/viewer.vm?id=0000049230&page=1 ** http://bdh-rd.bne.es/viewer.vm?id=0000049230&page=384 **;http://bdh-rd.bne.es/text.vm?id=0000049230&first=1&last=383 ** http://bdh-rd.bne.es/text.vm?id=0000049230&first=384&last=750 **
bimo0001734984;;;;"Les choses de la Plata expliquées par ses hommes par un citoyen de Buenos-Ayres ; traduit de l'espagnol";;;;[s.n.]  Imp. de Veuve Ch. Deis;;[S.l.] , Besançcon;1858;62 p. , 16 cm ,;Hispanoamérica // Geografía. Biografías. Historia // Biografías. Heráldica. Genealogía //;;;;;;;;;;Argentinos -- Biografías --  //;;;;;;;;"929(82)""18""  //";;;;;;;;;;;;;;;fr;fre;spa;fre //;Libro;;HA/26850 //;http://bdh-rd.bne.es/viewer.vm?id=0000074578&page=1 **;http://bdh-rd.bne.es/text.vm?id=0000074578&first=1&last=68 **
bimo0001735340;Davis, Richard Harding , 1864-1916  //;;;Three gringos in Venezuela and Central America;;;;Harper & Brothers Publishers;;New York;1896;XI, 282 p. , il., mapas , 19 cm ,;Hispanoamérica // Geografía. Biografías. Historia // Exploraciones. Viajes //;;;;;;;;;;América central -- Descripción --  // Venezuela -- Descripción --  //;;;;;;;;"(728)  //  (87)  //  913(728)""18""  //  913(87)""18""  //";;;;;;;;;;;;;;;xx;eng;;;Libro;;HA/56733 //;http://bdh-rd.bne.es/viewer.vm?id=0000074702&page=1 **;http://bdh-rd.bne.es/text.vm?id=0000074702&first=1&last=308 **
bimo0001735666;Díaz, José Virginio  //;;;Problemas sociales del Uruguay;;José Virginio Díaz;;"[s.n.]  Imp. ""El Siglo Ilustrado"", de G. V. Mariño";;[S.l.] , Montevideo;1916;210 p. , 19 cm ,;Ciencias sociales // Beneficencia. Seguros //;;;;;;;;;;Problemas sociales -- Uruguay --  //;;;;;;;;"364.2(899)""18""  //";;;;;;;;;;;;;;;uy;spa;;;Libro;;HA/5142 //;http://bdh-rd.bne.es/viewer.vm?id=0000043330&page=1 **;http://bdh-rd.bne.es/text.vm?id=0000043330&first=1&last=219 **
bimo0001735773;;;;Descripción de las solemnes fiestas que, con motivo del Tercer Centenario de la gloriosa virgen y doctora mística Santa Teresa de Jesús, se celebraron en la ciudad de Manila en ... 1882;;;;[.n.]  Estab. Tip. de Ramírez y Girandier;;[S.l.] , Manila;1882;83 p. , 33 cm ,;Hispanoamérica // Ciencias sociales // Etnología. Folclore //;;;;;;;;;;Teresa de Jesús, -- Santa -- Aniversarios y centenarios --  // Fiestas religiosas -- Filipinas --  //;;;;;;;;929 Teresa de Jesús, Santa (067.5)  //  398.332(599)(091)  //;;;;;;;;;;;;;;;ph;spa;;;Libro;;HA/12449 //;http://bdh-rd.bne.es/viewer.vm?id=0000124396&page=1 **;http://bdh-rd.bne.es/text.vm?id=0000124396&first=1&last=95 **
bimo0001736431;;;;Documentos para la historia del Virreinato del Río de la Plata;;;;Compañía Sud-Americana de Billetes de Banco;;Buenos Aires;1912 - 1913;3 v. , 25 cm ,;Geografía. Biografías. Historia // Historia de América Latina //;;Precede al título: Facultad de Filosofía y Letras, Sección de Historia  //;;;;;;;;Río de la Plata (Virreinato) -- Historia -- Fuentes --  // Argentina -- Historia -- 1776-1810 (Virreinato del Río de la Plata) -- Fuentes --  //;;;;;;;;"(82)  //  94(82+899)""17""(093)  //  94(82)""1776/1810""(093)  //";;;;;;;;;;;;;;;ag;spa;;;Libro;;HA/5480 // HA/5481 // HA/5482 //;http://bdh-rd.bne.es/viewer.vm?id=0000013576&page=1 ** http://bdh-rd.bne.es/viewer.vm?id=0000013576&page=418 ** http://bdh-rd.bne.es/viewer.vm?id=0000013576&page=661 **;http://bdh-rd.bne.es/text.vm?id=0000013576&first=1&last=417 ** http://bdh-rd.bne.es/text.vm?id=0000013576&first=418&last=660 ** http://bdh-rd.bne.es/text.vm?id=0000013576&first=661&last=925 **
bimo0001736440;;;;Documentos que demuestran la justicia de los ocursos hechos por los acreedores al peage de Veracruz, solicitando se declare nula la sentencia celebrada con los Señores Escandon y Compañía;;;;[s.n.]  Imp. de Galván;;[S.l.] , Méjico;1835;12 p. , 21 cm ,;Hispanoamérica // Ciencias aplicadas. Tecnología // Transportes. Correos. Telecomunicaciones //;;;;;;;;;;Caminos -- México --  // Contratos de obras públicas -- México --  //;;;;;;;;625.71(72)  //  351.712.2(72)  //  654  //;;;;;;;;;;;;;;;mx;spa;;;Libro;;HA/31681 //;http://bdh-rd.bne.es/viewer.vm?id=0000047380&page=1 **;http://bdh-rd.bne.es/text.vm?id=0000047380&first=1&last=16 **
bimo0001736457;;;;Documentos relativos a la Guerra nacional de 1856 y 57 con sus antecedentes;;;;[s.n.]  Tip. Nacional;;San José, Costa Rica;1914;IV, 330 p. , 31 cm ,;Geografía. Biografías. Historia // Historia de América Latina //;;;;;;;;;;Costa Rica -- Historia -- 1856-1857 (Campaña Nacional) -- Fuentes --  // Nicaragua -- Historia -- 1855-1860 (Guerra de los filibusteros) -- Fuentes --  //;;;;;;;;"(728.5)  //  (728.6)  //  94(728.5)""1855/60""(093)  //  94(728.6)""1856/57""(093)  //";;;;;;;;;;;;;;;cr;spa;;;Libro;;HA/35722 //;http://bdh-rd.bne.es/viewer.vm?id=0000083552&page=1 **;http://bdh-rd.bne.es/text.vm?id=0000083552&first=1&last=345 **
bimo0001736487;;;;Documentos y actos de gobierno relativos a la guerra en Europa;;;;Ministerio de Relaciones Exteriores y Culto  Estab. Gráfico Enrique L. Frigerio;;Buenos Aires;1919;149 p. , 23 cm ,;Geografía. Biografías. Historia // Historia de distintos países //;;;;;;;;;;Guerra mundial, 1914-1918 -- Argentina --  // Guerra mundial, 1914-1918 -- Historia diplomática --  //;;;;;;;;"(82)  //  94(100)""1914/18""  //";;;;;;;;;;;;;;;ag;spa;;;Libro;;HA/3393 //;http://bdh-rd.bne.es/viewer.vm?id=0000083544&page=1 **;http://bdh-rd.bne.es/text.vm?id=0000083544&first=1&last=165 **
bimo0001736622;Drocir de Osorno, Casto  //;;;Cuba española el problema de la guerra;;Casto Drocir de Osorno;;[s.n.]  Tip. de Alfredo Alonso;;[S.l.] , Madrid;1896;228 p. , 23 cm ,;Hispanoamérica // Geografía. Biografías. Historia // Historia de América Latina //;;;;;;;;;;Cuba -- Historia -- 1895-1898 (Guerra de la Independencia) --  //;;;;;;;;"(729.1)  //  94(729.1)""1895/98""  //";;;;;;;;;;;;;;;sp;spa;;;Libro;;2/41502 //;http://bdh-rd.bne.es/viewer.vm?id=0000046625&page=1 **;http://bdh-rd.bne.es/text.vm?id=0000046625&first=1&last=247 **
bimo0001736819;Durán, Joaquín D. (O.S.A.)  //;;;Episodios de la revolución filipina;;por Joaquín D. Durán;;[s.n.]  Tip. de Amigos del País;;[S.l.] , Manila;1900;286 p. , 23 cm ,;Hispanoamérica // Geografía. Biografías. Historia // Historia de América Latina //;;;;;;;;;;Filipinas -- Historia -- 1896-1898 (Insurrección) --  //;;;;;;;;"(599)  //  94(599)""1896/98""  //";;;;;;;;;;;;;;;ph;spa;;;Libro;;HA/45572 //;http://bdh-rd.bne.es/viewer.vm?id=0000047032&page=1 **;http://bdh-rd.bne.es/text.vm?id=0000047032&first=1&last=301 **
bimo0001738915;Falcón, Ygnacio  //;;;Escalafón general que comprende a los señores generales graduados, a los señores coroneles ... plana mayor general del ejército;;;;[s.n.]  Imp. del Águila;;[S.l.] , México;1849;[60] p. , 21 cm ,;Hispanoamérica // Ciencias sociales // Derecho. Administración pública //;;Autor (p. [60]): Ygnacio Falcón  //;;;;;;;;Ejército -- México -- Escalafones --  //;;;;;;;;355.35(72).08  //  34  //;;;;;;;;;;;;;;;mx;spa;;;Libro;;HA/31516 //;http://bdh-rd.bne.es/viewer.vm?id=0000047419&page=1 **;http://bdh-rd.bne.es/text.vm?id=0000047419&first=1&last=70 **
bimo0001738948;Escardó, Florencio  //;;;Abayubá novela histórica, escrita con motivo de la fundación del pueblo y puente de este nombre en el Departamento de Montevideo, República Oriental del Uruguay, el 5 de octubre de 1873;;por Florencio Escardó;;[s.n.]  Imp. la Tribuna;;[S.l.];1873;28 p. , 26 cm ,;Hispanoamérica // Lingüística. Literatura // Literatura hispanoamericana //;;;;;;;;;;;;;;;;;;"(899)  //  821.134.2(899)-32""18""  //  821.134.28  //";;;;;;;;;;;;;;;uy;spa;;;Libro;;HA/26738 //;http://bdh-rd.bne.es/viewer.vm?id=0000127261&page=1 **;http://bdh-rd.bne.es/text.vm?id=0000127261&first=1&last=36 **
bimo0001739160;;;;Las Españas 408 aniversario de las fundadas en el nuevo mundo 12 de octubre de 1900 órgano de los bien entendidos intereses materiales y políticos de esas Españas : número preliminar dedicado a los Congresos Científico-Político-Ibero-Latinos de Madrid de 1900 y Montevideo 1901;;"redactor, Godo Ibericus ; secretario, M. Dosil Freire";;Álvaro J. B. Dosil Sánchez;;Buenos Aires;1900;279 p., [1] h. de lám. , 18 cm ,;Hispanoamérica // Geografía. Biografías. Historia // Historia de América Latina //;;;;;;;;;;América Latina -- Misceláneas --  //;;;;;;;;94(8=134)(089.3)  //;;;;;;;;;;;;;;;ag;spa;;;Libro;;HA/10086 //;http://bdh-rd.bne.es/viewer.vm?id=0000091504&page=1 **;http://bdh-rd.bne.es/text.vm?id=0000091504&first=1&last=295 **
bimo0001739176;Espejo, Gerónimo  //;;;Apuntes históricos sobre la espedición [sic] libertadora del Perú, 1820;Apuntes históricos sobre la expedición libertadora del Perú, 1820  //;por Gerónimo Espejo;;Imp. y Librería de Mayo;;Buenos Aires;1868;92 p. , 21 cm ,;Independencia Americana // Geografía. Biografías. Historia // Historia de América Latina //;;;;;;;;;;Perú -- Historia -- 1820-1829 (Guerra de la Independencia) --  //;;;;;;;;"(85)  //  94(85)""1820/29""  //";;;;;;;;;;;;;;;ag;spa;;;Libro;;HA/122 //;http://bdh-rd.bne.es/viewer.vm?id=0000098228&page=1 **;http://bdh-rd.bne.es/text.vm?id=0000098228&first=1&last=107 **
bimo0001739368;Esteban, Manuel  //;;;Elementos de gramática castellana para el uso de las escuelas;;arreglados por  el C. Manuel Esteban;;[s.n.]  Imp. por I. Cumplido;;[S.l.] , México;1843;60 p. , 18 cm ,;Lingüística. Literatura // Lengua española //;;;;;;;;;;Lengua española -- Gramática --  //;;;;;;;;811.134.2'36  //;;;;;;;;;;;;;;;mx;spa;;;Libro;;HAI/103_V._1 //;http://bdh-rd.bne.es/viewer.vm?id=0000043143&page=1 **;http://bdh-rd.bne.es/text.vm?id=0000043143&first=1&last=71 **
bimo0001739430;Estrada, Santiago , 1835-1891  // Valera, Juan , 1824-1905  //;;;Miscelánea;;"por Santiago Estrada; precedida de una carta-prólogo de Juan Valera";;[s.n.]  Imp. de Henrich y Cª;;[S.l.] , Barcelona;1889;2 v. (375, 332 p.) , 23 cm ,;;;;;;;;;;;;;;;;;;;081 Estrada, Santiago  //;;;;;;;;;;;;;;;sp;spa;;;Libro;;DGMICRO/10736 // DGMICRO/10738 //;http://bdh-rd.bne.es/viewer.vm?id=0000138142&page=1 ** http://bdh-rd.bne.es/viewer.vm?id=0000138142&page=400 **;http://bdh-rd.bne.es/text.vm?id=0000138142&first=1&last=399 ** http://bdh-rd.bne.es/text.vm?id=0000138142&first=400&last=757 **
bimo0001739432;Estrada, Santiago , 1835-1891  //;;;Viajes;;"de Santiago Estrada ; precedidos de un prólogo de D. Pedro Bofill";3ª ed.;[s.n.]  Imp. de Henrich y Cª en comandita, sucesores de N. Ramírez y Cª;;[S.l.] , Barcelona;1889;2 v. , 24 cm ,;Hispanoamérica // Geografía. Biografías. Historia // Exploraciones. Viajes //;"t. 1. Del Plata a los Andes y del mar Pacífico al mar Atlántico (343 p.) -- t. 2. De Buenos Aires al Tandil y el Paraguay ; De Valparaíso a la Oroya (362 p.)// t. 1. Del Plata a los Andes y del mar Pacífico al mar Atlántico (343 p.) -- t. 2. De Buenos Aires al Tandil y el Paraguay ; De Valparaíso a la Oroya (362 p.)//";T. 2: prólogo de Eduardo Bustillo y con un apéndice de Nilo María Fabra  //;;;;;;;;América del Sur -- Descripción --  //;;;;;;;;"913(8)""18""  //";;;;;;;;;;;;;;;sp;spa;;;Libro;;GMM/2398 // GMM/2397 //;http://bdh-rd.bne.es/viewer.vm?id=0000050542&page=1 ** http://bdh-rd.bne.es/viewer.vm?id=0000050542&page=398 **;http://bdh-rd.bne.es/text.vm?id=0000050542&first=1&last=397 ** http://bdh-rd.bne.es/text.vm?id=0000050542&first=398&last=784 **
bimo0001739562;;;;La evolución política del 4 de noviembre de 1886 compilación de los antecedentes y documentos relativos a ese acontecimiento político;;;;[s.n.]  Imp. de El Siglo;;[S.l.] , Montevideo;1887;134 p. , 25 cm ,;Hispanoamérica // Geografía. Biografías. Historia // Historia de América Latina //;;;;;;;;;;Uruguay -- Historia -- 1886 (Revolución) --  //;;;;;;;;"(899)  //  94(899)""1886""  //";;;;;;;;;;;;;;;uy;spa;;;Libro;;HA/5519 //;http://bdh-rd.bne.es/viewer.vm?id=0000123124&page=1 **;http://bdh-rd.bne.es/text.vm?id=0000123124&first=1&last=143 **
bimo0001739765;Ezeta, Luis de  //;;;Manual de alcaldes y jueces de paz;;por el Lic. Luis de Ezeta;;[s.n.]  Impreso por Leandro J. Valdes;;[S.l.] , México;1845;VIII, 244 p. , 21 cm ,;;;;;;;;;;;Jueces de paz -- México --  // Administración municipal -- México --  //;;;;;;;;347.995(72)  //  352(72).07  //;;;;;;;;;;;;;;;mx;spa;;;Libro;;HA/134 //;http://bdh-rd.bne.es/viewer.vm?id=0000052135&page=1 **;http://bdh-rd.bne.es/text.vm?id=0000052135&first=1&last=256 **
bimo0001739968;Febrero, José  // Galván Rivera, Mariano  //;;;Nuevo Febrero mexicano obra completa de jurisprudencia teórico-práctica ...;;publicada por Mariano Galván Rivera;;[s.n.]  Impreso por Santiago Pérez;;[S.l.] , México;1850 - 1852;4 v. (832, 938, 1035, 562 p.) , 26 cm ,;;;Índice  // Autor (p.[3]): José Febrero  //;;;;;;;;Derecho -- México -- Fuentes --  //;;;;;;;;34(72)(094)  //;;;;;;;;;;;;;;;mx;spa;;;Libro;;DGmicro/10467 // DGmicro/10437 // DGmicro/10487 // DGmicro/10481 //;http://bdh-rd.bne.es/viewer.vm?id=0000137362&page=1 ** http://bdh-rd.bne.es/viewer.vm?id=0000137362&page=893 ** http://bdh-rd.bne.es/viewer.vm?id=0000137362&page=1908 ** http://bdh-rd.bne.es/viewer.vm?id=0000137362&page=3052 **;http://bdh-rd.bne.es/text.vm?id=0000137362&first=1&last=892 ** http://bdh-rd.bne.es/text.vm?id=0000137362&first=893&last=1907 ** http://bdh-rd.bne.es/text.vm?id=0000137362&first=1908&last=3051 ** http://bdh-rd.bne.es/text.vm?id=0000137362&first=3052&last=3641 **
bimo0001740141;Fernández Arias, Evaristo , 1854-1908  //;;;Sermón que en la fiesta cívica-religiosa de S. Andrés, patrón de Manila, llamada generalmente del Real Pendón de Castilla, predicó el año 1892 en la S. I. Catedral el R. P. Fr. Evaristo Fernández Arias del órden de predicadores;;;;[s.n.]  Imp. de Amigos del País;;[S.l.] , Manila;1892;26 p. , 29 cm ,;;;;;;;;;;;Andrés, -- Santo -- Sermones --  // Filipinas -- Historia --  //;;;;;;;;(599)  //  235.3:252  //  94(599)  //;;;;;;;;;;;;;;;ph;spa;;;Libro;;HA/16660 //;http://bdh-rd.bne.es/viewer.vm?id=0000147737&page=1 **;http://bdh-rd.bne.es/text.vm?id=0000147737&first=1&last=30 **
bimo0001740184;Fernández Espiro, E.  //;;;Memoria presentada a S. E. el señor Presidente de la República Don Juan Idiarte Borda;;por E. Fernández Espiro;;[s.n.]  Imp. de la Nación;;[S.l.] , Montevideo;1895;47 p. , 22 cm ,;Hispanoamérica // Medicina. Farmacia //;;;;;;;;;;Cólera -- Argentina --  //;;;;;;;;616.932(82)  //;;;;;;;;;;;;;;;uy;spa;;;Libro;;HA/1054 //;http://bdh-rd.bne.es/viewer.vm?id=0000091793&page=1 **;http://bdh-rd.bne.es/text.vm?id=0000091793&first=1&last=61 **
bimo0001740480;Figarola-Caneda, Domingo , 1852-1926  //;;;Milanés y Plácido réplica al Sr. Federico Milanés;;por Domingo Figarola-Caneda;;"[s.n.]  Imp. ""el Siglo XX""";;[S.l.] , Habana;1914;37 p. , 27 cm ,;Lingüística. Literatura // Literatura hispanoamericana //;;;;;;;;;;Plácido -- Crítica e interpretación --  // Milanés, José Jacinto -- Crítica e interpretación --  //;;;;;;;;(729.1)  //  821.134.2(729.1) Plácido 1.07  //  821.134.2(729.1) Milanés, José Jacinto 1.07  //;;;;;;;;;;;;;;;cu;spa;;;Libro;;HA/32363 //;http://bdh-rd.bne.es/viewer.vm?id=0000120082&page=1 **;http://bdh-rd.bne.es/text.vm?id=0000120082&first=1&last=44 **
bimo0001740600;Findlay, Alexander G.  //;;;A directory for the navigation of the Pacific Ocean with descriptions of its coasts, islands, etc., from the strait of Magalhaens to the Arctic Sea, and those of Asia and Australia, its winds, currents and other phenomena;;by Alexander G. Findlay;;R. H. Laurie;;London;1851;2 v. , 25 cm ,;;v.1. The coasts of the Pacific Ocean (XLVI, 650 p.) -- v. 2.The Islands, etc. of the Pacific Ocean (XXX, 651-1388 p.)// v.1. The coasts of the Pacific Ocean (XLVI, 650 p.) -- v. 2.The Islands, etc. of the Pacific Ocean (XXX, 651-1388 p.)//;;;;;;;;;Derroteros -- Pacífico --  //;;;;;;;;912(265):656.618  //;;;;;;;;;;;;;;;xx;eng;;;Libro;;DGMICRO/8698 // DGMICRO/8699 //;http://bdh-rd.bne.es/viewer.vm?id=0000137795&page=1 ** http://bdh-rd.bne.es/viewer.vm?id=0000137795&page=743 **;http://bdh-rd.bne.es/text.vm?id=0000137795&first=1&last=742 ** http://bdh-rd.bne.es/text.vm?id=0000137795&first=743&last=1518 **
bimo0001740629;Fiscan, Narciso Z.  //;;;A extrema vanguardia colección de artículos publicados en el Imparcial de Colón;;por su redactor Narciso Z. Fiscán;;"[s.n.]  Imp. de ""El Imparcial""";;[S.l.] , Colón (Cuba);1897;95, 9 p. , 23 cm ,;Hispanoamérica // Geografía. Biografías. Historia // Historia de América Latina //;;;;;;;;;;El Imparcial (Colón, Cuba) --  // Cuba -- Historia -- 1895-1898 (Guerra de la Independencia) --  //;;;;;;;;"94(729.1)""18""  //  (054)(729.13 Colón)  //";;;;;;;;;;;;;;;cu;spa;;;Libro;;HA/11752 //;http://bdh-rd.bne.es/viewer.vm?id=0000068893&page=1 **;http://bdh-rd.bne.es/text.vm?id=0000068893&first=1&last=121 **
bimo0001740643;Fité, Vital  //;;;Exposición elevada a S. M. la Reina Regente sobre la insurrección en Filipinas;;por Vital Fité;;[s.n.]  Imp. de L. Miñón;;[S.l.] , Madrid;1898;1 h. pleg. , 24 cm ,;Hispanoamérica // Geografía. Biografías. Historia // Historia de América Latina //;;;;;;;;;;Filipinas -- Historia -- 1896-1898 (Insurrección) --  //;;;;;;;;"(599)  //  94(599)""1896/98""  //";;;;;;;;;;;;;;;sp;spa;;;Libro;;HA/14233 //;http://bdh-rd.bne.es/viewer.vm?id=0000123834&page=1 **;http://bdh-rd.bne.es/text.vm?id=0000123834&first=1&last=2 **
bimo0001740657;Fleix y Solans, Francisco , 1804-1870  //;;;Carta pastoral del Excmo. e Illmo. Sr. Dr. D. Francisco Fleix y Solans, Obispo de La Habana, despidiéndose del venerable clero y fieles de sus diócesis con motivo de su presentación para la Iglesia y arzobispado de Tarragona y de su salida para la Península;;;;[s.n.]  Imp. del Tiempo;;[S.l.] , Habana;1864;15 p. , 22 cm ,;Religión. Teología // Cristianismo. Historia eclesiástica //;;;;;;;;;;La Habana (Diócesis) -- Cartas pastorales--  //;;;;;;;;(729.1)  //  253(729.1)  //;;;;;;;;;;;;;;;cu;spa;;;Libro;;HA/20367 //;http://bdh-rd.bne.es/viewer.vm?id=0000089250&page=1 **;http://bdh-rd.bne.es/text.vm?id=0000089250&first=1&last=20 **
bimo0001740672;Flint, Grover  // Fiske, John , 1842-1901  //;;;Marching with Gomez a war correspondent’s field note-book, kept during four months with the Cuban army;;"by Grover Flint; illustrated by the author ; with an historical introduction by John Fiske";;Lamson, Wolffe and company;;Boston [etc.];1898;XXIX, 290, 5 p. , il. , 21 cm ,;Hispanoamérica // Geografía. Biografías. Historia // Historia de América Latina //;;;;;;;;;;Cuba -- Historia -- 1895-1898 (Guerra de la Independencia) --  //;;;;;;;;"(729.1)  //  94(729.1)""1895/98""  //";;;;;;;;;;;;;;;xx;eng;;;Libro;;HA/53315 //;http://bdh-rd.bne.es/viewer.vm?id=0000074719&page=1 **;http://bdh-rd.bne.es/text.vm?id=0000074719&first=1&last=347 **
bimo0001740722;Flores Ruiz, Francisco J.  //;;;Guía del inmigrante en la República de Chile;;por Francisco J. Flores R.;;[s.n.]  Imp. Nacional;;[S.l.] , Santiago de Chile;1890;XV, 144 p. , 18 cm ,;Hispanoamérica // Geografía. Biografías. Historia // Geografía //;;;;;;;;;;Chile -- Descripción --  //;;;;;;;;908(83)  //;;;;;;;;;;;;;;;cl;spa;;;Libro;;HA/10073 //;http://bdh-rd.bne.es/viewer.vm?id=0000047075&page=1 **;http://bdh-rd.bne.es/text.vm?id=0000047075&first=1&last=169 **
bimo0001740828;Fonseca, Joaquín  //;;;Santo Tomás de Aquino en presencia de San Alberto Magno, ó sean los dos genios diálogo;;por Joaquín Fonseca;;[s.n.]  Imp. del Colegio de Santo Tomás;;[S.l.] , Manila;1874;175 p. , 27 cm ,;Hispanoamérica // Lingüística. Literatura // Literatura española //;;;;;;;;;;Tomás de Aquino, -- Santo -- Poesías --  // Alberto Magno, -- Santo -- Poesías --  //;;;;;;;;"821.134.2-14""18""  //  929 Alberto Magno, Santo (0:82)  //  929 Tomás de Aquino, Santo (0:82)  //";;;;;;;;;;;;;;;ph;spa;;;Libro;;HA/12015 //;http://bdh-rd.bne.es/viewer.vm?id=0000094207&page=1 **;http://bdh-rd.bne.es/text.vm?id=0000094207&first=1&last=189 **
bimo0001740895;Fors, Luis Ricardo , 1843-1916  //;;;Miscelánea americana;;"por Luis Ricardo Fors ; escritos publicados en la América Meridional sobre política, administración ...";;[s.n.]  Imp. de Diego Valero;;[S.l.] , Madrid;1871;454 p. , 18 cm ,;Hispanoamérica // Geografía. Biografías. Historia // Historia de América Latina //;;;;;;;;;;;;;;;;;;082 Fors, Luis Ricardo  //;;;;;;;;;;;;;;;sp;spa;;;Libro;;HA/15520 //;http://bdh-rd.bne.es/viewer.vm?id=0000097854&page=1 **;http://bdh-rd.bne.es/text.vm?id=0000097854&first=1&last=475 **
bimo0001741623;Gallegos del Campo, Emilio  //;;;Almas errantes versos líricos;;Emilio Gallegos del Campo;;[s.n.]  Talleres Tipográficos;;[S.l.] , Guayaquil;1913;190 p. , il. , 20 cm ,;Lingüística. Literatura // Literatura hispanoamericana //;;;;;;;;;;;;;;;;;;"(866)  //  821.134.2(866)-14""18""  //";;;;;;;;;;;;;;;ec;spa;;;Libro;;HA/2922 //;http://bdh-rd.bne.es/viewer.vm?id=0000119595&page=1 **;http://bdh-rd.bne.es/text.vm?id=0000119595&first=1&last=203 **
bimo0001743647;Cañas, Tiburcio  //;;;Segunda representación dirigida a la Cámara de Diputados por Doña María Josefa Garay y Arechavala pidiendo se sirva aprobar la escritura con que su abuelo el Sr. Arechavala reformó el mayorazgo creado por él en la Hacienda de los Morales;;;;[s.n.]  Impreso en la oficina de la calle de los Rebeldes por Ignacio Cumplido;;[S.l.] , México;1835;5 p. , 21 cm ,;Hispanoamérica // Ciencias sociales // Derecho. Administración pública //;;Autor (p. 5): Tiburcio Cañas  //;;;;;;;;Mayorazgo -- México --  //;;;;;;;;347.65(72)  //;;;;;;;;;;;;;;;mx;spa;;;Libro;;HA/26086 //;http://bdh-rd.bne.es/viewer.vm?id=0000121022&page=1 **;http://bdh-rd.bne.es/text.vm?id=0000121022&first=1&last=8 **
bimo0001743789;García Camba, Andrés , ca. 1793-1861  //;;;Memorias del general García Camba para la historia de las armas españolas en el Perú, 1809-1821;;Andrés García Camba;;Editorial-América;;Madrid;1916;2 v. (581, 603 p.) , 22 cm ,;Geografía. Biografías. Historia // Historia de América Latina // Biblioteca Ayacucho, v. 6 -7 //;v.1. 1809-1821 -- v.2. 1822-1825.// v.1. 1809-1821 -- v.2. 1822-1825.//;;;;;;;;;García Camba, Andrés --  // Perú -- Historia -- 1548-1820 (Época colonial) -- Relatos personales españoles --  // Perú -- Historia -- 1820-1829 (Guerra de la Independencia) -- Relatos personales españoles --  //;;;;;;;;"(85)  //  929 García Camba, Andrés  //  94(85)""1548/1820""(093.3)  //  94(85)""1820/29""(093.3)  //";;;;;;;;;;;;;;;sp;spa;;;Libro;;HA/76494 // HA/76495 //;http://bdh-rd.bne.es/viewer.vm?id=0000008054&page=1 ** http://bdh-rd.bne.es/viewer.vm?id=0000008054&page=596 **;http://bdh-rd.bne.es/text.vm?id=0000008054&first=1&last=595 ** http://bdh-rd.bne.es/text.vm?id=0000008054&first=596&last=1214 **
bimo0001743820;García Cubas, Antonio , 1832-1912  //;;;Curso elemental de geografía universal dispuesto con arreglo a un nuevo método que facilite su enseñanza en los establecimientos de instrucción de la República, y precedido de las nociones indispensables de geometría para el estudio de esta ciencia;;por Antonio García Cubas;5ª ed., rev., corr. y aum.;[s.n.]  Antigua Imp. de Murguía;;[S.l.] , México;1890;XI, 416 p., [6] h. de lám. col. y n. , 22 cm ,;Geografía. Biografías. Historia // Atlas // Exploraciones. Viajes // Geografía //;;;;;;;;;;Geografía --  //;;;;;;;;913(100)  //;;;;;;;;;;;;;;;mx;spa;;;Libro;;GMM/2231 // GMM/2231 // GMM/2231 //;http://bdh-rd.bne.es/viewer.vm?id=0000000890 **
bimo0001743823;García Cubas, Antonio , 1832-1912  //;;;Diccionario geográfico, histórico y biográfico de los Estados Unidos Mexicanos;;por Antonio García Cubas;;[s.n.]  Antigua Imp. de Murguía;;[S.l.] , México [D.F.];1888 - 1891;5 v. , 30 cm ,;Geografía. Biografías. Historia // Atlas // Historia de América Latina // Geografía //;;;;;;;;;;México -- Enciclopedias --  //;;;;;;;;(72)  //  908(72)(031)  //;;;;;;;;;;;;;;;mx;spa;;;Libro;;GMM/2246 // GMM/2247 // GMM/2248 // GMM/2249 // GMM/2250 // GMM/2246-GMM/2250 // GMM/2246-GMM/2250 //;http://bdh-rd.bne.es/viewer.vm?id=0000000580 **
bimo0001743831;García Cubas, Antonio , 1832-1912  //;;;Noticias geográficas y estadísticas de la República Mexicana;;por Antonio García Cubas;;[s.n.]  Imp. de J. M. Lara;;[S.l.] , México;1857;27 p., 1 h. de mapa , 20 cm ,;;;;;;;;;;;México -- Geografía --  //;;;;;;;;(72)  //  913(72)  //;;;;;;;;;;;;;;;mx;spa;;;Libro;;GMG/1448 // GMG/1148 //;http://bdh-rd.bne.es/viewer.vm?id=0000001768 **
bimo0001744170;Garrigós, O.  //;;;El Banco de la Provincia;;por O. Garrigós;;[s.n.]  Imp. de Pablo E. Coni;;[S.l.] , Buenos Aires;1873;VIII, 311 p., LXXII p. , 28 cm ,;Hispanoamérica // Ciencias sociales // Economía //;;;;;;;;;;Banco de la Provincia (Buenos Aires) --  //;;;;;;;;336.71(821.1 B.A.)  //  (82)  //;;;;;;;;;;;;;;;ag;spa;;;Libro;;HA/875 //;http://bdh-rd.bne.es/viewer.vm?id=0000143394&page=1 **;http://bdh-rd.bne.es/text.vm?id=0000143394&first=1&last=394 **
bimo0001744319;Gavito, Francisco  //;;;Cuba breve reseña que manifiesta lo que fue y lo es esta preciosa isla desde que el Gobierno español se dedicó a protegerla, consagrandola toda su atención y paternal ciudad;;por Francisco Gavito;;[s.n.]  Imp. de Vicente García Torres;;[S.l.] , Méjico;1844;64 p. , 16 cm ,;Hispanoamérica // Geografía. Biografías. Historia // Historia de América Latina //;;;;;;;;;;Tacón, Miguel, -- Duque de la Unión de Cuba --  // Cuba -- Historia -- 1810-1899 --  //;;;;;;;;"(729.1)  //  929 Tacón, Miguel, Duque de la Unión de Cuba  //  94(729.1)""1810/99""  //";;;;;;;;;;;;;;;mx;spa;;;Libro;;HA/43721 //;http://bdh-rd.bne.es/viewer.vm?id=0000047015&page=1 **;http://bdh-rd.bne.es/text.vm?id=0000047015&first=1&last=68 **
bimo0001744680;Gómez, Juan Carlos , 1820-1884  //;;;Juan Carlos Gómez;;;;[s.n.]  Imp. Artística de Dornaleche y Reyes;;[S.l.] , Montevideo;1905;222 p. , 24 cm ,;"Geografía. Biografías. Historia // Biografías. Heráldica. Genealogía // Biblioteca del Club ""Vida Nueva"" //";;;;;;;;;;Gómez, Juan Carlos -- Homenajes --  //;;;;;;;;(899)  //  929 Gómez, Juan Carlos (082.2)  //;;;;;;;;;;;;;;;uy;spa;;;Libro;;HA/5549 //;http://bdh-rd.bne.es/viewer.vm?id=0000043536&page=1 **;http://bdh-rd.bne.es/text.vm?id=0000043536&first=1&last=237 **
bimo0001744734;Gómez Carrillo, Enrique , 1873-1927  //;;;En las trincheras;;E. Gómez Carrillo;;Mundo Latino;;Madrid;1921;257 p. , 20 cm ,;Lingüística. Literatura // Literatura hispanoamericana // Obras completas, v 21 //;;;;;;;;;;Guerra mundial, 1914-1918 --  //;;;;;;;;"(728.1)  //  821.134.2(728.1)-94""19""  //  94(100)""1914/18""  //";;;;;;;;;;;;;;;sp;spa;;;Libro;;DL/1889980 //;http://bdh-rd.bne.es/viewer.vm?id=0000129159&page=1 **;http://bdh-rd.bne.es/text.vm?id=0000129159&first=1&last=275 **
bimo0001744748;Gómez Carrillo, Enrique , 1873-1927  //;;;Tres novelas inmorales;;E. Gómez Carrillo;;Mundo Latino;;Madrid;1919;302 p. , 19 cm ,;Lingüística. Literatura // Literatura hispanoamericana // Obras completas, v 5 //;;;;;;;;;;;;;;;;;;"(728.1)  //  821.134.2(728.1)-31""19""  //";;;;;;;;;;;;;;;sp;spa;;;Libro;;DL/1936672 //;http://bdh-rd.bne.es/viewer.vm?id=0000081676&page=1 **;http://bdh-rd.bne.es/text.vm?id=0000081676&first=1&last=317 **
bimo0001744825;Gómez Pedraza, Manuel , 1789-1851  //;;;Manifiesto que Manuel Gómez Pedraza ciudadano de la República de Méjico dedica a sus compatriotas, o sea una reseña de su vida pública;;;;[s.n.]  Imp. de Benjamín Levy;;[S.l.] , Nueva Orleans;1831;129 p. , 17 cm ,;Hispanoamérica // Geografía. Biografías. Historia // Historia de América Latina //;;;;;;;;;;Gómez Pedraza, Manuel --  // México -- Historia -- 1821-1861 --  //;;;;;;;;"(72)  //  929 Gómez Pedraza, Manuel  //  94(72)""1821/61""  //";;;;;;;;;;;;;;;xx;spa;;;Libro;;HA/500 //;http://bdh-rd.bne.es/viewer.vm?id=0000123146&page=1 **;http://bdh-rd.bne.es/text.vm?id=0000123146&first=1&last=143 **
bimo0001744928;González, Joaquín V. , 1863-1923  //;;;Bronce y lienzo;;Joaquín V. González;2ª ed.;"Librería ""La Facultad"" de Juan Roldán";;Buenos Aires;1920;258 p. , 19 cm ,;Geografía. Biografías. Historia // Historia de América Latina //;;;;;;;;;;Argentinos -- Biografías --  // Argentina -- Historia -- 1810- --  //;;;;;;;;"(82)  //  929(82)""18""  //  94(82)""1810/...""  //";;;;;;;;;;;;;;;ag;spa;;;Libro;;HA/3472 //;http://bdh-rd.bne.es/viewer.vm?id=0000120014&page=1 **;http://bdh-rd.bne.es/text.vm?id=0000120014&first=1&last=269 **
bimo0001744930;González, Joaquín V. , 1863-1923  //;;;Mis montañas;;Joaquín V. González;2ª ed.;Cesáreo García;;Buenos Aires;1905;XXVIII, 268 p. , 20 cm ,;Ciencias sociales // Etnología. Folclore //;;;;;;;;;;Argentina -- Usos y costumbres --  //;;;;;;;;(82)  //  39(82)  //;;;;;;;;;;;;;;;ag;spa;;;Libro;;HA/2132 //;http://bdh-rd.bne.es/viewer.vm?id=0000052350&page=1 **;http://bdh-rd.bne.es/text.vm?id=0000052350&first=1&last=317 **
bimo0001745013;González Bocanegra, Francisco , 1824-1861  //;;;Discurso leído en el gran Teatro de Santa-Anna la noche del 15 de septiembre de 1854 por D. Francisco González Bocanegra, en celebridad del aniversario de la Independencia Nacional;;;;[s.n.]  Imp. de Ignacio Cumpido;;[S.l.] , México;1854;8 p. , 22 cm ,;Independencia Americana // Geografía. Biografías. Historia // Historia de América Latina //;;;;;;;;;;México -- Historia -- 1810-1821 (Guerra de la Independencia) --  //;;;;;;;;"(72)  //  94(72)""1810/21""  //";;;;;;;;;;;;;;;mx;spa;;;Libro;;HA/67232 //;http://bdh-rd.bne.es/viewer.vm?id=0000124748&page=1 **;http://bdh-rd.bne.es/text.vm?id=0000124748&first=1&last=12 **
bimo0001745323;Gorriti, Juana Manuela , 1818-1892  // Quesada, Vicente G. , 1830-1913  //;;;Sueños y realidades;;"obras completas de la Señora Doña Juana Manuela Gorriti ; publicadas bajo la dirección de Vicente G. Quesada";;C. Casavalle;;Buenos Aires;1865;2 v. (350, 334 p.) , 27 cm ,;;"v. 1. La quena ; El guante negro ; Gubi Amaya ; Fragmentos del álbum de una paregina ; La novia del muerto ; La hija del Mashorquero ; Una apuesta ; El lucero del Manantial ; Una noche de agonia ; El lecho nupcial ; Tres noches de una historia -- v. 2. El angel caído ; El tesoro de los incas ; Quién escucha, su mal oye ; Si haces mal no esperes bien ; Una hora de coqueteria ; El ramillete de la velada ; Una redondilla ; El naranjo y el cedro ; La fiebre amarilla ; Güemes ; El general Vidal// v. 1. La quena ; El guante negro ; Gubi Amaya ; Fragmentos del álbum de una paregina ; La novia del muerto ; La hija del Mashorquero ; Una apuesta ; El lucero del Manantial ; Una noche de agonia ; El lecho nupcial ; Tres noches de una historia -- v. 2. El angel caído ; El tesoro de los incas ; Quién escucha, su mal oye ; Si haces mal no esperes bien ; Una hora de coqueteria ; El ramillete de la velada ; Una redondilla ; El naranjo y el cedro ; La fiebre amarilla ; Güemes ; El general Vidal//";;;;;;;;;;;;;;;;;"(82)  //  821.134.2(82)-3""18""  //";;;;;;;;;;;;;;;ag;spa;;;Libro;;DGMICRO/56807 // DGMICRO/62024 //;http://bdh-rd.bne.es/viewer.vm?id=0000143361&page=1 ** http://bdh-rd.bne.es/viewer.vm?id=0000143361&page=377 **;http://bdh-rd.bne.es/text.vm?id=0000143361&first=1&last=376 ** http://bdh-rd.bne.es/text.vm?id=0000143361&first=377&last=726 **
bimo0001745350;Govantes, Felipe María  //;;;Compendio de Historia de Filipinas;;Felipe M. de Govantes;;[s.n.]  Imp. del Colegio de Santo Tomás;;[S.l.] , Manila;1877;XVIII, 534, CXCVIII p., [5] h. de lám., [1] h. pleg. de mapas , 21 cm ,;Hispanoamérica // Geografía. Biografías. Historia // Historia de distintos países //;;;;;;;;;;Filipinas -- Historia --  //;;;;;;;;(599)  //  94(599)  //;;;;;;;;;;;;;;;ph;spa;;;Libro;;HA/16166 //;http://bdh-rd.bne.es/viewer.vm?id=0000094101&page=1 **;http://bdh-rd.bne.es/text.vm?id=0000094101&first=1&last=775 **
bimo0001745426;;Gran Logia Unida de Colón e Isla de Cuba  //;;Constitución y demás leyes generales de la Gran Logia Unida de Colón e Isla de Cuba;;;4ª ed.;P. Hernández y Compª.;;Habana;1885;193 p., 2 h. , 16 cm ,;Hispanoamérica // Ciencia y cultura en general // Instituciones científicas. Exposiciones. Museos //;;;;;;;;;;Gran Logia Unida de Colón e Isla de Cuba --  //;;;;;;;;061.236.6(729.1)  //;;;;;;;;;;;;;;;cu;spa;;;Libro;;HA/8686 //;http://bdh-rd.bne.es/viewer.vm?id=0000085227&page=1 **;http://bdh-rd.bne.es/text.vm?id=0000085227&first=1&last=209 **
bimo0001745430;Granada, Daniel , 1847-1929  //;;;Reseña histórico-descriptiva de antiguas y modernas supersticiones del Río de la Plata;;por Daniel Granada;;A. Barreiro y Ramos;;Montevideo;1896;XXI, 668 p. , 24 cm ,;Hispanoamérica // Ciencias sociales // Etnología. Folclore //;;;;;;;;;;Supersticiones -- Río de la Plata (Región) --  //;;;;;;;;398.3(82+899)  //;;;;;;;;;;;;;;;uy;spa;;;Libro;;HA/28147 //;http://bdh-rd.bne.es/viewer.vm?id=0000119738&page=1 **;http://bdh-rd.bne.es/text.vm?id=0000119738&first=1&last=699 **
bimo0001745842;Guerrero, Luis  //;;;Instancia de los profesores de medicina actualmente residentes en la capital de Puebla al Exmo. Señor Presidente de la República o tercera réplica contra la división de cirugía y medicina y la cuestión subalterna sobre si los cirujanos ...;;por el profesor de medicina autorizado D. Luis Guerrero;;[s.n.]  Imp. del Hospital de San Pedro;;[S.l.] , Puebla;1835;12 p. , 15 cm ,;Hispanoamérica // Medicina. Farmacia //;;;;;;;;;;Cirugía -- Enseñanza -- México --  // Medicina -- Enseñanza -- México --  //;;;;;;;;617:34(72)  //  61:37(72)  //;;;;;;;;;;;;;;;mx;spa;;;Libro;;HA/31567 //;http://bdh-rd.bne.es/viewer.vm?id=0000047405&page=1 **;http://bdh-rd.bne.es/text.vm?id=0000047405&first=1&last=12 **
bimo0001746565;Hernández, Gaspar , fl. 1833  //;;;Oración fúnebre en las honras del Escmo. e IIlmo. Sr. Dr. D. Pedro Gutiérrez de Cos, dignisimo Obispo de esta Diócesis, Caballero Gran Cruz de la Real orden Americana de Isabel la Católica ... pronunció en la santa iglesia catedral de San Juan Bautista de Puerto Rico el día 9 de mayo de 1833 el Padre Gaspar Hernández;;;;[s.n.];;Puerto Rico;1833;29 p. , 20 cm ,;Hispanoamérica // Geografía. Biografías. Historia // Biografías. Heráldica. Genealogía //;;;;;;;;;;Gutiérrez de Cos, Pedro -- Exequias --  // Puerto Rico -- Historia eclesiástica --  //;;;;;;;;"(729.5)  //  27(729.5)""18""  //  929 Gutiérrez de Cos, Pedro  //";;;;;;;;;;;;;;;pr;spa;;;Libro;;HA/34057 //;http://bdh-rd.bne.es/viewer.vm?id=0000120302&page=1 **;http://bdh-rd.bne.es/text.vm?id=0000120302&first=1&last=34 **
bimo0001746627;Cook, James , 1728-1779  //;;;Historia de los viajes del capitán Cook por mar y tierra;;traducidos al castellano por J. M. y P. y S. C.;;[s.n.]  Imp. de Teresa Martínez e Hijo;;[S.l.] , Madrid;1853;XVI, p. 17-211 [i. e. 231], [3] h. de lám. , 23 cm ,;Hispanoamérica // Geografía. Biografías. Historia // Exploraciones. Viajes // Biblioteca enciclopédica europea //;;;;;;;;;;Viajes alrededor del mundo -- Obras anteriores a 1800 --  // Oceanía -- Descubrimientos y exploraciones -- Británicos --  //;;;;;;;;"910.4(100)(02)""17""  //  910.4(9)""17""  //";;;;;;;;;;;;;;;sp;spa;eng;spa //;Libro;;HA/8822 //;http://bdh-rd.bne.es/viewer.vm?id=0000085196&page=1 **;http://bdh-rd.bne.es/text.vm?id=0000085196&first=1&last=251 **
bimo0001755369;;Association of Swiss Hotel Proprietors and Managers (Basilea)  //;;The hotels of Switzerland appendix, The Italian lakes, lake of Constance, and Chamonix : a travellers' guide;;published by the Association of Swiss Hotel Proprietors and Managers at their central ofice in Basle;2nd ed.;Swiss Publishing and Printing Office;;Basle;1898;235 p., [1] h. pleg. de mapa , il. , 18 cm ,;;Mapas y planos incluidos: [Suiza. Mapas generales. 1898.]// Mapas y planos incluidos: [Suiza. Mapas generales. 1898.]//;;;;;;;;;Hoteles -- Suiza -- Guías turísticas --  //;;Basilea, Suiza //;;;;;;640.41(494)(036)  //;;;;;;;;;;;;;;;sz;eng;;;Libro;;GMM/1365 //;http://bdh-rd.bne.es/viewer.vm?id=0000001983 **
bimo0001774339;Griffin, Appleton Prentiss Clark , 1852-1926  // Phillips, P. Lee , 1857-1924  //;Library of Congress  //;;A list of books (with references to periodicals) on the Philippine Islands in the Library of Congres;;by A. P. C. Griffin with chronological list of maps in the Library of Congress by P. Lee Phillips;;Government Printing Office;;Washington;1903;XV, 397 p. , 28 cm ,;Ciencia y cultura en general // Bibliografía. Catálogos. Obras de consulta //;;;;;;;;;;Library of Congress -- Catálogos--  // Filipinas -- Bibliografías --  //;;;;;;;;017.1(753 W.)  //  016(599)  //;;;;;;;;;;;;;;;xx;eng;;;Libro;;B_19_FIL //;http://bdh-rd.bne.es/viewer.vm?id=0000129196&page=1 **;http://bdh-rd.bne.es/text.vm?id=0000129196&first=1&last=427 **
bimo0001781626;;;;Infantería : escalafón general de los señores gefes y oficiales en 1º de marzo de 1845, por el orden de antigüedad en sus respectivas clases;;;;[s.n.]  Imp. de Pedro de Sanz y Sanz;;[S.l.] , Madrid;1845;182 p. , 21 cm ,;;;;;;;;;;;España --  // Infantería -- España -- Escalafones --  //;;;;;;;;356.1(460).084.8  //;;;;;;;;;;;;;;;sp;spa;;;Libro;;9/227174 //;http://bdh-rd.bne.es/viewer.vm?id=0000056053&page=1 **;http://bdh-rd.bne.es/text.vm?id=0000056053&first=1&last=231 **
bimo0001783720;Vicuña Mackenna, Benjamín , 1831-1886  //;;;D. Juan Manuel Rosas delante de la posteridad y la confiscación política restablecida en la lejislación [sic] de Sud-América;;;;[s.n.];;[Lima?];1860;69 p. , 20 cm ,;Independencia Americana // Geografía. Biografías. Historia // Historia de América Latina //;;Autor (p. 19): B. Vicuña Mackenna  //;;;;;;;;Rosas, Juan Manuel de --  // Argentina -- Política y gobierno -- 1817-1860 --  // Chile -- Política y gobierno -- 1824-1920 --  //;;;;;;;;"(82)  //  929 Rosas, Juan Manuel de  //  32(82)""1817/60""  //  32(83)""1824/1920""  //  94(82)""1817/60""  //  94(83)""1824/1920""  //";;;;;;;;;;;;;;;pe;spa;;;Libro;;9/231769(3) //;http://bdh-rd.bne.es/viewer.vm?id=0000119265&page=1 **;http://bdh-rd.bne.es/text.vm?id=0000119265&first=1&last=73 **
bimo0001784106;Ribeyro, Juan Antonio  //;;;Perú y España exposición de algunos puntos importantes de la cuestión actual entre los dos países;;;;[s.n.]  Tip. de Aurelio Alfaro y Cª;;[S.l.] , Lima;1865;40, [32] p. , 29 cm ,;Geografía. Biografías. Historia // Historia de América Latina //;;Autor (pág. 40): Juan Antonio Ribeyro  //;;;;;;;;Perú -- Historia -- 1864 (Cuestión española) --  // Perú -- Relaciones -- España --  // España -- Relaciones -- Perú --  //;;;;;;;;"(85)  //  327(460:85)""18""  //  327(85:460)""18""  //  94(85)""1864""  //";;;;;;;;;;;;;;;pe;spa;;;Libro;;9/231546(4) //;http://bdh-rd.bne.es/viewer.vm?id=0000143473&page=1 **;http://bdh-rd.bne.es/text.vm?id=0000143473&first=1&last=72 **
bimo0001789052;Gams, Pius Bonifacius  //;;;Die Kirchengeschichte von Spanien;;von Pius Bonifacius Gams;;Georg Joseph Manz;;Regensburg;1862 - 1864;v. , 24 cm ,;Religión. Teología // Cristianismo. Historia eclesiástica // Tavera //;1. Bd. Die drei ersten Jahrhunderte (XII, 422 p.) -- 2. Bd. Vom vierten bis Ende des eilften Jahrhunderts, Jahr 305 bis 1085: 1. Abt. 305 bis 589 2. Abt. 589 bis 1085 (VIII, 492 p.)// 1. Bd. Die drei ersten Jahrhunderte (XII, 422 p.) -- 2. Bd. Vom vierten bis Ende des eilften Jahrhunderts, Jahr 305 bis 1085: 1. Abt. 305 bis 589 2. Abt. 589 bis 1085 (VIII, 492 p.)//;;;;;;;;;España -- Historia eclesiástica --  //;;;;;;;;27(460)  //  26  //;;;;;;;;;;;;;;;gw;ger;;;Libro;;h27 //;http://bdh-rd.bne.es/viewer.vm?id=0000044147&page=1 ** http://bdh-rd.bne.es/viewer.vm?id=0000044147&page=433 **;http://bdh-rd.bne.es/text.vm?id=0000044147&first=1&last=432 ** http://bdh-rd.bne.es/text.vm?id=0000044147&first=433&last=930 **
bimo0001791800;;;;Las hazañas de los francotiradores en Bélgica según los relatos de la misma prensa belga;;;;"[s.n.]  Tip. ""La Académica""";;[S.l.] , Barcelona;1930;17 p., [3] h. de lám. , il. , 22 cm ,;Ciencias sociales // Derecho. Administración pública //;;;;;;;;;;Guerra mundial, 1914-1918 -- Campañas -- Bélgica --  // Francotiradores -- Bélgica -- Historia --  //;;;;;;;;"356.15(493)""1914/18""  //  34  //";;;;;;;;;;;;;;;sp;spa;;;Libro;;AfrGF/6995(8) //;http://bdh-rd.bne.es/viewer.vm?id=0000118914&page=1 **;http://bdh-rd.bne.es/text.vm?id=0000118914&first=1&last=20 **
bimo0001793309;Verdós, P.  //;;;Acción terapéutica del alcohol en las pneumo y cardiopatías agudas;;por P. Verdós;;El Cosmos Editorial;;Madrid;1884;249 p. , 19 cm ,;Medicina. Farmacia //;;;;;;;;;;Alcohol -- Uso terapéutico --  // Pulmones -- Enfermedades -- Tratamiento --  // Corazón -- Enfermedades -- Tratamiento --  //;;;;;;;;61  //;;;;;;;;;;;;;;;sp;spa;;;Libro;;1/10069 //;http://bdh-rd.bne.es/viewer.vm?id=0000119060&page=1 **;http://bdh-rd.bne.es/text.vm?id=0000119060&first=1&last=267 **
bimo0001793529;Vergara Antunez, Rodolfo  //;;;Vida del Illmo. señor don Joaquín Larraín Gandarilla, arzobispo titular de Anazarba;;por el Pbro. D. Rodolfo Vergara Antunez;;[s.n.]  Imp. Chile;;[S.l.] , Santiago de Chile;1914;280 p. , 1 retr. , 27 cm ,;Geografía. Biografías. Historia // Historia de América Latina //;;;;;;;;;;Larraín Gandarillas, Joaquín --  //;;;;;;;;(83)  //  929 Larraín Gandarillas, Joaquín  //;;;;;;;;;;;;;;;cl;spa;;;Libro;;HA/4132 //;http://bdh-rd.bne.es/viewer.vm?id=0000119971&page=1 **;http://bdh-rd.bne.es/text.vm?id=0000119971&first=1&last=295 **
bimo0001806338;José Manuel de Jesús  //;;;Exposición que el provincial del Carmen hizo al Supremo Gobierno sobre las ventas de fincas que celebraron algunos conventos de su orden;;;;[s.n.]  Imp. Galván;;[S.l.] , México;1834;12 pág. , 19 cm ,;Hispanoamérica // Ciencias sociales // Economía //;;Autor (p. 12): José Manuel de Jesús  //;;;;;;;;Desamortización -- México --  //;;;;;;;;332.264.4(72)  //;;;;;;;;;;;;;;;mx;spa;;;Libro;;HA/28011 //;http://bdh-rd.bne.es/viewer.vm?id=0000045255&page=1 **;http://bdh-rd.bne.es/text.vm?id=0000045255&first=1&last=12 **
bimo0001807163;Latimer, S. Frances  //;;;The English in Canary Isles being a journal in Tenerife and Gran Canaria, with latest information;;by S. Frances Latimer;;"Western Daily Mercury Office ;  Simpkin, Marshall andCo.";;PlymouthLondon;1888;II, 340 p., [8] h. de lám. , 20 cm ,;;;;;;;;;;;Latimer, S. Frances --  // Tenerife -- Descripción --  // Gran Canaria -- Descripción --  //;;;;;;;;"913(460.411 Tenerife)""18""  //  913(460.413 Gran Canaria)""18""  //  929 Latimer, S. Frances  //";;;;;;;;;;;;;;;xx;eng;;;Libro;;DGMICRO/51252 //;http://bdh-rd.bne.es/viewer.vm?id=0000065053&page=1 **;http://bdh-rd.bne.es/text.vm?id=0000065053&first=1&last=394 **
bimo0001815264;;;;Cuadro político de la isla de Cuba contestación a un folleto anónimo con el epígrafe de cuatro palabras al discurso del Señor Montalvo, pronunciado en la sesión de 15 de enero y a un artículo de D. Antonio Gutiérrez, inserto en el número 91 del periódico El Español;;;;[s.n.]  Imp. de Juan Pinad;;[S.l.] , Burdeos;1836;52 p. , 23 cm ,;Hispanoamérica // Geografía. Biografías. Historia // Historia de América Latina //;;;;;;;;;;Tacón, Miguel, -- Duque de la Unión de Cuba --  // Cuatro palabras en contestación al breve discurso del Excelentisimo Señor Montalvo, Procurador á Cortes por la isla de Cuba, pronunciado en la sesión del 15 del corriente --  // Cuba -- Historia -- 1810-1899 --  //;;;;;;;;"(729.1)  //  929 Tacón, Miguel, Duque de la Unión de Cuba  //  94(729.1)""1810/99""  //";;;;;;;;;;;;;;;fr;spa;;;Libro;;HA/14026 //;http://bdh-rd.bne.es/viewer.vm?id=0000124029&page=1 **;http://bdh-rd.bne.es/text.vm?id=0000124029&first=1&last=58 **
bimo0001815290;López, Vicente Fidel , 1815-1903  //;;;Debate histórico refutación a las comprobaciones históricas sobre la historia de Belgrano;;por Vicente Fidel López;;Librería La Facultad;;Buenos Aires;1916;3 v. , 19 cm ,;Biblioteca Argentina, 16-18 //;;;;;;;;;;Mitre, Bartolomé --  // Mitre, Bartolomé --  // Argentina -- Historia -- 1776-1810 (Virreinato del Río de la Plata) --  // Argentina -- Historia -- 1810-1817 (Guerra de la Independencia) --  //;;;;;;;;"(82)  //  93 Mitré, Bartolomé  //  94(82)""1776/1810""  //  94(82)""1810/17""  //";;;;;;;;;;;;;;;ag;spa;;;Libro;;HA/76182 // HA/76183 // HA/76184 //;http://bdh-rd.bne.es/viewer.vm?id=0000053533&page=1 ** http://bdh-rd.bne.es/viewer.vm?id=0000053533&page=318 ** http://bdh-rd.bne.es/viewer.vm?id=0000053533&page=621 **;http://bdh-rd.bne.es/text.vm?id=0000053533&first=1&last=317 ** http://bdh-rd.bne.es/text.vm?id=0000053533&first=318&last=620 ** http://bdh-rd.bne.es/text.vm?id=0000053533&first=621&last=967 **
bimo0001816977;Mobellán, Sebastián de  //;;;Memorias mejicanas historia anecdótica de las revoluciones acaecidas en la República de Méjico desde el año de 1820 hasta el de 1860;;escrita para el folletín de Las Novedades por Sebastián de Mobellán;;[s.n.]  Imp. de Las Novedades, a cargo de A. Querol;;[S.l.] , Madrid;1862;42 p. , 23 cm ,;Hispanoamérica // Geografía. Biografías. Historia // Historia de América Latina //;;;;;;;;;;México -- Historia -- 1821-1861 --  //;;;;;;;;"(72)  //  94(72)""1821/61""  //";;;;;;;;;;;;;;;sp;spa;;;Libro;;HA/26085 //;http://bdh-rd.bne.es/viewer.vm?id=0000121023&page=1 **;http://bdh-rd.bne.es/text.vm?id=0000121023&first=1&last=42 **
bimo0001820131;Burgos, Agustin José de  //;;;Sermones de la Santísima Virgen María, Madre de Dios y hombre verdadero y Señora Nuestra : son veinte y cuatro en los que se manifiestan sus glorias ... y un sermón de San Juan Evangelista ... además otros sermones de las llagas de Jesucristo ...;;por el M.R.P. Fr. Agustín José de Burgos;;[s.n.]  Imp. de Mariano Caro;;[S.l.] , Sevilla;1835;525 p. , 21 cm ,;;;;;;;;;;;Virgen María -- Sermones --  //;;;;;;;;252:232.931  //;;;;;;;;;;;;;;;sp;spa;;;Libro;;9/246041 //;http://bdh-rd.bne.es/viewer.vm?id=0000133317&page=1 **;http://bdh-rd.bne.es/text.vm?id=0000133317&first=1&last=272 **
bimo0001820499;A. M. M.  //;;;Trisagio mariano dedicado para honor y alabanza de María Santísima en su imagen de los Ángeles que se venera pintada en una pared;;compuesto por el P. Fr. A.M.M.;;[s.n.]  Imp. de V. Segura;;[S.l.] , México;1854;32 p. , 14 cm ,;;;;;;;;;;;Virgen de los Ángeles -- Oraciones --  //;;;;;;;;243  //;;;;;;;;;;;;;;;mx;spa;;;Libro;;12/193221 //;http://bdh-rd.bne.es/viewer.vm?id=0000145983&page=1 **;http://bdh-rd.bne.es/text.vm?id=0000145983&first=1&last=43 **
bimo0001827069;Gutiérrez del Caño, Marcelino , 1861-1922  //;;;Códices y manuscritos que se conservan en la Biblioteca de la Universidad de Valladolid;;"por Marcelino Gutiérrez del Caño ; con un prólogo de Juan Ortega y Rubio ; y una advertencia preliminar de el [sic] Excmo. Sr. Enrique de Leguina";;Imp. y Librería Nacional y Extranjera de Hijos de Rodríguez;;Valladolid;1888;X, 210 p. , 21 cm ,;;;;;;;;;;;Manuscritos -- Universidad de Valladolid. Biblioteca -- Catálogos --  //;;;;;;;;017.1(460.185 V.)  //  016:091  //;;;;;;;;;;;;;;;sp;spa;;;Libro;;B_73_VALL_UNIV //;http://bdh-rd.bne.es/viewer.vm?id=0000089276&page=1 **;http://bdh-rd.bne.es/text.vm?id=0000089276&first=1&last=233 **
bimo0001827458;Un Presbítero  //;;;Novena meditada consagrada a la Santísma Virgen María en el misterio de su gloriosa Asunción a los cielos para alcanzar de la divina misericordia, por la mediación de esta Señora, tres favores que necesita el pecador para lograr su eterna salvación, a saber la verdadera conversión, la perseverancia en la gracia y la buena muerte;;por un Presbitero;;[s.n.]  Imp. de los Amigos del País;;[S.l.] , Manila;1858;64 p. , 16 cm ,;Hispanoamérica // Religión. Teología // Teología //;;;;;;;;;;Virgen de la Asunción -- Novenas --  //;;;;;;;;27-312.47 Virgen de la Asunción  //  27-312.47-534.3  //  243  //  21  //;;;;;;;;;;;;;;;ph;spa;;;Libro;;HA/15615 //;http://bdh-rd.bne.es/viewer.vm?id=0000097856&page=1 **;http://bdh-rd.bne.es/text.vm?id=0000097856&first=1&last=71 **
bimo0001827493;Nuñez, J. Abelardo  //;;;Organización de escuelas normales;;por J. Abelardo Núñez;;[s.n.]  Imp. de la Librería Americana;;[S.l.] , Santiago;1883;349 p. , 26 cm ,;Hispanoamérica // Ciencias sociales // Educación. Enseñanza // Estudios sobre Educación Moderna, 1 //;;;;;;;;;;Escuelas normales --  //;;;;;;;;377.8  //;;;;;;;;;;;;;;;cl;spa;;;Libro;;HA/34653 //;http://bdh-rd.bne.es/viewer.vm?id=0000074733&page=1 **;http://bdh-rd.bne.es/text.vm?id=0000074733&first=1&last=365 **
bimo0001830105;Lumiares, Antonio Valcárcel Pío de Saboya y Moura, Conde de , 1748-1808  // Delgado, Antonio , 1805-1879  //;;;Inscripciones y antigüedades del Reino de Valencia;;"recogidas y ordenadas por el Excmo. Sr. D. Antonio Valcárcel Pío de Saboya ; e ilustradas por Antonio Delgado";;[s.n.];;[Madrid];1852;114 p., 69 h. de lám. , 29 cm ,;Ciencia y cultura en general // Escritura // Geografía. Biografías. Historia // Arqueología. Prehistoria. Restos arqueológicos // Memorias de la Real Academia de la Historia, 8 //;;;;;;;;;;Inscripciones latinas -- Comunidad Valenciana --  // Comunidad Valenciana -- Restos arqueológicos romanos --  //;;;;;;;;003.344.71(460.31)  //  904(460.31):7.032(37)  //;;;;;;;;;;;;;;;sp;spa;;;Libro;;12/195789 //;http://bdh-rd.bne.es/viewer.vm?id=0000051692&page=1 **;http://bdh-rd.bne.es/text.vm?id=0000051692&first=1&last=119 **
bimo0001853531;Selgas y Carrasco, José , 1822-1882  //;;;Un rostro y un alma cartas auténticas;;por José Selgas;;Librería de Leocadio López;;Madrid;1874;240 p. , 19 cm ,;Lingüística. Literatura // Literatura española //;;;;;;;;;;;;;;;;;;"821.134.2-31""18""  //";;;;;;;;;;;;;;;sp;spa;;;Libro;;9/246096 //;http://bdh-rd.bne.es/viewer.vm?id=0000092292&page=1 **;http://bdh-rd.bne.es/text.vm?id=0000092292&first=1&last=263 **
bimo0001853899;Ortega y Frías, Ramón , 1825-1883  //;;;Abelardo y Eloisa : (historia de dos mártires) : novela original;;de Ramón Ortega y Frías;;Urbano Manini;;Madrid;1867;2 v. (664, 624 p.) , 22 cm ,;;;;;;;;;;;Abelardo, Pedro -- Novelas --  // Héloïse -- Novelas --  //;;;;;;;;"821.134.2-3  //  821.134.2-31""18""  //  929 Abelardo, Pedro (0:82)  //  929 Héloïse (0:82)  //";;;;;;;;;;;;;;;sp;spa;;;Libro;;9/241784 // 9/241785 //;http://bdh-rd.bne.es/viewer.vm?id=0000014332&page=1 ** http://bdh-rd.bne.es/viewer.vm?id=0000014332&page=692 **;http://bdh-rd.bne.es/text.vm?id=0000014332&first=1&last=691 ** http://bdh-rd.bne.es/text.vm?id=0000014332&first=692&last=1328 **
bimo0001854877;Fernández de Moratín, Leandro , 1760-1828  //;;;Epistolario;;Leandro Fernández de Moratín;;Compañía Ibero-Americana de Publicaciones;;MadridBuenos Aires;1929;317 p. , 1 retr. , 18 cm ,;Geografía. Biografías. Historia // Biografías. Heráldica. Genealogía // Las cien mejores obras de la literatura española, v 73 //;;;;;;;;;;Fernández de Moratín, Leandro -- Correspondencia --  //;;;;;;;;929 Fernández de Moratín, Leandro  //;;;;;;;;;;;;;;;sp;spa;;;Libro;;12/178782 //;http://bdh-rd.bne.es/viewer.vm?id=0000128149&page=1 **;http://bdh-rd.bne.es/text.vm?id=0000128149&first=1&last=333 **
bimo0001858688;Jourdanet, Denis  //;;;Le Mexique et l'Amérique tropicale climats, hygiène et maladies;;par D. Jourdanet;;J.B. Baillière et fils;;Paris;1864;VIII, 459 p., [1] h. pleg. de mapa , 18 cm ,;Medicina. Farmacia //;;;;;;;;;;Climatología médica -- México --  // Enfermedades tropicales -- México --  //;;;;;;;;(72)  //  613.1(72)  //  616.5(72)  //;;;;;;;;;;;;;;;fr;fre;;;Libro;;HA/15535 //;http://bdh-rd.bne.es/viewer.vm?id=0000048613&page=1 **;http://bdh-rd.bne.es/text.vm?id=0000048613&first=1&last=481 **
bimo0001858711;Krueger, C. J.  //;;;Aritmética práctica o mercantil. Primera parte;;por C.J. Krüger;;[s.n.]  en la Imp. de José María Palmer;;[S.l.] , Habana;1835;104 p. , 15 cm ,;;;;;;;;;;;Aritmética --  //;;;;;;;;511.1  //;;;;;;;;;;;;;;;cu;spa;;;Libro;;HA/15938 //;http://bdh-rd.bne.es/viewer.vm?id=0000133095&page=1 **;http://bdh-rd.bne.es/text.vm?id=0000133095&first=1&last=119 **
bimo0001859889;Linares, Abel  //;;;Guide book of Havana and the island of Cuba with illustrations and maps also an anglo spanish vocabulary;;compiled by Abel Linares;;"[s.n.]  Printing Est. ""La Lucha""";;[S.l.] , Havana;1893;80 p. , il. , 16 cm ,;Hispanoamérica // Geografía. Biografías. Historia // Exploraciones. Viajes //;;;;;;;;;;Cuba -- Guías turísticas --  //;;;;;;;;"(729.1)  //  913(729.1)""18""  //";;;;;;;;;;;;;;;cu;eng;;;Libro;;HA/11327 //;http://bdh-rd.bne.es/viewer.vm?id=0000075005&page=1 **;http://bdh-rd.bne.es/text.vm?id=0000075005&first=1&last=95 **
bimo0001860691;Pacheco, Carlos  //;;;Memoria presentada al Congreso de la Unión por el secretario de Estado y del despacho de Fomento, Colonización, Industria y Comercio de la República Mexicana, general Carlos Pacheco;;;;[s.n.]  Oficina Tip. de la Secretaría de Fomento;;[S.l.] , México;1885 - 1887;6 v. , il. , 31 cm ,;Hispanoamérica // Ciencias sociales // Economía //;v. 1-3. Corresponde a los años transcurridos de diciembre de 1877 a diciembre de 1882 -- v. 4-5. Corresponde a los años transcurridos de enero de 1883 a junio de 1885 -- v. 6. Atlas// v. 1-3. Corresponde a los años transcurridos de diciembre de 1877 a diciembre de 1882 -- v. 4-5. Corresponde a los años transcurridos de enero de 1883 a junio de 1885 -- v. 6. Atlas//;;;;;;;;;México -- Situación económica -- S.XIX --  // México -- Mapas --  //;;;;;;;;"(72)  //  338.1(72)""18""  //  912(72)""18""  //";;;;;;;;;;;;;;;mx;spa;;;Libro;;HA/16004 // HA/16005 // HA/16006 // HA/16007 // HA/16008 // HA/16009 //;http://bdh-rd.bne.es/viewer.vm?id=0000004812&page=1 ** http://bdh-rd.bne.es/viewer.vm?id=0000004812&page=715 ** http://bdh-rd.bne.es/viewer.vm?id=0000004812&page=1652 ** http://bdh-rd.bne.es/viewer.vm?id=0000004812&page=2519 ** http://bdh-rd.bne.es/viewer.vm?id=0000004812&page=3472 ** http://bdh-rd.bne.es/viewer.vm?id=0000004812&page=3514 ** http://bdh-rd.bne.es/viewer.vm?id=0000004812&page=3560 ** http://bdh-rd.bne.es/viewer.vm?id=0000004812&page=3570 ** http://bdh-rd.bne.es/viewer.vm?id=0000004812&page=4108 ** http://bdh-rd.bne.es/viewer.vm?id=0000004812&page=4133 ** http://bdh-rd.bne.es/viewer.vm?id=0000004812&page=4140 ** http://bdh-rd.bne.es/viewer.vm?id=0000004812&page=4176 **;http://bdh-rd.bne.es/text.vm?id=0000004812&first=1&last=714 ** http://bdh-rd.bne.es/text.vm?id=0000004812&first=715&last=1651 ** http://bdh-rd.bne.es/text.vm?id=0000004812&first=1652&last=2518 ** http://bdh-rd.bne.es/text.vm?id=0000004812&first=2519&last=3471 ** http://bdh-rd.bne.es/text.vm?id=0000004812&first=3472&last=3513 ** http://bdh-rd.bne.es/text.vm?id=0000004812&first=3514&last=3559 ** http://bdh-rd.bne.es/text.vm?id=0000004812&first=3560&last=3569 ** http://bdh-rd.bne.es/text.vm?id=0000004812&first=3570&last=4107 ** http://bdh-rd.bne.es/text.vm?id=0000004812&first=4108&last=4132 ** http://bdh-rd.bne.es/text.vm?id=0000004812&first=4133&last=4139 ** http://bdh-rd.bne.es/text.vm?id=0000004812&first=4140&last=4175 ** http://bdh-rd.bne.es/text.vm?id=0000004812&first=4176&last=4200 **
bimo0001861839;Pascual, Faustino  //;;;Discurso pronunciado por el Sr. D. Faustino Pascual ... en obsequio de D. Manuel Crespo, gobernador y capitán general de Filipinas;;traducido libremente por Fr. Francisco Gainza;;[s.n]  Imp. del Colegio de Santo Tomás;;[S.l.] , Manila;1855;[16] p. , 25 cm ,;Hispanoamérica // Geografía. Biografías. Historia // Biografías. Heráldica. Genealogía //;;;;;;;;;;Crespo, Manuel --  // Filipinas -- Historia -- 1812-1898 --  //;;;;;;;;"(599)  //  929 Crespo, Manuel  //  94(599)""1812/98""  //";;;;;;;;;;;;;;;ph;spa;;;Libro;;HA/48808 //;http://bdh-rd.bne.es/viewer.vm?id=0000047041&page=1 **;http://bdh-rd.bne.es/text.vm?id=0000047041&first=1&last=24 **
bimo0001862604;;Instituto Homeopático de Rio Janeiro  //;;Patogenesia de los medicamentos, llamados brasileños;;"publicación del Instituto Homeopático de Río de Janeiro ; version castellana por ***";;[s.n.]  Imp. de Beltrán y Viñas;;[S.l.] , Madrid;1859;229 p. , 20 cm ,;Hispanoamérica // Medicina. Farmacia //;;Precede al título: Materia médica homeopática  //;;;;;;;;Materia médica homeopática -- Brasil --  //;;;;;;;;615.32(81)  //;;;;;;;;;;;;;;;sp;spa;;;Libro;;HA/8980 //;http://bdh-rd.bne.es/viewer.vm?id=0000124979&page=1 **;http://bdh-rd.bne.es/text.vm?id=0000124979&first=1&last=253 **
bimo0001862636;Ortiz de Taranco, Matilde  //;;;Pleito en primera y única instancia promovido por doña Matilde Ortiz de Taranco, viuda de D. Alfonso Portillo, magistrado que fue de la Audiencia Pretorial de La Habana, sobre pensión de Monte-pío;;;;[s.n.];;[S.l.];1863;3 p. , 21 cm ,;Hispanoamérica // Ciencias sociales // Beneficencia. Seguros // Derecho. Administración pública //;;Título tomado de la cabecera del texto  //;;;;;;;;Funcionarios coloniales -- Pensiones -- España --  // Pensiones de viudedad -- España --  //;;;;;;;;353.8(460).087.8  //  34  //  36  //;;;;;;;;;;;;;;;xx;spa;;;Libro;;HA/26102 //;http://bdh-rd.bne.es/viewer.vm?id=0000074626&page=1 **;http://bdh-rd.bne.es/text.vm?id=0000074626&first=1&last=4 **
bimo0001863451;Peña, Francisco Javier de la , fl. 1825-1842  //;;;Arenga cívica que para el 16 de septiembre de 1832, tenía preparada el ciudadano natural y vecino de La Puebla de los Ángeles;;Francisco Javier de la Peña;;[s.n.]  Imp. de Galván;;[S.l.] , Méjico;1833;27 p. , 22 cm ,;Hispanoamérica // Geografía. Biografías. Historia // Historia de América Latina //;;;;;;;;;;México -- Historia -- 1810-1821 (Guerra de la Independencia) --  //;;;;;;;;"(72)  //  94(72)""1810/21""  //";;;;;;;;;;;;;;;mx;spa;;;Libro;;HA/26134 //;http://bdh-rd.bne.es/viewer.vm?id=0000127170&page=1 **;http://bdh-rd.bne.es/text.vm?id=0000127170&first=1&last=28 **
bimo0001864244;Buckley, J. M.  //;;;Travels in three continents Europe, Africa, Asia;;by J.M. Buckley;;Hunt & Eaton  Cranston & Curts;;New YorkCincinnati;1895;XVIII, 614 p. , il. , 24 cm ,;Geografía. Biografías. Historia // Atlas // Exploraciones. Viajes //;;Índice  //;;;;;;;;Europa -- Descripción --  // África -- Descripción --  // Asia -- Descripción --  //;;Nueva York, Estados Unidos //;;;;;;"913(4)""18""  //  913(5)""18""  //  913(6)""18""  //";;;;;;;;;;;;;;;xx;eng;;;Libro;;GMm/1308 // GMm/1308 //;http://bdh-rd.bne.es/viewer.vm?id=0000000449 **
bimo0001864294;Pino, Pedro Bautista  //;;;Noticias históricas y estadísticas de la antigua provincia del Nuevo-México;;"presentadas por su diputado en Cortes D. Pedro Bautista Pino en Cádiz el año 1812 ; adicionadas por el Lic. D. Antonio Barreiro en 1839 ; y últimamente anotadas por el Lic. Don José Agustín de Escudero para la Comisión de Estadística Militar de la República Mexicana";;[s.n.]  Imp. de Lara;;[S.l.] , México;1849;IV, 98 p. , 22 cm ,;Hispanoamérica // Geografía. Biografías. Historia // Geografía //;;;;;;;;;;Nuevo México (Estados Unidos, Estado) -- Descripción --  //;;;;;;;;"(72)  //  908(789)""18""  //";;;;;;;;;;;;;;;mx;spa;;;Libro;;HA/34074 //;http://bdh-rd.bne.es/viewer.vm?id=0000120303&page=1 **;http://bdh-rd.bne.es/text.vm?id=0000120303&first=1&last=107 **
bimo0001865742;;;;Proceso del General Santa-Anna;;;;[s.n.]  impreso por Francisco Torres;;[S.l.] , México;1836;8 p. , 22 cm ,;Hispanoamérica // Geografía. Biografías. Historia // Historia de América Latina //;;Título tomado de la cabecera del texto  //;;;;;;;;López de Santa Anna, Antonio -- Procesos --  // México -- Historia -- 1821-1861 --  //;;;;;;;;"(72)  //  34.096 López de Santa Anna, Antonio  //  929 López de Santa Anna, Antonio  //  94(72)""1821/61""  //";;;;;;;;;;;;;;;mx;spa;;;Libro;;HA/26013 //;http://bdh-rd.bne.es/viewer.vm?id=0000121031&page=1 **;http://bdh-rd.bne.es/text.vm?id=0000121031&first=1&last=8 **
bimo0001865774;;;;El Seminario y la Universidad Pontificia de Comillas en el XXV aniversario de su fundación, 1892-1917 álbum conmemorativo;;;;[s.n.]  Tall. Gráf. de la Sociedad General de Publicaciones;;[S.l.] , Barcelona;1918;197 p. , il. , 22 x 30 cm ,;Ciencias sociales // Educación. Enseñanza //;;;;;;;;;;Universidad Pontificia Comillas -- Historia--  //;;;;;;;;378.4(460.27 M.)(091)  //;;;;;;;;;;;;;;;sp;spa;;;Libro;;12/317292 //;http://bdh-rd.bne.es/viewer.vm?id=0000099177&page=1 **;http://bdh-rd.bne.es/text.vm?id=0000099177&first=1&last=211 **
bimo0001866473;Paz, José María , 1791-1854  //;;;Memorias póstumas del General José María Paz;;José María Paz;;Editorial-América;;Madrid;1917;491 p. , 22 cm ,;Biblioteca Ayacucho, 16 // Biblioteca Ayacucho // Geografía. Biografías. Historia // Historia de América Latina //;;;;;;;;;;Paz, José María --  // Argentina -- Historia -- 1810-1817 (Guerra de la Independencia) -- Relatos personales --  // Argentina -- Historia -- 1817-1860 -- Relatos personales --  //;;;;;;;;"(82)  //  929 Paz, José María  //  94(82)""1810/17""(093.3)  //  94(82)""1817/60""(093.3)  //";;;;;;;;;;;;;;;sp;spa;;;Libro;;HA/76504 //;http://bdh-rd.bne.es/viewer.vm?id=0000083799&page=1 **;http://bdh-rd.bne.es/text.vm?id=0000083799&first=1&last=501 **
bimo0001867238;Reyes, Gaspar de los  //;;;Gramática de las lemguas [sic] zapoteca-serrana y zapoteca del valle;Gramática de las lenguas zapoteca-serrana y zapoteca del valle  //;"por Gaspar de los Reyes ; mandada imprimir por disposición del Sr. General D. Gregorio Chávez, Gobernador Constitucional del Estado de Oaxaca y Lic. Agustín Canseco, Secretario del Gobierno del mismo ; dirigida la impresión por el Lic. Francisco Belmar";;[s.n.]  Imp. del Estado, a cargo de Ignacio Candiani;;[S.l.] , Oaxaca;1891;100 p. , 22 cm ,;Hispanoamérica // Lingüística. Literatura // Lingüística y lenguas //;;;;;;;;;;Lengua zapoteca -- Gramática --  //;;;;;;;;(72)  //  811.823.7'36  //;;;;;;;;;;;;;;;mx;zap;;;Libro;;HA/15429 //;http://bdh-rd.bne.es/viewer.vm?id=0000121410&page=1 **;http://bdh-rd.bne.es/text.vm?id=0000121410&first=1&last=115 **
bimo0001867262;Pujol y de Camps, Marcelo  //;;;Apuntes para el presente y porvenir de Cuba nociones sobre las corrientes políticas de la época en relación con nuestros asuntos antillanos ...;;Marcelo Pujol y de Camps;;"[s.n.]  Imp. del ""Avisador Comercial""";;[S.l.] , Habana;1885;XIX, 243 p. , 23 cm ,;Hispanoamérica // Geografía. Biografías. Historia // Historia de América Latina //;;;;;;;;;;Cuba -- Historia -- 1878-1895 --  //;;;;;;;;"(729.1)  //  94(729.1)""1878/95""  //";;;;;;;;;;;;;;;cu;spa;;;Libro;;HA/15424 //;http://bdh-rd.bne.es/viewer.vm?id=0000095902&page=1 **;http://bdh-rd.bne.es/text.vm?id=0000095902&first=1&last=275 **
bimo0001868045;Rivera, Antonio , s. XIX  //;;;Apéndice a los hechos más notables del General D. Leopoldo O'Donnell durante su permanencia en la isla de Cuba;;Antonio Rivera;;s.n.;;[Londres?];1855?;[1] h. , 30 cm ,;Hispanoamérica // Geografía. Biografías. Historia // Biografías. Heráldica. Genealogía //;;;;;;;;;;O'Donnell y Joris, Leopoldo --  // Esclavos -- Comercio -- Cuba --  // Cuba -- Historia -- 1810-1899 --  //;;;;;;;;"(729.1)  //  326.1(729.1)""18""  //  929 O'Donnell y Joris, Leopoldo  //  94(729.1)""1810/99""  //";;;;;;;;;;;;;;;xx;spa;;;Libro;;HA/25334 //;http://bdh-rd.bne.es/viewer.vm?id=0000127172&page=1 **;http://bdh-rd.bne.es/text.vm?id=0000127172&first=1&last=6 **
bimo0001868371;;;;Reglamento interino e instrucción práctica para uso de las estaciones meteorológicas secundarias de las Islas Filipinas 1884;;;;[s.n.]  Estab. Tipo-Litogr. de M. Pérez Hijo;;[S.l.] , Manila;1884;VIII, 39 p., [4] h. pleg. , 21 cm ,;Hispanoamérica // Ciencias puras. Ciencias naturales // Ciencias de la tierra. Ciencias geológicas //;;;;;;;;;;Observatorios meteorológicos -- Filipinas --  //;;;;;;;;551.501(599)  //;;;;;;;;;;;;;;;ph;spa;;;Libro;;HA/15911 //;http://bdh-rd.bne.es/viewer.vm?id=0000097818&page=1 **;http://bdh-rd.bne.es/text.vm?id=0000097818&first=1&last=64 **
bimo0001868381;Saldías, Adolfo , 1850-1914  //;;;La evolución republicana durante la revolución argentina;;Adolfo Saldías;;Editorial-América;;Madrid;1919;409 p. , 23 cm ,;Biblioteca Ayacucho, 45 // Biblioteca Ayacucho // Geografía. Biografías. Historia // Historia de América Latina //;;;;;;;;;;Argentina -- Historia -- 1810-1817 (Guerra de la Independencia) --  // Argentina -- Historia -- 1817-1860 --  //;;;;;;;;"(82)  //  94(82)""1810/17""  //  94(82)""1817/60""  //";;;;;;;;;;;;;;;sp;spa;;;Libro;;HA/76526 //;http://bdh-rd.bne.es/viewer.vm?id=0000096018&page=1 **;http://bdh-rd.bne.es/text.vm?id=0000096018&first=1&last=427 **
bimo0001868780;;;;Reglamento para saladeros y establecimientos análogos y para criadero de cerdos;;;;[s.n.]  Imp. del Siglo;;[S.l.];1871;43 p. , 18 cm ,;Hispanoamérica // Ciencias aplicadas. Tecnología // Ganaderia. Veterinaria //;;;;;;;;;;Industria cárnica -- Salubridad --  // Salud pública -- Argentina -- Órdenes, reglamentos, etc. --  //;;;;;;;;637.5:614.31  //  351.773(82):637.5  //  636  //;;;;;;;;;;;;;;;ag;spa;;;Libro;;HA/26826 //;http://bdh-rd.bne.es/viewer.vm?id=0000074574&page=1 **;http://bdh-rd.bne.es/text.vm?id=0000074574&first=1&last=52 **
bimo0001868783;Robertson, John Parish  // Robertson, William Parish  //;;;Letters on Paraguay: comprising an account of a four years’ residence in that Republic, under the Government of the Dictator Francia;;by J. P. and W. P. Robertson;;John Murray;;London;1838;"2 v. (XXVII, 359 ; X, 342 p.) , il., mapa , 21 cm ,";Geografía. Biografías. Historia // Exploraciones. Viajes //;;;;;;;;;;Francia, José Gaspar Rodríguez de --  // Paraguay -- Descripción --  //;;;;;;;;"(892)  //  913(892)""18""  //  929 Francia, José Gaspar Rodríguez de  //";;;;;;;;;;;;;;;xx;eng;;;Libro;;HA/18358 // HA/18359 //;http://bdh-rd.bne.es/viewer.vm?id=0000004951&page=1 ** http://bdh-rd.bne.es/viewer.vm?id=0000004951&page=404 **;http://bdh-rd.bne.es/text.vm?id=0000004951&first=1&last=403 ** http://bdh-rd.bne.es/text.vm?id=0000004951&first=404&last=772 **
bimo0001871017;Rossignon, Jules  //;;;"Manual del cultivo de la caña de azúcar del laboreo del azúcar, de su refinación por los nuevos procederes ; tratado de la destilación de los productos fermentados de la caña, de los azúcares brutos, de las mieles ...";;por Julio Rossignon;;Librería de Rosa y Bouret;;París;1859;304 p., [1] h. pleg. de lám. , il. , 17 cm ,;Ciencias aplicadas. Gastronomía // Gastronomía // Enciclopedia hispano-americana //;;;;;;;;;;Caña de azúcar -- Cultivo --  // Azúcar -- Elaboración y refino --  //;;;;;;;;633.61  //  664.1  //  641/642  //;;;;;;;;;;;;;;;fr;spa;;;Libro;;HA/9071 //;http://bdh-rd.bne.es/viewer.vm?id=0000124669&page=1 **;http://bdh-rd.bne.es/text.vm?id=0000124669&first=1&last=314 **
bimo0001872209;La Sagra, Ramón de , 1798-1871  //;;;Cuba en 1860 o sea, cuadro de sus adelantos en la población, la agricultura, el comercio y las rentas públicas : suplemento a la primera parte de la Historia política y natural de la Isla de Cuba;;por Ramón de la Sagra;;Librería de L. Hachette y Cª;;París;1862;282 p. , 40 cm ,;Geografía. Biografías. Historia // Geografía // Tavera // Hispanoamérica //;;;;;;;;;;Cuba -- Situación económica -- S.XIX --  //;;;;;;;;"(729.1)  //  338.1(729.1)""18""  //  908(729.1)  //";;;;;;;;;;;;;;;fr;spa;;;Libro;;HA/19319 //;http://bdh-rd.bne.es/viewer.vm?id=0000051969&page=1 **;http://bdh-rd.bne.es/text.vm?id=0000051969&first=1&last=282 **
bimo0001872587;Gáscue, F. , 1848-1920  //;;;Materiales para el estudio del folk-lore músico vasco;;"F. Gáscue ; prólogo de Arturo Campión";;[s.n.]  Imp. de Martín, Mena y Compª;;San Sebastián;1920;XIX, 203 p. , 26 cm ,;;;;;;;;;;;Música tradicional -- País Vasco --  //;;;;;;;;78.011.26(460.15)  //;;;;;;;;;;;;;;;sp;spa;;;Libro;;M/15525 //;http://bdh-rd.bne.es/viewer.vm?id=0000063539&page=1 **;http://bdh-rd.bne.es/text.vm?id=0000063539&first=1&last=239 **
bimo0001873220;;Junta Provincial de Agricultura, Industria y Comercio de Barcelona  //;;Dictámen de la Junta Provincial de Agricultura, Industria y Comercio de Barcelona, sobre el proyecto de tratado de comercio con Inglaterra;;;;[s.n.]  Imp. de Narciso Ramírez y Compañía;;[S.l.] , Barcelona;1868;15 p., [1] h. pleg. , 27 cm ,;Ciencias aplicadas. Tecnología // Agricultura. Selvicultura. Ganaderia. Caza. Pesca // Ciencias sociales // HEconomía //;;;;;;;;;;España -- Comercio exterior -- Inglaterra -- Tratados, convenios, etc. --  //;;;;;;;;339.542(460:410.1)  //;;;;;;;;;;;;;;;sp;spa;;;Libro;;VC/698/44 //;http://bdh-rd.bne.es/viewer.vm?id=0000077950&page=1 **;http://bdh-rd.bne.es/text.vm?id=0000077950&first=1&last=22 **
