idBNE;Autor Personas;Autor Entidades;Título uniforme;Título;Otros Títulos;Información asociada al título;Edición;Editorial;Editor musical;Lugar de publicación;Fecha de publicación;Descripción física;Serie;Contenido;Descripción y notas;Citas o referencias;transcripciones de interés;Procedencia;Intérpretes;Resumen;Premios;Periodicidad;Tema;Género/Forma;Lugar relacionado;Forma de la composición sonora;Forma de la composición notada;tipo material cartográfico;Proyección del mapa;Escala del mapa;CDU;Otra clasificación;id registros relacionados;información asociada a registros relacionados;id otras ediciones;información asociada a otras ediciones;id título anterior;información asociada a título anterior;id título posterior;información asociada a título posterior;ISBN;ISSN;Depósito Legal;Otros Números Normalizados;Número Bibliografía Nacional;País de publicación;Lengua de publicación;Lengua original;otras lenguas;Tipo de documento;Condiciones de uso;signatura;version_digital;texto_OCR
bima0000033695;Consuegra, Francisco de  // Juan de los Reyes (Jer.) -coaut  // Marín, Antonio , fl. 1726-1784 -imp.  //;;;Ordinario y ceremonial de la Missa y oficio divino segun el orden de la Santa Iglesia Romana, sus Rubricas, y Rito del Missal, Breviario, Ritual Romano y las costumbres loables de la Orden de nuestro Padre San Geronymo ...;;[Fr. Francisco de Consuegra y Fr. Juan de los Reyes];Nuevamente añadido, corregido y enmendado ... /,por el Padre Fr. Juan de los Reyes, monge professo ...;por Antonio Marin;;En Madrid;1752;[8], 399 p., [1] en bl. , 4º ,;;;"Los autores de la obra figuran en la licencia (r. de ¶2) consta: ""... que por Comission de nuestra Orden, compusieron, y ordenaron los Padres Fr. Francisco de Consuegra, y Fr. Juan de los Reyes ... Professos de nuestro Monasterio de San Lorenzo el Real del Escorial ...""  // Sign.: ¶⁴, A-Z⁸, Aa-Bb⁸  // Portada con grabado calcográfico que representa a San Jerónimo y en la parte inferior leyenda: ""Norma vitae, lex morum omnium""  //";;;;;;;;Liturgia -- Obras anteriores a 1800 --  //;;Madrid, España //;;;;;;26  //;;;;;;;;;;;;;;;sp;spa;;;Libro;;2/51967 //;http://bdh-rd.bne.es/viewer.vm?id=0000075570&page=1 **;http://bdh-rd.bne.es/text.vm?id=0000075570&first=1&last=421 **
bima0000034904;Chicaneau de Neuville, Didier Pierre  //;;;Considerations sur les ouvrages d'esprit;;;;[S.i.];;Amsterdam;1758;2 h., 164 p. , 12º ,;;;Encabazamiento tomado de Barbier, Dictionnaire des ouvrages anonymes  //;;;;;;;;;;;;;;;;;;;;;;;;;;;;;;;ne;fre;;;Libro;;DGMICRO/69801 //;http://bdh-rd.bne.es/viewer.vm?id=0000061289&page=1 **;http://bdh-rd.bne.es/text.vm?id=0000061289&first=1&last=180 **
bima0000034905;Chicaneau de Neuville, Didier Pierre  //;;;Dictionnaire philosophique ou Introduction a la connoissance de l'homme;Introduction a la connoissance de l'homme  //;;;[s.n.];;Londres;1751;IV, 381 p. , 8º ,;;;El autor es De Neuville' (Ve Barbier Nº 3843)  //;;;;;;;;;;;;;;;;;;;;;;;;;;;;;;;xx;eng;;;Libro;;3/45342 //;http://bdh-rd.bne.es/viewer.vm?id=0000231994&page=1 **;http://bdh-rd.bne.es/text.vm?id=0000231994&first=1&last=401 **
bima0000035254;Daniel, T.  //;;;The present state of the british customs... being the only complete system of duties extaut...;;By T. Daniel;;E. Cave;;London;1752;3 h., 174 p. , --- ,;;;;;;;;;;;;;;;;;;;;;;;;;;;;;;;;;;xx;eng;;;Libro;;3/77651 //;http://bdh-rd.bne.es/viewer.vm?id=0000247547&page=1 **;http://bdh-rd.bne.es/text.vm?id=0000247547&first=1&last=98 **
bima0000035363;David, Jean-Pierre  //;;;"Recherches sur la maniere d'agir de la saignée ; et sur les effets qu'elle produit relativement á la partie où on la fait";;;;Dessain Junior;;Paris;1762;p. , 8º ,;;;;;;;;;;;;;;;;;;;;;;;;;;;;;;;;;;fr;fre;;;Libro;;DGMICRO/71401 //;http://bdh-rd.bne.es/viewer.vm?id=0000061124&page=1 **;http://bdh-rd.bne.es/text.vm?id=0000061124&first=1&last=372 **
bima0000035365;Davies, David , 1742-1819  //;;;The case of Cabourers in husbandry staded and considered in three parts... with en Appendix...;;;;R. Cruttwell;;Bath;1795;3 pte. en 1 v. , --- ,;;;;;;;;;;;;;;;;;;;;;;;;;;;;;;;;;;xx;eng;;;Libro;;3/77524 //;http://bdh-rd.bne.es/viewer.vm?id=0000247437&page=1 **;http://bdh-rd.bne.es/text.vm?id=0000247437&first=1&last=215 **
bima0000035374;Dávila, Tomás (O.S.A.)  // Alonso y Padilla, Pedro José  //;;;Vida y passion de la Santa Mantyr Eudocia ... sacada de sus antiquissimas actas;;por... Fr. Thomas Davila del Orden de San Agustin;Segunda impression;a costa de D. Pedro Joseph Alonso y Padilla ...   se hallara en su imprenta y libreria;;En Madrid;1736;[32], 187, [3], [2] p, en bl. , 8º ,;Geografía. Biografías. Historia // Biografías. Heráldica. Genealogía //;;Colofón  // Sign: ¶-2¶⁸, A-M⁸  // Inic. grab.  // Port. con viñeta xil.  //;Aguilar Piñal. Bib. S.XVIII v. 3, 42  //;;;;;;;Eudocia, -- Santa -- Biografías --  //;;Madrid, España //;;;;;;;;;;;;;;;;;;;;;sp;spa;;;Libro;;3/27454 //;http://bdh-rd.bne.es/viewer.vm?id=0000083479&page=1 **;http://bdh-rd.bne.es/text.vm?id=0000083479&first=1&last=115 **
bima0000035648;;;;Defense de la constitution de N.S.P. Le Pape portant conclamnation du Nouveau Testament du Pere Quesmel &;;par un Prêtre du Clergé, doct. en Theol.;;J.F. Broncart;;A Liege;1714;p. , 12º ,;;;;;;;;;;;;;;;;;;;;;;;;;;;;;;;;;;be;fre;;;Libro;;3/10531 //;http://bdh-rd.bne.es/viewer.vm?id=0000212981&page=1 **;http://bdh-rd.bne.es/text.vm?id=0000212981&first=1&last=463 **
bima0000035725;Delambre, Jean-Baptiste-Joseph , 1749-1822  // Courcier -impresor   //;;;Abrégé d'astronomie, ou leçons élémentaires d'astronomie théorique et pratique;Leçons élémentaires d'astronomie théorique et pratique  //;;;Mme. Ve. Courcier ...;;Paris;1813;XVI, 652, [2] p., [14] h. de lám. pleg. , 20.5 cm ,;;;Las láminas son grabados calcográficos de instrumentos, gráficos, fórmulas, etc. alusivos a la obra  //;;;;;;;;Astronomía --  //;;París, Francia //;;;;;;;;;;;;;;;;;;;;;fr;fre;;;Libro;;DGMICRO/51389 //;http://bdh-rd.bne.es/viewer.vm?id=0000057149&page=1 **;http://bdh-rd.bne.es/text.vm?id=0000057149&first=1&last=690 **
bima0000036085;;;;Descripcion de las exequias, que el Real Colegio de San Phelipe y Santiago de la Universidad de Alcalá celebró por el Rey Don Fernando VI. en la Real Capilla de San Diego de Alcalá en el año de 1760, y oracion funebre que en ellas dixo el Dr. Don Vicente Fernandez Valcarce;;;;Ant. Perez de Soto;;Madrid;1761;p. , 4º ,;;;;;;;;;;;;;;;;;;;;;;;;;;;;;;;;;;sp;spa;;;Libro;;DGMICRO/71444 //;http://bdh-rd.bne.es/viewer.vm?id=0000064754&page=1 **;http://bdh-rd.bne.es/text.vm?id=0000064754&first=1&last=76 **
bima0000036139;;;;Description exacte des Isles de L'Archipel, et de quelques autres adjacentes... : Traduite du flamand D'O. Dapper...;;;;George Gallet;;Amsterdam;1703;1 h., anteport. grab., 2 h., 29 mapas y lám., 556 p., 2 h. , --- ,;;;;;;;;;;;;;;;;;;;;;;;;;;;;;;;;;;ne;fre;dut;fre //;Libro;;3/77654 //;http://bdh-rd.bne.es/viewer.vm?id=0000247561&page=1 **;http://bdh-rd.bne.es/text.vm?id=0000247561&first=1&last=340 **
bima0000036325;Despretz, César-Mansuete  //;;;Traité élémentaire de Physique;;par C[ésar-Mansuete] Despretz;;[J. Pinard];;Paris;1825;3 h., IV, 762 p., 1 h., 1-14 lám. , 8º mlla. (21 cm) ,;;;;;;;;;;;;;;;;;;;;;;;;;;;;;;;;;;fr;fre;;;Libro;;DGMICRO/51405 //;http://bdh-rd.bne.es/viewer.vm?id=0000057096&page=1 **;http://bdh-rd.bne.es/text.vm?id=0000057096&first=1&last=800 **
bima0000036920;;;;Difficultez proposées à M. l'Eveque de Soissons, sur sa lettre á M. d'Auxerre, en reponse á celle de ce Prélont;;par un Theologi en Catholique;;[s.n.];;Sans lieu;1724;p. , 12º ,;;;;;;;;;;;;;;;;;;;;;;;;;;;;;;;;;;fr;fre;;;Libro;;3/10529 //;http://bdh-rd.bne.es/viewer.vm?id=0000212978&page=1 **;http://bdh-rd.bne.es/text.vm?id=0000212978&first=1&last=199 **
bima0000037031;Diosdado Caballero, Ramón (S.I.) , 1740-1829  // Bombelli, Salvatore -imp.  //;;;Ricerche critiche appartenenti all'Accademia del Pontano;;;;per Salvatore Bombelli;;Roma;1798;[4], 146, [2] p. , 8º ,;Geografía. Biografías. Historia //;;Sign.: [ ]², A-H⁸, I¹⁰  // Anteportada  //;Palau 74038  // Aguilar Piñal.Bib.S.XVIII v. 2, 26  //;;;;;;;;;Roma, Italia //;;;;;;;;;;;;;;;;;;;;;it;ita;;;Libro;;2/68018 //;http://bdh-rd.bne.es/viewer.vm?id=0000064666&page=1 **;http://bdh-rd.bne.es/text.vm?id=0000064666&first=1&last=159 **
bima0000037048;Herbert, William , 1718-1795  // Nichelson, William  // Dunn, Samuel , m. 1794  // Gregory, Henry -impresor  //;;;A new directory for the East-Indies ... : a work ... begun upon the plan of the Oriental Neptune,;;"augmented and improved by Mr. Willm. Herbert, Mr. Willm. Nichelson, and others ; and ... methodised, correted and further enlarged by Samuel Dunn ...";Fifth edition;printed for Henry Gregory;;London;1780;XXXVI, 554 p., [1] h. de lám. , 4º ,;;;a-d⁴, e², B-Z⁴, 2A-2Z⁴, 3A-3Z⁴  // Frontispicio calcográfico  //;;;;;;;;Pacífico -- Descubrimientos y exploraciones --  //;;Londres, Inglaterra //;;;;;;;;;;;;;;;;;;;;;en;eng;;;Libro;;DGMICRO/51395 //;http://bdh-rd.bne.es/viewer.vm?id=0000057107&page=1 **;http://bdh-rd.bne.es/text.vm?id=0000057107&first=1&last=594 **
bima0000037205;Ditton, Humphry  //;;;The general laws of nature and motion with their mechanicks;;;;T. Mead;;Lond;1705;p. , 8º ,;;;;;;;;;;;;;;;;;;;;;;;;;;;;;;;;;;xx;eng;;;Libro;;3/49423 // 3/49423 //;http://bdh-rd.bne.es/viewer.vm?id=0000107466&page=1 **;http://bdh-rd.bne.es/text.vm?id=0000107466&first=1&last=269 **
bima0000037236;Dobson, John  //;;;Chronological Annals of the War, from its beginning to the present time...;;By Mr. Dobson...;;The Clarendon Press;;Oxford;1763;1 h., XV, 327 p., 4 h. , --- ,;;;Encabezamiento tomado de British Museum Catalogue vol. 14  //;;;;;;;;;;;;;;;;;;;;;;;;;;;;;;;xx;eng;;;Libro;;3/77888 //;http://bdh-rd.bne.es/viewer.vm?id=0000248412&page=1 **;http://bdh-rd.bne.es/text.vm?id=0000248412&first=1&last=374 **
bima0000037306;Domingo de San Pedro de Alcántara , s. XVII  // Villagordo y Alcaraz, Antonio José , fl. 1729-1777 -imp.  //;;;Palma victoriosa de la Mystica Ciudad de Dios contra un satanas emmascarado;;escrita y aora nuevamente añadida en este segunda impression por ... Fray Domingo de San Pedro ...;;por Antonio Villargordo;;En Salamanca;1743;[44], 276, [6], 44 [i.e. 34], 36, [23] p., [1] en bl. , 4º ,;;;"Precede al título: ""Ave Maria""  // Sign.: ¶-5¶⁴, 6¶², A-Z⁴, 2A-2L⁴, 2M², A-I⁴, 2K², 2N-2P⁴  // Portada con orla tipográfica  //";Aguilar Piñal. Bib. S.XVIII v. 3, 721  //;;;;;;;Virgen María -- Obras de controversia --  //;;Madrid, España //;;;;;;2  //;;;;;;;;;;;;;;;sp;spa;;;Libro;;3/53979 //;http://bdh-rd.bne.es/viewer.vm?id=0000076681&page=1 **;http://bdh-rd.bne.es/text.vm?id=0000076681&first=1&last=427 **
bima0000037389;Dordelu du Fays, Abbé -aut  //;;;Observations historiques sur la nation gauloise;;;;[s.n.];;Paris;1746;p. , 12º ,;;;;;;;;;;;;;;;;;;;;;;;;;;;;;;;;;;fr;fre;;;Libro;;DGMICRO/70251 //;http://bdh-rd.bne.es/viewer.vm?id=0000050284&page=1 **;http://bdh-rd.bne.es/text.vm?id=0000050284&first=1&last=204 **
bima0000037486;Drake, Francis  //;;;"Eboracum ; or the history and antiquities of the city of York... : Together with the history of the Cathedral Church and the lives of the Archbishops...";;;;William Bowyer;;London;1736;2 t. en 1 v. , con 57 lám. , --- ,;;;Con grab. intercal.  //;;;;;;;;;;;;;;;;;;;;;;;;;;;;;;;xx;eng;;;Libro;;3/77652 //;http://bdh-rd.bne.es/viewer.vm?id=0000247551&page=1 **;http://bdh-rd.bne.es/text.vm?id=0000247551&first=1&last=486 **
bima0000037767;Duguet, Jacques Joseph , 1649-1733  //;;;Institution d'un prince, ou Traité des qualitez... d'un Souverain : soit par rapport au Gouvernement Temporel de ses Etats... qui est necessairement liée avec la Religion;;;;Jean Nourse;;Londres;1739;20 h., 738 p. , 4º mlla. ,;;;"En quatre parties  // Barbier ""Dictionnaire des ouvrages anonymes...""  //";;;;;;;;;;;;;;;;;;;;;;;;;;;;;;;xx;fre;;;Libro;;DGMICRO/69989 //;http://bdh-rd.bne.es/viewer.vm?id=0000040602&page=1 ** http://bdh-rd.bne.es/viewer.vm?id=0000040602&page=198 ** http://bdh-rd.bne.es/viewer.vm?id=0000040602&page=395 ** http://bdh-rd.bne.es/viewer.vm?id=0000040602&page=592 ** http://bdh-rd.bne.es/viewer.vm?id=0000040602&page=791 **;http://bdh-rd.bne.es/text.vm?id=0000040602&first=1&last=197 ** http://bdh-rd.bne.es/text.vm?id=0000040602&first=198&last=394 ** http://bdh-rd.bne.es/text.vm?id=0000040602&first=395&last=591 ** http://bdh-rd.bne.es/text.vm?id=0000040602&first=592&last=790 ** http://bdh-rd.bne.es/text.vm?id=0000040602&first=791&last=820 **
bima0000037842;Duleau, A.  //;;;Theoretisch : praktische Versuche uber deu Widerstand oder die Haltbarkeit des geschmiedeten Eisens...;;Von A. Duleau... Aus dem Franzosischen isbersetzt... von Dr. J.G.L. Blumhof...;;Sottfried Basse;;Quedlinburg undLeipzig;1825;VIII, 94 p., 1 h., 8 tablas , 8º ,;;;;;;;;;;;;;;;;;;;;;;;;;;;;;;;;;;gw;ger;;;Libro;;3/73631 //;http://bdh-rd.bne.es/viewer.vm?id=0000244397&page=1 **;http://bdh-rd.bne.es/text.vm?id=0000244397&first=1&last=76 **
bima0000037893;Dumouriez, Charles-François , 1739-1823  //;;;Etat présent du Royaume de Portugal, en l'année MDCCLXVI...;;;;François Granet;;Lausanne;1775;XVI, 303 p. , --- ,;;;Encabezamiento tomado de Barbier Ouvrages anonymes vol. II col. 302  //;;;;;;;;;;;;;;;;;;;;;;;;;;;;;;;sz;fre;;;Libro;;3/77963 //;http://bdh-rd.bne.es/viewer.vm?id=0000247622&page=1 **;http://bdh-rd.bne.es/text.vm?id=0000247622&first=1&last=331 **
bima0000037992;Du Plessis d'Argentré, Charles , 1673-1749  //;;;Elementa theologica;;;;[s.n.];;Paris;1702;p. , 4º pº ,;;;;;;;;;;;;;;;;;;;;;;;;;;;;;;;;;;fr;lat;;;Libro;;3/17672 //;http://bdh-rd.bne.es/viewer.vm?id=0000216429&page=1 **;http://bdh-rd.bne.es/text.vm?id=0000216429&first=1&last=503 **
bima0000038245;Echard, Laurence  //;;;Dictionnaire geographique;;traduit de l'anglois sur la 3me. edit. avec des additions & des corrections par M. Vosgieu;Troisieme edition;[s.n.];;Haie;1748;2 t. In 1 v. , 8º ,;;;;;;;;;;;;;;;;;;;;;;;;;;;;;;;;;;fr;fre;eng;fre //;Libro;;DGMICRO/68980 //;http://bdh-rd.bne.es/viewer.vm?id=0000061930&page=1 **;http://bdh-rd.bne.es/text.vm?id=0000061930&first=1&last=826 **
bima0000038246;Echard, Laurence  //;;;Dictionnaire géographique portatif;;Trad. de l'anglois par Mr. Vosgien;Nouv. édit.;Chez Didot;;Paris;1749;p. , 8º mlla. ,;;;;;;;;;;;;;;;;;;;;;;;;;;;;;;;;;;fr;fre;eng;fre //;Libro;;DGMICRO/69361 //;http://bdh-rd.bne.es/viewer.vm?id=0000015801&page=1 ** http://bdh-rd.bne.es/viewer.vm?id=0000015801&page=121 ** http://bdh-rd.bne.es/viewer.vm?id=0000015801&page=401 **;http://bdh-rd.bne.es/text.vm?id=0000015801&first=1&last=120 ** http://bdh-rd.bne.es/text.vm?id=0000015801&first=121&last=400 ** http://bdh-rd.bne.es/text.vm?id=0000015801&first=401&last=624 **
bima0000038272;Echarri, Francisco (O.F.M.)  // Burguete, Alfonso , fl. 1720-1735 -imp.  //;;;Directorio moral, que comprehende ... todas las materias de la Theologia Moral, y novissimos Decretos de los Sumos Pontifices, que han condenado diversas proposiciones ... obra muy util y necessaria para un recto examen de confessores y parrocos ...: contiene ocho partes ...;;por el R. P. Fr. Francisco Echarri, predicador ... de la Regular Observancia de nuestro Padre San Francisco;Quarta impression/ corregida, mejorada y añadida por su autor ...;por Alfonso Burguete ...;;En Pamplona;1733;[24], 664 p. , 4º ,;;;La mención de edición precede a la de responsabilidad  // Existen al menos dos ediciones, con idénticos datos en la portada, pero que presentan variantes en la composición tipográfica  // Sign.: ¶⁴, ¶¶⁸, A-Z⁸, Aa-Ss⁸, Tt⁴  // Iniciales grabadas y adornos xilográficos a lo largo del texto  // Texto a dos columnas  //;Aguilar Piñal. Bib. S.XVIII v. 3, n. 902  //;;;;;;;Moral cristiana -- Iglesia Católica -- Enseñanza -- España --  //;;Pamplona, España //;;;;;;26  //;;;;;;;;;;;;;;;sp;spa;;;Libro;;3/77732 //;http://bdh-rd.bne.es/viewer.vm?id=0000071794&page=1 **;http://bdh-rd.bne.es/text.vm?id=0000071794&first=1&last=693 **
bima0000038276;Echarri, Francisco (O.F.M.)  // Santiago Gómez, José -ed.  // López Muñoz, Antonio (O.F.M.) -adic.  //;Viuda de José de Orga (fl. 1756-1772) -imp.  //;;Directorio Moral;;"del R. P. Fr. Francisco Echarri del orden de nuestro padre San Francisco en la regular observancia;  ilustrado, reformado y añadido con la explicacion de varias constituciones de NN. SS.PP. Benedicto XIV, y Clemente XIII ... ; con una breve Instruccion de Predicadores, por el R.P. Fr. Antonio Lopez Muñoz ... de la referida Orden, en la provincia de Cartagena";;"por la Viuda de Joseph de Horga;   a costa de Joseph Santiago Gomez, mercader de libros en Murcia, donde se hallará";;En Valencia[Murcia];1770;[16], 624, [4] p. , 4º ,;;;Sign.: ¶-2¶⁴, A-Z⁴, 2A-2Z⁴, 3A-3Z⁴, 4A-4I⁴, 4K²  // Iniciales grabadas y adornos xilográficos a lo largo del texto  // Texto a dos columnas  //;Aguilar Piñal. Bib. S.XVIII v. 3, n. 907  //;;;;;;;Moral cristiana -- Iglesia Católica -- Enseñanza -- España --  //;;Murcia, España // Valencia, España //;;;;;;26  //;;;;;;;;;;;;;;;sp;spa;;;Libro;;2/70485 //;http://bdh-rd.bne.es/viewer.vm?id=0000094143&page=1 **;http://bdh-rd.bne.es/text.vm?id=0000094143&first=1&last=651 **
bima0000038398;Eguía y Harrieta, Félix Fermín  // Barthelemi -ed.  //;;;Formulario o rezetario quirurgico ... aprobado por el real proto-medicato y que se ha mandado se observe en los hospitales : glosado y traducido del latin en nuestro idioma, con muchas ethimologìas ...;;por el doctor Don Felix Eguia, medico ...;;se hallarà en casa de Diego Barthelemi, librero francés ...  y en el hospital de la passion, quarto del autor ...;;EnMadrid;1750;[16], 155, [2] p., [1] en bl. , 8º ,;;;Fecha aproximada de impresión tomada de la aprobación: Febrero 20 de 1750  // Sign.: ¶⁸, A-I⁸, K⁸⁻¹  // Inicial grabada y grabado xilográfico al comienzo del texto  //;;;;;;;;Cirugía -- España -- S.XVIII --  //;;Madrid, España //;;;;;;61  //;;;;;;;;;;;;;;;sp;spa;lat;spa //;Libro;;3/47442 //;http://bdh-rd.bne.es/viewer.vm?id=0000051331&page=1 **;http://bdh-rd.bne.es/text.vm?id=0000051331&first=1&last=181 **
bima0000038610;;;;Elemens de phisiologie;;par M***;;[s.n.];;Paris;1756;p. , 8º ,;;;;;;;;;;;;;;;;;;;;;;;;;;;;;;;;;;fr;fre;;;Libro;;DGMICRO/69768 //;http://bdh-rd.bne.es/viewer.vm?id=0000064323&page=1 **;http://bdh-rd.bne.es/text.vm?id=0000064323&first=1&last=576 **
bima0000038943;Elliot, Georges  //;;;The life of the most noble Arthur Duke of Wellington : from the period of his firs achievements in India, down to the battle of Waterloo and his invasion of France in 1815;;;Second edition;Printed by J. Cundie;;London;1816;1 h., XII p., 1 h., 680 p., 11 h. , 8º mlla. (21 cm) ,;;;Con retrato del duque, un mapa y un grabado  // (La vida del nobilisimo Arturo, duque de Wellington, desde la epoca de sus primeras hazanas en la India hasta la batalla de Waterloo, y su invasion de Francia en 1815)  //;;;;;;;;;;;;;;;;;;;;;;;;;;;;;;;xx;eng;;;Libro;;DGMICRO/69493 //;http://bdh-rd.bne.es/viewer.vm?id=0000134601&page=1 ** http://bdh-rd.bne.es/viewer.vm?id=0000134601&page=287 ** http://bdh-rd.bne.es/viewer.vm?id=0000134601&page=568 **;http://bdh-rd.bne.es/text.vm?id=0000134601&first=1&last=286 ** http://bdh-rd.bne.es/text.vm?id=0000134601&first=287&last=567 ** http://bdh-rd.bne.es/text.vm?id=0000134601&first=568&last=827 **
bima0000039011;Encina, Juan Antonio de la (C.O.)  // Carvajal y Lancaster, José de -dedicatario  //;Viuda de Antonio Bordázar de Artazu -impresor  //;;Reconocida, respetosa y obligada gratitud que a la ... memoria del ... Sr. Don Alvaro Carvajal y Lancaster, canonigo y arcediano de Moya ... , tributó en afectuosas exequias la ... Ciudad de Cuenca, y dedica al ... Sr. D. Joseph de Carvajal y Lancaster ...;;dixo el panegirico funebre el P. D. Juan Antonio de la Encina, colegial del Mayor del Arzobispo de Salamanca ...;;por la Viuda de Antonio Bordazar, Plaza del Arzobispo;;En Valencia;1750;[48], 216 p. , 4º ,;;;Fecha de impresión aproximada tomada de la fecha de la censura  // Sign.: ¶-6¶⁴, A-Z⁴, 2A-2D⁴  // Iniciales grabadas  //;Aguilar Piñal. Bib. S. XVIII v. 3, 1085  //;;;;;;;Carvajal y Lancaster, Álvaro de --  // Exequias --  //;;Valencia, España //;;;;;;2  //;;;;;;;;;;;;;;;sp;spa;;;Libro;;7/14023 //;http://bdh-rd.bne.es/viewer.vm?id=0000113875&page=1 **;http://bdh-rd.bne.es/text.vm?id=0000113875&first=1&last=268 **
bima0000039119;Engelgrave, Henricus , 1610-1670  //;Herederos de Thomas von Cöllen -imp.  // Herederos de Joseph Huisch -imp.  //;;Lux evangelica sub Velum Sacrorum Emblematum recondita, in omnes dominicas totius anni, selectâ historiâ & morali doctrinâ variè adumbrata;;"per R.P. Henricum Engelgrave, Societatis Jesu theologum ...; pars II";Editio novissima,recognita, aucta, & à plurimis mendis, in prioribus editionibus commissis expurgata ...;Sumpt. Hered. Thomae von Cöllen & Josephi Huisch;;Coloniae Agrippinae;1726;[8], 527, [21] p. , 4º ,;;;Mención de edición precede a mención de parte  // Marca tipográfica en portada de Thomas von Cöllen  // Sign.: T̓⁴, A-Z⁴, 2A-2Z⁴, 3A-3Y⁴, 3Z²  // Texto a dos columnas con apostillas marginales  //;;;;;;;;Año litúrgico --  //;;Colonia, Alemania //;;;;;;;;;;;;;;;;;;;;;gw;lat;;;Libro;;1/9312 //;http://bdh-rd.bne.es/viewer.vm?id=0000208149&page=1 **;http://bdh-rd.bne.es/text.vm?id=0000208149&first=1&last=563 **
bima0000039265;Entick, John  //;;;Entick's New-Spelling Dictionary...;;;A new edition, revised...,By William Crakelt;Carles Dilly;;London;1788;XXXVI, 492 p. , 16º (12 cm) ,;;;Arrancada una tapa  //;;;;;;;;;;;;;;;;;;;;;;;;;;;;;;;xx;eng;;;Libro;;3/76953 //;http://bdh-rd.bne.es/viewer.vm?id=0000246963&page=1 **;http://bdh-rd.bne.es/text.vm?id=0000246963&first=1&last=266 **
bima0000039371;;;;Epistola ad amicum de diviniae scripturae literali sensu explicando á conónico interprete in Cathedralibus;;;;Brissonius;;Luteciae Parisiorum;1740;155 p. , 8º ,;;;;;;;;;;;;;;;;;;;;;;;;;;;;;;;;;;fr;lat;;;Libro;;2/65589 // 2/65589 //;http://bdh-rd.bne.es/viewer.vm?id=0000063134&page=1 **;http://bdh-rd.bne.es/text.vm?id=0000063134&first=1&last=163 **
bima0000039414;Metternich, Arnold -impresor  //;;;Epistolae doctorum, eloquentorum et catholicorum virorum ad varia membra & supposita Sacrae Facultatis Coloniensis pro congratulatione et aliis materiis seu subjectis supra Declarationem praelibatae Facultatis circa Constitutionem Sanctissimi Domini Clementis XI contra P. Quenel;;;;typis Arnoldi van Metternick;;Aquisgrani;1715;93 p, [1] p. en bl. , 12º ,;;;Sign.: A-C¹², D¹²⁻¹  // Viñeta tipográfica en portada  //;ICCU IT\ICCU\TO0E\037607 (28-11-2017)  // SUDOC n. 100416136 (28-11-2017)  //;;;;;;;Quesnel, Pasquier -- Crítica e interpretación --  // Iglesia Católica --  // Jansenismo -- Obras de controversia --  // Alemania -- Historia eclesiástica --  //;;Aquisgrán, Alemania //;;;;;;;;;;;;;;;;;;;;;gw;lat;;;Libro;;3/4775 // 3/4775 //;http://bdh-rd.bne.es/viewer.vm?id=0000089219&page=1 **;http://bdh-rd.bne.es/text.vm?id=0000089219&first=1&last=99 **
bima0000039473;Erasmus, Bartholinus  //;;;De cometis anni 1664 et 1665 opusculum;;;;Godicchenii;;Hafniae;1665;p. , 4º ,;;;cum fig.  //;;;;;;;;;;;;;;;;;;;;;;;;;;;;;;;dk;lat;;;Libro;;3/49978 // 3/49978 //;http://bdh-rd.bne.es/viewer.vm?id=0000084787&page=1 **;http://bdh-rd.bne.es/text.vm?id=0000084787&first=1&last=107 **
bima0000040211;Esquivel, José , 1712-1762  // Ibarra, Joaquín , 1725-1785 -imp.  //;;;El devoto de Maria Santissima vida, y virtudes del Siervo de Dios P. Fernando Rodriguez, de los Clerigos Regulares Menores;;escrita por ... Joseph Esquivel, de la misma Religion ...;;en la Imprenta de Joachin Ibarra ...;;En Madrid;1756;[24], 215 p., [1] en bl., [1] h. de lám. , 4º ,;;;Sign.: ¶-¶¶¶⁴, A-Z⁴, Aa-Dd⁴  // La h. de lám., grabado calcográfico que representa al P. Fernando Rodríguez  //;Aguilar Piñal. Bib. S.XVIII v. 3, 1544  //;;;;;;;Rodríguez, Fernando --  //;;Madrid, España //;;;;;;929  //;;;;;;;;;;;;;;;sp;spa;;;Libro;;3/8185 //;http://bdh-rd.bne.es/viewer.vm?id=0000071649&page=1 **;http://bdh-rd.bne.es/text.vm?id=0000071649&first=1&last=249 **
bima0000040271;Perry, George  // Enfield, William  //;;;An Essay towards the history of Leverpool;;drawn up from papers left by... Mr. George Perry and from other materials since collected by William Enfield...;;Warrington Printed;;[Warrington];1773;VI, 116 p., 3 h., 9 lám., 3 mapas pleg. , --- ,;;;;;;;;;;;;;;;;;;;;;;;;;;;;;;;;;;xx;eng;;;Libro;;3/77519 //;http://bdh-rd.bne.es/viewer.vm?id=0000247430&page=1 **;http://bdh-rd.bne.es/text.vm?id=0000247430&first=1&last=260 **
bima0000040861;;;;Eversio Electoratus Babarici opposita assertioni Jo. Adelzvesteri : quam ad turbandos pacis generalis tractatus unisit.;;;;---;;---;1645;p. , 4º ,;;;;;;;;;;;;;;;;;;;;;;;;;;;;;;;;;;xx;lat;;;Libro;;DGMICRO/71451 //;http://bdh-rd.bne.es/viewer.vm?id=0000064771&page=1 **;http://bdh-rd.bne.es/text.vm?id=0000064771&first=1&last=80 **
bima0000041122;Ricord, Tomás  // Monfort, Benito , 1715-1785 -imp.  // Planes, Luis Antonio , 1742-1821 -dib.  // Bru, Manuel , 1736-1802 -grab.  //;;;Extracto de las actas de la Rl. Sociedad Economica de Amigos del Pais de Valencia, que comprende desde el principio del año 1787, hasta 13 de Noviembre 1791;;por Don Tomás Ricord presbítero, su secretario;;y Oficina de D. Benito Monfort;;En Valencia;1792;224 p. , 4º ,;Ciencia y cultura en general // Instituciones científicas. Exposiciones. Museos //;;"Sign.: *⁴, B-Z⁴, Aa-Ee⁴  // Portada con escudo calcográfico de la Real Sociedad, firmado por: ""D. Luis Planes delin., Manuel Brud. sculp. Vo""  //";;;;;;;;Real Sociedad Económica de Amigos del País de Valencia -- Historia--  //;;Valencia, España //;;;;;;;;;;;;;;;;;;;;;sp;spa;;;Libro;;3/77697 //;http://bdh-rd.bne.es/viewer.vm?id=0000082031&page=1 **;http://bdh-rd.bne.es/text.vm?id=0000082031&first=1&last=231 **
bima0000041244;;;;Fables for the female sex;;;(the thrid edition);J. Lister;;London;1766;p. , 8º ,;;;;;;;;;;;;;;;;;;;;;;;;;;;;;;;;;;xx;eng;;;Libro;;DGMICRO/71304 //;http://bdh-rd.bne.es/viewer.vm?id=0000064506&page=1 **;http://bdh-rd.bne.es/text.vm?id=0000064506&first=1&last=226 **
bima0000041429;Faci, Roque Alberto , 1684-1744  // Collin, Richard , 1627-1697? -grab.  //;;;Bibliotheca inferior Collegii S. Joseph Carmelitarum Caesaraugustae indice alphabetico nomina et cognomina auctorum, anonymos, eorumque omnium Tractatus & inscriptiones explicata;;"opera et studio ... Rochi Alberti Faci S. Theologiae Lectoris ... ; innvente ... Fr. Hyacinto Aranaz ...";;[s.n.];;[S.l.];1737;[6], 412 [i.e. 382] p., [2] en bl. , il. , Fol. ,;;;"Fecha de impresión deducida de los datos biográficos del autor  // Sign.: [ ]³, A-Z⁴, Aa-Zz⁴, Aaa-Bbb⁴  // Grabado calcográfico alegórico arquitectónico en recto de h. [ ]₂, representando a los profetas S. Elías y S. Eliseo, a S. Alberto y a S. Angelo, y con pie de imprenta: ""Romae : apud Gulielmu[m] Faciottum, 1616""  // Grabado calcográfico en recto de [ ]₃, retrato de Raimundo de Lumbier: ""R. Collin Chalc. Reg. fecit Bruxellae""  //";Latassa y Ortin. Bibliotecas antigua y nueva de escritores aragoneses Tomo I, pp. 473-7  //;;;;;;;Carmelitas -- Zaragoza --  // Bibliotecas religiosas -- Zaragoza -- Catálogos --  //;Catálogos de bibliotecas --  //;;;;;;;017.1(460.224.2)  //  018  //;;;;;;;;;;;;;;;xx;lat;;;Libro;;3/40910 //;http://bdh-rd.bne.es/viewer.vm?id=0000094173&page=1 **;http://bdh-rd.bne.es/text.vm?id=0000094173&first=1&last=397 **
bima0000041487;Fairfax, Edward  //;;;Tasso's Jerusalem delivered: or, Godfrey of Bulloign : An heroic poem;;Done into English... by Edward Fairfax;The fourth edition, with a Glossary, and Index;J. Purser;;London;1749;2 h., Sign. A-A>4<, a-b>4<, 500 p., Sign. 3S>3<-3X>3< , 8º ,;;;Tasso, Torquato  //;;;;;;;;;;;;;;;;;;;;;;;;;;;;;;;xx;eng;;;Libro;;3/43583 //;http://bdh-rd.bne.es/viewer.vm?id=0000230823&page=1 **;http://bdh-rd.bne.es/text.vm?id=0000230823&first=1&last=557 **
bima0000041569;Imberti, Ghirardo , fl.1620-1640 -impresor  // Imberti, Giuseppe -impresor  //;Compagnia della Lesina  //;;Della famosissima Compagnia della Lesina dialogo, capitoli, e ragionamenti. Con l'assotigliamento in tredici punture della punta d'essa lesina. Alla quale s'è rifatto il Manico in trenta modi, doppo quelli in venti altri. ... Con la nuou'Aggiunta del modo di riceuere li nouitij, delle pene a' cattiui lesinanti, di tre consulti delle matrone per entrare in questa Compagnia. E de gli auuertimenti sopra le malitie de' contadini. Post'insieme dall'Academico Speculatiuo e raccolti dallo Economo della spilorceria. Con la tauola delle cose piu notabili;Continuatione de gli ordini et capitoli della Compagnia della Lesina, nella quale si contiene il modo di riceuere novici, et le punitioni, che si danno à chi trasgredisce gli ordini di detta compagnia ...;;;Ghirardo, & Iseppo Imberti Fratelli;;Venetia;1627;"2 pt. ([8], 180, [3], [1] en bl. ; 78 h.) , 8º ,";;pt. II. Continuatione degli ordini et capitoli della Compagnia della Lesina, nella quale si contiene il modo di riceuere nouici, & le punitioni, che si danno à chi trasgredisce gli ordini di detta compagnia ..., con portada, foliación y signatura propias//;"Sign.: a⁸ A-O⁸; A-I⁸, K¹⁰  // Ambas portadas con grabado xilográfico, emblema de la Compagnia della Lesina (un punzón o lezna), y leyenda: ""L'assottigliarla piu meglio anche fora""  // Iniciales grabadas  // Apostillas marginales  //";;;;;;;;Compagnia della Lesina --  //;;Venecia, Italia //;;;;;;;;;;;;;;;;;;;;;it;ita;;;Libro;;7/11767 // 7/11767 //;http://bdh-rd.bne.es/viewer.vm?id=0000167713&page=1 **;http://bdh-rd.bne.es/text.vm?id=0000167713&first=1&last=417 **
bima0000041773;Du Fay, Abbé  //;;;Manière de fortifier setón la methode de Monsieur de Vavban : avec un traité preliminaire der principes de Geometrie;;;Nouvelle et dermiére ed.;J.B. Coignard;;Paris;1729;p. , avec figur. , 12º ,;;;;;;;;;;;;;;;;;;;;;;;;;;;;;;;;;;fr;fre;;;Libro;;3/43987 //;http://bdh-rd.bne.es/viewer.vm?id=0000231915&page=1 **;http://bdh-rd.bne.es/text.vm?id=0000231915&first=1&last=228 **
bima0000041955;Feijoo, Benito Jerónimo , 1676-1764  // Feijoo, Benito Jerónimo , 1676-1764  // Ibarra, Joaquín , 1725-1785 -imp.  //;Real Compañía de Impresores y Libreros del Reino -ed.  //;;Ilustracion apologetica al primero, y segundo tomo del Theatro Critico donde se notan mas de quatrocientos descuidos al autor del Anti-Theatro : y de los setenta, que éste imputa al autor del Theatro-Critico, se rebaxan los sesenta y nueve y medio;Justa repulsa de inicuas acusaciones;escrita por ... Fr. Benito Geronymo Feijoó y Montenegro ...;;por D. Joachin Ibarra ...  a costa de la Real Compañia de Impresores, y Libreros;;Madrid;1769;"[32], 233 p., [1] en bl. ; [18], 155 p., [1] en bl. , 4º ,";;Justa de iniquas acusaciones : carta en que, manifestando las imposturas, que contra el Theatro Critico, y su autor dió al publico ... Francisco Soto Marne / escribe a un amigo suyo ... Benito Geronymo Feyjoó ... ([18], 155 p., [1] en bl.)// Justa de iniquas acusaciones : carta en que, manifestando las imposturas, que contra el Theatro Critico, y su autor dió al publico ... Francisco Soto Marne / escribe a un amigo suyo ... Benito Geronymo Feyjoó ... ([18], 155 p., [1] en bl.)//;Marca tipográfica de la Real Compañía de Impresores, y Libreros  // Sign.: a-b⁸, A-Z⁸, 2A-2B⁸, 2C⁴  // Notas a pie de página  //;Aguilar Piñal. Bib. S.XVIII v. 3, 1901  //;;;;;;;Mañer, Salvador Joseph --  // Feijoo, Benito Jerónimo --  // Soto y Marne, Francisco --  //;;Madrid, España //;;;;;;821.134.2  //;;;;;;;;;;;;;;;sp;spa;;;Libro;;3/35114 //;http://bdh-rd.bne.es/viewer.vm?id=0000091938&page=1 **;http://bdh-rd.bne.es/text.vm?id=0000091938&first=1&last=443 **
bima0000042025;Feliciano de Sevilla , m. 1722  // López de Haro, Tomás , fl. 1678-1693 -imp.  //;;;Los angelicos principes del Empyreo quantas, y quales sean sus excelencias : quantos, y quales los beneficios, que nos hazen a que personas se esmeran assistir, y favorecer : mas de que modo los obsequiaremos y obligaremos mucho;;su autor el P. Fr. Feliciano de Sevilla ...;;por los Herederos de Thomàs Lopez de Haro, en calle de Genova;;En Sevilla;1711;[48], 637, [1] en bl., [66] p. , 8º ,;;;Fecha de la tassa  // Sign.: ¶-3¶⁸, A-Z⁸, 2A-2X⁸  // Portada con orla xilográfica  // Texto con apostillas marginales  // La ilustración es un grabado xilográfico  //;Aguilar Piñal. Bib. S.XVIII v. 3, 2370  //;;;;;;;Misticismo --  //;;Sevilla, España //;;;;;;25  //;;;;;;;;;;;;;;;sp;spa;;;Libro;;2/44710 //;http://bdh-rd.bne.es/viewer.vm?id=0000075485&page=1 **;http://bdh-rd.bne.es/text.vm?id=0000075485&first=1&last=759 **
bima0000042064;Félix de Jesús María  // Monaldi, Paolo -dib.  // Faldoni, Antonio Giovanni , 1690-1770 -grab.  // De Rossi, Giuseppe -imp.  // De Rossi, Filippo -imp.  //;;;Vida, virtudes y dones sobrenaturales de la ven. sierva de Dios Sor Maria de Jesus ... sacada de los procesos formados para la causa de su beatificacion, y canonizacion;;"su autor el P. Fr. Felix de Jesus Maria ... ; dedicada a la noble, y leal ciudad de La Puebla de los Angeles por el postulador de la causa";;en la Imprenta Joseph, y Philipe de Rossi;;En Roma;1756;[32], 384, [1] p., [1] en bl. , 4º ,;;;"Sign.: [a]⁴, b², c⁴, d⁶, A-Z⁴, 2A-2Z⁴, 3A-3B⁴, [ ]²⁻¹  // Portada con grabado xilográfico  // Anteportada  // Texto a dos columnas  // La h. de lám. es un grabado calcográfico con la imagen de María de Jesús: ""Paulus Monaldi pinx.; I.A. Faldoni inc.""  //";Aguilar Piñal. Bib. S.XVIII v. 3, 2413  //;;;;;;;María de Jesús -- Biografías --  //;;Roma, Italia //;;;;;;2  //;;;;;;;;;;;;;;;it;spa;;;Libro;;2/52149 //;http://bdh-rd.bne.es/viewer.vm?id=0000075569&page=1 **;http://bdh-rd.bne.es/text.vm?id=0000075569&first=1&last=431 **
bima0000042182;Fénelon, François de Salignac de La Mothe , 1651-1715  //;;;Documentum pastorale tertium [et quartum]... Archiepiscopiducis cameracensis... ad clerum & populum suae Diocesis...;;;;Vidua Baltaz Belleri-Valencenis  Officina Henricana;;Duaci;1705;2 t. en 1 v. , 8º (18 cm) ,;;;Encabezamiento tomado de Bibl. de Paris, Cat. vol. 50  //;;;;;;;;;;;;;;;;;;;;;;;;;;;;;;;fr;lat;;;Libro;;DGMICRO/71505 //;http://bdh-rd.bne.es/viewer.vm?id=0000009939&page=1 ** http://bdh-rd.bne.es/viewer.vm?id=0000009939&page=341 ** http://bdh-rd.bne.es/viewer.vm?id=0000009939&page=681 **;http://bdh-rd.bne.es/text.vm?id=0000009939&first=1&last=340 ** http://bdh-rd.bne.es/text.vm?id=0000009939&first=341&last=680 ** http://bdh-rd.bne.es/text.vm?id=0000009939&first=681&last=1018 **
bima0000042766;Ferrand  //;;;"Réponse à l'apologie pour la reformation, pour les reformateurs et pour les reformes : où l'on traite de l'eglise ; del'estat monastique & et de quelques autres matieres de religion";;;;Chez Estienne Mechallet;;A Paris;1685;p. , 12º mlla. ,;;;;;;;;;;;;;;;;;;;;;;;;;;;;;;;;;;fr;fre;;;Libro;;3/10181 //;http://bdh-rd.bne.es/viewer.vm?id=0000212176&page=1 **;http://bdh-rd.bne.es/text.vm?id=0000212176&first=1&last=330 **
bima0000042861;Ferrer, Antonio , s. XVIII  //;;;Arte de conocer y agradar a Iesvs;;;;Por Luys Beros;;Origuela;1631;p. , 4º ,;;;;;;;;;;;;;;;;;;;;;;;;;;;;;;;;;;sp;spa;;;Libro;;DGMICRO/70169 //;http://bdh-rd.bne.es/viewer.vm?id=0000039443&page=1 ** http://bdh-rd.bne.es/viewer.vm?id=0000039443&page=316 ** http://bdh-rd.bne.es/viewer.vm?id=0000039443&page=631 ** http://bdh-rd.bne.es/viewer.vm?id=0000039443&page=946 **;http://bdh-rd.bne.es/text.vm?id=0000039443&first=1&last=315 ** http://bdh-rd.bne.es/text.vm?id=0000039443&first=316&last=630 ** http://bdh-rd.bne.es/text.vm?id=0000039443&first=631&last=945 ** http://bdh-rd.bne.es/text.vm?id=0000039443&first=946&last=1258 **
bima0000043153;Fichet de Flechy, M. Ph.  //;;;Observations sur différens cas singuliers, relatifs à la Médecine-pratique, à la Chirurgie, aux Acconchemens, & aux Maladies Vénériennes : aux quelles on a joint quelques Réflexions en favour du Etudians;;;;Chez Michel Lambert;;Paris;1761;p. , 8º ,;;;;;;;;;;;;;;;;;;;;;;;;;;;;;;;;;;fr;fre;;;Libro;;2/63903 // 2/63903 //;http://bdh-rd.bne.es/viewer.vm?id=0000140104&page=1 **;http://bdh-rd.bne.es/text.vm?id=0000140104&first=1&last=579 **
bima0000043560;Annibali da Latera, Flaminio Maria  //;;;Vita della Vergine Santa Coleta : riformatrice dell'ordinadi S. Chiara...;;;;Antonio Fulgoni;;Roma;1805;(6), 104 p., 1 lam. , 4º (24 cm) ,;;;;;;;;;;;;;;;;;;;;;;;;;;;;;;;;;;it;ita;;;Libro;;7/11335 // 7/11335 //;http://bdh-rd.bne.es/viewer.vm?id=0000164305&page=1 **;http://bdh-rd.bne.es/text.vm?id=0000164305&first=1&last=118 **
bima0000043645;Fletcher, Andrew  //;;;The political works of Andrew Fletcher Esq:;;;;A. Bettesworth and C. Hitch;;London;1732;8 h., 448 p. , 8º ,;;;"Contiene con port. propia: I. A discourse of government with relation to militia's. II. The first discourse concerning the affairs of Scotland ; written in the year 1698 III. The second discourse concerning the affairs of Scotland ; written in the year 1698 IV. Discorso delle cose di Spagna scritto nel mese di Luglio 1698 V. Aspeech upon the state of the nation ; in April 1701 VI. Speeches by a member of the parliament, which began at Edinburgh the Ghe of May 1703 VII. An account of a conversation concerning a right regulation of government for the common good of mankind: In a letter to the Marquis of Montrose, the Earls of Rothes, Ropburg and Haddington, from London the 1 of December, 1703  // Contiene con port. propia: I. A discourse of government with relation to militia's. II. The first discourse concerning the affairs of Scotland ; written in the year 1698 III. The second discourse concerning the affairs of Scotland ; written in the year 1698 IV. Discorso delle cose di Spagna scritto nel mese di Luglio 1698 V. Aspeech upon the state of the nation ; in April 1701 VI. Speeches by a member of the parliament, which began at Edinburgh the Ghe of May 1703 VII. An account of a conversation concerning a right regulation of government for the common good of mankind: In a letter to the Marquis of Montrose, the Earls of Rothes, Ropburg and Haddington, from London the 1 of December, 1703  //";;;;;;;;;;;;;;;;;;;;;;;;;;;;;;;xx;eng;;;Libro;;DGMICRO/69475 //;http://bdh-rd.bne.es/viewer.vm?id=0000063628&page=1 **;http://bdh-rd.bne.es/text.vm?id=0000063628&first=1&last=459 **
bima0000043652;Fleuriot, Jean-Marie-Jérôme , 1749-1807  //;;;Voyage de Figaro en Espagne;;;;(S.i.);;Seville;1775;VIII, 123 p. , 8º ,;;;"Encabezamiento tomado de Hoefer, ""Nouvelle biographie générale""  // ""Figaro"" es pseudónimo de Fleuriot, Jean Jerome (Barbier, ""Dictionnaire de ouvrages anonymes"")  //";Anglés y Subirá vol. III, n. 271  //;;;;;;;España -- Descripción -- Obras anteriores a 1800 --  //;;Sevilla, España //;;;;;;;;;;;;;;;;;;;;;sp;fre;;;Libro;;2/66516 //;http://bdh-rd.bne.es/viewer.vm?id=0000159634&page=1 **;http://bdh-rd.bne.es/text.vm?id=0000159634&first=1&last=145 **
bima0000043856;Flores, Alfonso de  //;;;Commentarius litteralis, panegyricus moralis, in capvt vigesimvm qvartvm libri Ecclesiastici qvod est sacra quaedam, ac praelustris concio, a Christo Iesu & Maria ejus matre in Juam ipsorum landem, atque in orthodoxae ecclesiae, Hispaniensis signatim... habita...;;Avctore R.P. Ildephonso de Flores...;;Vidua & Haerede Ioannis Cuobbari;;Antverpiae;1661;Sign. *>6<, 2*>6<, 626 p., sign. a>6<-g>6< , Fol. (35 cm) ,;;;Frontispicio grabado  //;;;;;;;;;;;;;;;;;;;;;;;;;;;;;;;ne;lat;;;Libro;;DGMICRO/71324 //;http://bdh-rd.bne.es/viewer.vm?id=0000013073&page=1 ** http://bdh-rd.bne.es/viewer.vm?id=0000013073&page=125 ** http://bdh-rd.bne.es/viewer.vm?id=0000013073&page=249 ** http://bdh-rd.bne.es/viewer.vm?id=0000013073&page=373 ** http://bdh-rd.bne.es/viewer.vm?id=0000013073&page=497 ** http://bdh-rd.bne.es/viewer.vm?id=0000013073&page=621 **;http://bdh-rd.bne.es/text.vm?id=0000013073&first=1&last=124 ** http://bdh-rd.bne.es/text.vm?id=0000013073&first=125&last=248 ** http://bdh-rd.bne.es/text.vm?id=0000013073&first=249&last=372 ** http://bdh-rd.bne.es/text.vm?id=0000013073&first=373&last=496 ** http://bdh-rd.bne.es/text.vm?id=0000013073&first=497&last=620 ** http://bdh-rd.bne.es/text.vm?id=0000013073&first=621&last=742 **
bima0000043868;Flores, Salvador Leonardo de  // Martínez Abad, Diego , fl. 1693-1732 -imp.  //;;;Antipologia Medica a el Libro Apologetico, aunque con nombre del Doct. D. Alonso Lopez Cornejo &c. que saliò à luz con titulo de Galeno Ilustrado, contra el Tratado intitulado: Desempeño à el Metodo Racional en la cura de Tercianas Notas ...;;dado a à el publico por D. Salvador Leonardo de Flores ...;;por Diego Martinez Abad;;En Madrid;1705;[16], 446 p. , 4º ,;Medicina. Farmacia //;;Sign.: ¶-¶¶⁴, A-Z⁴, 2A-2Z⁴, 3A-3K⁴  // Portada con orla tipográfica  //;;;;;;;;Fiebre -- Obras anteriores a 1800 --  //;;Madrid, España //;;;;;;61  //;;;;;;;;;;;;;;;sp;spa;;;Libro;;3/3561 //;http://bdh-rd.bne.es/viewer.vm?id=0000079801&page=1 **;http://bdh-rd.bne.es/text.vm?id=0000079801&first=1&last=471 **
bima0000044083;Floro, Lucio Anneo  //;;[Epitome rerum Romanarum. Francés] //;Epitome del'histoire romaine fait en quatre livres et mis en fra sur les traductions de Mons frere unique du Roy;;;;chez A. et H. Molin;;A Lyon;1687;p. , 12º ,;;;(Lat. fr.)  //;;;;;;;;;;;;;;;;;;;;;;;;;;;;;;;fr;fre;;fre // lat //;Libro;;3/13420 //;http://bdh-rd.bne.es/viewer.vm?id=0000214474&page=1 **;http://bdh-rd.bne.es/text.vm?id=0000214474&first=1&last=487 **
bima0000044308;Fontanini, Giusto  //;;;Della eloquenza italiana : libri tres;;;novellamente ristampate;R. Bernabó;;Roma;1736;p. , 4º ,;;;;;;;;;;;;;;;;;;;;;;;;;;;;;;;;;;it;ita;;;Libro;;3/16958 //;http://bdh-rd.bne.es/viewer.vm?id=0000215666&page=1 **;http://bdh-rd.bne.es/text.vm?id=0000215666&first=1&last=793 **
bima0000044439;Formey, Jean Henri Samuel  // Durand  //;;;Principes de morale, deduits de l'usage des facultés de l'entendement humain;;par Mr. Formey M. D. S. E. prof.  en philos., ...;;chez Durand, rue St. Jacques  [chez] Desaint et Saillant, libraires, rue S. Jean de Beauvais  [chez] Le Clerc, libraire, quai des Augustins;;A Leide, et se trouve à Paris;1762;2 v. , 12º ,;;;;;;;;;;;;;Leiden, Países Bajos //;;;;;;;;;;;;;;;;;;;;;ne;fre;;;Libro;;3/40822-3/40823 // 3/40822_V._1 // 3/40823_V._2 //;http://bdh-rd.bne.es/viewer.vm?id=0000134427&page=1 ** http://bdh-rd.bne.es/viewer.vm?id=0000134427&page=412 **;http://bdh-rd.bne.es/text.vm?id=0000134427&first=1&last=411 ** http://bdh-rd.bne.es/text.vm?id=0000134427&first=412&last=1004 **
bima0000044521;Forrest, Thomas  //;;;A voyage to New Guinea and the Moluccas, from Balambaugan... During the years 1774, 1775 and 1776;;By Captain Thomas Forrest To which is added a vocabulary of the Magindaus longue...;;G. Scott;;London;1779;XIII, 388, 1-13 p., lám. y plano pleg. 1-27, 2 lám., 1 mapa dobl. pleg , --- ,;;;Con retrato del autor  //;;;;;;;;;;;;;;;;;;;;;;;;;;;;;;;xx;eng;;;Libro;;3/77534 //;http://bdh-rd.bne.es/viewer.vm?id=0000247420&page=1 **;http://bdh-rd.bne.es/text.vm?id=0000247420&first=1&last=524 **
bima0000045008;Francisco de Jesús María de San Juan del Puerto (O.F.M.)  // Palomino de Castro y Velasco, Antonio , 1655-1726  // Palomino, Juan Bernabé , 1692-1777 -grab.  //;Imprenta de la Causa de la V.M. María de Jesús de Agreda -imp.  //;;Patrimonio Seraphico de Tierra Santa fundado por Christo nuestro Redentor con su preciosa sangre, prometido por Su Magestad a N.P. S. Francisco para sì y para sus hijos, adquirido por el mismo Santo, heredado y posseìdo por sus hijos de la Regular Observancia, y conservado hasta el tiempo presente ...;;escrito por el R.P. Fr. Francisco Jesus Maria de San Juan del Puerto ... de Descalzos de N.P.S. Francisco ...;;en la imprenta de la Causa de la V. M. Maria de Jesus de Agreda;;En Madrid;1724;[36], 689, [18], [1] p. en bl., [1] h. de lám. , Fol. ,;;;"Sign.: a-c⁶, A-Z⁶, Aa-Zz⁶, Aaa-Nnn⁶  // Portada con orla tipográfica  // Texto a dos columnas  // Iniciales grabadas  // La h. de lámina es un grabado calcográfico alegórico: ""Reg. pict. Antonius Palomino inv. ; Joans Palomino delin. et sculpsit Matti a 1724""  //";Aguilar Piñal. Bib. S.XVIII v. 3, n. 4545  //;;;;;;;Franciscanos -- Historia--  //;;Madrid, España //;;;;;;26  //;;;;;;;;;;;;;;;sp;spa;;;Libro;;3/9288 // 2/19427 //;http://bdh-rd.bne.es/viewer.vm?id=0000099864&page=1 ** http://bdh-rd.bne.es/viewer.vm?id=0000099864&page=396 ** http://bdh-rd.bne.es/viewer.vm?id=0000099864&page=661 **;http://bdh-rd.bne.es/text.vm?id=0000099864&first=1&last=395 ** http://bdh-rd.bne.es/text.vm?id=0000099864&first=396&last=660 ** http://bdh-rd.bne.es/text.vm?id=0000099864&first=661&last=680 **
bima0000045133;Francucci, Scipione  //;;;La caccia etrusca : Poema;;;;Giunti;;In Firenze;1624;p. , 4º ,;;;;;;;;;;;;;;;;;;;;;;;;;;;;;;;;;;it;ita;;;Libro;;3/21449 //;http://bdh-rd.bne.es/viewer.vm?id=0000217658&page=1 **;http://bdh-rd.bne.es/text.vm?id=0000217658&first=1&last=415 **
bima0000045361;Frías, Pedro de , s. XVII  //;;;Sagitta in sagittarivm sev quorumdam parisiensium censura propositiones qvasdam V. Servae Dei Mariae a Jesu Agrediensis... temerans perpropriam eiusdem Virginis Provinciam funditus eversa, atque in authores retorta Provinciae Bvrgensis Fratrum Minorum Observantia. Pro Filia... Mariae;;[a Fratre Petro Frias, Francisco de España et Joanne de Lodosa];;(S.i.);;Burgis;1698;Sign. [calderón]>4<, 2[calderón]>4<, 3[calderón]>4<, 4[calderón]>1<, 268 p. , 4º (20 cm) ,;;;Consta en la Censura  //;;;;;;;;;;;;;;;;;;;;;;;;;;;;;;;sp;lat;;;Libro;;7/13810 // 7/13810 //;http://bdh-rd.bne.es/viewer.vm?id=0000135430&page=1 **;http://bdh-rd.bne.es/text.vm?id=0000135430&first=1&last=249 **
bima0000045413;Frisch, Johann Leonhard  //;;;Nouveau Dictionnaire des Passagers François- Allemand et Allemand-François;;;;In Johann Friedrich Gleditschens Buchhandlung;;Leipzig;1763;p. , 8º mlla. ,;;;Anteportada grabada  //;;;;;;;;;;;;;;;;;;;;;;;;;;;;;;;gw;fre;;fre // ger //;Libro;;3/46060 // 3/46060 //;http://bdh-rd.bne.es/viewer.vm?id=0000089263&page=1 **;http://bdh-rd.bne.es/text.vm?id=0000089263&first=1&last=716 **
bima0000045643;;;;"A full and impartial history of the expedition into Spain: in the year, 1702 : Extracted from the jounals and memoirs of the Generals ; and from which it will be easie to draw rational conjectures, about the present enterprize to settle the Most Serene Charles III, on the Spanish Throne. To wich is added, An Account of Monsieur Chateaurenault's expedition, from his first sailing from Brest, in Sept. 1701, to his putting into Vigo, in Sept. 1702. In a letter from Monsieur de Gatines, Intendant of the Navy of France, to a Minister of State at Paris...";;;;Will Davis;;London;1704;4 h., 172 p., 1 h. pleg. , 8º ,;;;Con apostillas  //;;;;;;;;;;;;;;;;;;;;;;;;;;;;;;;xx;eng;;;Libro;;DGMICRO/69342 //;http://bdh-rd.bne.es/viewer.vm?id=0000065675&page=1 **;http://bdh-rd.bne.es/text.vm?id=0000065675&first=1&last=195 **
bima0000045649;Fuller, Nicholas, Prebendary of Salisbury  //;;;Miscellaneorvm Theologicorvm Qvibus non modo Scriptvrae Diminae, sed et aliorum classicorum Auctorum plurima monumenta explicantur atque illust. Librí IV;;;;Johan Billirvm;;Londini;1617;p. , 4º ,;;;;;;;;;;;;;;;;;;;;;;;;;;;;;;;;;;xx;lat;;;Libro;;DGMICRO/70712 //;http://bdh-rd.bne.es/viewer.vm?id=0000135266&page=1 ** http://bdh-rd.bne.es/viewer.vm?id=0000135266&page=350 **;http://bdh-rd.bne.es/text.vm?id=0000135266&first=1&last=349 ** http://bdh-rd.bne.es/text.vm?id=0000135266&first=350&last=686 **
bima0000045655;Fuller, Thomas  //;;;Pharmacopaeia extemporanea or, a body of medicines, cotaiming a thousand select prescripts;;;The fourth edition;W. Imys;;London;1730;p. , 4º ,;;;;;;;;;;;;;;;;;;;;;;;;;;;;;;;;;;xx;eng;;;Libro;;3/20937 //;http://bdh-rd.bne.es/viewer.vm?id=0000217047&page=1 **;http://bdh-rd.bne.es/text.vm?id=0000217047&first=1&last=601 **
bima0000045658;Fuller, Thomas  //;;;A pisgah-sight of Palestine and the confines thereof, with the History of the old and New testament acted thereon;;;;J.F.;;London;1650;5 h., 435 p., p. 1-202, 7 h., 27 mapas y planos pleg. , --- ,;;;Con port. y frontis grab.  // Apostillas marg.  //;;;;;;;;;;;;;;;;;;;;;;;;;;;;;;;xx;eng;;;Libro;;3/77513 //;http://bdh-rd.bne.es/viewer.vm?id=0000247423&page=1 **;http://bdh-rd.bne.es/text.vm?id=0000247423&first=1&last=671 **
bima0000045753;Gabriel, Aegidius  //;;;Specimina morales Christianae;;;;[s.n.];;Bruxellis;1675;p. , 8º ,;;;;;;;;;;;;;;;;;;;;;;;;;;;;;;;;;;be;lat;;;Libro;;3/56516 //;http://bdh-rd.bne.es/viewer.vm?id=0000236765&page=1 **;http://bdh-rd.bne.es/text.vm?id=0000236765&first=1&last=194 **
bima0000045973;Galiano Díez Platas, Tomás José  // Clemente, Francisco , S. XVIII  // Teruel, Felipe, Viuda de -imp.  //;;;Coleccion de varias poesias, dividida en dos partes;;La primera por Don Tomas José Galíano Diez Platas [Segunda parte por Don Francisco Clemente, Presbítero, ...];;en la Imprenta de la Viuda de Felipe Teruel;;En Murcia;1783;[16], 109, [3] en bl., 99, [3], [2] p. en bl. , 8º ,;Lingüística. Literatura // Literatura española //;Coleccion de varias poesias, segunda parte, por Francisco Clemente, con port. sign. y paginación propias// Coleccion de varias poesias, segunda parte, por Francisco Clemente, con port. sign. y paginación propias//;Sign.: [ ]8, a28, B-G8, A-F8, G4  //;Aguilar Piñal. Bib. S. XVIII v.4, 47  // Aguilar Piñal.Bib.S.XVIII v. 2, 3182  //;;;;;;;Poesías españolas --  //;;Murcia, España //;;;;;;;;;;;;;;;;;;;;;sp;spa;;;Libro;;3/27226 //;http://bdh-rd.bne.es/viewer.vm?id=0000083481&page=1 **;http://bdh-rd.bne.es/text.vm?id=0000083481&first=1&last=119 **
bima0000046012;Galindo, Gregorio  // Sanchez Bravo, Juan  // García, Francisco Javier , fl. 1753-1781? -imp.  //;;;Rúbricas del Misal romano reformado ...;;"su autor ... Gregorio Galindo ; corregida y aumentada por D. Juan Sanchez Bravo ...";Sexta impression;en la Imprenta de Francisco Garcia;;En Madrid;1759;[30], 330 p. , 12º ,;Religión. Teología // Teología //;;;Aguilar Piñal. Bibl. S. XVIII v.4, 61  //;;;;;;;Iglesia Católica -- Liturgia y ritual --  // Misal romano --  //;;Madrid, España //;;;;;;;;;;;;;;;;;;;;;sp;spa;;;Libro;;3/57072 //;http://bdh-rd.bne.es/viewer.vm?id=0000049105&page=1 **;http://bdh-rd.bne.es/text.vm?id=0000049105&first=1&last=367 **
bima0000046018;Galindo, Gregorio  // Sanchez Bravo, Juan -corr. y an.  // Doblado, José , fl. 1775-1800 -imp.  //;;;Rubricas del Misal Romano reformado para que con mas facilidad puedan instruirse en ellas todos los eclesiasticos;;su autor ... Gregorio Galindo, Obispo de Lerida;añadido en ésta décima impresión... la Vida de este... Prelado,Corregida y aumentada por Don Juan Sánchez Bravo...;En la Imprenta de D. Joseph Doblado;;En Madrid;1791;[4], p. VII-XXXV, 367 p. , 12º ,;Religión. Teología // Cristianismo. Historia eclesiástica //;;Sign. : *12, 2*6, A-P12, Q4  // Anteportada  // Grab. xil. en p. 98  //;Aguilar Piñal. Bibl. S. XVIII v. 4, 71  //;;;;;;;Iglesia Católica -- Liturgia y ritual --  // Misal romano --  //;;Madrid, España //;;;;;;;;;;;;;;;;;;;;;sp;spa;;;Libro;;2/36616 //;http://bdh-rd.bne.es/viewer.vm?id=0000071774&page=1 **;http://bdh-rd.bne.es/text.vm?id=0000071774&first=1&last=204 **
bima0000046037;Galmace, Antonio  // Ibarra, Joaquín , 1725-1785 -imp.  //;;;Llave nueva y universal para aprender con brevedad y perfeccion la lengua francesa : dividida en dos partes ...;;su autor Don Antonio Galmace ...;Segunda edicion revista, corregida... y... aumentada;en la Imprenta de Joachin Ibarra ...   : se hallará en casa de Sebastian de Araujo ...;;En Madrid;1754;[24], 400 p. , 4º ,;Lingüística. Literatura // Lingüística y lenguas //;;Fecha de la Tassa, 29 de Octubre de 1754  // Sign. : ¶-3¶4, A-Z4, 2A-2Z4, 3A-3D4  // Texto a tres columnas  //;Aguilar Piñal. Bib. S. XVIII v.4, 112  //;;;;;;;Lengua francesa -- Gramática --  //;;Madrid, España //;;;;;;;;;;;;;;;;;;;;;sp;spa;;;Libro;;3/3775 //;http://bdh-rd.bne.es/viewer.vm?id=0000094220&page=1 **;http://bdh-rd.bne.es/text.vm?id=0000094220&first=1&last=216 **
bima0000046661;García Rabadán, Alfonso  // Pérez de Soto, Antonio -imp.  //;Librería de Cienfuegos -ed.  //;;Facil methodo, para saber generos, preteritos, sintaxis, prosodia y ortographia;;su autor don Alphonso Garcia Rabadàn ...;;en la Imprenta de Antonio Perez de Soto  se hallarà en la Librerìa de Manuel Cienfuegos ...;;En Madrid;1758;[22], 106 p. , 8º ,;;;Editor tomado de verso de anteportada  // Anteportada  // Sign.: ¶⁸, [ ]²⁺¹, A-F⁸, G⁶⁻¹  // Texto con apostillas marginales  //;Aguilar Piñal. Bib. S.XVIII v. 4, 997  //;;;;;;;Lengua española -- Gramática --  // Lengua española -- Análisis prosódico --  // Lengua española -- Ortografía --  //;;Madrid, España //;;;;;;811.134.2  //;;;;;;;;;;;;;;;sp;spa;;;Libro;;3/3481 //;http://bdh-rd.bne.es/viewer.vm?id=0000091944&page=1 **;http://bdh-rd.bne.es/text.vm?id=0000091944&first=1&last=131 **
bima0000046793;Garoni, Angelo Stefano  //;;;Angeli Stephani Garoni I.C. Ticinencis Commentaria de continuanda possessione defuneti in haeredem : Ad Nou. Constit. Status Mediolani Lib. 3. Tit. 3;;;;Philippus Ghisulphino;;Mediolani;1647;4 h., 134 p. , 4º mlla. ,;;;Port. con grab. y regl.  // A 2 col.  //;;;;;;;;;;;;;;;;;;;;;;;;;;;;;;;fr;lat;;;Libro;;3/73196 //;http://bdh-rd.bne.es/viewer.vm?id=0000244535&page=1 **;http://bdh-rd.bne.es/text.vm?id=0000244535&first=1&last=177 **
bima0000047173;Gee, Joshua  //;;;The trade and Navigation of Great-Britain considered;;;A new edition,With notes and additions by a merchant;J. Almon;;London;1767;p. , 8º ,;;;;;;;;;;;;;;;;;;;;;;;;;;;;;;;;;;xx;eng;;;Libro;;3/16914 //;http://bdh-rd.bne.es/viewer.vm?id=0000215574&page=1 **;http://bdh-rd.bne.es/text.vm?id=0000215574&first=1&last=299 **
bima0000047328;Genover, Fèlix (O.Cist.)  // Senant, Tomás , fl. 1744-1760 -imp.  //;Imprenta de la Universidad (Cervera)  //;;Selectae disputationes miscellaneae, in moralem theologiam, juxta tutissima, et inconcussa Div. Thomae Aquinatis dogmata;Selectae disputationes miscellaneae admod. illustris D.D. Felicis Genover ...  //;authore ... Felice Genover, monacho cisterciensi ...;;ex Typog. Reg. ac Pontific. Univ. per Thomam Senant typog.;;Cervariae;1732;[24], 428, [28] p. , Fol. ,;;;Sign.: ¶-¶¶⁶, A-Z⁴, Aa-Zz⁴, Aaa-Ggg⁴, Hhh², Iii-Lll⁴, Mmm²  // Texto a dos columnas, con apostillas marginales  // Portada con orla tipográfica  //;;;;;;;;Tomás de Aquino, -- Santo --  // Moral cristiana -- S.XVIII --  //;;Cervera, España //;;;;;;24  //;;;;;;;;;;;;;;;sp;lat;;;Libro;;3/67672 //;http://bdh-rd.bne.es/viewer.vm?id=0000101422&page=1 **;http://bdh-rd.bne.es/text.vm?id=0000101422&first=1&last=487 **
bima0000047793;;;;Giansenismo (Il curioso appagato né moi dubii circa il);;;;[s.n.];;Torino;1713;p. , 8º ,;;;;;;;;;;;;;;;;;;;;;;;;;;;;;;;;;;it;ita;;;Libro;;3/56731 //;http://bdh-rd.bne.es/viewer.vm?id=0000236766&page=1 **;http://bdh-rd.bne.es/text.vm?id=0000236766&first=1&last=111 **
bima0000047830;Gibert, Balthasar  //;;;La rhetorique ou les ségles de l'éloquence;;par M. Gibert;;Lambert;;Paris;1766;650 p., sign. 2E>4< , 12º (17 cm) ,;;;Encabezamiento tomado de B.N. de Paris, Cat, 59  //;;;;;;;;;;;;;;;;;;;;;;;;;;;;;;;fr;fre;;;Libro;;3/78094 //;http://bdh-rd.bne.es/viewer.vm?id=0000247751&page=1 **;http://bdh-rd.bne.es/text.vm?id=0000247751&first=1&last=671 **
bima0000047912;Gil Becerra, Benito  // Giralt, José -imp.  //;;;Paraiso de oraciones sagradas, en cuyo campo se hallan los frutos abundantes de el arbol de la vida Jesus ... guarnecido con nueve oraciones panegyricas para los nueve martes de la devotissima novena ... á San Antonio, ilustrado con assumptos panegyricos, anagogicos, tropologicos, y politicos;;ideado ... por ... Fr. Benito Gil Bezerra ...;En esta segunda impression añadido con doze oraciones panegyricas;por Joseph Giralt ...;;Barcelona;1739;[32], 720, [47] p., [1] en bl. , Fol. ,;;;Precede al título: Ave Maria.  // La mención de edición precede al autor  // Sign.: ¶⁶, ¶¶⁴, ¶¶¶², A-Z⁶, Aa-Zz⁶, Aaa-Eee⁶, Fff-Rrr⁴, Sss⁶, a-f⁴  // Texto a dos columnas con apostillas marginales  // Escudo heráldico xilográfico del dedicatario, en h. ¶₂  //;Aguilar Piñal. Bib. S.XVIII v. 4, 1372  //;;;;;;;Antonio, -- Santo -- Novenas --  //;;Barcelona, España //;;;;;;24  //;;;;;;;;;;;;;;;sp;spa;;;Libro;;3/12475 //;http://bdh-rd.bne.es/viewer.vm?id=0000012493&page=1 ** http://bdh-rd.bne.es/viewer.vm?id=0000012493&page=509 ** http://bdh-rd.bne.es/viewer.vm?id=0000012493&page=598 ** http://bdh-rd.bne.es/viewer.vm?id=0000012493&page=757 **;http://bdh-rd.bne.es/text.vm?id=0000012493&first=1&last=508 ** http://bdh-rd.bne.es/text.vm?id=0000012493&first=509&last=597 ** http://bdh-rd.bne.es/text.vm?id=0000012493&first=598&last=756 ** http://bdh-rd.bne.es/text.vm?id=0000012493&first=757&last=805 **
bima0000047983;Gilibert, Jean-Emmanuel  //;;;Histoire des plantes d'Europe ou élémens de Botanique pratique : Avec figures;;;;A. Leroy;;Lyon;1798;2 v. , 8º ,;;;;;;;;;;;;;;;;;;;;;;;;;;;;;;;;;;fr;fre;;;Libro;;3/51083-3/51084 // 3/51083_V.1 // 3/51084_V.2 //;http://bdh-rd.bne.es/viewer.vm?id=0000084886&page=1 ** http://bdh-rd.bne.es/viewer.vm?id=0000084886&page=500 **;http://bdh-rd.bne.es/text.vm?id=0000084886&first=1&last=499 ** http://bdh-rd.bne.es/text.vm?id=0000084886&first=500&last=1014 **
bima0000048118;Giral del Pino, Hipólito San José  // Millar, Andrew , 1707-1768 -ed.  // Nourse, John , fl. 1730?-1780 -ed.  // Vaillant, Paul , fl. ca. 1738-ca. 1802 -ed.  //;;;A Dictionary, spanish and english, and english and spanish containing the signification of words, with their different uses, the terms of arts, sciences and trades, the constructions, forms of speech ...;;by Hto San Joseph Giral del Pino ...;;printed for A. Millar, J. Nourse, and P. Vaillant, in the Strand;;London;1763;[4], IV, [464], [4], [266] p., [2] en bl. , Fol. ,;;;Título de la parte en español: Diccionário español é inglés, é inglés y españól...  // Sign.: [ ]⁴, A-6C², 6D¹, a², A-3X²  // Cada parte con portada propia  // Texto a tres columnas  //;Aguilar Piñal. Bib. S.XVIII v. 4, 1459  //;;;;;;;;;Londres, Reino Unido //;;;;;;030  //;;;;;;;;;;;;;;;xx;eng;;eng // spa //;Libro;;3/43115 //;http://bdh-rd.bne.es/viewer.vm?id=0000130388&page=1 ** http://bdh-rd.bne.es/viewer.vm?id=0000130388&page=250 ** http://bdh-rd.bne.es/viewer.vm?id=0000130388&page=485 **;http://bdh-rd.bne.es/text.vm?id=0000130388&first=1&last=249 ** http://bdh-rd.bne.es/text.vm?id=0000130388&first=250&last=484 ** http://bdh-rd.bne.es/text.vm?id=0000130388&first=485&last=759 **
bima0000048146;Giraldo, José Antonio  // Aguayo Aldemunde, Ignacio -imp.  //;;;Historico-legal informe que para manifestacion de artificios humanos, i para escarmiento de parricidas;;escrivia el Lic. D. Joseph Antonio Giraldo, del Consejo de S.M., i su primer fiscal ... en la causa ... sobre la violenta, i alevosa muerte dada a don Benito Alonso Henriquez, Marques de Valladares ... de 1757 ...;;en la Imprenta de Ignacio Aguayo i Aldemunde ...;;En Santiago;1766;[1], 264 h. , Fol. ,;;;Sign.: [ ]¹, A-Z², Aa-Zz², Aaa-Zzz², Aaaa-Zzzz², Aaaaa-Zzzzz², Aaaaa-Rrrrrr²  // Texto circuido  // Portada con orla tipográfica y escudo heráldico xilográfico  //;Aguilar Piñal. Bib. S.XVIII v. 4, 1463  //;;;;;;;Parricidio -- Obras anteriores a 1800 --  // Procesos -- La Coruña (Provincia) -- Historia --  //;;Santiago de Compostela, España //;;;;;;343  //;;;;;;;;;;;;;;;sp;spa;;;Libro;;DGMICRO/69974 //;http://bdh-rd.bne.es/viewer.vm?id=0000039933&page=1 ** http://bdh-rd.bne.es/viewer.vm?id=0000039933&page=168 ** http://bdh-rd.bne.es/viewer.vm?id=0000039933&page=365 **;http://bdh-rd.bne.es/text.vm?id=0000039933&first=1&last=167 ** http://bdh-rd.bne.es/text.vm?id=0000039933&first=168&last=364 ** http://bdh-rd.bne.es/text.vm?id=0000039933&first=365&last=538 **
bima0000048509;Godeau, Antoine , 1605-1672  //;;;Eloges des Evesques, qui dans sous les siecles de l'Eglise out fleury en Doctrine & en Sainteté;;;;Chez François Muguet;;Parìs;1665;p. , 4º ,;;;;;;;;;;;;;;;;;;;;;;;;;;;;;;;;;;fr;fre;;;Libro;;3/18564 //;http://bdh-rd.bne.es/viewer.vm?id=0000216621&page=1 **;http://bdh-rd.bne.es/text.vm?id=0000216621&first=1&last=394 **
bima0000048966;Gómez Tejada de los Reyes, Cosme  // Gómez Tejada de los Reyes, Francisco  // García Morrás, Domingo , fl. 1646-1683 -impresor  // Martín Vellaz, Santiago -editor  //;;;El filósofo : ocupacion de nobles y discretos contra ... la ociosidad sobre los libros de cielo y mundo, meteoros, paruos naturales, ethica, economia, politica de Aristoteles, y Esfera de Sacro Bosco : tratanse estas materias con rigor escolástico y diuidense en dos libros, Filosofo natural, y Filosofo moral;;por ... Cosme Gomez Texada de los Reyes ... dados a la estampa por don Francisco Gomez Texada de los Reyes, hermano del autor ...;;Por Domingo Garcia y Morràs  a costa de Santiago Martin Vellaz ...;;En Madrid;1650;[8], 140 h. , 4º ,;Religión. Teología // Teología //;;Sign.: ¶-¶¶⁴, A-R⁸, S⁴  // Texto a dos columnas con apostillas marginales  //;;;;;;;;Cosmología -- Obras anteriores a 1800 --  // Filosofía -- S.XVII --  //;;Madrid, España //;;;;;;;;;;;;;;;;;;;;;sp;spa;;;Libro;;U/642 //;http://bdh-rd.bne.es/viewer.vm?id=0000090841&page=1 **;http://bdh-rd.bne.es/text.vm?id=0000090841&first=1&last=309 **
bima0000048975;Gómez de Terán, Juan Elías  // Millán, Felipe -imp.  //;Orihuela (Diócesis) Obispo (1738-1759: Juan Elías Gómez de Terán)  //;;Carta pastoral del ilustrissimo señor D. Juan Elias Gomez de Teran ... Obispo de Orihuela ... a todos los fieles de su diocesis sobre la explicacion de la oracion mental ...;Edicto sobre la facultad, que da Su Santidad à los ... Obispos, para que ... puedan dàr la bendicion, è indulgencia plenaria en el articulo de la muerte à los enfermos;;;por Phelipe Millan, impressor ...;;En Madrid;1747;94 p., [2] en bl., [10] p., [2] en bl. , 8º ,;;Edicto sobre la facultad, que da Su Santidad à los ... Obispos, para que ... puedan dàr la bendicion, è indulgencia plenaria en el articulo de la muerte à los enfermos//;Sign.: A-F⁸, *⁶  //;Aguilar Piñal. Bib. S.XVIII v. 4, 1723  //;;;;;;;Cartas pastorales --  // Vida cristiana -- Meditaciones --  //;;Madrid, España //;;;;;;24  //;;;;;;;;;;;;;;;sp;spa;;;Libro;;3/41089 // 3/41089 //;http://bdh-rd.bne.es/viewer.vm?id=0000230034&page=1 **;http://bdh-rd.bne.es/text.vm?id=0000230034&first=1&last=115 **
bima0000049226;González del Castillo, Juan Ignacio , 1763-1800  //;Imprenta Mayor (Sevilla)  //;;Pasatiempos juveniles de D. Juan Gonzalez del Castillo;;;;en la Imprenta Mayor;;Sevilla;1795;[2], 179 p., [3] en bl. , 4º ,;;;Sign.: A-Z⁴  //;Aguilar Piñal. Bib. S.XVIII v. 4, 2029  //;;;;;;;;Misceláneas poéticas --  //;Sevilla, España //;;;;;;82-1  //;;;;;;;;;;;;;;;sp;spa;;;Libro;;3/37608 //;http://bdh-rd.bne.es/viewer.vm?id=0000091918&page=1 **;http://bdh-rd.bne.es/text.vm?id=0000091918&first=1&last=195 **
bima0000049452;Fernández de Hijar, Gonzalo  // Fera, Gerónima de Hijar, Condesa de la -demandado  // Díaz de la Carrera, Diego , fl. 1637-1667 -impresor  //;;;Por D. Gonzalo Fernandez de Hijar. Con Doña Geronima de Hijar, Condesa de la Fera. Sobre la Baronia de Xalò, y el lugar de Gata, y otros bienes;;;;por Diego Diaz de la Carrera;;En Madrid;1657;40 h. , Fol. ,;;;"Se ha respetado la puntuación original  // Precede al título: ""Iesus, Maria y Ioseph”  // Sign.: [A]-V²  // Inicial grabada  // Portada con escudo real xilográfico  //";;;;;;;;Herencias y sucesiones -- España --  //;Alegaciones en derecho --  //;Madrid, España //;;;;;;;;;;;;;;;;;;;;;sp;spa;;;Libro;;VC/1018/57 //;http://bdh-rd.bne.es/viewer.vm?id=0000172873&page=1 **;http://bdh-rd.bne.es/text.vm?id=0000172873&first=1&last=83 **
bima0000049482;Bernard de Gordon , d. 1320?  //;;;Lilium medicinae eptaphyllon, Tractatus ... accuratissimam omnium morborum ... curationem complectens cui accesserunt Tractatus de methodo cur[anali] affectus praeter nat. de regimine acutorum, de prognosticis & pulsibus vna cvm decem tabulis pharmacorum remacli limburgensis omnia primum a Bernardo Gordonio ... concinnata: nunc vero per Petrum Vffenbachium ... revisa ... correcta ... & adaucta;;;;apud Lucam Iennis;;Francofurti;1617;[32], 1170, [28] p. , 8º ,;;;Sign.: ):(⁸, ):():(⁸, A-Z⁸, 2A-2Z⁸, 3A.3Z⁸, 4A-4F⁸  // Apostillas marginales  //;;;;;;;;Medicina --  //;;Fráncfort, Alemania //;;;;;;;;;;;;;;;;;;;;;gw;lat;;;Libro;;DGMICRO/68902 //;http://bdh-rd.bne.es/viewer.vm?id=0000038487&page=1 ** http://bdh-rd.bne.es/viewer.vm?id=0000038487&page=456 ** http://bdh-rd.bne.es/viewer.vm?id=0000038487&page=879 **;http://bdh-rd.bne.es/text.vm?id=0000038487&first=1&last=455 ** http://bdh-rd.bne.es/text.vm?id=0000038487&first=456&last=878 ** http://bdh-rd.bne.es/text.vm?id=0000038487&first=879&last=1242 **
bima0000049618;Gottignies, Aegidius Franciscus de  //;;;Episcolarum mathematicarum libri septem Accedit problema staticum hactenus insolutum, atque totins Stereo-staticae praecipium fundamentum: quare vires crescant per vectem;;;;Nic. Aug. Tinassi;;Romae;1678;2 pte. en 1 v. , 4º ,;;;fig.  //;;;;;;;;;;;;;;;;;;;;;;;;;;;;;;;it;lat;;;Libro;;3/49540 // 3/49540 //;http://bdh-rd.bne.es/viewer.vm?id=0000107515&page=1 **;http://bdh-rd.bne.es/text.vm?id=0000107515&first=1&last=257 **
bima0000050235;Grégoire, Pierre , 1540?-1597  //;;[De republica libri sex et viginti] //;[Petri Gregorii] Tholozani, J.M. Doct. et Professoris... De repvblica...;;;;Nicolaus Hoffmann;;Francofurti;1609;Sign. )?(>4< )?(>4< ? 908 p., sign. A>4<, sign. A>4<, H>4<J>5< , 4º (23 cm) ,;;;"Encabezamiento tomado de Hoefer ""Nouvelle Biographie generale"" T. XXI, pág. 879  // Portada a dos tintas  // Grabs. xilográficos  //";;;;;;;;;;;;;;;;;;;;;;;;;;;;;;;gw;lat;;;Libro;;3/75981 // 3/75981 //;http://bdh-rd.bne.es/viewer.vm?id=0000129656&page=1 **;http://bdh-rd.bne.es/text.vm?id=0000129656&first=1&last=1001 **
bima0000050655;Groto, Luigi , 1541-1585  //;;;Lettere famigliari;;;;G. Ant. Giuliani;;Vinegia;1616;p. , 8º ,;;;;;;;;;;;;;;;;;;;;;;;;;;;;;;;;;;it;ita;;;Libro;;DGMICRO/70670 //;http://bdh-rd.bne.es/viewer.vm?id=0000013154&page=1 ** http://bdh-rd.bne.es/viewer.vm?id=0000013154&page=311 **;http://bdh-rd.bne.es/text.vm?id=0000013154&first=1&last=310 ** http://bdh-rd.bne.es/text.vm?id=0000013154&first=311&last=620 **
bima0000050690;Gruter, Petrus  //;;;Epistolarum centuria... : cum apologia ejusdem in qua instituti ratio reditur;;;;cis Viadrum, typis M. Voltzii;;Francof.;1615;p. , 12º ,;;;;;;;;;;;;;;;;;;;;;;;;;;;;;;;;;;gw;lat;;;Libro;;DGMICRO/69747 //;http://bdh-rd.bne.es/viewer.vm?id=0000063567&page=1 **;http://bdh-rd.bne.es/text.vm?id=0000063567&first=1&last=264 **
bima0000050751;Gualdo Priorato, Galeazzo, Conde , 1606-1678  //;;;Relatione della cittá, e stato di Milano sotto il gouerno dell'Eccellentiss Sig. Don Luigi Guzman Ponze di Leone;;;;Lvd. Monza;;Milano;1666;p. , 4º ,;;;;;;;;;;;;;;;;;;;;;;;;;;;;;;;;;;it;ita;;;Libro;;DGMICRO/70743 // 3/40070 //;http://bdh-rd.bne.es/viewer.vm?id=0000058089&page=1 **;http://bdh-rd.bne.es/text.vm?id=0000058089&first=1&last=274 **
bima0000050758;Gualdo Priorato, Galeazzo, Conde , 1606-1678  //;;;Il Trattato della Pace condusa frà le due Corone nell'Anno 1659 : Con quanto há havuto connessione con la medosima;;;;Appr. Nicolas Hork;;Bremen;1659;p. , 8º ,;;;;;;;;;;;;;;;;;;;;;;;;;;;;;;;;;;gw;ita;;;Libro;;DGMICRO/70660 //;http://bdh-rd.bne.es/viewer.vm?id=0000052108&page=1 **;http://bdh-rd.bne.es/text.vm?id=0000052108&first=1&last=188 **
bima0000050808;Guarini, Francesco  //;;;Prosa et Carmina;;;;Jacobi Raillard;;Neapoli;1682;p. , 8º ,;;;;;;;;;;;;;;;;;;;;;;;;;;;;;;;;;;it;lat;;;Libro;;3/46159 //;http://bdh-rd.bne.es/viewer.vm?id=0000171694&page=1 **;http://bdh-rd.bne.es/text.vm?id=0000171694&first=1&last=234 **
bima0000050990;;;;La Guerre des Auteurs anciens et modernes;;;;Par la Compagnie des libraires associez;;A Paris;1797;225 p. , 12º ,;;;;;;;;;;;;;;;;;;;;;;;;;;;;;;;;;;fr;fre;;;Libro;;3/57560 //;http://bdh-rd.bne.es/viewer.vm?id=0000236644&page=1 **;http://bdh-rd.bne.es/text.vm?id=0000236644&first=1&last=126 **
bima0000051094;Guevara, Antonio de , ca. 1480-1545  //;;;Spanish letters : historical, satyrical and moral;;of the famous Don Antonio de Guevara... made english from the best original by Mr. [John] Savage;;F. Saunders;;London;1697;Sign. A-A>4<, 183 p., 4 h. , 8º mlla. ,;;;;;;;;;;;;;;;;;;;;;;;;;;;;;;;;;;xx;eng;spa;eng //;Libro;;3/74410 //;http://bdh-rd.bne.es/viewer.vm?id=0000245458&page=1 **;http://bdh-rd.bne.es/text.vm?id=0000245458&first=1&last=207 **
bima0000051244;Guidotti, Pellegrino  //;;;Storia dei mori risguardante la loro Religione, Governo, Politica, e Costumi particolarmente solto il Regne di Muley Ismael... Estralta dallo Spagnucolo e d'altre cognizioni aceresciuta del ta Doltor Pellegrino Guidotti;;;;Per le Stechi Pagans;;Frience;1775;VIII h., 265 p. , 8º mlla. ,;;;;;;;;;;;;;;;;;;;;;;;;;;;;;;;;;;it;ita;;;Libro;;DGMICRO/69972 //;http://bdh-rd.bne.es/viewer.vm?id=0000052101&page=1 **;http://bdh-rd.bne.es/text.vm?id=0000052101&first=1&last=288 **
bima0000051283;Guillet de Saint-George, George  //;;;Lacademome ancienne et nouvelle;;;;[s.n.];;Paris;1676;2 pte. en 1 v. , 12º ,;;;;;;;;;;;;;;;;;;;;;;;;;;;;;;;;;;fr;fre;;;Libro;;3/15048 //;http://bdh-rd.bne.es/viewer.vm?id=0000216037&page=1 **;http://bdh-rd.bne.es/text.vm?id=0000216037&first=1&last=517 **
bima0000051319;Guisard, Pierre  //;;;Dissertation pratique sur les maus veneriens;;;nouvelle edition revuê et augmentés;[s.n.];;Paris;1750;p. , 8º ,;;;;;;;;;;;;;;;;;;;;;;;;;;;;;;;;;;fr;fre;;;Libro;;3/5783 //;http://bdh-rd.bne.es/viewer.vm?id=0000236591&page=1 **;http://bdh-rd.bne.es/text.vm?id=0000236591&first=1&last=149 **
bima0000051483;Gutiérrez Bueno, Pedro , 1743-1822  // Villalpando, Fermín Tadeo , fl. 1794-1826  // Brandi, Mariano , fl. 1779-1824 -grab.  // Blanco, Carlos , fl.1805 -dib.  //;;;Prontuario de química, farmacia y materia médica : dividido en tres secciones;;por D. Pedro Gutierrez Bueno ...;;Imprenta de Villalpando;;Madrid;1815;269 p., 1 h. de lám. , 8º ,;Química //;;"Sign: [ ], *⁸, 1-16⁸, 17⁸⁻¹  // La hoja de lámina es un grabado calcográfico con retrato del autor: ""Carlos Blanco lo dibo., M. Brandi, lo Gro.""  //";;;;;;;;Farmacología --  // Medicina -- España -- S.XIX --  //;;Madrid, España //;;;;;;54  //  61  //;;;;;;;;;;;;;;;sp;spa;;;Libro;;2/31456 //;http://bdh-rd.bne.es/viewer.vm?id=0000042008&page=1 **;http://bdh-rd.bne.es/text.vm?id=0000042008&first=1&last=289 **
bima0000051798;Halley, Edmond , 1656-1742  //;;;Edmundi Halleii ... Tabulae Astronomicae accedunt de usu tabularum praecepta;;;;apud Gulielmum Innis;;Londini;1749;[164] h. , Fol. ,;;;;;;;;;;;;;;;;;;;;;;;;;;;;;;;;;;xx;lat;;;Libro;;3/213 //;http://bdh-rd.bne.es/viewer.vm?id=0000217355&page=1 **;http://bdh-rd.bne.es/text.vm?id=0000217355&first=1&last=339 **
bima0000051856;Hammond, James  //;;;The poetical works;;of James Hammond. With the life of the author;;J. Bell;;London;1787;XI-108 p., 1 lám. , 12º ,;Bell's Edition. The Poets of Great Britain. Complete from Chancer to Churchill, v. 97 //;;;;;;;;;;;;;;;;;;;;;;;;;;;;;;;;;xx;eng;;;Libro;;3/74228 //;http://bdh-rd.bne.es/viewer.vm?id=0000244999&page=1 **;http://bdh-rd.bne.es/text.vm?id=0000244999&first=1&last=175 **
bima0000052048;Hastings, Warren  //;;;Memoirs relative to the state of India...;;;A new edition, with additions;For J. Murray;;London;1786;VIII, 196 p. , --- ,;;;Con retr. del autor  //;;;;;;;;;;;;;;;;;;;;;;;;;;;;;;;xx;eng;;;Libro;;3/77722 //;http://bdh-rd.bne.es/viewer.vm?id=0000247667&page=1 **;http://bdh-rd.bne.es/text.vm?id=0000247667&first=1&last=219 **
bima0000052148;Heath, Robert  //;;;A natural and historical account of the Islands of Scilly...;;;;For. R. Manby and H.S. Cox;;London;1750;VIII, I XVI, I XIII, 456 p., 1 h. pleg., 2 lám. pleg. , --- ,;;;;;;;;;;;;;;;;;;;;;;;;;;;;;;;;;;xx;eng;;;Libro;;3/77733 //;http://bdh-rd.bne.es/viewer.vm?id=0000247664&page=1 **;http://bdh-rd.bne.es/text.vm?id=0000247664&first=1&last=512 **
bima0000052311;Heinlein, Heinrich  //;;;Medulla theologiae pastoralis practicae...;;operae & studio R.P.T. Henrici Heinlein, ...;;Antonius Bortoli;;Venetiae;1704;580 p., sign. Bb>10<, Cc>6< , 12º (14 cm) ,;;;La fecha exacta no se ha podido tomar por faltar el extremo inferior de la portada  //;;;;;;;;;;;;;;;;;;;;;;;;;;;;;;;it;lat;;;Libro;;3/76388 // 3/76388 //;http://bdh-rd.bne.es/viewer.vm?id=0000129830&page=1 **;http://bdh-rd.bne.es/text.vm?id=0000129830&first=1&last=621 **
bima0000052497;Henisch, George  //;;;Apetaioy ( ).- Actiologica, simeiotica et Therapertica morborum acectorum & disturnorum tretaei Cappadocis Graecé & Latine conjunctium edita tribus mss. codicibus Veneti, Banarico, Augustano collatis.- : Cum commentacio... illvstratum;;Autore Georgio Henischio;;Georgius Willerus...;;Avgvstae Vincklicorum;1603;10 h., 446 p., 8 h. , Fol. ,;;;Encabezamiento tomado de Hoefer  //;;;;;;;;;;;;;;;;;;;;;;;;;;;;;;;gw;grc;;grc // lat //;Libro;;DGMICRO/69799 //;http://bdh-rd.bne.es/viewer.vm?id=0000012102&page=1 ** http://bdh-rd.bne.es/viewer.vm?id=0000012102&page=166 ** http://bdh-rd.bne.es/viewer.vm?id=0000012102&page=331 **;http://bdh-rd.bne.es/text.vm?id=0000012102&first=1&last=165 ** http://bdh-rd.bne.es/text.vm?id=0000012102&first=166&last=330 ** http://bdh-rd.bne.es/text.vm?id=0000012102&first=331&last=494 **
bima0000052657;Hericourt, Nicolás d'  //;;;Elemens de l'art militaire;;par Mr. d'Hericourt;Nouvelle édition;chez Pierre Gosse;;A La Haye;1748;2 v. , 12º ,;;;Descripción provisional  //;;;;;;;;;;;;;;;;;;;;;;;;;;;;;;;ne;fre;;;Libro;;3/47667-3/47668 // 3/47668_V._2 // 3/47667_V._1 //;http://bdh-rd.bne.es/viewer.vm?id=0000089294&page=1 ** http://bdh-rd.bne.es/viewer.vm?id=0000089294&page=163 **;http://bdh-rd.bne.es/text.vm?id=0000089294&first=1&last=162 ** http://bdh-rd.bne.es/text.vm?id=0000089294&first=163&last=306 **
bima0000052743;Hermes Trismegisto  // Rosselli, Annibale -autor del comentario adicional  //;;[Corpus hermeticum. Latín] //;Diuinus Pymander Hermetis Mercurii Trismegisti;;"cum commentariis R. P. F. Hannibalis Rosseli ...; tomus primus [-sextus] ... Opus vere aureum...; accessit eiusdem textus graecolatinus, industria D. Francisci Flussatis Candallae";;ex Officina Choliniana  sumptibus Petri Cholini;;Coloniae Agrippinae;1630;[4], 342, [6], 184, [4], 204, [4], 267, [2], 206, [38] p., , Fol. ,;;;"Sign.: *², A-C⁶, D⁴, A-Z⁶, 2A-2E⁶, 2F⁴, [ ]², A-P⁶, Q², [ ]², A-R⁶, [ ]², A-X⁶, Y⁸, [ ]²⁻¹, A-T⁶, V⁸  // Los seis libros, con portada propia; del tercero al sexto, también con paginación y signaturización propias  // Portada a dos tintas y con grabado calcográfico  // Apostillas marginales  //";;;;;;;;;;Colonia, Alemania //;;;;;;;;;;;;;;;;;;;;;gw;lat;;;Libro;;DGMICRO/69093 //;http://bdh-rd.bne.es/viewer.vm?id=0000074033&page=1 **;http://bdh-rd.bne.es/text.vm?id=0000074033&first=1&last=1318 **
bima0000052761;Hernaez de la Torre, Domingo  // Sáenz de Arquiñigo, José -coaut.  // Rojo, Jerónimo -imp.  //;;;Primera parte de la Chronica de la provincia de Burgos, de la Regular Observancia de Nuestro Padre San Francisco ...;;escrita, su mayor parte, por el M.R.P. Fr. Domingo Hernaez de la Torre ... y finalizada por el R. Padre Fray Joseph Saenz de Arquiñigo ...;;por Geronimo Roxo;;En Madrid;1722;[12], 449, 10 p., [1] en bl. , Fol. ,;;;Sign.: ¶⁶, A-Z⁴, 2A-2Z⁴, 3A-3L⁴, 3M²  // Portada con orla tipográfica  // Iniciales grabadas  // Texto a dos columnas  //;Aguilar Piñal. Bib. S. XVIII v. 4, 2992  //;;;;;;;Franciscanos -- Historia--  // Burgos (Provincia) -- Historia eclesiástica --  //;;Madrid, España //;;;;;;26  //;;;;;;;;;;;;;;;sp;spa;;;Libro;;7/15052 //;http://bdh-rd.bne.es/viewer.vm?id=0000133539&page=1 **;http://bdh-rd.bne.es/text.vm?id=0000133539&first=1&last=479 **
bima0000052894;Herrera, Francisco Manuel de , 1684-1752  //;;;Representacion, que la muy noble, y muy leal ciudad de Cadiz haze al Rey nuestro Señor en respuesta al segundo Memorial, presentado à nombre de ... Sevilla, sobre las pretensiones a la translacion del Comercio, y Carrera de las Indias, Juzgado, ... Tribunales de Contratacion y Consulado ...;;escrita por Don Francisco Manuel de Herrera, diputado de Cadiz en la Corte, año de 1727;;[s.n.];;[S.l.];1727?;[1], 55 h. , Fol. ,;;;Precede al título: “christus”  // Fecha de impresión aproximada tomada del título  // Sign.: [ ]²⁻¹, A-Z², Aa-Dd², Ee²⁻¹  // Portada con orla tipográfica  // Iniciales grabadas  //;Aguilar Piñal. Bib. S. XVIII v. 4, 3064  //;;;;;;;Rutas comerciales --  // Sevilla -- Comercio exterior -- América --  // Cádiz -- Comercio exterior -- Historia --  //;;;;;;;;339  //;;;;;;;;;;;;;;;sp;spa;;;Libro;;2/27862 //;http://bdh-rd.bne.es/viewer.vm?id=0000115423&page=1 **;http://bdh-rd.bne.es/text.vm?id=0000115423&first=1&last=119 **
bima0000053013;Hesíodo  // Schrevel, Cornelis , 1608-1664 -editor literario  // Elzevier, Louis , 1604?-1670 -impresor  // Elzevier, Daniel , 1626-1680 -impresor  // Barlaeus, Lambertus  //;;;Ēsiodou Askraiou ta ēuriskomena = Hesiodi Ascraei quae extant;;"um notis ... accessit ... Lamberti Barlaei, ... in eiusdem Theogoniaem commentarius; opera & studio Cornelii Schrevelii";;typis Ludovici & Danielis Elzeviriorum;;Amstelodami;1658;"[22], 342, [2]; [4], 260 p. , 8º ,";;;"Texto paralelo griego-latino en la primera obra  // Marca tipográfica xilográfica en ambas portadas  // Sign.: *⁴⁻¹, *⁸, A-X⁸, Y⁴; [ ]², A-Q⁸, R²  // Primera portada a dos tintas  // Segunda obra con portada, paginación y signatura propias  //";;;;;;;;Hesíodo -- Crítica e interpretación --  //;;Amsterdam, Holanda //;;;;;;;;;;;;;;;;;;;;;ne;lat;;;Libro;;DGMICRO/69100 //;http://bdh-rd.bne.es/viewer.vm?id=0000014948&page=1 ** http://bdh-rd.bne.es/viewer.vm?id=0000014948&page=369 **;http://bdh-rd.bne.es/text.vm?id=0000014948&first=1&last=368 ** http://bdh-rd.bne.es/text.vm?id=0000014948&first=369&last=636 **
bima0000053029;Hesiquio de Mileto  // Basson, Godefridi -imp.  // Meurs, Johannes van , 1579-1639 -ed. lit.  // Bessarion, Cardenal , 1395-1472  //;;;Hesychii Milesii ... Opuscula partim hactenus;Opuscula partim hactenus  //;"non edita Ioannes Meursius graece ac latiné simul primus vulgarit cum notis ; his adjeta Bessarionis Epistola Graecobarba";;ex Officina Godefridi Basson;;Lugduni Batauorum;1613;[8], 64, 295 p. , 8ª ,;Geografía. Biografías. Historia // Biografías. Heráldica. Genealogía //;;Texto en latín y griego  // Sign.: ā⁴, A-B⁸, Γ-Δ⁸, A-S⁸, T⁴  // Portada con grabado xilográfico  // Iniciales grabadas  // La epístola con portadilla propia  //;;;;;;;;Biografía antigua --  //;;Leyden, Países Bajos //;;;;;;;;;;;;;;;;;;;;;ne;lat;;grc // lat //;Libro;;U/1751 //;http://bdh-rd.bne.es/viewer.vm?id=0000103899&page=1 **;http://bdh-rd.bne.es/text.vm?id=0000103899&first=1&last=383 **
bima0000053193;Higuera, Cristobal de la  //;Viuda de Juan García Infanzón -imp.  //;;Compendio de indulgencias concedidas â los hijos de la V. O. Tercera de Penitencia de N. P. S. Francisco, dividido en tres tratados en el primero se declara las Regla [sic] y sus Estatutos, y en los dos siguientes se expressan sus indulgencias y las que participan, assi de la nuestra, como de las demàs religiones;;por Fr. Christoval de la Higuera, Religiosos de la Observancia, Predicador y Visitador General de dicha V.O. Tercera, año de 1714;;por la Viuda de Juan Garcia Infançon;;En Madrid;1714;[28], 349 [i.e. 339], [17] p. , 16º ,;;;Fecha de impresión aproximada deducida del título  // Sign.: ¶-2¶⁸, A-Y⁸  // Error de paginación: de la p. 206 pasa a la p. 217  // Iniciales grabadas  //;Aguilar Piñal. Bib. S. XVIII v. 4, 3266  //;;;;;;;;;Madrid, España //;;;;;;26  //;;;;;;;;;;;;;;;sp;spa;;;Libro;;3/62254 //;http://bdh-rd.bne.es/viewer.vm?id=0000039192&page=1 **;http://bdh-rd.bne.es/text.vm?id=0000039192&first=1&last=195 **
bima0000053267;Hiller, Ludwig Heinrich  //;;;Mysterivm artis steganographicae novissimum... : Omnes epistolae aliaque scripta incognita, characteribus furtivs exarata in omnibus linguis...;;editum in lucem... ex Musaeo M. Lvddovici Henrici Hilleri;;Georgius Wilhelmus Kuhnen;;Vlmae;1682;Sign. a>8<, b>3<, 478 p., 3 h. , 12 (17 cm) ,;;;;;;;;;;;;;;;;;;;;;;;;;;;;;;;;;;sw;lat;;;Libro;;3/77972 //;http://bdh-rd.bne.es/viewer.vm?id=0000247624&page=1 **;http://bdh-rd.bne.es/text.vm?id=0000247624&first=1&last=257 **
bima0000053626;;;;Historia Navigationis Martini Forbiseri Angli Praetoris sive Capitanii, A.C. 1577 Majo, Junio, Julio, Augusto et Septembris mensibus, jussu Reginae Elisabethae, ex Anglia, in Septentrionis et Occidentis tractum susceptae, ephemeridis sive diarii more conscripta et stilo trienioq;;post ex gallico in latinum sermonem a Joh. Thoma Fregio translata;;Sumpt. Joh. Naumanni et Geórgi Wolfii;;Hamburgi;1675;p. , 4º ,;;;;;;;;;;;;;;;;;;;;;;;;;;;;;;;;;;gw;lat;;;Libro;;2/94323 //;http://bdh-rd.bne.es/viewer.vm?id=0000211657&page=1 **;http://bdh-rd.bne.es/text.vm?id=0000211657&first=1&last=67 **
bima0000053750;Hochstetter, Andreas Adamus  //;;;Collegium Puffendorfianum super libris chnobus. De officio hominis et civis... XII exercitationibus institutum cum tractatu de jure poenarum necnon dissertationibus XII selectis;;;;[s.n.];;Stuttgardiae;1726;2 pte. en 1 v. , 4º ,;;;;;;;;;;;;;;;;;;;;;;;;;;;;;;;;;;gw;lat;;;Libro;;DGMICRO/70239 //;http://bdh-rd.bne.es/viewer.vm?id=0000105305&page=1 ** http://bdh-rd.bne.es/viewer.vm?id=0000105305&page=243 ** http://bdh-rd.bne.es/viewer.vm?id=0000105305&page=485 ** http://bdh-rd.bne.es/viewer.vm?id=0000105305&page=727 **;http://bdh-rd.bne.es/text.vm?id=0000105305&first=1&last=242 ** http://bdh-rd.bne.es/text.vm?id=0000105305&first=243&last=484 ** http://bdh-rd.bne.es/text.vm?id=0000105305&first=485&last=726 ** http://bdh-rd.bne.es/text.vm?id=0000105305&first=727&last=968 **
bima0000053753;Hody, Humphrey  //;;;De bibliorum textibus originalibus, versionibus graecis, & latina vulgata : libri IV. Praemittitur Aristae historiae gr. et lat.;;;;e theatro sheldoniano;;Oxonii;1705;p. , Fol. ,;;;;;;;;;;;;;;;;;;;;;;;;;;;;;;;;;;xx;grc;;grc // lat //;Libro;;3/11145 //;http://bdh-rd.bne.es/viewer.vm?id=0000213227&page=1 **;http://bdh-rd.bne.es/text.vm?id=0000213227&first=1&last=723 **
bima0000053875;Holwell, John Zephaniah  //;;;Interesting historical events, relative to the provinces of Bengal and the Empiere of Indostan...;;;;For Z. Becket and P.A. de Hondt;;London;1765;2 pte. en 1 v. con lám. pleg. 1-4 , --- ,;;;;;;;;;;;;;;;;;;;;;;;;;;;;;;;;;;xx;eng;;;Libro;;3/77703 //;http://bdh-rd.bne.es/viewer.vm?id=0000247558&page=1 **;http://bdh-rd.bne.es/text.vm?id=0000247558&first=1&last=320 **
bima0000054142;Horacio Flaco, Quinto  //;;[Obras] //;Q. Horatius Flaccus;;"cum comment. selectiss varzorum ; et scholiis integris Jo. Bond: accedunt indices locupletissimi: accurante Corn. Schrevelio";;ex off. hackiana;;Lugd. Batav.et Roterod;1670;p. , 8º ,;;;;;;;;;;;;;;;;;;;;;;;;;;;;;;;;;;ne;lat;;;Libro;;3/49422 // 3/49422 //;http://bdh-rd.bne.es/viewer.vm?id=0000107456&page=1 **;http://bdh-rd.bne.es/text.vm?id=0000107456&first=1&last=448 **
bima0000054458;Hottinger, Johann Heinrich  //;;;Joh. Henrici Hottingeri... Promptuarium sive Bibliotheca orientalis...;;;;Adrianus Wyngaerden;;Heidelbergac;1658;VIII, 332, 1-48 p. , 4º ,;;;;;;;;;;;;;;;;;;;;;;;;;;;;;;;;;;gw;lat;;;Libro;;3/19381 //;http://bdh-rd.bne.es/viewer.vm?id=0000217269&page=1 **;http://bdh-rd.bne.es/text.vm?id=0000217269&first=1&last=400 **
bima0000054484;Houllier, Jacques  //;;;Iacobi Hollerii stempani medici parisiensis omnia opera practica ... acessit etiam ad calcem libri therapia puerperarum I. le bon medici regii;;;;excudebat Jacobus Stoer;;Coloniae Allobrogum;1623;p. , 4º ,;;;;;;;;;;;;;;;;;;;;;;;;;;;;;;;;;;sz;lat;;;Libro;;3/1318 //;http://bdh-rd.bne.es/viewer.vm?id=0000214170&page=1 **;http://bdh-rd.bne.es/text.vm?id=0000214170&first=1&last=472 **
