idBNE;Autor Personas;Autor Entidades;Título uniforme;Título;Otros Títulos;Información asociada al título;Edición;Editorial;Editor musical;Lugar de publicación;Fecha de publicación;Descripción física;Serie;Contenido;Descripción y notas;Citas o referencias;transcripciones de interés;Procedencia;Intérpretes;Resumen;Premios;Periodicidad;Tema;Género/Forma;Lugar relacionado;Forma de la composición sonora;Forma de la composición notada;tipo material cartográfico;Proyección del mapa;Escala del mapa;CDU;Otra clasificación;id registros relacionados;información asociada a registros relacionados;id otras ediciones;información asociada a otras ediciones;id título anterior;información asociada a título anterior;id título posterior;información asociada a título posterior;ISBN;ISSN;Depósito Legal;Otros Números Normalizados;Número Bibliografía Nacional;País de publicación;Lengua de publicación;Lengua original;otras lenguas;Tipo de documento;Condiciones de uso;signatura;version_digital;texto_OCR
Mimo0001129308;Mach, José , 1810-1885  //;;[Ancora de salvación ó Devocionario... para caminar á la perfección] //;Ancora de Salvación ó Devocionario... para caminar á la perfección;;;66ª ed. española;[s.n.]  Imp. de Francisco Rosal;;Barcelona;1894;713 p. , 8º ,;;;;;;;;;;;;;;;;;;;;;;;;;;;;;;;;;;sp;spa;;;Libro;;DGMICRO/62754 //;http://bdh-rd.bne.es/viewer.vm?id=0000059700&page=1 **;http://bdh-rd.bne.es/text.vm?id=0000059700&first=1&last=738 **
Mimo0001129325;Mach, José , 1810-1885  //;;;Id á José ó sea devocionario especial para el que desee ser verdadero devoto del patriarca San José;;;5ª ed.;[s.n.]  Imp. de Francisco Rosal;;Barcelona;1893;p. , 8º. ,;;;Con grab.  //;;;;;;;;;;;;;;;;;;;;;;;;;;;;;;;sp;spa;;;Libro;;DGMICRO/62791 //;http://bdh-rd.bne.es/viewer.vm?id=0000053814&page=1 **;http://bdh-rd.bne.es/text.vm?id=0000053814&first=1&last=696 **
Mimo0001129334;Mach, José , 1810-1885  //;;[Norma de vida cristiana] //;Norma de vida cristiana;;;10ª ed.;[s.n.]  Estampa de Francesch Rosal;;Barcelona;1891;p. , 8º. ,;;;Con grabs.  //;;;;;;;;;;;;;;;;;;;;;;;;;;;;;;;sp;spa;;;Libro;;DGMICRO/62773 //;http://bdh-rd.bne.es/viewer.vm?id=0000053815&page=1 **;http://bdh-rd.bne.es/text.vm?id=0000053815&first=1&last=508 **
Mimo0001131412;Maeso, Carlos María  //;;;El Uruguay a través de un siglo la jornada civilizadora realizada en la República Oriental del Uruguay y el brillante porvenir de esta nación americana = L'Uruguay à travers un siècle : l'oeuvre civilisatrice réalisée par la République Orientale de l'Uruguay, le brillant venir de cette nation américaine;;obra escrita por Carlos M. Maeso ...;;[s.n.]  Tip. y Lit. Moderna;;[S.l.] , Montevideo;1910;533 p., [26] h. de lám., [1] h. pleg. de lám. , il. , 39 cm ,;;;Texto en español y francés  //;;;;;;;;Uruguay -- Descripción --  //;;;;;;;;(899)  //  908(899)  //;;;;;;;;;;;;;;;uy;spa;;spa // fre //;Libro;;HA75719 //;http://bdh-rd.bne.es/viewer.vm?id=0000078297&page=1 ** http://bdh-rd.bne.es/viewer.vm?id=0000078297&page=321 ** http://bdh-rd.bne.es/viewer.vm?id=0000078297&page=609 **;http://bdh-rd.bne.es/text.vm?id=0000078297&first=1&last=320 ** http://bdh-rd.bne.es/text.vm?id=0000078297&first=321&last=608 ** http://bdh-rd.bne.es/text.vm?id=0000078297&first=609&last=613 **
Mimo0001134739;Mallada, Lucas , 1841-1921  //;;;Los males de la patria y la futura revolución española. Primera parte, Los males de la patria consideraciones generales acerca de sus causas y efectos;;por L. Mallada;;[s.n.]  Tip. de Manuel Ginés Hernández;;[S.l.] , Madrid;1890;359 p. , 23 cm ,;Ciencias sociales // Política //;;;;;;;;;;Regeneracionismo --  // España -- Historia -- S.XIX --  // España -- Situación económica -- S.XIX --  // España -- Situación social -- S.XIX --  //;;;;;;;;"308(460)""18""  //  329.12(460)""18""  //  338.1(460)""18""  //  94(460)""18""  //";;;;;;;;;;;;;;;sp;spa;;;Libro;;3/113524 //;http://bdh-rd.bne.es/viewer.vm?id=0000069459&page=1 **;http://bdh-rd.bne.es/text.vm?id=0000069459&first=1&last=377 **
Mimo0001149938;Martí-Miquel, Jaime , 1840-1910  //;;;La leyenda del trovador (Libro original);;;;[s.n.]  Imp. de Manrique y Sanchez;;Madrid;1893;p. , 8º m. ,;;;;;;;;;;;;;;;;;;;;;;;;;;;;;;;;;;sp;spa;;;Libro;;DGMICRO/62746 //;http://bdh-rd.bne.es/viewer.vm?id=0000057541&page=1 **;http://bdh-rd.bne.es/text.vm?id=0000057541&first=1&last=270 **
Mimo0001163915;Mathé, Felipe , 1850-1910  //;;;¡Guillermina! Novela original;;;;[s.n.]  Imp. de José Ortega;;Valencia;1889;p. , 8º m. ,;;;;;;;;;;;;;;;;;;;;;;;;;;;;;;;;;;sp;spa;;;Libro;;DGMICRO/62782 //;http://bdh-rd.bne.es/viewer.vm?id=0000053205&page=1 **;http://bdh-rd.bne.es/text.vm?id=0000053205&first=1&last=436 **
Mimo0001181885;Miguel, Raimundo de , 1816-1878  //;;;Curso elemental teórico-práctico de Retórica y Poética;;;7ª ed.;[s.n.]  Tip. Franco-Española;;Madrid;1890;p. , 8º m. ,;;;;;;;;;;;;;;;;;;;;;;;;;;;;;;;;;;sp;spa;;;Libro;;DGMICRO/62771 //;http://bdh-rd.bne.es/viewer.vm?id=0000052129&page=1 **;http://bdh-rd.bne.es/text.vm?id=0000052129&first=1&last=276 **
Mimo0001189249;Minteguiaga, Venancio María de , 1838-1911  //;;;El artículo 11 de la Constitución;;R.P. Venancio Mª de Minteguiaga, de la Compañía de Jesús;;Gustavo Gili, ed.;;Barcelona;1911;256 p. , 19 cm ,;;;;;;;;;;;Libertad religiosa -- España --  // Derecho eclesiástico -- España --  //;;;;;;;;342.731(460)  //  348.7/.8(460)  //;;;;;;;;;;;;;;;sp;spa;;;Libro;;4/115204 //;http://bdh-rd.bne.es/viewer.vm?id=0000108614&page=1 **;http://bdh-rd.bne.es/text.vm?id=0000108614&first=1&last=263 **
Mimo0001197154;Monner Sans, R. , 1853-1927  //;;;Minucias lexicográficas Tata, Tambo, Poncho, Chiripa, etc., etc.,;;por Ricardo Monner Sans;;Félix Lajouane;;Buenos Aires;1896;60 p. , 19 cm ,;Lingüística. Literatura // Lingüística y lenguas //;;;;;;;;;;Lengua española -- América -- Lexicología --  //;;;;;;;;811.134.2'373(7/8)  //;;;;;;;;;;;;;;;ag;spa;;;Libro;;VC/221/20 //;http://bdh-rd.bne.es/viewer.vm?id=0000115988&page=1 **;http://bdh-rd.bne.es/text.vm?id=0000115988&first=1&last=68 **
Mimo0001197883;Montaldo y Peró, Federico , 1859-1912  // Monleón y Torres, Rafael , 1843-1900  //;;;Desde la toldilla;;"impresiones y bocetos por Federico Montaldo ; dibujos de Rafael Monleón";;[s.n.]  Imprenta de A. Rodero;;[S.l.] , Madrid;1887;241 p. , il. , 20 cm ,;Exploraciones. Viajes // Geografía Biografía. Historia //;;;;;;;;;;Marina de guerra -- España --  //;;;;;;;;355  //  910  //;;;;;;;;;;;;;;;sp;spa;;;Libro;;2/32722 //;http://bdh-rd.bne.es/viewer.vm?id=0000039327&page=1 **;http://bdh-rd.bne.es/text.vm?id=0000039327&first=1&last=263 **
Mimo0001212964;Muns y Castellet, Francisco , 1833-1894  //;;;"Los Mártires del siglo XIX : dividido en dos partes, 1ª Cronología de las órdenes religiosas, ruinas de conventos y martirio de frailes; 2ª Mártires de la caridad en la epidemia de 1885";;"por Francisco Muns y Castellet ; con un prólogo por el Rdo. Dr. Félix Sardá y Salvany";;Imprenta y Librería Religiosa y científica del heredero de D. Pablo Riera;;Barcelona;1888;360 p. , 26 cm ,;;;;;;;;;;;Mártires cristianos --  //;;;;;;;;27-34  //;;;;;;;;;;;;;;;sp;spa;;;Libro;;2/37125 //;http://bdh-rd.bne.es/viewer.vm?id=0000211182&page=1 **;http://bdh-rd.bne.es/text.vm?id=0000211182&first=1&last=373 **
Mimo0001218717;Muro, Ángel , 1839-1897  //;;;Ocho días en Tánger : impresiones de un viaje agradable y corto de cuatro buenos amigos, sin equipaje;;por Ángel Muro;;[s.n.]  Tipografía de los Huérfanos;;[S.l.] , Madrid;1891;63 p. , 19 cm ,;Exploraciones. Viajes // Geografía Biografía. Historia //;;;;;;;;;;Tánger -- Descripción --  //;;;;;;;;913(64)  //  910  //;;;;;;;;;;;;;;;sp;spa;;;Libro;;2/45322 //;http://bdh-rd.bne.es/viewer.vm?id=0000039290&page=1 **;http://bdh-rd.bne.es/text.vm?id=0000039290&first=1&last=79 **
Mimo0001224947;Navarro, Cecilio , m. 1889  //;;;José;;;;Libreria de Juan y Antonio Bastinos, Editores.  Imprenta de J. Jepús;;Barcelona;1886;p. , 8º m. ,;;;"Con una estamp. y págs. orladas  // De los ""Poemas de la Biblia""  //";;;;;;;;;;;;;;;;;;;;;;;;;;;;;;;sp;spa;;;Libro;;DGMICRO/62943 //;http://bdh-rd.bne.es/viewer.vm?id=0000056413&page=1 **;http://bdh-rd.bne.es/text.vm?id=0000056413&first=1&last=68 **
Mimo0001240216;Nieto y Serrano, Matías , 1813-1902  // Puerta, Gabriel de la , 1839-1908  //;;;Discursos leídos en la solemne sesión inaugural de 1893 de la Real Academia de Medicina;;por el Dr. D. Matías Nieto Serrano y el Dr. D. Gabriel de la Puerta;;[s.n.]  Estab. Tip. de Enrique Teodoro;;[S.l.] , Madrid;1893;23, 33 p. , 28 cm ,;Medicina. Farmacia //;;;;;;;;;;Real Academia de Medicina de Madrid --  // Química orgánica --  // Química farmacéutica --  //;;;;;;;;61  //;;;;;;;;;;;;;;;sp;spa;;;Libro;;2/32121 //;http://bdh-rd.bne.es/viewer.vm?id=0000107016&page=1 **;http://bdh-rd.bne.es/text.vm?id=0000107016&first=1&last=71 **
Mimo0001241184;Noailles, Pierre-Bienvenu , 1793-1861  //;;;Directorio o consejos de perfección;;dados a las Hermanas de la Sagrada Familia por... el Presbítero D. Pedro Bienvenido Noailles;;s.n.]  Imp. del Asilo de Huérfanos del S.C. de Jesús;;[S.l. , Madrid;1924;154 p. , 16 mlla. (15 cm) ,;;;Con retr. del autor  // Contiene además: Directorio particular de las Hermanas de la Sagrada Familia, llamadas Religiosas de la Esperanza 54 pag.  //;;;;;;;;Consejos evangélicos --  //;;;;;;;;;;;;;;;;;;;;;;;sp;spa;;;Libro;;2/81565 //;http://bdh-rd.bne.es/viewer.vm?id=0000217016&page=1 **;http://bdh-rd.bne.es/text.vm?id=0000217016&first=1&last=213 **
Mimo0001242150;Nombela, Julio , 1836-1919  //;;;El amor propio;;;;[s.n.  Imp. de Enrique Rubiños;;Madrid;1894;p. , 8º m. ,;;;"Pertenece á la ""Biblioteca recreativa de la Ultima Moda""  //";;;;;;;;;;;;;;;;;;;;;;;;;;;;;;;sp;spa;;;Libro;;DGMICRO/62718 //;http://bdh-rd.bne.es/viewer.vm?id=0000059715&page=1 **;http://bdh-rd.bne.es/text.vm?id=0000059715&first=1&last=342 **
Mimo0001257989;Orio y Gómez, Antonio  //;;;Elementos de organografía, fisiología, metodología, clasificación y descripción de las familias naturales y nociones de geografía botánica;;por el Doctor Antonio Orio Gómez;;[s.n.]  Imp. de Segundo Martínez;;[S.l.] , Madrid;1874;126, 540 p. , il. , 22 cm ,;Botánica //;pte. primera. Organografía y fisiología -- pte. segunda. Metodología, clasificación y descripción de las familias naturales y nociones de geografía botánica// pte. primera. Organografía y fisiología -- pte. segunda. Metodología, clasificación y descripción de las familias naturales y nociones de geografía botánica//;2 t. en 1 v.  //;;;;;;;;Botánica --  //;;;;;;;;58  //;;;;;;;;;;;;;;;sp;spa;;;Libro;;1/28935 //;http://bdh-rd.bne.es/viewer.vm?id=0000041443&page=1 **;http://bdh-rd.bne.es/text.vm?id=0000041443&first=1&last=666 **
Mimo0001258925;Orriols, Juan Bautista , 1828-1921  //;;;Miscelánea oratoria Coleccion de Discursos acerca de distintas materias políticas, económicas, jurídicas y literarias;;;;[s.n.]  Imp. de J. Jepús y Roviralta;;Barcelona;1894;p. , 8º m. ,;;;;;;;;;;;;;;;;;;;;;;;;;;;;;;;;;;sp;spa;;;Libro;;DGMICRO/62673 //;http://bdh-rd.bne.es/viewer.vm?id=0000059158&page=1 **;http://bdh-rd.bne.es/text.vm?id=0000059158&first=1&last=288 **
Mimo0001263960;Ortega Munilla, José , 1856-1922  //;;;La señorita de La Cisniega novela;;por J. Ortega Munilla;;Gustavo Gili;;Barcelona;1918;220 p. , 20 cm ,;Lingüística. Literatura // Literatura española // Colección selecta internacional //;;;;;;;;;;;;;;;;;;"821.134.2-31""18""  //";;;;;;;;;;;;;;;sp;spa;;;Libro;;1/76845 //;http://bdh-rd.bne.es/viewer.vm?id=0000051527&page=1 **;http://bdh-rd.bne.es/text.vm?id=0000051527&first=1&last=237 **
Mimo0001267595;Oyuela, Calixto , 1857-1935  //;;;Estudios y Artículos Literarios;;Calixto Oyuela;;Pablo E. Coni e hijos;;Buenos Aires;1889;600 p. , 4º (23 cm) ,;;;;;;;;;;;;;;;;;;;;;;;;;;;;;;;;;;ag;spa;;;Libro;;1/65547 //;http://bdh-rd.bne.es/viewer.vm?id=0000238062&page=1 **;http://bdh-rd.bne.es/text.vm?id=0000238062&first=1&last=617 **
Mimo0001273824;Pardo, Luis  //;;;De arte contemporáneo (impresiones);;;;[s.n.]  Est. tipog. de los Sucesores de Cuesta;;Madrid;1899;p. , 8º m. ,;;;;;;;;;;;;;;;;;;;;;;;;;;;;;;;;;ArtedigXIXtyc;sp;spa;;;Libro;;DGMICRO/63821 //;http://bdh-rd.bne.es/viewer.vm?id=0000062276&page=1 **;http://bdh-rd.bne.es/text.vm?id=0000062276&first=1&last=239 **
Mimo0001275133;Cantù, Cesare , 1804-1895  // Ronna, A. , 1801-1866  //;;;Parnaso Italiano : poeti italiani contemporanei maggiori e minori. Preceduti da un discorso preliminare intorno a Giuseppe Parini e il suo secolo;Poeti italiani contemporanei maggiori e minori  //;scritto da Cesare Cantu. E seguiti da un saggio di rime di poetesse italiane antiche e moderne scelte da A. Ronna;;Baudry, Libreria Europea;;Parigi;1847;XX, 1008 p., [1] h. de lám. , 22 cm ,;;"Opere scelte di Giuseppe Parini ; Opere scelte di Giambattista Casti ; Opere scelte di Vincenzo Monti ; Opere poetiche di Alessandro Manzoni ; Novelle scelte ed altre rime di Tommaso Grossi ; Poesie scelte di Silvio Pellico ; Canti di Giacomo Leopardi ; Tragedie scelte ed altre rime di Gian Battista Niccolini ; Rime scelte di L. Carrer, J. Vittorelli, G. Berchet, G. Perticari e G. Marchetti ; Rime scelte di S. Baldacchini, G. Borchi, Della Valle , A. M. Ricci, Felice Romani , N. Tommaseo, B. Sestini ; Rime scelte di vari poeti moderni// Opere scelte di Giuseppe Parini ; Opere scelte di Giambattista Casti ; Opere scelte di Vincenzo Monti ; Opere poetiche di Alessandro Manzoni ; Novelle scelte ed altre rime di Tommaso Grossi ; Poesie scelte di Silvio Pellico ; Canti di Giacomo Leopardi ; Tragedie scelte ed altre rime di Gian Battista Niccolini ; Rime scelte di L. Carrer, J. Vittorelli, G. Berchet, G. Perticari e G. Marchetti ; Rime scelte di S. Baldacchini, G. Borchi, Della Valle , A. M. Ricci, Felice Romani , N. Tommaseo, B. Sestini ; Rime scelte di vari poeti moderni//";Índice  //;;;;;;;;Poesías italianas -- S.XIX --  //;;;;;;;;821.131.1-1(082.2)  //;;;;;;;;;;;;;;;fr;ita;;;Libro;;1/15051 //;http://bdh-rd.bne.es/viewer.vm?id=0000114642&page=1 **;http://bdh-rd.bne.es/text.vm?id=0000114642&first=1&last=573 **
Mimo0001278537;Paulhan, François  //;;;Fisiología del alma;;"según F. Paulhan ; con un prólogo del Dr. [Manuel de] Tolosa Latour ; José Puig Pérez";;[E. Pubiños];;Madrid;1885;182 p., 1 h. , 8º mlla. (18 cm) ,;;;;;;;;;;;;;;;;;;;;;;;;;;;;;;;;;;sp;spa;;;Libro;;DGMICRO/62462 //;http://bdh-rd.bne.es/viewer.vm?id=0000060052&page=1 **;http://bdh-rd.bne.es/text.vm?id=0000060052&first=1&last=192 **
Mimo0001281901;Abelardo, Pedro , 1079-1142  // Abelardo, Pedro , 1079-1142 Español  // Maury, Juan María , 1772-1845  //;;[Correspondencia. Español] //;"Cartas de Abelardo y Eloisa, en prosa y verso ; y La historia de su vida. Con la epístola heroida de Alejandro Pope";;"por Juan María Maury ; ilustradas con sus retratos y viñetas";;Librería de Pedro Sanz y Sanz;;Madrid;1847;XLVIII, 135 p. , il. , 14 cm ,;;;;;;;;;;;;;;;;;;;"821.124'04-6""11""  //";;;;;;;;;;;;;;;sp;spa;lat;spa //;Libro;;VC/22197/2 //;http://bdh-rd.bne.es/viewer.vm?id=0000090926&page=1 **;http://bdh-rd.bne.es/text.vm?id=0000090926&first=1&last=188 **
Mimo0001292066;Peralta, Manuel M. de , 1847-1930  //;;;Costa Rica y Costa de Mosquitos documentos para la historia de la jurisdicción territorial de Costa Rica y Colombia;;publicados por Manuel M. de Peralta;;[s.n.]  Imp. General de Lahure;;París;1898;III, 566 p. , 24 cm ,;;;;;;;;;;;Costa Rica -- Fronteras -- Colombia --  // Colombia -- Fronteras -- Costa Rica --  // Costa de Mosquitos -- Historia -- Fuentes --  //;;;;;;;;341.222(728.6:861)  //  341.222(861:728.6)  //  94(728 Costa de Mosquitos)(093)  //  (728.6)  //  (728.5)  //  (861)  //;;;;;;;;;;;;;;;fr;spa;;;Libro;;DGMICRO/25954 // 2/48317 //;http://bdh-rd.bne.es/viewer.vm?id=0000239537&page=1 **;http://bdh-rd.bne.es/text.vm?id=0000239537&first=1&last=587 **
Mimo0001297649;Pérez Placer, Heraclio , 1866-1926  //;;;Contos, leendas e tradiciós;;;;[s.n.]  Imp. de El Eco de Orense;;Orense;1891;p. , 4º ,;;;;;;;;;;;;;;;;;;;;;;;;;;;;;;;;;;sp;glg;;;Libro;;DGMICRO/62752 //;http://bdh-rd.bne.es/viewer.vm?id=0000059225&page=1 **;http://bdh-rd.bne.es/text.vm?id=0000059225&first=1&last=164 **
Mimo0001304879;Lucrecio Caro, Tito  // Marchena, José , 1768-1821  // Marchena, José , 1768-1821 Selección  //;;[De rerum natura. Español] //;De la naturaleza de las cosas : poema en seis cantos;;"T. Lucrecio Caro ; traducido por José Marchena";;[s.n.  Tip. de E. Rasco Sanromán;;[S.l.] , Sevilla;1896;423 p. , 25 cm ,;;;"""Año de 1791""  // Incluye (p. [307]-421): Discurso sobre la literatura española (preliminar a las ""Lecciones de filosofía moral y elocuencia"") ; Exordio a las ""Lecciones de filosofía moral y elocuencia"" / José Marchena  // Título original: De rerum natura  //";;;;;;;;Ética --  // Literatura española -- Historia y crítica --  //;Poesías didácticas --  //;;;;;;;"821.134.2.09  //  821.124-15""-00""  //  17  //  113/119  //";;;;;;;;;;;;;;;sp;spa;lat;spa //;Libro;;9/189881 //;http://bdh-rd.bne.es/viewer.vm?id=0000079473&page=1 **;http://bdh-rd.bne.es/text.vm?id=0000079473&first=1&last=441 **
Mimo0001313156;Pidal y Mon, Alejandro , 1846-1913  //;;;Pereda discurso de D. Alejandro Pidal y Mon. de la Real Academia Española, en la solemne velada necrológica celebrada el día 26 de abril de 1906, en el Teatro Español, por el Centro de Defensa Social, para honrar la memoria del preclaro novelista;;;;[s.n.]  Estab. Tip. Hijos de J.A. García;;[S.l.] , Madrid;1906;41 p. , 24 cm ,;Lingüística. Literatura // Literatura española //;;;;;;;;;;Pereda, José María de -- Crítica e interpretación --  //;;;;;;;;821.134.2 Pereda, José María de 1.07  //;;;;;;;;;;;;;;;sp;spa;;;Libro;;VC/332/35 //;http://bdh-rd.bne.es/viewer.vm?id=0000097749&page=1 **;http://bdh-rd.bne.es/text.vm?id=0000097749&first=1&last=46 **
Mimo0001313163;Pidal y Mon, Luis, Marqués de Pidal , 1842-1913  //;;;La cuestion religiosa : discurso pronunciado en el Senado por el Marqués de Pidal en los días 11 y 12 de julio de 1901;;;;[s.n.]  Imp. de los Hijos de J.A. García;;[S.l.] , Madrid;1901;66 p. , 22 cm ,;;;;;;;;;;;Canalejas, José --  // Órdenes y congregaciones religiosas -- España --  // Libertad de asociación -- España --  // Iglesia y Estado -- España --  //;;;;;;;;322  //  271(460)  //  322(460)  //  342.728(460)  //  929 Canalejas, José  //;;;;;;;;;;;;;;;sp;spa;;;Libro;;VC/348/22 //;http://bdh-rd.bne.es/viewer.vm?id=0000131019&page=1 **;http://bdh-rd.bne.es/text.vm?id=0000131019&first=1&last=72 **
Mimo0001322543;Polo y Peyrolón, Manuel , 1846-1918  //;;[Elementos de Psicología] //;Elementos de Psicología;;;3ª ed.;[s.n.]  Imp. de M. Alufre;;Valencia;1889;p. , 8º m. ,;;;;;;;;;;;;;;;;;;;;;;;;;;;;;;;;;;sp;spa;;;Libro;;DGMICRO/62779 //;http://bdh-rd.bne.es/viewer.vm?id=0000053176&page=1 **;http://bdh-rd.bne.es/text.vm?id=0000053176&first=1&last=496 **
Mimo0001330091;Prieto San Pedro, Anastasio  //;;;Tratado de Aritmética teórico-práctica razonada y demostrada;;;4ª ed. corr. y aum.;[s.n.]  Imp. de Francisco Martínez á cargo de Pío Azagra;;Logroño;1889;p. , 4º ,;;;;;;;;;;;;;;;;;;;;;;;;;;;;;;;;;;sp;spa;;;Libro;;DGMICRO/62918 //;http://bdh-rd.bne.es/viewer.vm?id=0000052516&page=1 **;http://bdh-rd.bne.es/text.vm?id=0000052516&first=1&last=252 **
Mimo0001344216;;;;El Ramo de pensamientos poesias de ilustres poetas extranjeros puestas en rima castellana;;"[por] Jaime Marti-Miquel ; Marqués de Benzú";;[s.n.]  Imprenta de Enrique Teodoro y Alonso;;Madrid;1895;p. , 8º m. ,;;;;;;;;;;;;;;;;;;;;;;;;;;;;;;;;;;sp;spa;;;Libro;;DGMICRO/62945 //;http://bdh-rd.bne.es/viewer.vm?id=0000056225&page=1 **;http://bdh-rd.bne.es/text.vm?id=0000056225&first=1&last=334 **
Mimo0001356134;;;;Reglamento provisional de vacunación de Filipinas aprobado por la junta superior de sanidad y por superior decreto de 28 de Julio de 1893;;;;[s.n.]  Estab. Tipo-litográfico de Ramírez y Compª;;[S.l.] , Manila;1893;22 p., [8] h. , 23 cm ,;Medicina. Farmacia //;;;;;;;;;;Vacunación -- Órdenes, reglamentos, etc. -- Filipinas --  //;;;;;;;;351.774.7(599)  //  61  //;;;;;;;;;;;;;;;ph;spa;;;Libro;;VC/2441/55amedicina //;http://bdh-rd.bne.es/viewer.vm?id=0000108203&page=1 **;http://bdh-rd.bne.es/text.vm?id=0000108203&first=1&last=43 **
Mimo0001362127;;;;Relaciones históricas y geográficas de América Central;;;;Librería General de Victoriano Suárez;;Madrid;1908;LXXX, 510 p. , 20 cm ,;Geografía. Biografías. Historia // Historia de América Latina // Colección de libros y documentos referentes a la historia de América, t. 8 //;;Índice  //;;;;;;;;Indios de América central --  // América central -- Historia -- Hasta 1821 --  // América central -- Relaciones geográficas --  //;;;;;;;;"(728)  //  908(728)(049.5)  //  930.85(=87:728)  //  94(728)"".../1821""  //";;;;;;;;;;;;;;;sp;spa;;;Libro;;4/24669 //;http://bdh-rd.bne.es/viewer.vm?id=0000098332&page=1 **;http://bdh-rd.bne.es/text.vm?id=0000098332&first=1&last=603 **
Mimo0001366151;Revilla, Manuel G. , 1864-1924  //;;;El Arte en México en la época antigua y durante el Gobierno Virreinal;;por el Lic. Manuel G. Revilla;;[s.n.]  Oficina Tip. de la Secretaría de Fomento;;[S.l.] , México;1893;110 p. , 30 cm ,;;;;;;;;;;;Arte colonial -- México --  // México -- Restos arqueológicos --  //;;;;;;;;7.034(72)  //  904(72):7.031.2(=82)  //;;;;;;;;;;;;;;;mx;spa;;;Libro;;HA/9759 //;http://bdh-rd.bne.es/viewer.vm?id=0000204218&page=1 **;http://bdh-rd.bne.es/text.vm?id=0000204218&first=1&last=125 **
Mimo0001381029;Rodrigo de la Cerda, José , m. 1902  //;;[Compendio de la Doctrina cristiana] //;Compendio de la Doctrina cristiana;;;8ª ed.;"[s.n.]  Tip. ""La Minerva"" de Claramón y Cª";;Badajoz;1894;p. , 8º ,;;;;;;;;;;;;;;;;;;;;;;;;;;;;;;;;;;sp;spa;;;Libro;;DGMICRO/62667 //;http://bdh-rd.bne.es/viewer.vm?id=0000057360&page=1 **;http://bdh-rd.bne.es/text.vm?id=0000057360&first=1&last=270 **
Mimo0001390831;Romeu y Crespo, José  //;;;Apuntes sobre la cria caballar en la isla de Cuba;;;;La Propaganda Literaria Imprenta...;;Habana;1886;p. , 4º m. ,;;;;;;;;;;;;;;;;;;;;;;;;;;;;;;;;;;cu;spa;;;Libro;;DGMICRO/62687 //;http://bdh-rd.bne.es/viewer.vm?id=0000057631&page=1 **;http://bdh-rd.bne.es/text.vm?id=0000057631&first=1&last=40 **
Mimo0001398151;Rubio y Galí, Federico , 1827-1902  //;;;Reseña del primer ejercicio del Instituto de Terapéutica Operatoria del Hospital de la Princesa;;por el Dr. Federico Rubio y Galí;;[s.n.]  Imp. de Enrique Teodoro;;[S.l.] , Madrid;1882 -;225 p. , 21 cm ,;Medicina. Farmacia //;;;;;;;;;;Instituto Rubio --  // Terapéutica quirúrgica --  //;;;;;;;;61  //;;;;;;;;;;;;;;;sp;spa;;;Libro;;5/1645 //;http://bdh-rd.bne.es/viewer.vm?id=0000114100&page=1 **;http://bdh-rd.bne.es/text.vm?id=0000114100&first=1&last=237 **
Mimo0001410972;Hildegart , 1914-1933  //;;;Sexo y amor;;por Hildegart;;Rip. P. Quiles;;Valencia;1931;58 p., 1 h. , 16 cm ,;Cuadernos de Cultura, XXXII. Sección Sociología, n. 2 //;;;;;;;;;;Sexualidad --  //;;;;;;;;;;;;;;;;;;;;;;;sp;spa;;;Libro;;AHMO/654387 //;http://bdh-rd.bne.es/viewer.vm?id=0000164701&page=1 **;http://bdh-rd.bne.es/text.vm?id=0000164701&first=1&last=68 **
Mimo0001410975;Hildegart , 1914-1933  //;;;¿Se equivocó Marx...?;;Hildegart;;[Suc. de F. Peña Cruz];;Madrid;1932;400 p., 1 h. pleg. , 18 cm ,;;;;;;;;;;;;;;;;;;;;;;;;;;;;;;;;;;sp;spa;;;Libro;;;http://bdh-rd.bne.es/viewer.vm?id=0000164708&page=1 **;http://bdh-rd.bne.es/text.vm?id=0000164708&first=1&last=409 **
Mimo0001427045;Savini, Medoro  //;;;Tisis de Corazón;;"traducción española de la décima quinta edición italiana por A. Llausàs y Botey ; ilustrada con dibujos de Eusebio Planas y oleografias de G. Roca y Sampere";;"[s.n.]  Tip. ""La Academia""";;Barcelona;1887;p. , 4º m. ,;;;;;;;;;;;;;;;;;;;;;;;;;;;;;;;;;;sp;spa;;;Libro;;2/33284 // 2/33284 //;http://bdh-rd.bne.es/viewer.vm?id=0000080809&page=1 **;http://bdh-rd.bne.es/text.vm?id=0000080809&first=1&last=419 **
Mimo0001430620;;;;Ministerio de Hacienda escalafón definitivo de los Jefes de Administración... dependientes del mismo : formado hasta el 15 de Marzo de 1893;;;;s.n.];;[S.l;1893;p. , cm ,;;;No se publicó más  //;;;;;;;;;;;;;;;;;;;;;;;;;;;;;;;sp;spa;;;Libro;;DGMICRO/62686 //;http://bdh-rd.bne.es/viewer.vm?id=0000057203&page=1 **;http://bdh-rd.bne.es/text.vm?id=0000057203&first=1&last=60 **
Mimo0001435945;Seminario, Miguel E.  //;;;La cuestión monetaria en la América española;;;;Imprimerie Victor Goupy;;Paris;1893;5 h., 1 h. de lám., 264 p., 3 h. , 8º m. , 24 cm ,;;;;;;;;;;;;;;;;;;;;;;;;;;;;;;;;;;fr;spa;;;Libro;;DGMICRO/62727 //;http://bdh-rd.bne.es/viewer.vm?id=0000059693&page=1 **;http://bdh-rd.bne.es/text.vm?id=0000059693&first=1&last=303 **
Mimo0001443287;Sieiro González, Juan  //;;;Principios de antropología psíquica, lógica y ética;Antropología psíquica  //;por Juan Sieiro González;[3ª ed.];[s.n.]  Imp. de Antonio Otero;;[S.l.] , Orense;1891;VII, 344 p. , 21 cm ,;Biología //;;;;;;;;;;Antropología filosófica --  //;;;;;;;;57  //;;;;;;;;;;;;;;;sp;spa;;;Libro;;1/70353 //;http://bdh-rd.bne.es/viewer.vm?id=0000078186&page=1 **;http://bdh-rd.bne.es/text.vm?id=0000078186&first=1&last=352 **
Mimo0001452846;;Sociedad Amigos de Montalvo (Quito)  //;;A Juan Montalvo la municipalidad de Ambato en el XCVI aniversario de su nacimiento, abril XIII de MCMXXVI;;;;[s.n.]  Imp. Nacional;;[S.l.] , Quito;1926;75 p., [9] h. de lám. , 32 cm ,;Geografía. Biografías. Historia // Biografías. Heráldica. Genealogía //;;"""Edición encomendada a la Sociedad ""Amigos de Montalvo""  //";;;;;;;;Montalvo, Juan --  //;;;;;;;;(866)  //  929 Montalvo, Juan  //;;;;;;;;;;;;;;;ec;spa;;;Libro;;HA/64226 //;http://bdh-rd.bne.es/viewer.vm?id=0000043208&page=1 **;http://bdh-rd.bne.es/text.vm?id=0000043208&first=1&last=98 **
Mimo0001453678;Martínez Ginesta, Miguel , fl. 1873-1881  //;Real Sociedad Económica Matritense de Amigos del País  //;;Dictamen presentado a la Sociedad Económica Matritense, por la Comisión especial nombrada por la misma sobre un proyecto de fuente monumental conmemorativa de las glorias de Zaragoza : presentado por Miguel Martínez Ginesta : aprobado por la Corporación en 12 de abril de 1873;;;;[s.n.]  Tip. del Colegio Nacional de Sordo-Mudos y Ciegos;;[S.l.] , Madrid;1833;8 p. , 21 cm ,;;;;;;;;;;;Monumentos conmemorativos -- Zaragoza --  //;;;;;;;;725  //  725.945(460.224 Z.)  //;;;;;;;;;;;;;;;sp;spa;;;Libro;;VC/1397/16 //;http://bdh-rd.bne.es/viewer.vm?id=0000091073&page=1 **;http://bdh-rd.bne.es/text.vm?id=0000091073&first=1&last=8 **
Mimo0001456562;Solana, Ezequiel , 1863-1932  //;;;Lecturas infantiles primer libro de lectura corriente;;por Ezequiel Solana, maestro de las escuelas públicas de Madrid;;E. Barea;;Madrid;1900;113 p. , il. , 8º mlla. (16 cm) ,;;;;;;;;;;;;;;;;;;;;;;;;;;;;;;;;;;sp;spa;;;Libro;;DGMICRO/62177 //;http://bdh-rd.bne.es/viewer.vm?id=0000059482&page=1 **;http://bdh-rd.bne.es/text.vm?id=0000059482&first=1&last=120 **
Mimo0001467802;Stuyck y Reig, Juan  //;;;División territorial de Puerto-Rico y nomenclátor de sus poblaciones comprende la división política y administrativa en ayuntamientos ...;;por Juan Stuyck y Reig...;;[s.n.]  Impr. de la viuda e hija de Peñuelas;;[S.l.] , Madrid;1880;75 p., [1] h. pleg. de mapa , 23 cm ,;Hispanoamérica // Ciencias sociales // Derecho. Administración pública //;Mapas y planos incluidos: [1. Puerto Rico (Isla). Mapas administrativos. 1880.]//;;;;;;;;;Puerto Rico -- Divisiones territoriales --  // Puerto Rico -- Nomencladores --  //;;;;;;;;(729.5)  //  35(729.5).071.55  //  913(729.5)(083.72)  //  34  //;;;;;;;;;;;;;;;sp;spa;;;Libro;;HA/16260 //;http://bdh-rd.bne.es/viewer.vm?id=0000112658&page=1 **;http://bdh-rd.bne.es/text.vm?id=0000112658&first=1&last=95 **
Mimo0001468411;Suárez Inclán, Estanislao , 1822-1890  //;;;El gobierno del ministerio presidido por el Sr. Posada Herrera con respecto á la administración de las provincias de Ultramar;;por Estanislao Suárez Inclán;;[s.n.]  Imp. de Fortanet;;[S.l.] , Madrid;1884;276 p. , 21 cm ,;Hispanoamérica // Ciencias sociales // Política //;;;;;;;;;;España -- Colonias -- Administración --  //;;;;;;;;325.35(460)  //;;;;;;;;;;;;;;;sp;spa;;;Libro;;HA/17883 //;http://bdh-rd.bne.es/viewer.vm?id=0000077845&page=1 **;http://bdh-rd.bne.es/text.vm?id=0000077845&first=1&last=289 **
Mimo0001474391;Flores, Ángel  //;;;Tarifa general de viajeros de estación a estación;;;;s.n.];;[S.l.;1888;p. , 8º m. ,;;;Obra en litografía de Ángel Flores  //;;;;;;;;;;;;;;;;;;;;;;;;;;;;;;;xx;spa;;;Libro;;DGMICRO/62926 //;http://bdh-rd.bne.es/viewer.vm?id=0000079308&page=1 ** http://bdh-rd.bne.es/viewer.vm?id=0000079308&page=259 **;http://bdh-rd.bne.es/text.vm?id=0000079308&first=1&last=258 ** http://bdh-rd.bne.es/text.vm?id=0000079308&first=259&last=640 **
Mimo0001478777;Tennyson, Alfred Tennyson, Baron , 1809-1892  // Arana, Vicente de , 1848-1890  //;;;Poemas de Alfredo Tennyson;;"puestos en castellano por D. Vicente de Arana ; é ilustrados con dibujos originales de D. José Riudavets";;[s.n.]  Tip. lit. de Celestino Verdaguer;;Barcelona;1883;1 h., XXII, 302 p. , 20 cm ,;;"Enoch Arden ; Gareth y Lynette ; Merlin y Bibiana ; La Reina Ginebra ; Dora ; La Maya//";;;;;;;;;;;;;;;;;;;;;;;;;;;;;;;;sp;spa;;;Libro;;1/74509 // 1/74509 // 1/74509 //;http://bdh-rd.bne.es/viewer.vm?id=0000193939&page=1 **;http://bdh-rd.bne.es/text.vm?id=0000193939&first=1&last=158 **
Mimo0001480697;;;;Textos latinos de la Historia sagrada y biografias de Nepote;;con la traducción lineal en castellano por D. Isidoro Silves;3ª ed.,corregida y aumentada por su autor con diez y nueve cartas de M. T. Ciceron y treinta fábulas de Fedro;[s.n.]  Imp. de Anoz;;Madrid;1889;p. , 8º m. ,;;;;;;;;;;;;;;;;;;;;;;;;;;;;;;;;;;sp;spa;;;Libro;;DGMICRO/62845 //;http://bdh-rd.bne.es/viewer.vm?id=0000053532&page=1 **;http://bdh-rd.bne.es/text.vm?id=0000053532&first=1&last=216 **
Mimo0001484184;Tibulo, Albio  // Ligdamo  // Sulpicia  // Casasús, Joaquín D.  //;;[Corpus Tibullianum. Español-Latín] //;Las elegías de Tíbulo, de Ligdamo y de Sulpicia;;traducidas en verso castellano por Joaquín C. Casasús;;[s.n.]  Ignacio Escalante;;[S.l.] , México [D.F.];1905;575 p. , 23 cm ,;;;Texto original y traducción al español  // Título original: Corpus Tibullianum  //;;;;;;;;;;;;;;;;"821.124-14""-00""  //";;;;;;;;;;;;;;;mx;spa;lat;spa //;Libro;;2/86438 // 2/86438 //;http://bdh-rd.bne.es/viewer.vm?id=0000218339&page=1 **;http://bdh-rd.bne.es/text.vm?id=0000218339&first=1&last=583 **
Mimo0001485379;Tobías y Ruiz, Hermenegildo , m. 1911  // Astete, Gaspar , 1537-1601  //;;;Hojas del catecismo ó breves explicaciones del P. Gaspar Astete;;;2ª ed. corr. y aum.;[s.n.]  Tip. de Andrés C. Ciriano;;Calahorra;1894;p. , cm ,;;;;;;;;;;;;;;;;;;;;;;;;;;;;;;;;;;sp;spa;;;Libro;;DGMICRO/62751 //;http://bdh-rd.bne.es/viewer.vm?id=0000059115&page=1 **;http://bdh-rd.bne.es/text.vm?id=0000059115&first=1&last=226 **
Mimo0001489811;Torres Campos, Rafael , 1853-1904  //;;;La administración militar suiza en las maniobras militares de 1891 segunda parte de la memoria redactada en cumplimiento de la Real Orden de 28 de julio de 1891 (D.O. Núm. 162);;por Rafael Torres Campos;;[s.n.]  Imp. del Cuerpo Administrativo del Ejército;;[S.l.] , Madrid;1893;54 p., [5] h. de lám. (algunas pleg.) , 23 cm ,;Ciencias sociales // Derecho. Administración pública //;;;;;;;;;;Intendencia militar --  //;;;;;;;;355.415.2  //;;;;;;;;;;;;;;;sp;spa;;;Libro;;VC/13497/14 //;http://bdh-rd.bne.es/viewer.vm?id=0000096500&page=1 **;http://bdh-rd.bne.es/text.vm?id=0000096500&first=1&last=72 **
Mimo0001512939;;;;Trozos latinos de autores clásicos;;coleccionados y publicados por Don José Antonio Orts y Gasulla;1ª ed.;[s.n.]  Imp. de J. Ortega;;Valencia;1887;p. , 8º m. ,;;;;;;;;;;;;;;;;;;;;;;;;;;;;;;;;;;sp;spa;;;Libro;;DGMICRO/62741 //;http://bdh-rd.bne.es/viewer.vm?id=0000059181&page=1 **;http://bdh-rd.bne.es/text.vm?id=0000059181&first=1&last=316 **
Mimo0001539715;Valcárcel Vargas, Lope , 1852-1909  //;;;La difteria y su tratamiento obra laureada con el premio extraordinario en 31 de Marzo de 1888 por el Instituto Médico Valenciano;;escrita por el Dr. D. Lope Valcárcel Vargas;;Jaime Sex Editor;;Barcelona;1888;383 p. , 22 cm ,;Medicina. Farmacia //;;;;;;;;;;Difteria -- Tratamiento --  //;;;;;;;;61  //;;;;;;;;;;;;;;;sp;spa;;;Libro;;2/32218 //;http://bdh-rd.bne.es/viewer.vm?id=0000106974&page=1 **;http://bdh-rd.bne.es/text.vm?id=0000106974&first=1&last=399 **
Mimo0001540205;Valdivia, Aniceto , 1857-1927  //;;;"Ultratumba : (pequeño poema) ; Rimas";;Aniceto Valdivia;;[s.n.]  Imp. de los Señores Rojas;;[S.l.];1879;68 p. , 18 cm ,;;;;;;;;;;;;;;;;;;;"821.134.2(729.1)-14""18""  //  821.134.272.91  //";;;;;;;;;;;;;;;sp;spa;;;Libro;;VC/2545/22 //;http://bdh-rd.bne.es/viewer.vm?id=0000136880&page=1 **;http://bdh-rd.bne.es/text.vm?id=0000136880&first=1&last=78 **
Mimo0001551286;Vázquez Núñez, Arturo , 1853-1907  //;;;Gramática francesa elemental;;por Arturo Vázquez Núñez;;[s.n.]  Imp. de El Eco de Orense;;[S.l.] , Orense;1891;166 p. , 20 cm ,;;;;;;;;;;;Lengua francesa -- Gramática --  //;;;;;;;;811.133.1'36  //;;;;;;;;;;;;;;;sp;spa;;;Libro;;DGMICRO/62790 //;http://bdh-rd.bne.es/viewer.vm?id=0000052125&page=1 **;http://bdh-rd.bne.es/text.vm?id=0000052125&first=1&last=184 **
Mimo0001553745;Vela y Buruaga, Arturo  //;;;Poemas cortos;;;;[s.n.]  Imprenta de Gabriel Pedraza;;Madrid;1887;p. , 8º m. ,;;;;;;;;;;;;;;;;;;;;;;;;;;;;;;;;;;sp;spa;;;Libro;;DGMICRO/62805 //;http://bdh-rd.bne.es/viewer.vm?id=0000052126&page=1 **;http://bdh-rd.bne.es/text.vm?id=0000052126&first=1&last=106 **
Mimo0001566378;Verne, Jules , 1828-1905  //;;[Decouverte de la terre. Español] //;Descubrimiento de la tierra historia de los grandes viajes y de los grandes viajeros;;traducción al castellano por D. José Vicente y Caravantos;Ed. il. con grab.;Agustín Jubera, lib. ed. Impr. de Rubiños;;Madrid;1886;p. , 8º d. m. ,;Publicado en la Biblioteca ilustrada de Gaspar y Roig //;;;;;;;;;;;;;;;;;;;;;;;;;;;;;;;;;sp;spa;;;Libro;;2/32142 // 2/32142 // 2/32142 //;http://bdh-rd.bne.es/viewer.vm?id=0000062385&page=1 **;http://bdh-rd.bne.es/text.vm?id=0000062385&first=1&last=87 **
Mimo0001573005;Vilanova y Piera, Juan , 1821-1893  //;;;Memoria geognóstico-agrícola y protohistórica de Valencia;;por el Doctor D. Juan Vilanova y Piera;;[s.n.]  Estab. Tip. de Fortanet;;[S.l.] , Madrid;1893;XXX, 485 p., [2] h. pleg., [1] h. pleg. de mapa , 25 cm ,;Geología //;;;;;;;;;;Geología -- Valencia (Provincia) --  // Agricultura -- Comunidad Valenciana --  // Comunidad Valenciana -- Historia --  //;;;;;;;;55  //;;;;;;;;;;;;;;;sp;spa;;;Libro;;2/32595 //;http://bdh-rd.bne.es/viewer.vm?id=0000038845&page=1 **;http://bdh-rd.bne.es/text.vm?id=0000038845&first=1&last=523 **
Mimo0001573640;Villa-Amil y Castro, José , 1833-1910  //;;[Productos de la metalurgia gallega en tiempos remotos] //;Productos de la metalurgia gallega en tiempos remotos;;por José Villa-Amil y Castro;;[s.n.]  Imp. de A. Otero;;[S.l.] , Orense;1907;28 p., [8] h. de lám. , 24 cm ,;;;;;;;;;;;Blanco-Cicerón, Ricardo -- Colecciones arqueológicas --  // Torques -- Galicia --  //;;;;;;;;739.2.032(460.11)  //  903.25(460.11)  //  904(460.11)  //;;;;;;;;;;;;;;;sp;spa;;;Libro;;VC/310/4 //;http://bdh-rd.bne.es/viewer.vm?id=0000144415&page=1 **;http://bdh-rd.bne.es/text.vm?id=0000144415&first=1&last=50 **
Mimo0001583238;Vuyst, Paul de  //;;;Desarrollo del buen sentido;;"por Pablo de Vuyst (A. Lecensier [seud.])... ; traducción y prólogo de J. Demuro";;Torrent y Compañía;;Madrid;1926;75 p. , 16 cm ,;;;;;;;;;;;;;;;;;;;;;;;;;;;;;;;;;;sp;spa;;;Libro;"Acceso y/o uso restringido. La presente obra presenta restricciones en cuanto a su reproducción, distribución, comunicación pública o transformación; no obstante y en virtud del artículo 37 del Texto refundido de la Ley de Propiedad Intelectual (TRLPI), la Biblioteca Nacional de España está autorizada a la reproducción y a la comunicación de obras, mediante red cerrada e interna, a efectos de investigación (artículo 37, RDL 1/1996, de 12 de abril, revisada el 5 noviembre de 2015); sin perjuicio de las copias que puedan obtenerse en la BNE para uso privado, para ejercer cualquier otro de los derechos de explotación previstos en la TRLPI, el usuario deberá contactar con el correspondiente titular o la entidad de gestión encargada de representar al titular.//";2/83012 //;http://bdh-rd.bne.es/viewer.vm?id=0000217744&page=1 **;http://bdh-rd.bne.es/text.vm?id=0000217744&first=1&last=87 **
Mimo0001594288;Zola, Émile , 1840-1902  //;;[Naïs Micoulin. Español] //;Aneta Micoulin;;versión cast. de Felix del Valle;;"[s.n.]  Est. Tip. ""Sucesores de Rivadeneyra""";;Madrid;1887;p. , 8º m. ,;"Pertenece a la Biblioteca de ""El Cosmos Editorial"" //";"Nautas ; La muerte de Oliverio Becaille ; La señora Neigeon ; Los mariscos del señor Chabre ; Jacobo Damour// Nautas ; La muerte de Oliverio Becaille ; La señora Neigeon ; Los mariscos del señor Chabre ; Jacobo Damour//";;;;;;;;;;;;;;;;;;;;;;;;;;;;;;;;sp;spa;;;Libro;;DGMICRO/49262 //;http://bdh-rd.bne.es/viewer.vm?id=0000134193&page=1 **;http://bdh-rd.bne.es/text.vm?id=0000134193&first=1&last=376 **
Mimo0001594309;Zola, Émile , 1840-1902  //;;[Contes a Ninon. Español] //;Cuentos a Ninon;;versión española por A. Mira;;"[s.n.]  Est. tip. ""Sucesores de Rivadeneyra""";;Madrid;1887;p. , 8º mlla. ,;;;;;;;;;;;;;;;;;;;;;;;;;;;;;;;;;;sp;spa;;;Libro;;DGMICRO/62648 //;http://bdh-rd.bne.es/viewer.vm?id=0000059295&page=1 **;http://bdh-rd.bne.es/text.vm?id=0000059295&first=1&last=368 **
Mimo0001594374;Zola, Émile , 1840-1902  // García del Mazo, Siro  //;;[Nouveaux contes à Ninon. Español] //;Nuevos cuentos á Ninon;;vertidos al castellano por Siro García del Mazo;;[s.n.]  Imp. de A. Perez;;Madrid;1888;p. , 8º m. ,;;;;;;;;;;;;;;;;;;;;;;;;;;;;;;;;;;sp;spa;;;Libro;;DGMICRO/62655 //;http://bdh-rd.bne.es/viewer.vm?id=0000059286&page=1 **;http://bdh-rd.bne.es/text.vm?id=0000059286&first=1&last=382 **
Mimo0001606628;Wilde, Oscar , 1854-1900  //;;[A house of pomegranates. Francés] //;Une maison de grenades;;"Oscar Wilde ; traduction d'Albert Savine";;A. Pichat];;"Paris ;[Chatillon-sur-Seine";1911;2 h., 244 p., 1 h. , 18 cm ,;Bibliothéque cosmopolité, 49 //;;;;;;;;;;;;;;;;;;;;;;;;;;;;;;;;;fr;fre;;;Libro;;2/84950 //;http://bdh-rd.bne.es/viewer.vm?id=0000218243&page=1 **;http://bdh-rd.bne.es/text.vm?id=0000218243&first=1&last=267 **
Mimo0001640940;Alas, Leopoldo , 1852-1901  //;;;Su único hijo;;por Clarín (Leopoldo Alas);;Librería de Fernando Fé;;Madrid;1890;436 p. , 19 cm ,;;;;;;;;;;;;;;;;;;;"821.134.2-31""18""  //";;;;;;;;;;;;;;;sp;spa;;;Libro;;DGMICRO/100 //;http://bdh-rd.bne.es/viewer.vm?id=0000058866&page=1 **;http://bdh-rd.bne.es/text.vm?id=0000058866&first=1&last=438 **
Mimo0001641654;Aliaga Romagosa, Joaquín  //;;;Mis ocios cuentos;;Joaquín Aliaga y Romagosa;;Imp. y lib. de José Armengot;;Castellón;1895;156 p. , 18 cm ,;;;;;;;;;;;;;;;;;;;"821.134.2-32""19""  //";;;;;;;;;;;;;;;sp;spa;;;Libro;;DGMICRO/62722 //;http://bdh-rd.bne.es/viewer.vm?id=0000059456&page=1 **;http://bdh-rd.bne.es/text.vm?id=0000059456&first=1&last=172 **
Mimo0001641659;Aliberch, Sebastián , 1834-1913  //;;;Novissimum breviarium de locis theologicis praeposita de theologiae prolegomenis disquisitione;;accurate castigatum et amplissime auctum a Sebastiano Aliberch...;3ª ed.;[s.n.]  Typ. Raymundi Anglada;;Vici;1891;"521, XI p. , ; 23 cm ,";;;;;;;;;;;;;;;;;;;;;;;;;;;;;;;;;;sp;lat;;;Libro;;DGMICRO/62795 //;http://bdh-rd.bne.es/viewer.vm?id=0000053771&page=1 **;http://bdh-rd.bne.es/text.vm?id=0000053771&first=1&last=556 **
Mimo0001642476;Amallo y Manget, Pablo de  // Amallo y Manget, Pablo de  //;;;Ackanghey;;"; El sueño de la vida / por Pablo de Amallo";;[s.n.]  Escuela Tip. del Hospicio;;Madrid;1892;154 p. , 18 cm ,;;;;;;;;;;;;;;;;;;;;;;;;;;;;;;;;;;sp;spa;;;Libro;;DGMICRO/62744 //;http://bdh-rd.bne.es/viewer.vm?id=0000059103&page=1 **;http://bdh-rd.bne.es/text.vm?id=0000059103&first=1&last=170 **
Mimo0001650147;Bayton, José María  //;;;Errores de la Administración pública;;por José María Bayton;;[s.n.]  Establecimiento Tipográfico de F. Nozal;;Madrid;1898;215 p. , 20 cm ,;;;;;;;;;;;España -- Administración --  //;;;;;;;;35(460)  //;;;;;;;;;;;;;;;sp;spa;;;Libro;;DGMICRO/64167 //;http://bdh-rd.bne.es/viewer.vm?id=0000051499&page=1 **;http://bdh-rd.bne.es/text.vm?id=0000051499&first=1&last=240 **
Mimo0001650233;Belot, Adolphe , 1829-1890  //;;;El rey de los griegos;;"Adolphe Belot ; versión española";;[s.n.]  Imprenta Franco-Española;;Madrid;1888;320 p. , 18 cm ,;;;;;;;;;;;;;;;;;;;;;;;;;;;;;;;;;;sp;spa;fre;spa //;Libro;;DGMICRO/62862 //;http://bdh-rd.bne.es/viewer.vm?id=0000052339&page=1 **;http://bdh-rd.bne.es/text.vm?id=0000052339&first=1&last=336 **
Mimo0001652081;Chamorro y Baquerizo, Pedro  //;;;Biografía del excelentísimo señor teniente general D. Antonio Remón Zarco del Valle publicada en la obra del Estado Mayor del Ejército español;Zarco del Valle  //;redactada bajo la dirección del capitán don Pedro Chamorro y Baquerizo;;[s.n.]  Imp. Militar a cargo de Mariano Satue;;[S.l.] , Madrid;1853;86 p. , 22 cm ,;Geografía. Biografías. Historia // Biografías. Heráldica. Genealogía //;;;;;;;;;;Remón Zarco del Valle, Antonio --  //;;;;;;;;929 Remón Zarco del Valle, Antonio  //;;;;;;;;;;;;;;;sp;spa;;;Libro;;VC/748/12 //;http://bdh-rd.bne.es/viewer.vm?id=0000112548&page=1 **;http://bdh-rd.bne.es/text.vm?id=0000112548&first=1&last=92 **
Mimo0001652351;Bobadilla, Emilio , 1868-1921  // Alas, Leopoldo , 1852-1901 -prologuista  //;;;Escaramuzas : (sátiras y críticas);;"Fray Candil (Emilio Bobadilla) ; con un prólogo de Clarin";;Librería de Fernando Fé;;Madrid;1888;XXIX, 334 p. , 18 cm ,;;;;;;;;;;;;;;;;;;;"821.134.2-92""18""  //  821.134.2-4/-9  //";;;;;;;;;;;;;;;sp;spa;;;Libro;;1/24079 // 1/24079 //;http://bdh-rd.bne.es/viewer.vm?id=0000192410&page=1 **;http://bdh-rd.bne.es/text.vm?id=0000192410&first=1&last=379 **
Mimo0001652493;Bourget, Paul , 1852-1935  // Vidal, C.  //;;;Cruel enigma;;"Paul Bourget ; versión castellana de C. Vidal";;El Cosmos Editorial  Imp. de M.G. Hernández;;Madrid;1888;43 p. , 18 cm ,;Biblioteca del Cosmos Editorial //;;;;;;;;;;;;;;;;;;;;;;;;;;;;;;;;;sp;spa;;spa // fre //;Libro;;DGMICRO/62656 //;http://bdh-rd.bne.es/viewer.vm?id=0000059331&page=1 **;http://bdh-rd.bne.es/text.vm?id=0000059331&first=1&last=304 **
Mimo0001652682;Borrás, José , 1840-1912  // Mestres, Apeles , 1854-1936  //;;;Candideces de La Punta colección de epigramas y otras menudencias;;"por José Borrás (Candidito) ; edición de lujo con ilustraciones de Apeles Mestres y de otros reputados dibujantes";;[s.n.]  Establecimiento tipográfico de Redondo y Xumetra;;Barcelona;1890;175 p. , il. , 22 cm ,;;;;;;;;;;;Poesías argentinas --  //;;;;;;;;;;;;;;;;;;;;;;;sp;spa;;;Libro;;DGMICRO/62848 //;http://bdh-rd.bne.es/viewer.vm?id=0000053468&page=1 **;http://bdh-rd.bne.es/text.vm?id=0000053468&first=1&last=190 **
Mimo0001689383;Irving, Washington , 1783-1859  //;;[Chronicle of the conquest of Granada] //;History of the conquest of Granada : from the mss. of fray Antonio Agapida;;by Washington Irving;;George Routledge and Co.;;London;1850;317 p. , 17 cm ,;;;Título original: Chronicle of the conquest of Granada  //;;;;;;;;Granada (Reino) -- Historia -- 1483-1492 (Conquista) --  //;;;;;;;;"94(460)  //  94(460.357)""1483/92""  //";;;;;;;;;;;;;;;xx;eng;;;Libro;;4/178113 //;http://bdh-rd.bne.es/viewer.vm?id=0000125921&page=1 **;http://bdh-rd.bne.es/text.vm?id=0000125921&first=1&last=327 **
Mimo0001710601;Altabás y Mestre, Constantino  //;;;Sistema métrico decimal lecciones explicadas a los cadetes de la Academia de Infantería y Caballería del ejército de esta isla;;por Constantino Altabás y Mestre;;Librería e Imp. de Andrés Pego;;Habana;1873;48 p. , 22 cm ,;;;;;;;;;;;Sistema métrico --  //;;;;;;;;006.915.1  //;;;;;;;;;;;;;;;cu;spa;;;Libro;;DGMICRO/26642 // HA/14619 //;http://bdh-rd.bne.es/viewer.vm?id=0000241567&page=1 **;http://bdh-rd.bne.es/text.vm?id=0000241567&first=1&last=47 **
Mimo0001727746;;Linares (Diócesis, 1777-1891 (México)) Obispo (1831-1838: José María de Jesús Belaunzarán)  //;;Discurso panegírico que en la solemne acción de gracias celebrada en la Iglesia del Convento Grande de N.S.P.S. Francisco de esta imperial Corte ..., dijo el día 16 de noviembre de 1821 ... , José María de Jesús Belaunzarán ... y lo dedica al primer gefe [sic] de la nación ... Agustín Iturbide y Aramburu;;;;[s.n.]  Imp. de Luis Abadiano y Valdés;;[S.l.] , México;1837;27, [3] p. , 21 cm ,;Independencia Americana // Geografía. Biografías. Historia // Historia de América Latina //;;;;;;;;;;México -- Historia -- 1810-1821 (Guerra de la Independencia) --  //;;;;;;;;"(72)  //  94(72)""1810/21""  //";;;;;;;;;;;;;;;mx;spa;;;Libro;;HA/19188 //;http://bdh-rd.bne.es/viewer.vm?id=0000125196&page=1 **;http://bdh-rd.bne.es/text.vm?id=0000125196&first=1&last=38 **
Mimo0001728578;Blumentritt, Ferdinand , 1853-1913  //;;;Organisation communale des indigènes des Philippines placés sous la domination espagnole;;"par le professeur Ferdinand Blumentritt ; traduit de l'allemand ... par A. Hugot";;Societé Académique Indo-Chinoise;;Paris;1881;11 p. , 24 cm ,;Hispanoamérica // Ciencias sociales // Etnología. Folclore //;;Separata de: Bulletin de la Societé Académique Indo-Chinoise. Nº 4 (oct. 1881)  //;;;;;;;;Filipinas -- Historia -- 1521-1812 --  // Filipinas -- Administración -- Historia --  //;;;;;;;;"94(599)""1521/1812""  //  353.8(599)""15/18""  //  32(=1.599-82)  //  325.45(599)  //  39  //";;;;;;;;;;;;;;;fr;fre;ger;fre //;Libro;;HA/26091 //;http://bdh-rd.bne.es/viewer.vm?id=0000074621&page=1 **;http://bdh-rd.bne.es/text.vm?id=0000074621&first=1&last=16 **
Mimo0001728580;Blumentritt, Ferdinand , 1853-1913  //;;;Versuch einer Ethnographie der Philippinen;;"von Prof. Ferdinand Blumentritt; Nebst einem Anhangen, Die maritimen Entdeckungen der Spanier im Archiepel de Philippinen";;Justus Perthes;;Gotha;1882;69 p. , 29 cm ,;Hispanoamérica // Ciencias sociales // Etnología. Folclore //;;Petermann’s Mittheilungen. Ergänzungshft, n. 67  //;;;;;;;;Antropología cultural y social -- Filipinas --  // Filipinas -- Descubrimientos y exploraciones -- Españoles --  //;;;;;;;;39(599)  //  910.4(=1.460:599)  //;;;;;;;;;;;;;;;gw;ger;;;Libro;;HA/16621 //;http://bdh-rd.bne.es/viewer.vm?id=0000102050&page=1 **;http://bdh-rd.bne.es/text.vm?id=0000102050&first=1&last=78 **
Mimo0001730962;Carrasquilla, Ricardo , 1827-1886  //;;;Coplas escogidas;;Ricardo Carrasquilla;;[s.n.]  IMp. de Medardo Rivas;;[S.l.] , Bogotá;1881;XVI, 255 p. , 18 cm ,;Hispanoamérica // Lingüística. Literatura // Literatura hispanoamericana //;;;;;;;;;;;;;;;;;;"(861)  //  821.134.2(861)-1""18""  //  821.134.28  //";;;;;;;;;;;;;;;ck;spa;;;Libro;;HA/10411 //;http://bdh-rd.bne.es/viewer.vm?id=0000122769&page=1 **;http://bdh-rd.bne.es/text.vm?id=0000122769&first=1&last=283 **
Mimo0001735595;;;;Demarcación política de la República de Guatemala;;compilada por la Oficina de Estadística, 1892;;[s.n.]  Encuadernación y Tip. Nacional;;[S.l.] , Guatemala;1893;1 v. (pag. var.) , 26 cm ,;Hispanoamérica // Ciencias sociales // Derecho. Administración pública //;;;;;;;;;;Guatemala -- Divisiones territoriales --  // Guatemala -- Nomencladores --  //;;;;;;;;(728.1)  //  35(728.1).071.55  //  913(728.1)(083.72)  //  34  //;;;;;;;;;;;;;;;gt;spa;;;Libro;;HA/11379 //;http://bdh-rd.bne.es/viewer.vm?id=0000044757&page=1 **;http://bdh-rd.bne.es/text.vm?id=0000044757&first=1&last=331 **
Mimo0001815073;Moreno, Mariano , 1778-1811  //;;;Doctrina democrática;;de Mariano Moreno;;Librería La Facultad, de Juan Roldán;;Buenos Aires;1915;301 p. , 1 retr. , 19 cm ,;Geografía. Biografías. Historia // Historia de América Latina // Biblioteca argentina, 1 //;;;;;;;;;;Argentina -- Historia -- 1776-1810 (Virreinato del Río de la Plata) --  //;;;;;;;;"(82)  //  94(82)""1776/1810""  //";;;;;;;;;;;;;;;ag;spa;;;Libro;;HA/76167 // HA/76167 //;http://bdh-rd.bne.es/viewer.vm?id=0000109649&page=1 **;http://bdh-rd.bne.es/text.vm?id=0000109649&first=1&last=317 **
Mimo0001820490;Fermín de Alcaraz, Fray , 1774-1855  //;;[La Divina Pastora] //;La Divina Pastora o sea El rebaño del Buen Pastor Jesucristo : guíado ... por su divina Madre María Santísima ...;El rebaño del Buen Pastor Jesucristo  //;por el P.P. Fr. Fermín de Alcaraz;;[s.n.]  Imp. de Leonardo Núñez;;[S.l.] , Madrid;1831;365 p. , 16 cm ,;;;;;;;;;;;Virgen Divina Pastora -- Meditaciones --  //;Meditaciones --  //;;;;;;;23  //  24  //  27-312.47 Virgen Divina Pastora  //  27-286  //  232.931:242  //;;;;;;;;;;;;;;;sp;spa;;;Libro;;9/245357 //;http://bdh-rd.bne.es/viewer.vm?id=0000060848&page=1 **;http://bdh-rd.bne.es/text.vm?id=0000060848&first=1&last=375 **
Mimo0001823526;Alonso de la Bárcena, Eloy  //;;;La Virgen de la Luz leyenda tradicional;;por Eloy Alonso de la Bárcena;;s.n.]  Imp. de los Herederos de la V. Pla;;[S.l. , Barcelona;1879;138 p. , 16 cm ,;;;;;;;;;;;Virgen María -- Poesías --  //;;;;;;;;"821.134.2-14""18""  //  232.931(0:82)  //";;;;;;;;;;;;;;;sp;spa;;;Libro;;9/235222 //;http://bdh-rd.bne.es/viewer.vm?id=0000240058&page=1 **;http://bdh-rd.bne.es/text.vm?id=0000240058&first=1&last=141 **
Mimo0001843823;Férotin, Marius  //;;;Le Liber Mozarabicus Sacramentorum et les manuscrits mozarabes;;par Marius Férotin;;Librairie de Firmin-Didot et Cie;;Paris;1912;LXXXVIII, 1095 p., [9] h. de lám. , 32 cm ,;Monumenta Ecclesiae Liturgica, 6 //;;Incluye referencias bibliográficas  //;;;;;;;;Iglesia Católica -- Rito mozárabe --  // Manuscritos mozárabes --  //;;;;;;;;26  //  091=134.2'282  //  272-528.3  //;;;;;;;;;;;;;;;fr;fre;;fre // lat //;Libro;;9/241530 //;http://bdh-rd.bne.es/viewer.vm?id=0000201465&page=1 **;http://bdh-rd.bne.es/text.vm?id=0000201465&first=1&last=677 **
Mimo0001872724;Soria y Sanchez, Filiberto  //;;;Conservas alimenticias;;versión española por Filiberto Soria y Sánchez;;Librería EditorialBailly-Bailliere e Hijos;;Madrid;1899;152 p. , il. , 19 cm ,;Ciencias aplicadas. Gastronomía // Gastronomía // Pequeña enciclopedia de química industrial práctica //;;;;;;;;;;Alimentos -- Conservación --  //;;;;;;;;664.8/.9  //  641/642  //;;;;;;;;;;;;;;;sp;spa;;;Libro;;2/83416 //;http://bdh-rd.bne.es/viewer.vm?id=0000125218&page=1 **;http://bdh-rd.bne.es/text.vm?id=0000125218&first=1&last=171 **
Mimo0001878205;Vicuña Mackenna, Benjamín , 1831-1886  //;;;Relaciones históricas Chile;Colección de artículos i tradiciones sobre asuntos nacionales  //;por B. Vicuña Mackenna;;Rafael Jover;;Santiago [de Chile];1877 - 1878;2 v. , 24 cm ,;Independencia Americana // Geografía. Biografías. Historia // Historia de América Latina //;;;;;;;;;;Chile -- Historia --  //;;;;;;;;(83)  //  94(83)  //;;;;;;;;;;;;;;;cl;spa;;;Libro;;HA/8387 // HA/8388 //;http://bdh-rd.bne.es/viewer.vm?id=0000039800&page=1 ** http://bdh-rd.bne.es/viewer.vm?id=0000039800&page=952 **;http://bdh-rd.bne.es/text.vm?id=0000039800&first=1&last=951 ** http://bdh-rd.bne.es/text.vm?id=0000039800&first=952&last=1974 **
Mimo0001899052;Chiappelli, Alessandro , 1857-1931  // Domenge Mir, Miguel , 1870-1936 -traductor  //;;[Il socialismo e il pensiero moderno. Español] //;El socialismo y el pensamiento moderno : ensayos notablemente corregidos y aumentados;;"Alejandro Chiapelli ; traducción de la segunda edición italiana por Miguel Domenge y Mir";;[s.n.]  Imp. de Henrich y Compª;;[S.l.] , Barcelona;1905;2 v. (186, 161 p.) , 15 cm ,;Biblioteca Sociológica Internacional //;;;;;;;;;;Socialismo --  //;;;;;;;;141.82  //  32  //;;;;;;;;;;;;;;;sp;spa;ita;spa //;Libro;;6/8660<31>_V._1 // 6/8660<32>_V._2 //;http://bdh-rd.bne.es/viewer.vm?id=0000231905&page=1 ** http://bdh-rd.bne.es/viewer.vm?id=0000231905&page=186 **;http://bdh-rd.bne.es/text.vm?id=0000231905&first=1&last=185 ** http://bdh-rd.bne.es/text.vm?id=0000231905&first=186&last=364 **
Mimo0001931322;Sabatier, Louis  //;;[L'Église catholique vengée du reproche de favoriser le despotisme politique et ecclesiastique. Español] //;La Iglesia Católica vindicada de la imputación que se le hace de favorecer el despotismo político y eclesiástico;;por L. Sabatier;;[s.n.]  Imp. de José Félix Palacios;;[S.l.] , Madrid;1845;318 p. , 18 cm ,;Biblioteca religiosa //;;Título original: L'Église catholique vengée du reproche de favoriser le despotisme politique et ecclesiastique  //;;;;;;;;Cristianismo y política -- Iglesia Católica --  //;;;;;;;;282  //  261.7  //  321.18:282  //;;;;;;;;;;;;;;;sp;spa;fre;spa //;Libro;;4/3148 //;http://bdh-rd.bne.es/viewer.vm?id=0000125845&page=1 **;http://bdh-rd.bne.es/text.vm?id=0000125845&first=1&last=329 **
Mimo0001947131;Mignet, François-Auguste-Alexis  // Luna, J.  //;;[Antonio Perez et Philippe II. Español] //;Antonio Pérez y Felipe Segundo : obra escrita en francés;;"por Mr. Mignet ... ; traducida y anotada con presencia de los documentos originales por Jacinto de Luna";;[s.n.]  Imp. de Juan Oliveres;;[S.l.] , Barcelona;1845;IV, 234 p. , 17 cm ,;Tesoro de autores ilustres, 38 //;;;;;;;;;;Felipe -- II, -- Rey de España --  // Pérez, Antonio --  // España -- Historia -- 1556-1598 (Felipe II) --  //;;;;;;;;"94(460)  //  929 Felipe (460) II  //  929 Pérez, Antonio  //  94(460)""1556/98""  //";;;;;;;;;;;;;;;sp;spa;fre;spa //;Libro;;3/78432 //;http://bdh-rd.bne.es/viewer.vm?id=0000093356&page=1 **;http://bdh-rd.bne.es/text.vm?id=0000093356&first=1&last=257 **
Mimo0001953861;Toreno, José María Queipo de Llano Ruiz de Saravia, Conde de , 1786-1843  // Marenesi, Ercole  //;;[Historia del levantamiento, guerra y revolución de España. Italiano] //;Storia della sollevazione, guerra e rivoluzione della Spagna;;"del conte di Toreno ; prima versione dallo spagnuolo di Ercole Marenesi";;presso la ditta Angelo Bonfanti, Tipografo-libraio;;Milano;1838;934 p. , 1 retr. , 25 cm ,;;;Título original: Historia del levantamiento, guerra y revolución de España  //;;;;;;;;España -- Historia -- 1808-1814 (Guerra de la Independencia) --  //;;;;;;;;"94(460)  //  94(460)""1808/14""  //";;;;;;;;;;;;;;;it;ita;spa;ita //;Libro;;9/256161 //;http://bdh-rd.bne.es/viewer.vm?id=0000049850&page=1 **;http://bdh-rd.bne.es/text.vm?id=0000049850&first=1&last=474 **
Mimo0001954982;Maistre, Joseph de , 1753-1821  // O'Flaherty, T. J.  //;;[Lettres à un gentilhomme russe sur l'Inquisition espagnole. Inglés] //;Letters on the Spanish Inquisition : a rare book and the best which has ever appeared on the subject;;"by le comte Joseph le Maistre ; translated from the French with a preface, additional notes and illustrations by T.J. O'Flaherty";;Patrick Donahoe;;Boston;1843;178 p. , 19 cm ,;;;Título original: Lettres à un gentilhomme russe sur l'Inquisition espagnole  //;;;;;;;;Inquisición -- España -- Historia --  //;;;;;;;;27  //  272(460)(091)  //;;;;;;;;;;;;;;;xx;eng;fre;eng //;Libro;;9/256395 //;http://bdh-rd.bne.es/viewer.vm?id=0000091820&page=1 **;http://bdh-rd.bne.es/text.vm?id=0000091820&first=1&last=189 **
Mimo0001972194;Dumas, Alexandre , 1802-1870  // Hernández y Fernández, Esteban  //;;[Un Gil Blas en Californie. Español] //;Un Gil Blas en California : impresiones de viaje;;"por Alejandro Dumas ; traducida por E.H. y F.";;Murcia y Martí  Imp. de la Galería Literaria;;Madrid;1873;3 v. , il. , 16 cm ,;Biblioteca madrileña, 46-48 //;;Título origibal: Un Gil Blas en Californie  //;;;;;;;;California -- Descripción --  //;;;;;;;;"91(7)  //  913(794)""18""  //";;;;;;;;;;;;;;;sp;spa;fre;spa //;Libro;;2/52426 //;http://bdh-rd.bne.es/viewer.vm?id=0000105418&page=1 **;http://bdh-rd.bne.es/text.vm?id=0000105418&first=1&last=401 **
Mimo0001972809;Oliván, Alejandro , 1796-1878  //;;;De la administracion pública con relación a España;;por Alejandro Oliván;;Boix;;Madrid;1843;240 p. , 16 cm ,;Biblioteca de educación //;;;;;;;;;;España -- Administración --  //;;;;;;;;"35(460)""18""  //";;;;;;;;;;;;;;;sp;spa;;;Libro;;2/51651 //;http://bdh-rd.bne.es/viewer.vm?id=0000093072&page=1 **;http://bdh-rd.bne.es/text.vm?id=0000093072&first=1&last=249 **
Mimo0001973036;Ovidio Nasón, Publio  // Nisard, Desiré , 1806-1888  //;;[Obras. Francés-Latín] //;Oeuvres complètes avec la traduction en français;;"Ovide ; publiés sous la direction de M. Nisard";;Firmin Didot Frères, Fils et Cie.;;Paris;1861;XVI, 869 p. , 27 cm. ,;Collection des auteurs latins avec la traduction en français / publiés sous la direction de M. Nisard //;;Texto latino y traducción en francés  //;;;;;;;;;;;;;;;;;;;;;;;;;;;;;;;fr;fre;lat;fre // lat //;Libro;;DGMICRO/60145 //;http://bdh-rd.bne.es/viewer.vm?id=0000019016&page=1 ** http://bdh-rd.bne.es/viewer.vm?id=0000019016&page=227 ** http://bdh-rd.bne.es/viewer.vm?id=0000019016&page=453 ** http://bdh-rd.bne.es/viewer.vm?id=0000019016&page=679 **;http://bdh-rd.bne.es/text.vm?id=0000019016&first=1&last=226 ** http://bdh-rd.bne.es/text.vm?id=0000019016&first=227&last=452 ** http://bdh-rd.bne.es/text.vm?id=0000019016&first=453&last=678 ** http://bdh-rd.bne.es/text.vm?id=0000019016&first=679&last=902 **
Mimo0001978463;;;;Vida de Santa Juana Francisca Fremiot de Chantal : fundadora de la Orden de la Visitación de Nuestra Señora;;;;Administración del Apostolado de la Prensa;;Madrid;1912;242 p. , il. , 18 cm ,;Biblioteca del Apostolado de la Prensa //;;;;;;;;;;Juana Francisca de Chantal, -- Santa --  //;;;;;;;;929  //  929 Juana Francisca de Chantal, Santa  //;;;;;;;;;;;;;;;sp;spa;;;Libro;;1/92924 //;http://bdh-rd.bne.es/viewer.vm?id=0000132339&page=1 **;http://bdh-rd.bne.es/text.vm?id=0000132339&first=1&last=255 **
Mimo0001981491;León, Luis de , 1527-1591  // Miguélez, Manuel F. , 1864-1926  //;;[De los nombres de Cristo] //;Los nombres de Cristo;;por Fray Luis de León, de la Orden de San Agustín;Ed. decimaséptima corr. a la vista de las mejores, y precedida de un prólogo biográfico /,por el R.P. Miguélez;Biblioteca del Apostolado de la Prensa;;Madrid;1907;480 p. , 18 cm ,;Religión. Teología // Teología // Biblioteca del Apostolado de la Prensa //;;;;;;;;;;Jesucristo -- Nombre --  //;;;;;;;;"821.134.2-97""15""  //  232  //";;;;;;;;;;;;;;;sp;spa;;;Libro;;4/39358 //;http://bdh-rd.bne.es/viewer.vm?id=0000086116&page=1 **;http://bdh-rd.bne.es/text.vm?id=0000086116&first=1&last=549 **
Mimo0002012005;Seguin, Pascasio de  // Lluch, Bernardo Antonio  // Aenlle, Santiago  //;;;Historia general del reino de Galicia : idea de las grandezas, excelencias e historia eterna de dicho reino. Tomo Segundo;;su autor, el padre Pascasio de Seguin, de la Compañía de Jesús;Corr. y aum. hasta 1843 /,por Bernardo Antonio Lluch y Santiago Aenlle;[s.n.]  Imp. del Faro Industrial;;[S.l.] , Habana;1847;76 p., [1] h. de lám. , 23 cm ,;;;"""Publicada y dedicada al rey don Fernando el sexto por don Domingo López de Carvajal, e impresa en la ciudad de Méjico en el año de 1750""  //";;;;;;;;Santiago el Mayor, -- Santo -- Culto --  // Galicia -- Historia --  //;;;;;;;;94(460)  //  248.159  //  94(460.11)  //;;;;;;;;;;;;;;;cu;spa;;;Libro;;5/54870_V._2 //;http://bdh-rd.bne.es/viewer.vm?id=0000126087&page=1 **;http://bdh-rd.bne.es/text.vm?id=0000126087&first=1&last=423 **
Mimo0002014835;Wallace, Alfred Russel , 1823-1913  // Torres-Solanot, Antonio Torres-Solanot y Casas, Vizconde de , n. 1840 -prologuista  //;;[A defence of modern spiritualism. Español] //;Defensa del espiritismo;Importancia del espiritismo  //;"por Alfredo Rusell Wallace ; con un prólogo por el Vizconde de Torres-Solanot ; traducida del inglés por A. H.";;[s.n.]  Imp. de Redondo y Xumetra;;[S.l.] , Barcelona;1891;364 p. , 18 cm ,;Biblioteca universal espiritista, v. 1 //;;Tít. tomado de la cub.  // Traducción de: A defence of modern spiritualism. 2nd ed.  //;;;;;;;;Espiritismo --  //;;;;;;;;133.9  //;;;;;;;;;;;;;;;sp;spa;eng;spa //;Libro;;3/130432 //;http://bdh-rd.bne.es/viewer.vm?id=0000189058&page=1 **;http://bdh-rd.bne.es/text.vm?id=0000189058&first=1&last=377 **
Mimo0002033860;Villemain, Abel-François , 1791-1870  //;;;Cours de littérature française. Tome 1er., première partie, Tableau du dix-huitième siecle;;par M. Villemain;;Société Belge de Librairie;;Bruxelles;1838;XI, 406 p. , 16 cm ,;;;;;;;;;;;Literatura francesa -- Historia y crítica --  //;;;;;;;;821.133.1.09  //;;;;;;;;;;;;;;;fr;fre;;;Libro;;5/65003_V._1 //;http://bdh-rd.bne.es/viewer.vm?id=0000060826&page=1 **;http://bdh-rd.bne.es/text.vm?id=0000060826&first=1&last=425 **
Mimo0002060938;Campión, Arturo , 1854-1937  // Campión, Arturo , 1854-1937  // Campión, Arturo , 1854-1937  //;;;Algo de historia. Volumen segundo;El genio de Navarra  // Ensayo apologético, histórico y crítico acerca del padre Moret y de los orígenes de la monarquía nabarra;por Arturo Campión;;Imp. y Librería de Erice y García;;Pamplona;1904;VII, 659 p. , 20 cm ,;Euskariana. Cuarta serie //;"El genio de Nabarra ; Ensayo apologético, histórico y crítico, acerca del Padre Moret y de los orígenes de la monarquía nabarra//";"""Euskal-Erriaren Alde""  // Incluye apéndice documental  // Texto en español; apéndice en español y latín  //";;;;;;;;Moret, José de --  // Navarra (Comunidad Autónoma) -- Historia --  // Navarra (Reino) -- Historia --  //;;;;;;;;930 Moret, José de  //  94(460.16)  //;;;;;;;;;;;;;;;sp;spa;;;Libro;;1/247524 // DGMICRO/60255 //;http://bdh-rd.bne.es/viewer.vm?id=0000242805&page=1 **;http://bdh-rd.bne.es/text.vm?id=0000242805&first=1&last=687 **
Mimo0002107850;Bernardin de Saint-Pierre, Henri , 1737-1814  // J. R.  // Farrenc, Césarie Español  //;;[Paul et Virginie. Español] //;Pablo y Virginia;Luis o ruindad y arrepentimiento;"por J.-H. Bernardino de Saint-Pierre ; traducida del francés por J.R . Luis o ruindad y arrepentimiento / por Cesaria Farrenc ; cuentecito traducido del francés por J.R.";;Librería de la Viuda e Hijos de J. Subirana, ed.;;Barcelona;1864;XXIV, 160, 91 p. , 18 cm ,;Biblioteca escogida de la juventud, 17 //;;;;;;;;;;;;;;;;;;"821.133.1-31""18""  //";;;;;;;;;;;;;;;sp;spa;fre;spa //;Libro;;4/38680 //;http://bdh-rd.bne.es/viewer.vm?id=0000089014&page=1 **;http://bdh-rd.bne.es/text.vm?id=0000089014&first=1&last=299 **
Mimo0002190250;;;;Spain yesterday and to-day;;"by the author of ""Portugal"", ""The new estate"", &c.";;Darton and Harvey;;London;1834;VII, 276 p., 1 lám. , 8º mlla. (18 cm) ,;;;;;;;;;;;;;;;;;;;;;;;;;;;;;;;;;;xx;eng;;;Libro;;1/20006 // 1/20006 //;http://bdh-rd.bne.es/viewer.vm?id=0000237311&page=1 **;http://bdh-rd.bne.es/text.vm?id=0000237311&first=1&last=297 **
Mimo0002190385;Valle Atiles, Francisco del  //;;;Inocencia novela original;;por Francisco del Valle Atiles;;[s.n.]  Imp. de El Asimilista;;[S.l.] , Puerto-Rico;1884;201 p. , 18 cm ,;Hispanoamérica // Lingüística. Literatura // Literatura hispanoamericana //;;;;;;;;;;;;;;;;;;"(729.5)  //  821.134.2(729.5)-31""18""  //  821.134.28  //";;;;;;;;;;;;;;;pr;spa;;;Libro;;HA/10448 //;http://bdh-rd.bne.es/viewer.vm?id=0000122716&page=1 **;http://bdh-rd.bne.es/text.vm?id=0000122716&first=1&last=217 **
Mimo0002190632;Bobadilla, Emilio , 1868-1921  //;;;Sintiéndome vivir (salidas de tono);;Fray Candil (Emilio Bobadilla);2ª ed.;Librería General de Victoriano Suárez;;Madrid;1906;301 p. , 1 retr. , 19 cm ,;Lingüística. Literatura // Literatura española //;;;;;;;;;;;;;;;;;;"821.134.2-84""18""  //";;;;;;;;;;;;;;;sp;spa;;;Libro;;1/21863 //;http://bdh-rd.bne.es/viewer.vm?id=0000112393&page=1 **;http://bdh-rd.bne.es/text.vm?id=0000112393&first=1&last=153 **
Mimo0002190835;Barrantes, Vicente , 1829-1898  //;;;El teatro tagalo;;por Vicente Barrantes;;[s.n.]  Tip. de Manuel G. Hernández;;[S.l.] , Madrid;1889;199 p. , 23 cm ,;Hispanoamérica // Lingüística. Literatura // Literatura hispanoamericana //;;;;;;;;;;Teatro -- Filipinas --  // Teatro tagalo -- Historia y crítica --  //;;;;;;;;(599)  //  792(599)  //  821.621.21-2.09  //  821.134.28  //;;;;;;;;;;;;;;;sp;spa;;;Libro;;HA/12101 //;http://bdh-rd.bne.es/viewer.vm?id=0000044339&page=1 **;http://bdh-rd.bne.es/text.vm?id=0000044339&first=1&last=215 **
Mimo0002191119;Miguel, Domingo de , 1813-1859  //;;;Nociones de ciencias naturales, aplicadas al comercio, a la industria, a la agricultura y a la higiene;;por Domingo de Miguel;2ª ed.;[s.n.]  Imp. de Francisco Granell;;[S.l.] , Barcelona;1857;181 p. , 16 cm ,;Ciencia Natural //;;;;;;;;;;Ciencias naturales --  //;;;;;;;;502/504  //;;;;;;;;;;;;;;;sp;spa;;;Libro;;1/16735 //;http://bdh-rd.bne.es/viewer.vm?id=0000077005&page=1 **;http://bdh-rd.bne.es/text.vm?id=0000077005&first=1&last=182 **
Mimo0002191304;;;;Manual de los toques para las maniobras de Infantería ligera;;;;Imp. y Librería Militar y Comercial;;Barcelona;1850;63 p. , 16º ,;;;Precede al tít.: Batallón Cazadores de Cataluña núm. 1º  //;;;;;;;;;;;;;;;;;;;;;;;;;;;;;;;sp;spa;;;Libro;;1/17556 //;http://bdh-rd.bne.es/viewer.vm?id=0000237291&page=1 **;http://bdh-rd.bne.es/text.vm?id=0000237291&first=1&last=34 **
Mimo0002196088;Errázuriz, Crescente  //;;;Seis años de la historia de Chile (23 de diciembre de 1598-9 de abril de 1605) : memoria histórica;;;;[s.n.]  Imp. Nacional;;[S.l.] , Santiago de Chile;1881 - 1882;2 v. (383, 438 p.) , 24 cm ,;Hispanoamérica // Geografía. Biografías. Historia // Historia de América Latina //;;;;;;;;;;Chile -- Historia -- 1560-1810 (Época colonial) --  //;;;;;;;;"(83)  //  94(83)""1560/1810""  //";;;;;;;;;;;;;;;cl;spa;;;Libro;;HA/10213 // HA/10214 //;http://bdh-rd.bne.es/viewer.vm?id=0000050519&page=1 ** http://bdh-rd.bne.es/viewer.vm?id=0000050519&page=412 **;http://bdh-rd.bne.es/text.vm?id=0000050519&first=1&last=411 ** http://bdh-rd.bne.es/text.vm?id=0000050519&first=412&last=858 **
Mimo0002215874;Balzac, Honoré de , 1799-1850  //;;;Scénes de la vie militaire et scénes de la vie de campagne;;;;Furne [etc.]  Imp. par Lacrampe et Comp.;;Paris;1845;728 p. , 22 cm ,;Oeuvres complétes de Balzac // La comédie humaine, v. 13. Premiere partie, Études de moeurs, 5-6 //;"Les chouans ; Une passion dans le désert ; Le médecin de campagne ; Le curé de village// Les chouans ; Une passion dans le désert ; Le médecin de campagne ; Le curé de village//";;;;;;;;;;;;;;;;;"821.133.1-31""18""  //";;;;;;;;;;;;;;;fr;fre;;;Libro;;4/10249 //;http://bdh-rd.bne.es/viewer.vm?id=0000064798&page=1 **;http://bdh-rd.bne.es/text.vm?id=0000064798&first=1&last=745 **
Mimo0002219306;Fernández Duro, Cesáreo , 1830-1908  //;;;Hernán Tello Portocarrero y Manuel de Vega Cabeza de Vaca, capitanes de gloriosa memoria bosquejo leído ante la Real Academia de la Historia, en la Junta pública celebrada el día 19 de mayo de 1895;Portocarrero y Vega Cabeza de Vaca  //;por el académico de número Cesáreo Fernández Duro;;[s.n.]  Estab. Tip. de Fortanet;;[S.l.] , Madrid;1895;70 p. , 28 cm ,;Geografía. Biografías. Historia // Biografías. Heráldica. Genealogía //;;;;;;;;;;Tello Portocarrero, Hernán --  // Vega Cabeza de Vaca, Manuel de --  //;;;;;;;;929 Tello Portocarrero, Hernán  //  929 Vega Cabeza de Vaca, Manuel de  //;;;;;;;;;;;;;;;sp;spa;;;Libro;;VC/444/22 //;http://bdh-rd.bne.es/viewer.vm?id=0000097358&page=1 **;http://bdh-rd.bne.es/text.vm?id=0000097358&first=1&last=74 **
Mimo0002219520;Almeida, Miguel Ferreira d'  //;;;Discurso patriotico contra a Iberia prégado na egreja de Santa Maria Maior da Covilhã no dia primeiro de dezembro de 1868, aniversario glorioso da restauração de Portugal;;pelo Miguel Ferreira d'Almeida;;s.n.  Typ. Catholica;;[S.l. , Covilhã;1868?;40 p. , 19 cm ,;;;;;;;;;;;Nacionalismo -- Portugal --  // Portugal -- Historia -- 1640-1668 (Guerra de Restauración) -- Aniversarios y centenarios --  //;;;;;;;;"323.17(469)  //  946.9""1640/68""(067.5)  //";;;;;;;;;;;;;;;po;por;;;Libro;;1/247834 //;http://bdh-rd.bne.es/viewer.vm?id=0000237643&page=1 **;http://bdh-rd.bne.es/text.vm?id=0000237643&first=1&last=43 **
Mimo0002243745;Rubio Getrero, Nicolás J. A.  //;;;Principios y ejercicios prácticos de aritmética...;;Nicolás J.A. Rubio Getrero;2ª ed., aum. con algunas teorías y más de 400 problemas;[s.n.]  Estab. Tip.-Litogr. J. Benítez;;[S.l.] , Cádiz;1899;132 p. , 18 cm ,;Matemáticas //;;;;;;;;;;Aritmética --  //;;;;;;;;51  //;;;;;;;;;;;;;;;sp;spa;;;Libro;;2/47347 //;http://bdh-rd.bne.es/viewer.vm?id=0000117104&page=1 **;http://bdh-rd.bne.es/text.vm?id=0000117104&first=1&last=146 **
Mimo0002245580;Pérez, Luis (Maestro)  //;;;Aritmética para niños escrita según el método cíclico;;por Luis Pérez;1ª ed.;Librería de Vicente Sempere;;Valencia;1899;60 p. , 16 cm ,;Matemáticas //;;;;;;;;;;Aritmética --  //;;;;;;;;51  //;;;;;;;;;;;;;;;sp;spa;;;Libro;;2/48426 //;http://bdh-rd.bne.es/viewer.vm?id=0000117107&page=1 **;http://bdh-rd.bne.es/text.vm?id=0000117107&first=1&last=66 **
Mimo0002248102;Castro y Ruiz, Pedro D. de  // Otero y Munichaga, Jesús  //;;;Aritmética de la infancia elementos razonados para la primera enseñanza;;por Pedro D. de Castro y Ruiz y Jesús Otero y Munichaga;1ª ed.;[s.n.]  Imp. de Celestino Apaolaza;;[S.l.] , Madrid;1889;144 p. , 17 cm ,;Matemáticas //;;;;;;;;;;Aritmética --  //;;;;;;;;51  //;;;;;;;;;;;;;;;sp;spa;;;Libro;;1/25881 //;http://bdh-rd.bne.es/viewer.vm?id=0000075979&page=1 **;http://bdh-rd.bne.es/text.vm?id=0000075979&first=1&last=144 **
Mimo0002248204;Cadol, Édouard , 1831-1898  // Ochoa, Carlos de  //;;;Lucecita novela;;traducción de Carlos de Ochoa;;[s.n.]  Imp. de D.C. Bailly-Bailliere;;Tetuán de Chamartín;1888;p. , 8º m. ,;;;;;;;;;;;;;;;;;;;;;;;;;;;;;;;;;;sp;spa;;;Libro;;DGMICRO/62863 //;http://bdh-rd.bne.es/viewer.vm?id=0000052337&page=1 **;http://bdh-rd.bne.es/text.vm?id=0000052337&first=1&last=316 **
Mimo0002248308;Campaláns y Garganta, José  //;;;Juicio crítico sobre la trisección del ángulo y nuevos trabajos para trisecarle con la previa división en tres partes iguales de su arco correspondiente ... seguidos de la trisección directa del ángulo;Trisección directa del ángulo  //;por el método propio de José Campaláns y Garganta;;Imp., Librería y Encuadernación de Menor Hermanos;;Toledo;1892;45 p. , il. , 23 cm ,;Matemáticas //;;;;;;;;;;Trisección del ángulo --  //;;;;;;;;51  //;;;;;;;;;;;;;;;sp;spa;;;Libro;;VC/2868/46 //;http://bdh-rd.bne.es/viewer.vm?id=0000122795&page=1 **;http://bdh-rd.bne.es/text.vm?id=0000122795&first=1&last=47 **
Mimo0002248401;Carles Torruella, Esteban  //;;;Nuevo método para la enseñanza de la aritmética;;por Esteban Carles Torruella;;Imp. y Librería de Paciano Torres;;Gerona;1893;318 p. , il. , 17 cm ,;Matemáticas //;;;;;;;;;;Aritmética --  //;;;;;;;;51  //;;;;;;;;;;;;;;;sp;spa;;;Libro;;2/34423 //;http://bdh-rd.bne.es/viewer.vm?id=0000115097&page=1 **;http://bdh-rd.bne.es/text.vm?id=0000115097&first=1&last=321 **
Mimo0002248488;Darío, Rubén , 1867-1916  //;;;Los raros;;Rubén Darío;;"[s.n.]  Tip. ""La Vasconia""";;[S.l.] , Buenos Aires;1896;234 p. , 21 cm ,;;;;;;;;;;;Simbolismo (Literatura) --  //;;;;;;;;"(728.5)  //  82.09""18""  //";;;;;;;;;;;;;;;ag;spa;;;Libro;;DGMICRO/50803 // 1/242561 //;http://bdh-rd.bne.es/viewer.vm?id=0000192602&page=1 **;http://bdh-rd.bne.es/text.vm?id=0000192602&first=1&last=255 **
Mimo0002248655;Cortázar, Juan , 1809-1873  // Cortázar y Larrubia, Daniel de , 1845-1927  //;;[Tratado de Aritmética] //;Tratado de aritmética;;por J. Cortázar;34ª ed.,corr. y arreglada por D. de Cortázar;Librería de Hernando;;Madrid;1883;VI, 219 p., [1] h. pleg. de lám. , 22 cm ,;Matemáticas //;;;;;;;;;;Aritmética --  //;;;;;;;;51  //;;;;;;;;;;;;;;;sp;spa;;;Libro;;1/84649 //;http://bdh-rd.bne.es/viewer.vm?id=0000124124&page=1 **;http://bdh-rd.bne.es/text.vm?id=0000124124&first=1&last=228 **
